node_id,node_type,label,line,station,critical_score,evidence_value
failure:Response_1,failure,Failure (Response=1),,,100.0,1.0
line:L0,line,L0,L0,,39.598369490820026,12839110.0
line:L1,line,L1,L1,,60.08370682925705,533803.0
line:L2,line,L2,L2,,37.58796415542159,713782.0
line:L3,line,L3,L3,,52.954250590882715,14683014.0
station:L0_S0,station,L0_S0,L0,L0_S0,22.169572908025064,1348366.0
station:L0_S1,station,L0_S1,L0,L0_S1,25.023393578830998,1348431.0
station:L0_S10,station,L0_S10,L0,L0_S10,21.998503857427863,449427.0
station:L0_S11,station,L0_S11,L0,L0_S11,23.370051048818468,451117.0
station:L0_S12,station,L0_S12,L0,L0_S12,33.72007876676928,484476.0
station:L0_S13,station,L0_S13,L0,L0_S13,39.598369490820026,484481.0
station:L0_S14,station,L0_S14,L0,L0_S14,28.365353619819206,241740.0
station:L0_S15,station,L0_S15,L0,L0_S15,25.246800246621437,242734.0
station:L0_S16,station,L0_S16,L0,L0_S16,24.083545014624104,238719.0
station:L0_S17,station,L0_S17,L0,L0_S17,30.59654350400951,245962.0
station:L0_S18,station,L0_S18,L0,L0_S18,24.24734443866294,242318.0
station:L0_S19,station,L0_S19,L0,L0_S19,23.483074888340127,242253.0
station:L0_S2,station,L0_S2,L0,L0_S2,24.86491153735762,679166.0
station:L0_S20,station,L0_S20,L0,L0_S20,27.643205221565214,484572.0
station:L0_S21,station,L0_S21,L0,L0_S21,21.461087749415626,163004.0
station:L0_S22,station,L0_S22,L0,L0_S22,21.08882807557611,161043.0
station:L0_S23,station,L0_S23,L0,L0_S23,21.06621194661725,160915.0
station:L0_S3,station,L0_S3,L0,L0_S3,22.672529510128903,670401.0
station:L0_S4,station,L0_S4,L0,L0_S4,25.97201647632622,670603.0
station:L0_S5,station,L0_S5,L0,L0_S5,32.11465426637383,679598.0
station:L0_S6,station,L0_S6,L0,L0_S6,24.389873660159935,678635.0
station:L0_S7,station,L0_S7,L0,L0_S7,24.766094630821645,671360.0
station:L0_S8,station,L0_S8,L0,L0_S8,30.2307110886067,1348383.0
station:L0_S9,station,L0_S9,L0,L0_S9,31.06692539200939,451406.0
station:L1_S24,station,L1_S24,L1,L1_S24,60.08370682925705,366583.0
station:L1_S25,station,L1_S25,L1,L1_S25,42.7627268746652,167220.0
station:L2_S26,station,L2_S26,L2,L2_S26,37.58796415542159,454344.0
station:L2_S27,station,L2_S27,L2,L2_S27,37.35669263695544,240285.0
station:L2_S28,station,L2_S28,L2,L2_S28,32.139686195848846,19153.0
station:L3_S29,station,L3_S29,L3,L3_S29,52.954250590882715,2239066.0
station:L3_S30,station,L3_S30,L3,L3_S30,47.342922368828255,2239366.0
station:L3_S31,station,L3_S31,L3,L3_S31,27.588266845626624,78238.0
station:L3_S32,station,L3_S32,L3,L3_S32,50.89699342415681,48678.0
station:L3_S33,station,L3_S33,L3,L3_S33,44.62732194843034,2229189.0
station:L3_S34,station,L3_S34,L3,L3_S34,46.01799070957253,2230053.0
station:L3_S35,station,L3_S35,L3,L3_S35,36.78091044714079,1104221.0
station:L3_S36,station,L3_S36,L3,L3_S36,35.459149582801274,1137914.0
station:L3_S37,station,L3_S37,L3,L3_S37,42.57942286975859,2240660.0
station:L3_S38,station,L3_S38,L3,L3_S38,38.5197086476702,54175.0
station:L3_S39,station,L3_S39,L3,L3_S39,44.23614421572267,120019.0
station:L3_S40,station,L3_S40,L3,L3_S40,29.01182214092575,120033.0
station:L3_S41,station,L3_S41,L3,L3_S41,30.80768306879993,120024.0
station:L3_S42,station,L3_S42,L3,L3_S42,7.9143797189286325,35.0
station:L3_S43,station,L3_S43,L3,L3_S43,30.51037407096016,61130.0
station:L3_S44,station,L3_S44,L3,L3_S44,28.06297494025971,59795.0
station:L3_S45,station,L3_S45,L3,L3_S45,31.15870325761698,120075.0
station:L3_S46,station,L3_S46,L3,L3_S46,0.0,1.0
station:L3_S47,station,L3_S47,L3,L3_S47,34.91830197956345,120104.0
station:L3_S48,station,L3_S48,L3,L3_S48,29.987433745275816,120048.0
station:L3_S49,station,L3_S49,L3,L3_S49,25.40277260844731,59569.0
station:L3_S50,station,L3_S50,L3,L3_S50,26.866046520078708,60694.0
station:L3_S51,station,L3_S51,L3,L3_S51,25.10476275153726,119927.0
feature:L0_S0_D1,feature,L0_S0_D1,L0,L0_S0,0.0,0.0
feature:L0_S0_D11,feature,L0_S0_D11,L0,L0_S0,0.0,0.0
feature:L0_S0_D13,feature,L0_S0_D13,L0,L0_S0,0.0,0.0
feature:L0_S0_D15,feature,L0_S0_D15,L0,L0_S0,0.0,0.0
feature:L0_S0_D17,feature,L0_S0_D17,L0,L0_S0,0.0,0.0
feature:L0_S0_D19,feature,L0_S0_D19,L0,L0_S0,0.0,0.0
feature:L0_S0_D21,feature,L0_S0_D21,L0,L0_S0,0.0,0.0
feature:L0_S0_D23,feature,L0_S0_D23,L0,L0_S0,0.0,0.0
feature:L0_S0_D3,feature,L0_S0_D3,L0,L0_S0,0.0,0.0
feature:L0_S0_D5,feature,L0_S0_D5,L0,L0_S0,0.0,0.0
feature:L0_S0_D7,feature,L0_S0_D7,L0,L0_S0,0.0,0.0
feature:L0_S0_D9,feature,L0_S0_D9,L0,L0_S0,0.0,0.0
feature:L0_S0_F0,feature,L0_S0_F0,L0,L0_S0,0.0,0.0
feature:L0_S0_F10,feature,L0_S0_F10,L0,L0_S0,0.0,0.0
feature:L0_S0_F12,feature,L0_S0_F12,L0,L0_S0,0.0,0.0
feature:L0_S0_F14,feature,L0_S0_F14,L0,L0_S0,0.0,0.0
feature:L0_S0_F16,feature,L0_S0_F16,L0,L0_S0,0.0,0.0
feature:L0_S0_F18,feature,L0_S0_F18,L0,L0_S0,0.0,0.0
feature:L0_S0_F2,feature,L0_S0_F2,L0,L0_S0,0.0,0.0
feature:L0_S0_F20,feature,L0_S0_F20,L0,L0_S0,0.0,0.0
feature:L0_S0_F22,feature,L0_S0_F22,L0,L0_S0,0.0,0.0
feature:L0_S0_F4,feature,L0_S0_F4,L0,L0_S0,0.0,0.0
feature:L0_S0_F6,feature,L0_S0_F6,L0,L0_S0,0.0,0.0
feature:L0_S0_F8,feature,L0_S0_F8,L0,L0_S0,0.0,0.0
feature:L0_S10_D216,feature,L0_S10_D216,L0,L0_S10,0.0,0.0
feature:L0_S10_D221,feature,L0_S10_D221,L0,L0_S10,0.0,0.0
feature:L0_S10_D226,feature,L0_S10_D226,L0,L0_S10,0.0,0.0
feature:L0_S10_D231,feature,L0_S10_D231,L0,L0_S10,0.0,0.0
feature:L0_S10_D236,feature,L0_S10_D236,L0,L0_S10,0.0,0.0
feature:L0_S10_D241,feature,L0_S10_D241,L0,L0_S10,0.0,0.0
feature:L0_S10_D246,feature,L0_S10_D246,L0,L0_S10,0.0,0.0
feature:L0_S10_D251,feature,L0_S10_D251,L0,L0_S10,0.0,0.0
feature:L0_S10_D256,feature,L0_S10_D256,L0,L0_S10,0.0,0.0
feature:L0_S10_D261,feature,L0_S10_D261,L0,L0_S10,0.0,0.0
feature:L0_S10_D266,feature,L0_S10_D266,L0,L0_S10,0.0,0.0
feature:L0_S10_D271,feature,L0_S10_D271,L0,L0_S10,0.0,0.0
feature:L0_S10_D276,feature,L0_S10_D276,L0,L0_S10,0.0,0.0
feature:L0_S10_F215,feature,L0_S10_F215,L0,L0_S10,2.065866237503299,0.0014045311196333
feature:L0_S10_F217,feature,L0_S10_F217,L0,L0_S10,0.0,0.0
feature:L0_S10_F218,feature,L0_S10_F218,L0,L0_S10,0.0,0.0
feature:L0_S10_F219,feature,L0_S10_F219,L0,L0_S10,0.0,0.0
feature:L0_S10_F220,feature,L0_S10_F220,L0,L0_S10,0.0,0.0
feature:L0_S10_F222,feature,L0_S10_F222,L0,L0_S10,0.0,0.0
feature:L0_S10_F223,feature,L0_S10_F223,L0,L0_S10,0.0,0.0
feature:L0_S10_F224,feature,L0_S10_F224,L0,L0_S10,0.0,0.0
feature:L0_S10_F225,feature,L0_S10_F225,L0,L0_S10,0.0,0.0
feature:L0_S10_F227,feature,L0_S10_F227,L0,L0_S10,0.0,0.0
feature:L0_S10_F228,feature,L0_S10_F228,L0,L0_S10,0.0,0.0
feature:L0_S10_F229,feature,L0_S10_F229,L0,L0_S10,0.0,0.0
feature:L0_S10_F230,feature,L0_S10_F230,L0,L0_S10,0.0,0.0
feature:L0_S10_F232,feature,L0_S10_F232,L0,L0_S10,0.0,0.0
feature:L0_S10_F233,feature,L0_S10_F233,L0,L0_S10,0.0,0.0
feature:L0_S10_F234,feature,L0_S10_F234,L0,L0_S10,0.0,0.0
feature:L0_S10_F235,feature,L0_S10_F235,L0,L0_S10,0.0,0.0
feature:L0_S10_F237,feature,L0_S10_F237,L0,L0_S10,0.0,0.0
feature:L0_S10_F238,feature,L0_S10_F238,L0,L0_S10,0.0,0.0
feature:L0_S10_F239,feature,L0_S10_F239,L0,L0_S10,0.0,0.0
feature:L0_S10_F240,feature,L0_S10_F240,L0,L0_S10,0.0,0.0
feature:L0_S10_F242,feature,L0_S10_F242,L0,L0_S10,0.0,0.0
feature:L0_S10_F243,feature,L0_S10_F243,L0,L0_S10,0.0,0.0
feature:L0_S10_F244,feature,L0_S10_F244,L0,L0_S10,0.0,0.0
feature:L0_S10_F245,feature,L0_S10_F245,L0,L0_S10,0.0,0.0
feature:L0_S10_F247,feature,L0_S10_F247,L0,L0_S10,0.0,0.0
feature:L0_S10_F248,feature,L0_S10_F248,L0,L0_S10,0.0,0.0
feature:L0_S10_F249,feature,L0_S10_F249,L0,L0_S10,0.0,0.0
feature:L0_S10_F250,feature,L0_S10_F250,L0,L0_S10,0.0,0.0
feature:L0_S10_F252,feature,L0_S10_F252,L0,L0_S10,0.0,0.0
feature:L0_S10_F253,feature,L0_S10_F253,L0,L0_S10,0.0,0.0
feature:L0_S10_F254,feature,L0_S10_F254,L0,L0_S10,0.0,0.0
feature:L0_S10_F255,feature,L0_S10_F255,L0,L0_S10,0.0,0.0
feature:L0_S10_F257,feature,L0_S10_F257,L0,L0_S10,0.0,0.0
feature:L0_S10_F258,feature,L0_S10_F258,L0,L0_S10,0.0,0.0
feature:L0_S10_F259,feature,L0_S10_F259,L0,L0_S10,0.0,0.0
feature:L0_S10_F260,feature,L0_S10_F260,L0,L0_S10,0.0,0.0
feature:L0_S10_F262,feature,L0_S10_F262,L0,L0_S10,0.0,0.0
feature:L0_S10_F263,feature,L0_S10_F263,L0,L0_S10,0.0,0.0
feature:L0_S10_F264,feature,L0_S10_F264,L0,L0_S10,0.0,0.0
feature:L0_S10_F265,feature,L0_S10_F265,L0,L0_S10,0.0,0.0
feature:L0_S10_F267,feature,L0_S10_F267,L0,L0_S10,0.0,0.0
feature:L0_S10_F268,feature,L0_S10_F268,L0,L0_S10,0.0,0.0
feature:L0_S10_F269,feature,L0_S10_F269,L0,L0_S10,0.0,0.0
feature:L0_S10_F270,feature,L0_S10_F270,L0,L0_S10,0.0,0.0
feature:L0_S10_F272,feature,L0_S10_F272,L0,L0_S10,0.0,0.0
feature:L0_S10_F273,feature,L0_S10_F273,L0,L0_S10,0.0,0.0
feature:L0_S10_F274,feature,L0_S10_F274,L0,L0_S10,0.0,0.0
feature:L0_S10_F275,feature,L0_S10_F275,L0,L0_S10,0.0,0.0
feature:L0_S10_F277,feature,L0_S10_F277,L0,L0_S10,0.0,0.0
feature:L0_S10_F278,feature,L0_S10_F278,L0,L0_S10,0.0,0.0
feature:L0_S11_D280,feature,L0_S11_D280,L0,L0_S11,0.0,0.0
feature:L0_S11_D284,feature,L0_S11_D284,L0,L0_S11,0.0,0.0
feature:L0_S11_D288,feature,L0_S11_D288,L0,L0_S11,0.0,0.0
feature:L0_S11_D292,feature,L0_S11_D292,L0,L0_S11,0.0,0.0
feature:L0_S11_D296,feature,L0_S11_D296,L0,L0_S11,0.0,0.0
feature:L0_S11_D300,feature,L0_S11_D300,L0,L0_S11,0.0,0.0
feature:L0_S11_D304,feature,L0_S11_D304,L0,L0_S11,0.0,0.0
feature:L0_S11_D308,feature,L0_S11_D308,L0,L0_S11,0.0,0.0
feature:L0_S11_D312,feature,L0_S11_D312,L0,L0_S11,0.0,0.0
feature:L0_S11_D316,feature,L0_S11_D316,L0,L0_S11,0.0,0.0
feature:L0_S11_D320,feature,L0_S11_D320,L0,L0_S11,0.0,0.0
feature:L0_S11_D324,feature,L0_S11_D324,L0,L0_S11,0.0,0.0
feature:L0_S11_D328,feature,L0_S11_D328,L0,L0_S11,0.0,0.0
feature:L0_S11_F279,feature,L0_S11_F279,L0,L0_S11,0.0,0.0
feature:L0_S11_F281,feature,L0_S11_F281,L0,L0_S11,0.0,0.0
feature:L0_S11_F282,feature,L0_S11_F282,L0,L0_S11,0.0,0.0
feature:L0_S11_F283,feature,L0_S11_F283,L0,L0_S11,0.0,0.0
feature:L0_S11_F285,feature,L0_S11_F285,L0,L0_S11,0.0,0.0
feature:L0_S11_F286,feature,L0_S11_F286,L0,L0_S11,0.0,0.0
feature:L0_S11_F287,feature,L0_S11_F287,L0,L0_S11,0.0,0.0
feature:L0_S11_F289,feature,L0_S11_F289,L0,L0_S11,0.0,0.0
feature:L0_S11_F290,feature,L0_S11_F290,L0,L0_S11,0.0,0.0
feature:L0_S11_F291,feature,L0_S11_F291,L0,L0_S11,0.0,0.0
feature:L0_S11_F293,feature,L0_S11_F293,L0,L0_S11,0.0,0.0
feature:L0_S11_F294,feature,L0_S11_F294,L0,L0_S11,0.0,0.0
feature:L0_S11_F295,feature,L0_S11_F295,L0,L0_S11,0.0,0.0
feature:L0_S11_F297,feature,L0_S11_F297,L0,L0_S11,0.0,0.0
feature:L0_S11_F298,feature,L0_S11_F298,L0,L0_S11,0.0,0.0
feature:L0_S11_F299,feature,L0_S11_F299,L0,L0_S11,0.0,0.0
feature:L0_S11_F301,feature,L0_S11_F301,L0,L0_S11,0.0,0.0
feature:L0_S11_F302,feature,L0_S11_F302,L0,L0_S11,0.0,0.0
feature:L0_S11_F303,feature,L0_S11_F303,L0,L0_S11,0.0,0.0
feature:L0_S11_F305,feature,L0_S11_F305,L0,L0_S11,0.0,0.0
feature:L0_S11_F306,feature,L0_S11_F306,L0,L0_S11,0.0,0.0
feature:L0_S11_F307,feature,L0_S11_F307,L0,L0_S11,0.0,0.0
feature:L0_S11_F309,feature,L0_S11_F309,L0,L0_S11,0.0,0.0
feature:L0_S11_F310,feature,L0_S11_F310,L0,L0_S11,0.0,0.0
feature:L0_S11_F311,feature,L0_S11_F311,L0,L0_S11,0.0,0.0
feature:L0_S11_F313,feature,L0_S11_F313,L0,L0_S11,0.0,0.0
feature:L0_S11_F314,feature,L0_S11_F314,L0,L0_S11,0.0,0.0
feature:L0_S11_F315,feature,L0_S11_F315,L0,L0_S11,0.0,0.0
feature:L0_S11_F317,feature,L0_S11_F317,L0,L0_S11,0.0,0.0
feature:L0_S11_F318,feature,L0_S11_F318,L0,L0_S11,0.0,0.0
feature:L0_S11_F319,feature,L0_S11_F319,L0,L0_S11,0.0,0.0
feature:L0_S11_F321,feature,L0_S11_F321,L0,L0_S11,0.0,0.0
feature:L0_S11_F322,feature,L0_S11_F322,L0,L0_S11,0.0,0.0
feature:L0_S11_F323,feature,L0_S11_F323,L0,L0_S11,0.0,0.0
feature:L0_S11_F325,feature,L0_S11_F325,L0,L0_S11,0.0,0.0
feature:L0_S11_F326,feature,L0_S11_F326,L0,L0_S11,0.0,0.0
feature:L0_S11_F327,feature,L0_S11_F327,L0,L0_S11,0.0,0.0
feature:L0_S11_F329,feature,L0_S11_F329,L0,L0_S11,0.0,0.0
feature:L0_S12_D331,feature,L0_S12_D331,L0,L0_S12,0.0,0.0
feature:L0_S12_D333,feature,L0_S12_D333,L0,L0_S12,0.0,0.0
feature:L0_S12_D335,feature,L0_S12_D335,L0,L0_S12,0.0,0.0
feature:L0_S12_D337,feature,L0_S12_D337,L0,L0_S12,0.0,0.0
feature:L0_S12_D339,feature,L0_S12_D339,L0,L0_S12,0.0,0.0
feature:L0_S12_D341,feature,L0_S12_D341,L0,L0_S12,0.0,0.0
feature:L0_S12_D343,feature,L0_S12_D343,L0,L0_S12,0.0,0.0
feature:L0_S12_D345,feature,L0_S12_D345,L0,L0_S12,0.0,0.0
feature:L0_S12_D347,feature,L0_S12_D347,L0,L0_S12,0.0,0.0
feature:L0_S12_D349,feature,L0_S12_D349,L0,L0_S12,0.0,0.0
feature:L0_S12_D351,feature,L0_S12_D351,L0,L0_S12,0.0,0.0
feature:L0_S12_D353,feature,L0_S12_D353,L0,L0_S12,0.0,0.0
feature:L0_S12_F330,feature,L0_S12_F330,L0,L0_S12,0.0,0.0
feature:L0_S12_F332,feature,L0_S12_F332,L0,L0_S12,0.0,0.0
feature:L0_S12_F334,feature,L0_S12_F334,L0,L0_S12,0.0,0.0
feature:L0_S12_F336,feature,L0_S12_F336,L0,L0_S12,0.0,0.0
feature:L0_S12_F338,feature,L0_S12_F338,L0,L0_S12,0.0,0.0
feature:L0_S12_F340,feature,L0_S12_F340,L0,L0_S12,0.0,0.0
feature:L0_S12_F342,feature,L0_S12_F342,L0,L0_S12,0.0,0.0
feature:L0_S12_F344,feature,L0_S12_F344,L0,L0_S12,0.0,0.0
feature:L0_S12_F346,feature,L0_S12_F346,L0,L0_S12,0.0,0.0
feature:L0_S12_F348,feature,L0_S12_F348,L0,L0_S12,0.0,0.0
feature:L0_S12_F350,feature,L0_S12_F350,L0,L0_S12,0.0,0.0
feature:L0_S12_F352,feature,L0_S12_F352,L0,L0_S12,0.0,0.0
feature:L0_S13_D355,feature,L0_S13_D355,L0,L0_S13,0.0,0.0
feature:L0_S13_D357,feature,L0_S13_D357,L0,L0_S13,0.0,0.0
feature:L0_S13_F354,feature,L0_S13_F354,L0,L0_S13,0.0,0.0
feature:L0_S13_F356,feature,L0_S13_F356,L0,L0_S13,0.0,0.0
feature:L0_S14_D360,feature,L0_S14_D360,L0,L0_S14,0.0,0.0
feature:L0_S14_D364,feature,L0_S14_D364,L0,L0_S14,0.0,0.0
feature:L0_S14_D368,feature,L0_S14_D368,L0,L0_S14,0.0,0.0
feature:L0_S14_D372,feature,L0_S14_D372,L0,L0_S14,0.0,0.0
feature:L0_S14_D376,feature,L0_S14_D376,L0,L0_S14,0.0,0.0
feature:L0_S14_D380,feature,L0_S14_D380,L0,L0_S14,0.0,0.0
feature:L0_S14_D384,feature,L0_S14_D384,L0,L0_S14,0.0,0.0
feature:L0_S14_D388,feature,L0_S14_D388,L0,L0_S14,0.0,0.0
feature:L0_S14_D392,feature,L0_S14_D392,L0,L0_S14,0.0,0.0
feature:L0_S14_F358,feature,L0_S14_F358,L0,L0_S14,0.0,0.0
feature:L0_S14_F359,feature,L0_S14_F359,L0,L0_S14,0.0,0.0
feature:L0_S14_F361,feature,L0_S14_F361,L0,L0_S14,0.0,0.0
feature:L0_S14_F362,feature,L0_S14_F362,L0,L0_S14,0.0,0.0
feature:L0_S14_F363,feature,L0_S14_F363,L0,L0_S14,0.0,0.0
feature:L0_S14_F365,feature,L0_S14_F365,L0,L0_S14,0.0,0.0
feature:L0_S14_F366,feature,L0_S14_F366,L0,L0_S14,0.0,0.0
feature:L0_S14_F367,feature,L0_S14_F367,L0,L0_S14,0.0,0.0
feature:L0_S14_F369,feature,L0_S14_F369,L0,L0_S14,0.0,0.0
feature:L0_S14_F370,feature,L0_S14_F370,L0,L0_S14,0.0,0.0
feature:L0_S14_F371,feature,L0_S14_F371,L0,L0_S14,0.0,0.0
feature:L0_S14_F373,feature,L0_S14_F373,L0,L0_S14,0.0,0.0
feature:L0_S14_F374,feature,L0_S14_F374,L0,L0_S14,0.0,0.0
feature:L0_S14_F375,feature,L0_S14_F375,L0,L0_S14,0.0,0.0
feature:L0_S14_F377,feature,L0_S14_F377,L0,L0_S14,0.0,0.0
feature:L0_S14_F378,feature,L0_S14_F378,L0,L0_S14,0.0,0.0
feature:L0_S14_F379,feature,L0_S14_F379,L0,L0_S14,0.0,0.0
feature:L0_S14_F381,feature,L0_S14_F381,L0,L0_S14,0.0,0.0
feature:L0_S14_F382,feature,L0_S14_F382,L0,L0_S14,0.0,0.0
feature:L0_S14_F383,feature,L0_S14_F383,L0,L0_S14,0.0,0.0
feature:L0_S14_F385,feature,L0_S14_F385,L0,L0_S14,0.0,0.0
feature:L0_S14_F386,feature,L0_S14_F386,L0,L0_S14,0.0,0.0
feature:L0_S14_F387,feature,L0_S14_F387,L0,L0_S14,0.0,0.0
feature:L0_S14_F389,feature,L0_S14_F389,L0,L0_S14,0.0,0.0
feature:L0_S14_F390,feature,L0_S14_F390,L0,L0_S14,0.0,0.0
feature:L0_S14_F391,feature,L0_S14_F391,L0,L0_S14,0.0,0.0
feature:L0_S14_F393,feature,L0_S14_F393,L0,L0_S14,0.0,0.0
feature:L0_S15_D395,feature,L0_S15_D395,L0,L0_S15,0.0,0.0
feature:L0_S15_D398,feature,L0_S15_D398,L0,L0_S15,0.0,0.0
feature:L0_S15_D401,feature,L0_S15_D401,L0,L0_S15,0.0,0.0
feature:L0_S15_D404,feature,L0_S15_D404,L0,L0_S15,0.0,0.0
feature:L0_S15_D407,feature,L0_S15_D407,L0,L0_S15,0.0,0.0
feature:L0_S15_D410,feature,L0_S15_D410,L0,L0_S15,0.0,0.0
feature:L0_S15_D413,feature,L0_S15_D413,L0,L0_S15,0.0,0.0
feature:L0_S15_D416,feature,L0_S15_D416,L0,L0_S15,0.0,0.0
feature:L0_S15_D419,feature,L0_S15_D419,L0,L0_S15,0.0,0.0
feature:L0_S15_F394,feature,L0_S15_F394,L0,L0_S15,0.0,0.0
feature:L0_S15_F396,feature,L0_S15_F396,L0,L0_S15,0.0,0.0
feature:L0_S15_F397,feature,L0_S15_F397,L0,L0_S15,0.0,0.0
feature:L0_S15_F399,feature,L0_S15_F399,L0,L0_S15,0.0,0.0
feature:L0_S15_F400,feature,L0_S15_F400,L0,L0_S15,0.0,0.0
feature:L0_S15_F402,feature,L0_S15_F402,L0,L0_S15,0.0,0.0
feature:L0_S15_F403,feature,L0_S15_F403,L0,L0_S15,0.0,0.0
feature:L0_S15_F405,feature,L0_S15_F405,L0,L0_S15,0.0,0.0
feature:L0_S15_F406,feature,L0_S15_F406,L0,L0_S15,0.0,0.0
feature:L0_S15_F408,feature,L0_S15_F408,L0,L0_S15,0.0,0.0
feature:L0_S15_F409,feature,L0_S15_F409,L0,L0_S15,0.0,0.0
feature:L0_S15_F411,feature,L0_S15_F411,L0,L0_S15,0.0,0.0
feature:L0_S15_F412,feature,L0_S15_F412,L0,L0_S15,0.0,0.0
feature:L0_S15_F414,feature,L0_S15_F414,L0,L0_S15,0.0,0.0
feature:L0_S15_F415,feature,L0_S15_F415,L0,L0_S15,0.0,0.0
feature:L0_S15_F417,feature,L0_S15_F417,L0,L0_S15,0.0,0.0
feature:L0_S15_F418,feature,L0_S15_F418,L0,L0_S15,0.0,0.0
feature:L0_S15_F420,feature,L0_S15_F420,L0,L0_S15,0.0,0.0
feature:L0_S16_D423,feature,L0_S16_D423,L0,L0_S16,0.0,0.0
feature:L0_S16_D428,feature,L0_S16_D428,L0,L0_S16,0.0,0.0
feature:L0_S16_F421,feature,L0_S16_F421,L0,L0_S16,0.0,0.0
feature:L0_S16_F422,feature,L0_S16_F422,L0,L0_S16,0.0,0.0
feature:L0_S16_F424,feature,L0_S16_F424,L0,L0_S16,0.0,0.0
feature:L0_S16_F425,feature,L0_S16_F425,L0,L0_S16,0.0,0.0
feature:L0_S16_F426,feature,L0_S16_F426,L0,L0_S16,0.0,0.0
feature:L0_S16_F427,feature,L0_S16_F427,L0,L0_S16,0.0,0.0
feature:L0_S16_F429,feature,L0_S16_F429,L0,L0_S16,0.0,0.0
feature:L0_S16_F430,feature,L0_S16_F430,L0,L0_S16,0.0,0.0
feature:L0_S17_D432,feature,L0_S17_D432,L0,L0_S17,0.0,0.0
feature:L0_S17_D434,feature,L0_S17_D434,L0,L0_S17,0.0,0.0
feature:L0_S17_F431,feature,L0_S17_F431,L0,L0_S17,0.0,0.0
feature:L0_S17_F433,feature,L0_S17_F433,L0,L0_S17,0.0,0.0
feature:L0_S18_D437,feature,L0_S18_D437,L0,L0_S18,0.0,0.0
feature:L0_S18_D441,feature,L0_S18_D441,L0,L0_S18,0.0,0.0
feature:L0_S18_D444,feature,L0_S18_D444,L0,L0_S18,0.0,0.0
feature:L0_S18_D447,feature,L0_S18_D447,L0,L0_S18,0.0,0.0
feature:L0_S18_D451,feature,L0_S18_D451,L0,L0_S18,0.0,0.0
feature:L0_S18_F435,feature,L0_S18_F435,L0,L0_S18,0.0,0.0
feature:L0_S18_F436,feature,L0_S18_F436,L0,L0_S18,0.0,0.0
feature:L0_S18_F438,feature,L0_S18_F438,L0,L0_S18,0.0,0.0
feature:L0_S18_F439,feature,L0_S18_F439,L0,L0_S18,0.0,0.0
feature:L0_S18_F440,feature,L0_S18_F440,L0,L0_S18,0.0,0.0
feature:L0_S18_F442,feature,L0_S18_F442,L0,L0_S18,0.0,0.0
feature:L0_S18_F443,feature,L0_S18_F443,L0,L0_S18,0.0,0.0
feature:L0_S18_F445,feature,L0_S18_F445,L0,L0_S18,0.0,0.0
feature:L0_S18_F446,feature,L0_S18_F446,L0,L0_S18,0.0,0.0
feature:L0_S18_F448,feature,L0_S18_F448,L0,L0_S18,0.0,0.0
feature:L0_S18_F449,feature,L0_S18_F449,L0,L0_S18,0.0,0.0
feature:L0_S18_F450,feature,L0_S18_F450,L0,L0_S18,0.0,0.0
feature:L0_S18_F452,feature,L0_S18_F452,L0,L0_S18,0.0,0.0
feature:L0_S19_D454,feature,L0_S19_D454,L0,L0_S19,0.0,0.0
feature:L0_S19_D456,feature,L0_S19_D456,L0,L0_S19,0.0,0.0
feature:L0_S19_D457,feature,L0_S19_D457,L0,L0_S19,0.0,0.0
feature:L0_S19_D458,feature,L0_S19_D458,L0,L0_S19,0.0,0.0
feature:L0_S19_D460,feature,L0_S19_D460,L0,L0_S19,0.0,0.0
feature:L0_S19_F453,feature,L0_S19_F453,L0,L0_S19,0.0,0.0
feature:L0_S19_F455,feature,L0_S19_F455,L0,L0_S19,0.0,0.0
feature:L0_S19_F459,feature,L0_S19_F459,L0,L0_S19,0.0,0.0
feature:L0_S1_D26,feature,L0_S1_D26,L0,L0_S1,0.0,0.0
feature:L0_S1_D30,feature,L0_S1_D30,L0,L0_S1,0.0,0.0
feature:L0_S1_F24,feature,L0_S1_F24,L0,L0_S1,0.0,0.0
feature:L0_S1_F25,feature,L0_S1_F25,L0,L0_S1,0.0,0.0
feature:L0_S1_F27,feature,L0_S1_F27,L0,L0_S1,0.0,0.0
feature:L0_S1_F28,feature,L0_S1_F28,L0,L0_S1,0.0,0.0
feature:L0_S1_F29,feature,L0_S1_F29,L0,L0_S1,0.0,0.0
feature:L0_S1_F31,feature,L0_S1_F31,L0,L0_S1,0.0,0.0
feature:L0_S20_D462,feature,L0_S20_D462,L0,L0_S20,0.0,0.0
feature:L0_S20_D464,feature,L0_S20_D464,L0,L0_S20,0.0,0.0
feature:L0_S20_D465,feature,L0_S20_D465,L0,L0_S20,0.0,0.0
feature:L0_S20_D467,feature,L0_S20_D467,L0,L0_S20,0.0,0.0
feature:L0_S20_F461,feature,L0_S20_F461,L0,L0_S20,0.0,0.0
feature:L0_S20_F463,feature,L0_S20_F463,L0,L0_S20,0.0,0.0
feature:L0_S20_F466,feature,L0_S20_F466,L0,L0_S20,0.0,0.0
feature:L0_S21_D469,feature,L0_S21_D469,L0,L0_S21,0.0,0.0
feature:L0_S21_D474,feature,L0_S21_D474,L0,L0_S21,0.0,0.0
feature:L0_S21_D479,feature,L0_S21_D479,L0,L0_S21,0.0,0.0
feature:L0_S21_D484,feature,L0_S21_D484,L0,L0_S21,0.0,0.0
feature:L0_S21_D489,feature,L0_S21_D489,L0,L0_S21,0.0,0.0
feature:L0_S21_D494,feature,L0_S21_D494,L0,L0_S21,0.0,0.0
feature:L0_S21_D499,feature,L0_S21_D499,L0,L0_S21,0.0,0.0
feature:L0_S21_D504,feature,L0_S21_D504,L0,L0_S21,0.0,0.0
feature:L0_S21_D509,feature,L0_S21_D509,L0,L0_S21,0.0,0.0
feature:L0_S21_D514,feature,L0_S21_D514,L0,L0_S21,0.0,0.0
feature:L0_S21_D519,feature,L0_S21_D519,L0,L0_S21,0.0,0.0
feature:L0_S21_D524,feature,L0_S21_D524,L0,L0_S21,0.0,0.0
feature:L0_S21_D529,feature,L0_S21_D529,L0,L0_S21,0.0,0.0
feature:L0_S21_D534,feature,L0_S21_D534,L0,L0_S21,0.0,0.0
feature:L0_S21_D539,feature,L0_S21_D539,L0,L0_S21,0.0,0.0
feature:L0_S21_F468,feature,L0_S21_F468,L0,L0_S21,0.0,0.0
feature:L0_S21_F470,feature,L0_S21_F470,L0,L0_S21,0.0,0.0
feature:L0_S21_F471,feature,L0_S21_F471,L0,L0_S21,0.0,0.0
feature:L0_S21_F472,feature,L0_S21_F472,L0,L0_S21,0.0,0.0
feature:L0_S21_F473,feature,L0_S21_F473,L0,L0_S21,0.0,0.0
feature:L0_S21_F475,feature,L0_S21_F475,L0,L0_S21,0.0,0.0
feature:L0_S21_F476,feature,L0_S21_F476,L0,L0_S21,0.0,0.0
feature:L0_S21_F477,feature,L0_S21_F477,L0,L0_S21,0.0,0.0
feature:L0_S21_F478,feature,L0_S21_F478,L0,L0_S21,0.0,0.0
feature:L0_S21_F480,feature,L0_S21_F480,L0,L0_S21,0.0,0.0
feature:L0_S21_F481,feature,L0_S21_F481,L0,L0_S21,0.0,0.0
feature:L0_S21_F482,feature,L0_S21_F482,L0,L0_S21,0.0,0.0
feature:L0_S21_F483,feature,L0_S21_F483,L0,L0_S21,0.0,0.0
feature:L0_S21_F485,feature,L0_S21_F485,L0,L0_S21,0.0,0.0
feature:L0_S21_F486,feature,L0_S21_F486,L0,L0_S21,0.0,0.0
feature:L0_S21_F487,feature,L0_S21_F487,L0,L0_S21,0.0,0.0
feature:L0_S21_F488,feature,L0_S21_F488,L0,L0_S21,0.0,0.0
feature:L0_S21_F490,feature,L0_S21_F490,L0,L0_S21,0.0,0.0
feature:L0_S21_F491,feature,L0_S21_F491,L0,L0_S21,0.0,0.0
feature:L0_S21_F492,feature,L0_S21_F492,L0,L0_S21,0.0,0.0
feature:L0_S21_F493,feature,L0_S21_F493,L0,L0_S21,0.0,0.0
feature:L0_S21_F495,feature,L0_S21_F495,L0,L0_S21,0.0,0.0
feature:L0_S21_F496,feature,L0_S21_F496,L0,L0_S21,0.0,0.0
feature:L0_S21_F497,feature,L0_S21_F497,L0,L0_S21,0.0,0.0
feature:L0_S21_F498,feature,L0_S21_F498,L0,L0_S21,0.0,0.0
feature:L0_S21_F500,feature,L0_S21_F500,L0,L0_S21,0.0,0.0
feature:L0_S21_F501,feature,L0_S21_F501,L0,L0_S21,0.0,0.0
feature:L0_S21_F502,feature,L0_S21_F502,L0,L0_S21,0.0,0.0
feature:L0_S21_F503,feature,L0_S21_F503,L0,L0_S21,0.0,0.0
feature:L0_S21_F505,feature,L0_S21_F505,L0,L0_S21,0.0,0.0
feature:L0_S21_F506,feature,L0_S21_F506,L0,L0_S21,0.0,0.0
feature:L0_S21_F507,feature,L0_S21_F507,L0,L0_S21,0.0,0.0
feature:L0_S21_F508,feature,L0_S21_F508,L0,L0_S21,0.0,0.0
feature:L0_S21_F510,feature,L0_S21_F510,L0,L0_S21,0.0,0.0
feature:L0_S21_F511,feature,L0_S21_F511,L0,L0_S21,0.0,0.0
feature:L0_S21_F512,feature,L0_S21_F512,L0,L0_S21,0.0,0.0
feature:L0_S21_F513,feature,L0_S21_F513,L0,L0_S21,0.0,0.0
feature:L0_S21_F515,feature,L0_S21_F515,L0,L0_S21,0.0,0.0
feature:L0_S21_F516,feature,L0_S21_F516,L0,L0_S21,0.0,0.0
feature:L0_S21_F517,feature,L0_S21_F517,L0,L0_S21,0.0,0.0
feature:L0_S21_F518,feature,L0_S21_F518,L0,L0_S21,0.0,0.0
feature:L0_S21_F520,feature,L0_S21_F520,L0,L0_S21,0.0,0.0
feature:L0_S21_F521,feature,L0_S21_F521,L0,L0_S21,0.0,0.0
feature:L0_S21_F522,feature,L0_S21_F522,L0,L0_S21,0.0,0.0
feature:L0_S21_F523,feature,L0_S21_F523,L0,L0_S21,0.0,0.0
feature:L0_S21_F525,feature,L0_S21_F525,L0,L0_S21,0.0,0.0
feature:L0_S21_F526,feature,L0_S21_F526,L0,L0_S21,0.0,0.0
feature:L0_S21_F527,feature,L0_S21_F527,L0,L0_S21,0.0,0.0
feature:L0_S21_F528,feature,L0_S21_F528,L0,L0_S21,0.0,0.0
feature:L0_S21_F530,feature,L0_S21_F530,L0,L0_S21,0.0,0.0
feature:L0_S21_F531,feature,L0_S21_F531,L0,L0_S21,0.0,0.0
feature:L0_S21_F532,feature,L0_S21_F532,L0,L0_S21,0.0,0.0
feature:L0_S21_F533,feature,L0_S21_F533,L0,L0_S21,0.0,0.0
feature:L0_S21_F535,feature,L0_S21_F535,L0,L0_S21,0.0,0.0
feature:L0_S21_F536,feature,L0_S21_F536,L0,L0_S21,0.0,0.0
feature:L0_S21_F537,feature,L0_S21_F537,L0,L0_S21,0.0,0.0
feature:L0_S21_F538,feature,L0_S21_F538,L0,L0_S21,0.0,0.0
feature:L0_S21_F540,feature,L0_S21_F540,L0,L0_S21,0.0,0.0
feature:L0_S21_F541,feature,L0_S21_F541,L0,L0_S21,0.0,0.0
feature:L0_S22_D543,feature,L0_S22_D543,L0,L0_S22,0.0,0.0
feature:L0_S22_D548,feature,L0_S22_D548,L0,L0_S22,0.0,0.0
feature:L0_S22_D553,feature,L0_S22_D553,L0,L0_S22,0.0,0.0
feature:L0_S22_D558,feature,L0_S22_D558,L0,L0_S22,0.0,0.0
feature:L0_S22_D563,feature,L0_S22_D563,L0,L0_S22,0.0,0.0
feature:L0_S22_D568,feature,L0_S22_D568,L0,L0_S22,0.0,0.0
feature:L0_S22_D573,feature,L0_S22_D573,L0,L0_S22,0.0,0.0
feature:L0_S22_D578,feature,L0_S22_D578,L0,L0_S22,0.0,0.0
feature:L0_S22_D583,feature,L0_S22_D583,L0,L0_S22,0.0,0.0
feature:L0_S22_D588,feature,L0_S22_D588,L0,L0_S22,0.0,0.0
feature:L0_S22_D593,feature,L0_S22_D593,L0,L0_S22,0.0,0.0
feature:L0_S22_D598,feature,L0_S22_D598,L0,L0_S22,0.0,0.0
feature:L0_S22_D603,feature,L0_S22_D603,L0,L0_S22,0.0,0.0
feature:L0_S22_D608,feature,L0_S22_D608,L0,L0_S22,0.0,0.0
feature:L0_S22_D613,feature,L0_S22_D613,L0,L0_S22,0.0,0.0
feature:L0_S22_F542,feature,L0_S22_F542,L0,L0_S22,0.0,0.0
feature:L0_S22_F544,feature,L0_S22_F544,L0,L0_S22,0.0,0.0
feature:L0_S22_F545,feature,L0_S22_F545,L0,L0_S22,0.0,0.0
feature:L0_S22_F546,feature,L0_S22_F546,L0,L0_S22,0.0,0.0
feature:L0_S22_F547,feature,L0_S22_F547,L0,L0_S22,0.0,0.0
feature:L0_S22_F549,feature,L0_S22_F549,L0,L0_S22,0.0,0.0
feature:L0_S22_F550,feature,L0_S22_F550,L0,L0_S22,0.0,0.0
feature:L0_S22_F551,feature,L0_S22_F551,L0,L0_S22,0.0,0.0
feature:L0_S22_F552,feature,L0_S22_F552,L0,L0_S22,0.0,0.0
feature:L0_S22_F554,feature,L0_S22_F554,L0,L0_S22,0.0,0.0
feature:L0_S22_F555,feature,L0_S22_F555,L0,L0_S22,0.0,0.0
feature:L0_S22_F556,feature,L0_S22_F556,L0,L0_S22,0.0,0.0
feature:L0_S22_F557,feature,L0_S22_F557,L0,L0_S22,0.0,0.0
feature:L0_S22_F559,feature,L0_S22_F559,L0,L0_S22,0.0,0.0
feature:L0_S22_F560,feature,L0_S22_F560,L0,L0_S22,0.0,0.0
feature:L0_S22_F561,feature,L0_S22_F561,L0,L0_S22,0.0,0.0
feature:L0_S22_F562,feature,L0_S22_F562,L0,L0_S22,0.0,0.0
feature:L0_S22_F564,feature,L0_S22_F564,L0,L0_S22,0.0,0.0
feature:L0_S22_F565,feature,L0_S22_F565,L0,L0_S22,0.0,0.0
feature:L0_S22_F566,feature,L0_S22_F566,L0,L0_S22,0.0,0.0
feature:L0_S22_F567,feature,L0_S22_F567,L0,L0_S22,0.0,0.0
feature:L0_S22_F569,feature,L0_S22_F569,L0,L0_S22,0.0,0.0
feature:L0_S22_F570,feature,L0_S22_F570,L0,L0_S22,0.0,0.0
feature:L0_S22_F571,feature,L0_S22_F571,L0,L0_S22,0.0,0.0
feature:L0_S22_F572,feature,L0_S22_F572,L0,L0_S22,0.0,0.0
feature:L0_S22_F574,feature,L0_S22_F574,L0,L0_S22,0.0,0.0
feature:L0_S22_F575,feature,L0_S22_F575,L0,L0_S22,0.0,0.0
feature:L0_S22_F576,feature,L0_S22_F576,L0,L0_S22,0.0,0.0
feature:L0_S22_F577,feature,L0_S22_F577,L0,L0_S22,0.0,0.0
feature:L0_S22_F579,feature,L0_S22_F579,L0,L0_S22,0.0,0.0
feature:L0_S22_F580,feature,L0_S22_F580,L0,L0_S22,0.0,0.0
feature:L0_S22_F581,feature,L0_S22_F581,L0,L0_S22,0.0,0.0
feature:L0_S22_F582,feature,L0_S22_F582,L0,L0_S22,0.0,0.0
feature:L0_S22_F584,feature,L0_S22_F584,L0,L0_S22,0.0,0.0
feature:L0_S22_F585,feature,L0_S22_F585,L0,L0_S22,0.0,0.0
feature:L0_S22_F586,feature,L0_S22_F586,L0,L0_S22,0.0,0.0
feature:L0_S22_F587,feature,L0_S22_F587,L0,L0_S22,0.0,0.0
feature:L0_S22_F589,feature,L0_S22_F589,L0,L0_S22,0.0,0.0
feature:L0_S22_F590,feature,L0_S22_F590,L0,L0_S22,0.0,0.0
feature:L0_S22_F591,feature,L0_S22_F591,L0,L0_S22,0.0,0.0
feature:L0_S22_F592,feature,L0_S22_F592,L0,L0_S22,0.0,0.0
feature:L0_S22_F594,feature,L0_S22_F594,L0,L0_S22,0.0,0.0
feature:L0_S22_F595,feature,L0_S22_F595,L0,L0_S22,0.0,0.0
feature:L0_S22_F596,feature,L0_S22_F596,L0,L0_S22,0.0,0.0
feature:L0_S22_F597,feature,L0_S22_F597,L0,L0_S22,0.0,0.0
feature:L0_S22_F599,feature,L0_S22_F599,L0,L0_S22,0.0,0.0
feature:L0_S22_F600,feature,L0_S22_F600,L0,L0_S22,0.0,0.0
feature:L0_S22_F601,feature,L0_S22_F601,L0,L0_S22,0.0,0.0
feature:L0_S22_F602,feature,L0_S22_F602,L0,L0_S22,0.0,0.0
feature:L0_S22_F604,feature,L0_S22_F604,L0,L0_S22,0.0,0.0
feature:L0_S22_F605,feature,L0_S22_F605,L0,L0_S22,0.0,0.0
feature:L0_S22_F606,feature,L0_S22_F606,L0,L0_S22,0.0,0.0
feature:L0_S22_F607,feature,L0_S22_F607,L0,L0_S22,0.0,0.0
feature:L0_S22_F609,feature,L0_S22_F609,L0,L0_S22,0.0,0.0
feature:L0_S22_F610,feature,L0_S22_F610,L0,L0_S22,0.0,0.0
feature:L0_S22_F611,feature,L0_S22_F611,L0,L0_S22,0.0,0.0
feature:L0_S22_F612,feature,L0_S22_F612,L0,L0_S22,0.0,0.0
feature:L0_S22_F614,feature,L0_S22_F614,L0,L0_S22,0.0,0.0
feature:L0_S22_F615,feature,L0_S22_F615,L0,L0_S22,0.0,0.0
feature:L0_S23_D617,feature,L0_S23_D617,L0,L0_S23,0.0,0.0
feature:L0_S23_D621,feature,L0_S23_D621,L0,L0_S23,0.0,0.0
feature:L0_S23_D625,feature,L0_S23_D625,L0,L0_S23,0.0,0.0
feature:L0_S23_D629,feature,L0_S23_D629,L0,L0_S23,0.0,0.0
feature:L0_S23_D633,feature,L0_S23_D633,L0,L0_S23,0.0,0.0
feature:L0_S23_D637,feature,L0_S23_D637,L0,L0_S23,0.0,0.0
feature:L0_S23_D641,feature,L0_S23_D641,L0,L0_S23,0.0,0.0
feature:L0_S23_D645,feature,L0_S23_D645,L0,L0_S23,0.0,0.0
feature:L0_S23_D649,feature,L0_S23_D649,L0,L0_S23,0.0,0.0
feature:L0_S23_D653,feature,L0_S23_D653,L0,L0_S23,0.0,0.0
feature:L0_S23_D657,feature,L0_S23_D657,L0,L0_S23,0.0,0.0
feature:L0_S23_D661,feature,L0_S23_D661,L0,L0_S23,0.0,0.0
feature:L0_S23_D665,feature,L0_S23_D665,L0,L0_S23,0.0,0.0
feature:L0_S23_D669,feature,L0_S23_D669,L0,L0_S23,0.0,0.0
feature:L0_S23_D673,feature,L0_S23_D673,L0,L0_S23,0.0,0.0
feature:L0_S23_F616,feature,L0_S23_F616,L0,L0_S23,0.0,0.0
feature:L0_S23_F618,feature,L0_S23_F618,L0,L0_S23,0.0,0.0
feature:L0_S23_F619,feature,L0_S23_F619,L0,L0_S23,0.0,0.0
feature:L0_S23_F620,feature,L0_S23_F620,L0,L0_S23,0.0,0.0
feature:L0_S23_F622,feature,L0_S23_F622,L0,L0_S23,0.0,0.0
feature:L0_S23_F623,feature,L0_S23_F623,L0,L0_S23,0.0,0.0
feature:L0_S23_F624,feature,L0_S23_F624,L0,L0_S23,0.0,0.0
feature:L0_S23_F626,feature,L0_S23_F626,L0,L0_S23,0.0,0.0
feature:L0_S23_F627,feature,L0_S23_F627,L0,L0_S23,0.0,0.0
feature:L0_S23_F628,feature,L0_S23_F628,L0,L0_S23,0.0,0.0
feature:L0_S23_F630,feature,L0_S23_F630,L0,L0_S23,0.0,0.0
feature:L0_S23_F631,feature,L0_S23_F631,L0,L0_S23,0.0,0.0
feature:L0_S23_F632,feature,L0_S23_F632,L0,L0_S23,0.0,0.0
feature:L0_S23_F634,feature,L0_S23_F634,L0,L0_S23,0.0,0.0
feature:L0_S23_F635,feature,L0_S23_F635,L0,L0_S23,0.0,0.0
feature:L0_S23_F636,feature,L0_S23_F636,L0,L0_S23,0.0,0.0
feature:L0_S23_F638,feature,L0_S23_F638,L0,L0_S23,0.0,0.0
feature:L0_S23_F639,feature,L0_S23_F639,L0,L0_S23,0.0,0.0
feature:L0_S23_F640,feature,L0_S23_F640,L0,L0_S23,0.0,0.0
feature:L0_S23_F642,feature,L0_S23_F642,L0,L0_S23,0.0,0.0
feature:L0_S23_F643,feature,L0_S23_F643,L0,L0_S23,0.0,0.0
feature:L0_S23_F644,feature,L0_S23_F644,L0,L0_S23,0.0,0.0
feature:L0_S23_F646,feature,L0_S23_F646,L0,L0_S23,0.0,0.0
feature:L0_S23_F647,feature,L0_S23_F647,L0,L0_S23,0.0,0.0
feature:L0_S23_F648,feature,L0_S23_F648,L0,L0_S23,0.0,0.0
feature:L0_S23_F650,feature,L0_S23_F650,L0,L0_S23,0.0,0.0
feature:L0_S23_F651,feature,L0_S23_F651,L0,L0_S23,0.0,0.0
feature:L0_S23_F652,feature,L0_S23_F652,L0,L0_S23,0.0,0.0
feature:L0_S23_F654,feature,L0_S23_F654,L0,L0_S23,0.0,0.0
feature:L0_S23_F655,feature,L0_S23_F655,L0,L0_S23,0.0,0.0
feature:L0_S23_F656,feature,L0_S23_F656,L0,L0_S23,0.0,0.0
feature:L0_S23_F658,feature,L0_S23_F658,L0,L0_S23,0.0,0.0
feature:L0_S23_F659,feature,L0_S23_F659,L0,L0_S23,0.0,0.0
feature:L0_S23_F660,feature,L0_S23_F660,L0,L0_S23,0.0,0.0
feature:L0_S23_F662,feature,L0_S23_F662,L0,L0_S23,0.0,0.0
feature:L0_S23_F663,feature,L0_S23_F663,L0,L0_S23,0.0,0.0
feature:L0_S23_F664,feature,L0_S23_F664,L0,L0_S23,0.0,0.0
feature:L0_S23_F666,feature,L0_S23_F666,L0,L0_S23,0.0,0.0
feature:L0_S23_F667,feature,L0_S23_F667,L0,L0_S23,0.0,0.0
feature:L0_S23_F668,feature,L0_S23_F668,L0,L0_S23,0.0,0.0
feature:L0_S23_F670,feature,L0_S23_F670,L0,L0_S23,0.0,0.0
feature:L0_S23_F671,feature,L0_S23_F671,L0,L0_S23,0.0,0.0
feature:L0_S23_F672,feature,L0_S23_F672,L0,L0_S23,0.0,0.0
feature:L0_S23_F674,feature,L0_S23_F674,L0,L0_S23,0.0,0.0
feature:L0_S2_D34,feature,L0_S2_D34,L0,L0_S2,0.0,0.0
feature:L0_S2_D38,feature,L0_S2_D38,L0,L0_S2,0.0,0.0
feature:L0_S2_D42,feature,L0_S2_D42,L0,L0_S2,0.0,0.0
feature:L0_S2_D46,feature,L0_S2_D46,L0,L0_S2,0.0,0.0
feature:L0_S2_D50,feature,L0_S2_D50,L0,L0_S2,0.0,0.0
feature:L0_S2_D54,feature,L0_S2_D54,L0,L0_S2,0.0,0.0
feature:L0_S2_D58,feature,L0_S2_D58,L0,L0_S2,0.0,0.0
feature:L0_S2_D62,feature,L0_S2_D62,L0,L0_S2,0.0,0.0
feature:L0_S2_D66,feature,L0_S2_D66,L0,L0_S2,0.0,0.0
feature:L0_S2_F32,feature,L0_S2_F32,L0,L0_S2,0.0,0.0
feature:L0_S2_F33,feature,L0_S2_F33,L0,L0_S2,0.0,0.0
feature:L0_S2_F35,feature,L0_S2_F35,L0,L0_S2,0.0,0.0
feature:L0_S2_F36,feature,L0_S2_F36,L0,L0_S2,0.0,0.0
feature:L0_S2_F37,feature,L0_S2_F37,L0,L0_S2,0.0,0.0
feature:L0_S2_F39,feature,L0_S2_F39,L0,L0_S2,0.0,0.0
feature:L0_S2_F40,feature,L0_S2_F40,L0,L0_S2,0.0,0.0
feature:L0_S2_F41,feature,L0_S2_F41,L0,L0_S2,0.0,0.0
feature:L0_S2_F43,feature,L0_S2_F43,L0,L0_S2,0.0,0.0
feature:L0_S2_F44,feature,L0_S2_F44,L0,L0_S2,0.0,0.0
feature:L0_S2_F45,feature,L0_S2_F45,L0,L0_S2,0.0,0.0
feature:L0_S2_F47,feature,L0_S2_F47,L0,L0_S2,0.0,0.0
feature:L0_S2_F48,feature,L0_S2_F48,L0,L0_S2,0.0,0.0
feature:L0_S2_F49,feature,L0_S2_F49,L0,L0_S2,0.0,0.0
feature:L0_S2_F51,feature,L0_S2_F51,L0,L0_S2,0.0,0.0
feature:L0_S2_F52,feature,L0_S2_F52,L0,L0_S2,0.0,0.0
feature:L0_S2_F53,feature,L0_S2_F53,L0,L0_S2,0.0,0.0
feature:L0_S2_F55,feature,L0_S2_F55,L0,L0_S2,0.0,0.0
feature:L0_S2_F56,feature,L0_S2_F56,L0,L0_S2,0.0,0.0
feature:L0_S2_F57,feature,L0_S2_F57,L0,L0_S2,0.0,0.0
feature:L0_S2_F59,feature,L0_S2_F59,L0,L0_S2,0.0,0.0
feature:L0_S2_F60,feature,L0_S2_F60,L0,L0_S2,0.0,0.0
feature:L0_S2_F61,feature,L0_S2_F61,L0,L0_S2,0.0,0.0
feature:L0_S2_F63,feature,L0_S2_F63,L0,L0_S2,0.0,0.0
feature:L0_S2_F64,feature,L0_S2_F64,L0,L0_S2,0.0,0.0
feature:L0_S2_F65,feature,L0_S2_F65,L0,L0_S2,0.0,0.0
feature:L0_S2_F67,feature,L0_S2_F67,L0,L0_S2,0.0,0.0
feature:L0_S3_D102,feature,L0_S3_D102,L0,L0_S3,0.0,0.0
feature:L0_S3_D70,feature,L0_S3_D70,L0,L0_S3,0.0,0.0
feature:L0_S3_D74,feature,L0_S3_D74,L0,L0_S3,0.0,0.0
feature:L0_S3_D78,feature,L0_S3_D78,L0,L0_S3,0.0,0.0
feature:L0_S3_D82,feature,L0_S3_D82,L0,L0_S3,0.0,0.0
feature:L0_S3_D86,feature,L0_S3_D86,L0,L0_S3,0.0,0.0
feature:L0_S3_D90,feature,L0_S3_D90,L0,L0_S3,0.0,0.0
feature:L0_S3_D94,feature,L0_S3_D94,L0,L0_S3,0.0,0.0
feature:L0_S3_D98,feature,L0_S3_D98,L0,L0_S3,0.0,0.0
feature:L0_S3_F100,feature,L0_S3_F100,L0,L0_S3,0.0,0.0
feature:L0_S3_F101,feature,L0_S3_F101,L0,L0_S3,0.0,0.0
feature:L0_S3_F103,feature,L0_S3_F103,L0,L0_S3,0.0,0.0
feature:L0_S3_F68,feature,L0_S3_F68,L0,L0_S3,0.0,0.0
feature:L0_S3_F69,feature,L0_S3_F69,L0,L0_S3,0.0,0.0
feature:L0_S3_F71,feature,L0_S3_F71,L0,L0_S3,0.0,0.0
feature:L0_S3_F72,feature,L0_S3_F72,L0,L0_S3,0.0,0.0
feature:L0_S3_F73,feature,L0_S3_F73,L0,L0_S3,0.0,0.0
feature:L0_S3_F75,feature,L0_S3_F75,L0,L0_S3,0.0,0.0
feature:L0_S3_F76,feature,L0_S3_F76,L0,L0_S3,0.0,0.0
feature:L0_S3_F77,feature,L0_S3_F77,L0,L0_S3,0.0,0.0
feature:L0_S3_F79,feature,L0_S3_F79,L0,L0_S3,0.0,0.0
feature:L0_S3_F80,feature,L0_S3_F80,L0,L0_S3,0.0,0.0
feature:L0_S3_F81,feature,L0_S3_F81,L0,L0_S3,0.0,0.0
feature:L0_S3_F83,feature,L0_S3_F83,L0,L0_S3,0.0,0.0
feature:L0_S3_F84,feature,L0_S3_F84,L0,L0_S3,0.0,0.0
feature:L0_S3_F85,feature,L0_S3_F85,L0,L0_S3,0.0,0.0
feature:L0_S3_F87,feature,L0_S3_F87,L0,L0_S3,0.0,0.0
feature:L0_S3_F88,feature,L0_S3_F88,L0,L0_S3,0.0,0.0
feature:L0_S3_F89,feature,L0_S3_F89,L0,L0_S3,0.0,0.0
feature:L0_S3_F91,feature,L0_S3_F91,L0,L0_S3,0.0,0.0
feature:L0_S3_F92,feature,L0_S3_F92,L0,L0_S3,0.0,0.0
feature:L0_S3_F93,feature,L0_S3_F93,L0,L0_S3,0.0,0.0
feature:L0_S3_F95,feature,L0_S3_F95,L0,L0_S3,0.0,0.0
feature:L0_S3_F96,feature,L0_S3_F96,L0,L0_S3,0.0,0.0
feature:L0_S3_F97,feature,L0_S3_F97,L0,L0_S3,0.0,0.0
feature:L0_S3_F99,feature,L0_S3_F99,L0,L0_S3,0.0,0.0
feature:L0_S4_D106,feature,L0_S4_D106,L0,L0_S4,0.0,0.0
feature:L0_S4_D111,feature,L0_S4_D111,L0,L0_S4,0.0,0.0
feature:L0_S4_F104,feature,L0_S4_F104,L0,L0_S4,0.0,0.0
feature:L0_S4_F105,feature,L0_S4_F105,L0,L0_S4,0.0,0.0
feature:L0_S4_F107,feature,L0_S4_F107,L0,L0_S4,0.0,0.0
feature:L0_S4_F108,feature,L0_S4_F108,L0,L0_S4,0.0,0.0
feature:L0_S4_F109,feature,L0_S4_F109,L0,L0_S4,0.0,0.0
feature:L0_S4_F110,feature,L0_S4_F110,L0,L0_S4,0.0,0.0
feature:L0_S4_F112,feature,L0_S4_F112,L0,L0_S4,0.0,0.0
feature:L0_S4_F113,feature,L0_S4_F113,L0,L0_S4,0.0,0.0
feature:L0_S5_D115,feature,L0_S5_D115,L0,L0_S5,0.0,0.0
feature:L0_S5_D117,feature,L0_S5_D117,L0,L0_S5,0.0,0.0
feature:L0_S5_F114,feature,L0_S5_F114,L0,L0_S5,0.0,0.0
feature:L0_S5_F116,feature,L0_S5_F116,L0,L0_S5,0.0,0.0
feature:L0_S6_D120,feature,L0_S6_D120,L0,L0_S6,0.0,0.0
feature:L0_S6_D124,feature,L0_S6_D124,L0,L0_S6,0.0,0.0
feature:L0_S6_D127,feature,L0_S6_D127,L0,L0_S6,0.0,0.0
feature:L0_S6_D130,feature,L0_S6_D130,L0,L0_S6,0.0,0.0
feature:L0_S6_D134,feature,L0_S6_D134,L0,L0_S6,0.0,0.0
feature:L0_S6_F118,feature,L0_S6_F118,L0,L0_S6,0.0,0.0
feature:L0_S6_F119,feature,L0_S6_F119,L0,L0_S6,0.0,0.0
feature:L0_S6_F121,feature,L0_S6_F121,L0,L0_S6,0.0,0.0
feature:L0_S6_F122,feature,L0_S6_F122,L0,L0_S6,0.0,0.0
feature:L0_S6_F123,feature,L0_S6_F123,L0,L0_S6,0.0,0.0
feature:L0_S6_F125,feature,L0_S6_F125,L0,L0_S6,0.0,0.0
feature:L0_S6_F126,feature,L0_S6_F126,L0,L0_S6,0.0,0.0
feature:L0_S6_F128,feature,L0_S6_F128,L0,L0_S6,0.0,0.0
feature:L0_S6_F129,feature,L0_S6_F129,L0,L0_S6,0.0,0.0
feature:L0_S6_F131,feature,L0_S6_F131,L0,L0_S6,0.0,0.0
feature:L0_S6_F132,feature,L0_S6_F132,L0,L0_S6,0.0,0.0
feature:L0_S6_F133,feature,L0_S6_F133,L0,L0_S6,0.0,0.0
feature:L0_S6_F135,feature,L0_S6_F135,L0,L0_S6,0.0,0.0
feature:L0_S7_D137,feature,L0_S7_D137,L0,L0_S7,0.0,0.0
feature:L0_S7_D139,feature,L0_S7_D139,L0,L0_S7,0.0,0.0
feature:L0_S7_D140,feature,L0_S7_D140,L0,L0_S7,0.0,0.0
feature:L0_S7_D141,feature,L0_S7_D141,L0,L0_S7,0.0,0.0
feature:L0_S7_D143,feature,L0_S7_D143,L0,L0_S7,0.0,0.0
feature:L0_S7_F136,feature,L0_S7_F136,L0,L0_S7,0.0,0.0
feature:L0_S7_F138,feature,L0_S7_F138,L0,L0_S7,0.0,0.0
feature:L0_S7_F142,feature,L0_S7_F142,L0,L0_S7,0.0,0.0
feature:L0_S8_D145,feature,L0_S8_D145,L0,L0_S8,0.0,0.0
feature:L0_S8_D147,feature,L0_S8_D147,L0,L0_S8,0.0,0.0
feature:L0_S8_D148,feature,L0_S8_D148,L0,L0_S8,0.0,0.0
feature:L0_S8_D150,feature,L0_S8_D150,L0,L0_S8,0.0,0.0
feature:L0_S8_F144,feature,L0_S8_F144,L0,L0_S8,0.0,0.0
feature:L0_S8_F146,feature,L0_S8_F146,L0,L0_S8,0.0,0.0
feature:L0_S8_F149,feature,L0_S8_F149,L0,L0_S8,0.0,0.0
feature:L0_S9_D152,feature,L0_S9_D152,L0,L0_S9,0.0,0.0
feature:L0_S9_D157,feature,L0_S9_D157,L0,L0_S9,0.0,0.0
feature:L0_S9_D162,feature,L0_S9_D162,L0,L0_S9,0.0,0.0
feature:L0_S9_D167,feature,L0_S9_D167,L0,L0_S9,0.0,0.0
feature:L0_S9_D172,feature,L0_S9_D172,L0,L0_S9,0.0,0.0
feature:L0_S9_D177,feature,L0_S9_D177,L0,L0_S9,0.0,0.0
feature:L0_S9_D182,feature,L0_S9_D182,L0,L0_S9,0.0,0.0
feature:L0_S9_D187,feature,L0_S9_D187,L0,L0_S9,0.0,0.0
feature:L0_S9_D192,feature,L0_S9_D192,L0,L0_S9,0.0,0.0
feature:L0_S9_D197,feature,L0_S9_D197,L0,L0_S9,0.0,0.0
feature:L0_S9_D202,feature,L0_S9_D202,L0,L0_S9,0.0,0.0
feature:L0_S9_D207,feature,L0_S9_D207,L0,L0_S9,0.0,0.0
feature:L0_S9_D212,feature,L0_S9_D212,L0,L0_S9,0.0,0.0
feature:L0_S9_F151,feature,L0_S9_F151,L0,L0_S9,0.0,0.0
feature:L0_S9_F153,feature,L0_S9_F153,L0,L0_S9,0.0,0.0
feature:L0_S9_F154,feature,L0_S9_F154,L0,L0_S9,0.0,0.0
feature:L0_S9_F155,feature,L0_S9_F155,L0,L0_S9,0.0,0.0
feature:L0_S9_F156,feature,L0_S9_F156,L0,L0_S9,0.0,0.0
feature:L0_S9_F158,feature,L0_S9_F158,L0,L0_S9,0.0,0.0
feature:L0_S9_F159,feature,L0_S9_F159,L0,L0_S9,0.0,0.0
feature:L0_S9_F160,feature,L0_S9_F160,L0,L0_S9,0.0,0.0
feature:L0_S9_F161,feature,L0_S9_F161,L0,L0_S9,0.0,0.0
feature:L0_S9_F163,feature,L0_S9_F163,L0,L0_S9,0.0,0.0
feature:L0_S9_F164,feature,L0_S9_F164,L0,L0_S9,0.0,0.0
feature:L0_S9_F165,feature,L0_S9_F165,L0,L0_S9,0.0,0.0
feature:L0_S9_F166,feature,L0_S9_F166,L0,L0_S9,0.0,0.0
feature:L0_S9_F168,feature,L0_S9_F168,L0,L0_S9,0.0,0.0
feature:L0_S9_F169,feature,L0_S9_F169,L0,L0_S9,0.0,0.0
feature:L0_S9_F170,feature,L0_S9_F170,L0,L0_S9,0.0,0.0
feature:L0_S9_F171,feature,L0_S9_F171,L0,L0_S9,0.0,0.0
feature:L0_S9_F173,feature,L0_S9_F173,L0,L0_S9,0.0,0.0
feature:L0_S9_F174,feature,L0_S9_F174,L0,L0_S9,0.0,0.0
feature:L0_S9_F175,feature,L0_S9_F175,L0,L0_S9,0.0,0.0
feature:L0_S9_F176,feature,L0_S9_F176,L0,L0_S9,0.0,0.0
feature:L0_S9_F178,feature,L0_S9_F178,L0,L0_S9,0.0,0.0
feature:L0_S9_F179,feature,L0_S9_F179,L0,L0_S9,0.0,0.0
feature:L0_S9_F180,feature,L0_S9_F180,L0,L0_S9,0.0,0.0
feature:L0_S9_F181,feature,L0_S9_F181,L0,L0_S9,0.0,0.0
feature:L0_S9_F183,feature,L0_S9_F183,L0,L0_S9,0.0,0.0
feature:L0_S9_F184,feature,L0_S9_F184,L0,L0_S9,0.0,0.0
feature:L0_S9_F185,feature,L0_S9_F185,L0,L0_S9,0.0,0.0
feature:L0_S9_F186,feature,L0_S9_F186,L0,L0_S9,0.0,0.0
feature:L0_S9_F188,feature,L0_S9_F188,L0,L0_S9,0.0,0.0
feature:L0_S9_F189,feature,L0_S9_F189,L0,L0_S9,0.0,0.0
feature:L0_S9_F190,feature,L0_S9_F190,L0,L0_S9,0.0,0.0
feature:L0_S9_F191,feature,L0_S9_F191,L0,L0_S9,0.0,0.0
feature:L0_S9_F193,feature,L0_S9_F193,L0,L0_S9,0.0,0.0
feature:L0_S9_F194,feature,L0_S9_F194,L0,L0_S9,0.0,0.0
feature:L0_S9_F195,feature,L0_S9_F195,L0,L0_S9,0.0,0.0
feature:L0_S9_F196,feature,L0_S9_F196,L0,L0_S9,0.0,0.0
feature:L0_S9_F198,feature,L0_S9_F198,L0,L0_S9,0.0,0.0
feature:L0_S9_F199,feature,L0_S9_F199,L0,L0_S9,0.0,0.0
feature:L0_S9_F200,feature,L0_S9_F200,L0,L0_S9,0.0,0.0
feature:L0_S9_F201,feature,L0_S9_F201,L0,L0_S9,0.0,0.0
feature:L0_S9_F203,feature,L0_S9_F203,L0,L0_S9,0.0,0.0
feature:L0_S9_F204,feature,L0_S9_F204,L0,L0_S9,0.0,0.0
feature:L0_S9_F205,feature,L0_S9_F205,L0,L0_S9,0.0,0.0
feature:L0_S9_F206,feature,L0_S9_F206,L0,L0_S9,0.0,0.0
feature:L0_S9_F208,feature,L0_S9_F208,L0,L0_S9,0.0,0.0
feature:L0_S9_F209,feature,L0_S9_F209,L0,L0_S9,0.0,0.0
feature:L0_S9_F210,feature,L0_S9_F210,L0,L0_S9,0.0,0.0
feature:L0_S9_F211,feature,L0_S9_F211,L0,L0_S9,0.0,0.0
feature:L0_S9_F213,feature,L0_S9_F213,L0,L0_S9,0.0,0.0
feature:L0_S9_F214,feature,L0_S9_F214,L0,L0_S9,0.0,0.0
feature:L1_S24_D1001,feature,L1_S24_D1001,L1,L1_S24,0.0,0.0
feature:L1_S24_D1003,feature,L1_S24_D1003,L1,L1_S24,0.0,0.0
feature:L1_S24_D1005,feature,L1_S24_D1005,L1,L1_S24,0.0,0.0
feature:L1_S24_D1007,feature,L1_S24_D1007,L1,L1_S24,0.0,0.0
feature:L1_S24_D1009,feature,L1_S24_D1009,L1,L1_S24,0.0,0.0
feature:L1_S24_D1011,feature,L1_S24_D1011,L1,L1_S24,0.0,0.0
feature:L1_S24_D1013,feature,L1_S24_D1013,L1,L1_S24,0.0,0.0
feature:L1_S24_D1015,feature,L1_S24_D1015,L1,L1_S24,0.0,0.0
feature:L1_S24_D1018,feature,L1_S24_D1018,L1,L1_S24,0.0,0.0
feature:L1_S24_D1023,feature,L1_S24_D1023,L1,L1_S24,0.0,0.0
feature:L1_S24_D1028,feature,L1_S24_D1028,L1,L1_S24,0.0,0.0
feature:L1_S24_D1033,feature,L1_S24_D1033,L1,L1_S24,0.0,0.0
feature:L1_S24_D1038,feature,L1_S24_D1038,L1,L1_S24,0.0,0.0
feature:L1_S24_D1043,feature,L1_S24_D1043,L1,L1_S24,0.0,0.0
feature:L1_S24_D1048,feature,L1_S24_D1048,L1,L1_S24,0.0,0.0
feature:L1_S24_D1053,feature,L1_S24_D1053,L1,L1_S24,0.0,0.0
feature:L1_S24_D1058,feature,L1_S24_D1058,L1,L1_S24,0.0,0.0
feature:L1_S24_D1062,feature,L1_S24_D1062,L1,L1_S24,0.0,0.0
feature:L1_S24_D1066,feature,L1_S24_D1066,L1,L1_S24,0.0,0.0
feature:L1_S24_D1070,feature,L1_S24_D1070,L1,L1_S24,0.0,0.0
feature:L1_S24_D1074,feature,L1_S24_D1074,L1,L1_S24,0.0,0.0
feature:L1_S24_D1077,feature,L1_S24_D1077,L1,L1_S24,0.0,0.0
feature:L1_S24_D1081,feature,L1_S24_D1081,L1,L1_S24,0.0,0.0
feature:L1_S24_D1085,feature,L1_S24_D1085,L1,L1_S24,0.0,0.0
feature:L1_S24_D1089,feature,L1_S24_D1089,L1,L1_S24,0.0,0.0
feature:L1_S24_D1092,feature,L1_S24_D1092,L1,L1_S24,0.0,0.0
feature:L1_S24_D1096,feature,L1_S24_D1096,L1,L1_S24,0.0,0.0
feature:L1_S24_D1100,feature,L1_S24_D1100,L1,L1_S24,0.0,0.0
feature:L1_S24_D1104,feature,L1_S24_D1104,L1,L1_S24,0.0,0.0
feature:L1_S24_D1108,feature,L1_S24_D1108,L1,L1_S24,0.0,0.0
feature:L1_S24_D1112,feature,L1_S24_D1112,L1,L1_S24,0.0,0.0
feature:L1_S24_D1116,feature,L1_S24_D1116,L1,L1_S24,0.0,0.0
feature:L1_S24_D1120,feature,L1_S24_D1120,L1,L1_S24,0.0,0.0
feature:L1_S24_D1124,feature,L1_S24_D1124,L1,L1_S24,0.0,0.0
feature:L1_S24_D1128,feature,L1_S24_D1128,L1,L1_S24,0.0,0.0
feature:L1_S24_D1132,feature,L1_S24_D1132,L1,L1_S24,0.0,0.0
feature:L1_S24_D1135,feature,L1_S24_D1135,L1,L1_S24,0.0,0.0
feature:L1_S24_D1138,feature,L1_S24_D1138,L1,L1_S24,0.0,0.0
feature:L1_S24_D1141,feature,L1_S24_D1141,L1,L1_S24,0.0,0.0
feature:L1_S24_D1143,feature,L1_S24_D1143,L1,L1_S24,0.0,0.0
feature:L1_S24_D1146,feature,L1_S24_D1146,L1,L1_S24,0.0,0.0
feature:L1_S24_D1149,feature,L1_S24_D1149,L1,L1_S24,0.0,0.0
feature:L1_S24_D1151,feature,L1_S24_D1151,L1,L1_S24,0.0,0.0
feature:L1_S24_D1153,feature,L1_S24_D1153,L1,L1_S24,0.0,0.0
feature:L1_S24_D1155,feature,L1_S24_D1155,L1,L1_S24,0.0,0.0
feature:L1_S24_D1158,feature,L1_S24_D1158,L1,L1_S24,0.0,0.0
feature:L1_S24_D1163,feature,L1_S24_D1163,L1,L1_S24,0.0,0.0
feature:L1_S24_D1168,feature,L1_S24_D1168,L1,L1_S24,0.0,0.0
feature:L1_S24_D1171,feature,L1_S24_D1171,L1,L1_S24,0.0,0.0
feature:L1_S24_D1173,feature,L1_S24_D1173,L1,L1_S24,0.0,0.0
feature:L1_S24_D1175,feature,L1_S24_D1175,L1,L1_S24,0.0,0.0
feature:L1_S24_D1178,feature,L1_S24_D1178,L1,L1_S24,0.0,0.0
feature:L1_S24_D1182,feature,L1_S24_D1182,L1,L1_S24,0.0,0.0
feature:L1_S24_D1186,feature,L1_S24_D1186,L1,L1_S24,0.0,0.0
feature:L1_S24_D1190,feature,L1_S24_D1190,L1,L1_S24,0.0,0.0
feature:L1_S24_D1194,feature,L1_S24_D1194,L1,L1_S24,0.0,0.0
feature:L1_S24_D1199,feature,L1_S24_D1199,L1,L1_S24,0.0,0.0
feature:L1_S24_D1204,feature,L1_S24_D1204,L1,L1_S24,0.0,0.0
feature:L1_S24_D1209,feature,L1_S24_D1209,L1,L1_S24,0.0,0.0
feature:L1_S24_D1214,feature,L1_S24_D1214,L1,L1_S24,0.0,0.0
feature:L1_S24_D1218,feature,L1_S24_D1218,L1,L1_S24,0.0,0.0
feature:L1_S24_D1222,feature,L1_S24_D1222,L1,L1_S24,0.0,0.0
feature:L1_S24_D1227,feature,L1_S24_D1227,L1,L1_S24,0.0,0.0
feature:L1_S24_D1232,feature,L1_S24_D1232,L1,L1_S24,0.0,0.0
feature:L1_S24_D1237,feature,L1_S24_D1237,L1,L1_S24,0.0,0.0
feature:L1_S24_D1242,feature,L1_S24_D1242,L1,L1_S24,0.0,0.0
feature:L1_S24_D1247,feature,L1_S24_D1247,L1,L1_S24,0.0,0.0
feature:L1_S24_D1252,feature,L1_S24_D1252,L1,L1_S24,0.0,0.0
feature:L1_S24_D1257,feature,L1_S24_D1257,L1,L1_S24,0.0,0.0
feature:L1_S24_D1262,feature,L1_S24_D1262,L1,L1_S24,0.0,0.0
feature:L1_S24_D1267,feature,L1_S24_D1267,L1,L1_S24,0.0,0.0
feature:L1_S24_D1272,feature,L1_S24_D1272,L1,L1_S24,0.0,0.0
feature:L1_S24_D1277,feature,L1_S24_D1277,L1,L1_S24,0.0,0.0
feature:L1_S24_D1281,feature,L1_S24_D1281,L1,L1_S24,0.0,0.0
feature:L1_S24_D1285,feature,L1_S24_D1285,L1,L1_S24,0.0,0.0
feature:L1_S24_D1290,feature,L1_S24_D1290,L1,L1_S24,0.0,0.0
feature:L1_S24_D1295,feature,L1_S24_D1295,L1,L1_S24,0.0,0.0
feature:L1_S24_D1300,feature,L1_S24_D1300,L1,L1_S24,0.0,0.0
feature:L1_S24_D1305,feature,L1_S24_D1305,L1,L1_S24,0.0,0.0
feature:L1_S24_D1309,feature,L1_S24_D1309,L1,L1_S24,0.0,0.0
feature:L1_S24_D1313,feature,L1_S24_D1313,L1,L1_S24,0.0,0.0
feature:L1_S24_D1318,feature,L1_S24_D1318,L1,L1_S24,0.0,0.0
feature:L1_S24_D1323,feature,L1_S24_D1323,L1,L1_S24,0.0,0.0
feature:L1_S24_D1328,feature,L1_S24_D1328,L1,L1_S24,0.0,0.0
feature:L1_S24_D1333,feature,L1_S24_D1333,L1,L1_S24,0.0,0.0
feature:L1_S24_D1338,feature,L1_S24_D1338,L1,L1_S24,0.0,0.0
feature:L1_S24_D1343,feature,L1_S24_D1343,L1,L1_S24,0.0,0.0
feature:L1_S24_D1348,feature,L1_S24_D1348,L1,L1_S24,0.0,0.0
feature:L1_S24_D1353,feature,L1_S24_D1353,L1,L1_S24,0.0,0.0
feature:L1_S24_D1358,feature,L1_S24_D1358,L1,L1_S24,0.0,0.0
feature:L1_S24_D1363,feature,L1_S24_D1363,L1,L1_S24,0.0,0.0
feature:L1_S24_D1368,feature,L1_S24_D1368,L1,L1_S24,0.0,0.0
feature:L1_S24_D1373,feature,L1_S24_D1373,L1,L1_S24,0.0,0.0
feature:L1_S24_D1378,feature,L1_S24_D1378,L1,L1_S24,0.0,0.0
feature:L1_S24_D1383,feature,L1_S24_D1383,L1,L1_S24,0.0,0.0
feature:L1_S24_D1388,feature,L1_S24_D1388,L1,L1_S24,0.0,0.0
feature:L1_S24_D1393,feature,L1_S24_D1393,L1,L1_S24,0.0,0.0
feature:L1_S24_D1398,feature,L1_S24_D1398,L1,L1_S24,0.0,0.0
feature:L1_S24_D1403,feature,L1_S24_D1403,L1,L1_S24,0.0,0.0
feature:L1_S24_D1408,feature,L1_S24_D1408,L1,L1_S24,0.0,0.0
feature:L1_S24_D1413,feature,L1_S24_D1413,L1,L1_S24,0.0,0.0
feature:L1_S24_D1418,feature,L1_S24_D1418,L1,L1_S24,0.0,0.0
feature:L1_S24_D1423,feature,L1_S24_D1423,L1,L1_S24,0.0,0.0
feature:L1_S24_D1428,feature,L1_S24_D1428,L1,L1_S24,0.0,0.0
feature:L1_S24_D1433,feature,L1_S24_D1433,L1,L1_S24,0.0,0.0
feature:L1_S24_D1438,feature,L1_S24_D1438,L1,L1_S24,0.0,0.0
feature:L1_S24_D1443,feature,L1_S24_D1443,L1,L1_S24,0.0,0.0
feature:L1_S24_D1448,feature,L1_S24_D1448,L1,L1_S24,0.0,0.0
feature:L1_S24_D1453,feature,L1_S24_D1453,L1,L1_S24,0.0,0.0
feature:L1_S24_D1457,feature,L1_S24_D1457,L1,L1_S24,0.0,0.0
feature:L1_S24_D1461,feature,L1_S24_D1461,L1,L1_S24,0.0,0.0
feature:L1_S24_D1465,feature,L1_S24_D1465,L1,L1_S24,0.0,0.0
feature:L1_S24_D1469,feature,L1_S24_D1469,L1,L1_S24,0.0,0.0
feature:L1_S24_D1472,feature,L1_S24_D1472,L1,L1_S24,0.0,0.0
feature:L1_S24_D1476,feature,L1_S24_D1476,L1,L1_S24,0.0,0.0
feature:L1_S24_D1480,feature,L1_S24_D1480,L1,L1_S24,0.0,0.0
feature:L1_S24_D1484,feature,L1_S24_D1484,L1,L1_S24,0.0,0.0
feature:L1_S24_D1488,feature,L1_S24_D1488,L1,L1_S24,0.0,0.0
feature:L1_S24_D1492,feature,L1_S24_D1492,L1,L1_S24,0.0,0.0
feature:L1_S24_D1496,feature,L1_S24_D1496,L1,L1_S24,0.0,0.0
feature:L1_S24_D1500,feature,L1_S24_D1500,L1,L1_S24,0.0,0.0
feature:L1_S24_D1504,feature,L1_S24_D1504,L1,L1_S24,0.0,0.0
feature:L1_S24_D1508,feature,L1_S24_D1508,L1,L1_S24,0.0,0.0
feature:L1_S24_D1511,feature,L1_S24_D1511,L1,L1_S24,0.0,0.0
feature:L1_S24_D1513,feature,L1_S24_D1513,L1,L1_S24,0.0,0.0
feature:L1_S24_D1515,feature,L1_S24_D1515,L1,L1_S24,0.0,0.0
feature:L1_S24_D1517,feature,L1_S24_D1517,L1,L1_S24,0.0,0.0
feature:L1_S24_D1519,feature,L1_S24_D1519,L1,L1_S24,0.0,0.0
feature:L1_S24_D1522,feature,L1_S24_D1522,L1,L1_S24,0.0,0.0
feature:L1_S24_D1527,feature,L1_S24_D1527,L1,L1_S24,0.0,0.0
feature:L1_S24_D1532,feature,L1_S24_D1532,L1,L1_S24,0.0,0.0
feature:L1_S24_D1536,feature,L1_S24_D1536,L1,L1_S24,0.0,0.0
feature:L1_S24_D1541,feature,L1_S24_D1541,L1,L1_S24,0.0,0.0
feature:L1_S24_D1546,feature,L1_S24_D1546,L1,L1_S24,0.0,0.0
feature:L1_S24_D1550,feature,L1_S24_D1550,L1,L1_S24,0.0,0.0
feature:L1_S24_D1554,feature,L1_S24_D1554,L1,L1_S24,0.0,0.0
feature:L1_S24_D1558,feature,L1_S24_D1558,L1,L1_S24,0.0,0.0
feature:L1_S24_D1562,feature,L1_S24_D1562,L1,L1_S24,0.0,0.0
feature:L1_S24_D1566,feature,L1_S24_D1566,L1,L1_S24,0.0,0.0
feature:L1_S24_D1568,feature,L1_S24_D1568,L1,L1_S24,0.0,0.0
feature:L1_S24_D1570,feature,L1_S24_D1570,L1,L1_S24,0.0,0.0
feature:L1_S24_D1572,feature,L1_S24_D1572,L1,L1_S24,0.0,0.0
feature:L1_S24_D1574,feature,L1_S24_D1574,L1,L1_S24,0.0,0.0
feature:L1_S24_D1576,feature,L1_S24_D1576,L1,L1_S24,0.0,0.0
feature:L1_S24_D1579,feature,L1_S24_D1579,L1,L1_S24,0.0,0.0
feature:L1_S24_D1583,feature,L1_S24_D1583,L1,L1_S24,0.0,0.0
feature:L1_S24_D1587,feature,L1_S24_D1587,L1,L1_S24,0.0,0.0
feature:L1_S24_D1591,feature,L1_S24_D1591,L1,L1_S24,0.0,0.0
feature:L1_S24_D1596,feature,L1_S24_D1596,L1,L1_S24,0.0,0.0
feature:L1_S24_D1601,feature,L1_S24_D1601,L1,L1_S24,0.0,0.0
feature:L1_S24_D1606,feature,L1_S24_D1606,L1,L1_S24,0.0,0.0
feature:L1_S24_D1611,feature,L1_S24_D1611,L1,L1_S24,0.0,0.0
feature:L1_S24_D1615,feature,L1_S24_D1615,L1,L1_S24,0.0,0.0
feature:L1_S24_D1619,feature,L1_S24_D1619,L1,L1_S24,0.0,0.0
feature:L1_S24_D1624,feature,L1_S24_D1624,L1,L1_S24,0.0,0.0
feature:L1_S24_D1629,feature,L1_S24_D1629,L1,L1_S24,0.0,0.0
feature:L1_S24_D1634,feature,L1_S24_D1634,L1,L1_S24,0.0,0.0
feature:L1_S24_D1639,feature,L1_S24_D1639,L1,L1_S24,0.0,0.0
feature:L1_S24_D1644,feature,L1_S24_D1644,L1,L1_S24,0.0,0.0
feature:L1_S24_D1649,feature,L1_S24_D1649,L1,L1_S24,0.0,0.0
feature:L1_S24_D1654,feature,L1_S24_D1654,L1,L1_S24,0.0,0.0
feature:L1_S24_D1659,feature,L1_S24_D1659,L1,L1_S24,0.0,0.0
feature:L1_S24_D1664,feature,L1_S24_D1664,L1,L1_S24,0.0,0.0
feature:L1_S24_D1669,feature,L1_S24_D1669,L1,L1_S24,0.0,0.0
feature:L1_S24_D1674,feature,L1_S24_D1674,L1,L1_S24,0.0,0.0
feature:L1_S24_D1678,feature,L1_S24_D1678,L1,L1_S24,0.0,0.0
feature:L1_S24_D1682,feature,L1_S24_D1682,L1,L1_S24,0.0,0.0
feature:L1_S24_D1687,feature,L1_S24_D1687,L1,L1_S24,0.0,0.0
feature:L1_S24_D1692,feature,L1_S24_D1692,L1,L1_S24,0.0,0.0
feature:L1_S24_D1697,feature,L1_S24_D1697,L1,L1_S24,0.0,0.0
feature:L1_S24_D1702,feature,L1_S24_D1702,L1,L1_S24,0.0,0.0
feature:L1_S24_D1706,feature,L1_S24_D1706,L1,L1_S24,0.0,0.0
feature:L1_S24_D1710,feature,L1_S24_D1710,L1,L1_S24,0.0,0.0
feature:L1_S24_D1715,feature,L1_S24_D1715,L1,L1_S24,0.0,0.0
feature:L1_S24_D1720,feature,L1_S24_D1720,L1,L1_S24,0.0,0.0
feature:L1_S24_D1725,feature,L1_S24_D1725,L1,L1_S24,0.0,0.0
feature:L1_S24_D1730,feature,L1_S24_D1730,L1,L1_S24,0.0,0.0
feature:L1_S24_D1735,feature,L1_S24_D1735,L1,L1_S24,0.0,0.0
feature:L1_S24_D1740,feature,L1_S24_D1740,L1,L1_S24,0.0,0.0
feature:L1_S24_D1745,feature,L1_S24_D1745,L1,L1_S24,0.0,0.0
feature:L1_S24_D1750,feature,L1_S24_D1750,L1,L1_S24,0.0,0.0
feature:L1_S24_D1755,feature,L1_S24_D1755,L1,L1_S24,0.0,0.0
feature:L1_S24_D1760,feature,L1_S24_D1760,L1,L1_S24,0.0,0.0
feature:L1_S24_D1765,feature,L1_S24_D1765,L1,L1_S24,0.0,0.0
feature:L1_S24_D1770,feature,L1_S24_D1770,L1,L1_S24,0.0,0.0
feature:L1_S24_D1775,feature,L1_S24_D1775,L1,L1_S24,0.0,0.0
feature:L1_S24_D1780,feature,L1_S24_D1780,L1,L1_S24,0.0,0.0
feature:L1_S24_D1785,feature,L1_S24_D1785,L1,L1_S24,0.0,0.0
feature:L1_S24_D1790,feature,L1_S24_D1790,L1,L1_S24,0.0,0.0
feature:L1_S24_D1795,feature,L1_S24_D1795,L1,L1_S24,0.0,0.0
feature:L1_S24_D1800,feature,L1_S24_D1800,L1,L1_S24,0.0,0.0
feature:L1_S24_D1805,feature,L1_S24_D1805,L1,L1_S24,0.0,0.0
feature:L1_S24_D1809,feature,L1_S24_D1809,L1,L1_S24,0.0,0.0
feature:L1_S24_D1811,feature,L1_S24_D1811,L1,L1_S24,0.0,0.0
feature:L1_S24_D1813,feature,L1_S24_D1813,L1,L1_S24,0.0,0.0
feature:L1_S24_D1815,feature,L1_S24_D1815,L1,L1_S24,0.0,0.0
feature:L1_S24_D1817,feature,L1_S24_D1817,L1,L1_S24,0.0,0.0
feature:L1_S24_D1819,feature,L1_S24_D1819,L1,L1_S24,0.0,0.0
feature:L1_S24_D1821,feature,L1_S24_D1821,L1,L1_S24,0.0,0.0
feature:L1_S24_D1823,feature,L1_S24_D1823,L1,L1_S24,0.0,0.0
feature:L1_S24_D1825,feature,L1_S24_D1825,L1,L1_S24,0.0,0.0
feature:L1_S24_D1826,feature,L1_S24_D1826,L1,L1_S24,0.0,0.0
feature:L1_S24_D1828,feature,L1_S24_D1828,L1,L1_S24,0.0,0.0
feature:L1_S24_D1830,feature,L1_S24_D1830,L1,L1_S24,0.0,0.0
feature:L1_S24_D1832,feature,L1_S24_D1832,L1,L1_S24,0.0,0.0
feature:L1_S24_D1833,feature,L1_S24_D1833,L1,L1_S24,0.0,0.0
feature:L1_S24_D1835,feature,L1_S24_D1835,L1,L1_S24,0.0,0.0
feature:L1_S24_D1837,feature,L1_S24_D1837,L1,L1_S24,0.0,0.0
feature:L1_S24_D1839,feature,L1_S24_D1839,L1,L1_S24,0.0,0.0
feature:L1_S24_D1841,feature,L1_S24_D1841,L1,L1_S24,0.0,0.0
feature:L1_S24_D1843,feature,L1_S24_D1843,L1,L1_S24,0.0,0.0
feature:L1_S24_D1845,feature,L1_S24_D1845,L1,L1_S24,0.0,0.0
feature:L1_S24_D1847,feature,L1_S24_D1847,L1,L1_S24,0.0,0.0
feature:L1_S24_D1849,feature,L1_S24_D1849,L1,L1_S24,0.0,0.0
feature:L1_S24_D1851,feature,L1_S24_D1851,L1,L1_S24,0.0,0.0
feature:L1_S24_D677,feature,L1_S24_D677,L1,L1_S24,0.0,0.0
feature:L1_S24_D681,feature,L1_S24_D681,L1,L1_S24,0.0,0.0
feature:L1_S24_D685,feature,L1_S24_D685,L1,L1_S24,0.0,0.0
feature:L1_S24_D689,feature,L1_S24_D689,L1,L1_S24,0.0,0.0
feature:L1_S24_D693,feature,L1_S24_D693,L1,L1_S24,0.0,0.0
feature:L1_S24_D697,feature,L1_S24_D697,L1,L1_S24,0.0,0.0
feature:L1_S24_D702,feature,L1_S24_D702,L1,L1_S24,0.0,0.0
feature:L1_S24_D707,feature,L1_S24_D707,L1,L1_S24,0.0,0.0
feature:L1_S24_D712,feature,L1_S24_D712,L1,L1_S24,0.0,0.0
feature:L1_S24_D716,feature,L1_S24_D716,L1,L1_S24,0.0,0.0
feature:L1_S24_D721,feature,L1_S24_D721,L1,L1_S24,0.0,0.0
feature:L1_S24_D725,feature,L1_S24_D725,L1,L1_S24,0.0,0.0
feature:L1_S24_D730,feature,L1_S24_D730,L1,L1_S24,0.0,0.0
feature:L1_S24_D735,feature,L1_S24_D735,L1,L1_S24,0.0,0.0
feature:L1_S24_D739,feature,L1_S24_D739,L1,L1_S24,0.0,0.0
feature:L1_S24_D743,feature,L1_S24_D743,L1,L1_S24,0.0,0.0
feature:L1_S24_D748,feature,L1_S24_D748,L1,L1_S24,0.0,0.0
feature:L1_S24_D753,feature,L1_S24_D753,L1,L1_S24,0.0,0.0
feature:L1_S24_D758,feature,L1_S24_D758,L1,L1_S24,0.0,0.0
feature:L1_S24_D763,feature,L1_S24_D763,L1,L1_S24,0.0,0.0
feature:L1_S24_D768,feature,L1_S24_D768,L1,L1_S24,0.0,0.0
feature:L1_S24_D772,feature,L1_S24_D772,L1,L1_S24,0.0,0.0
feature:L1_S24_D777,feature,L1_S24_D777,L1,L1_S24,0.0,0.0
feature:L1_S24_D782,feature,L1_S24_D782,L1,L1_S24,0.0,0.0
feature:L1_S24_D787,feature,L1_S24_D787,L1,L1_S24,0.0,0.0
feature:L1_S24_D792,feature,L1_S24_D792,L1,L1_S24,0.0,0.0
feature:L1_S24_D797,feature,L1_S24_D797,L1,L1_S24,0.0,0.0
feature:L1_S24_D801,feature,L1_S24_D801,L1,L1_S24,0.0,0.0
feature:L1_S24_D804,feature,L1_S24_D804,L1,L1_S24,0.0,0.0
feature:L1_S24_D807,feature,L1_S24_D807,L1,L1_S24,0.0,0.0
feature:L1_S24_D809,feature,L1_S24_D809,L1,L1_S24,0.0,0.0
feature:L1_S24_D811,feature,L1_S24_D811,L1,L1_S24,0.0,0.0
feature:L1_S24_D813,feature,L1_S24_D813,L1,L1_S24,0.0,0.0
feature:L1_S24_D815,feature,L1_S24_D815,L1,L1_S24,0.0,0.0
feature:L1_S24_D818,feature,L1_S24_D818,L1,L1_S24,0.0,0.0
feature:L1_S24_D822,feature,L1_S24_D822,L1,L1_S24,0.0,0.0
feature:L1_S24_D826,feature,L1_S24_D826,L1,L1_S24,0.0,0.0
feature:L1_S24_D831,feature,L1_S24_D831,L1,L1_S24,0.0,0.0
feature:L1_S24_D836,feature,L1_S24_D836,L1,L1_S24,0.0,0.0
feature:L1_S24_D841,feature,L1_S24_D841,L1,L1_S24,0.0,0.0
feature:L1_S24_D846,feature,L1_S24_D846,L1,L1_S24,0.0,0.0
feature:L1_S24_D850,feature,L1_S24_D850,L1,L1_S24,0.0,0.0
feature:L1_S24_D854,feature,L1_S24_D854,L1,L1_S24,0.0,0.0
feature:L1_S24_D859,feature,L1_S24_D859,L1,L1_S24,0.0,0.0
feature:L1_S24_D864,feature,L1_S24_D864,L1,L1_S24,0.0,0.0
feature:L1_S24_D869,feature,L1_S24_D869,L1,L1_S24,0.0,0.0
feature:L1_S24_D874,feature,L1_S24_D874,L1,L1_S24,0.0,0.0
feature:L1_S24_D879,feature,L1_S24_D879,L1,L1_S24,0.0,0.0
feature:L1_S24_D884,feature,L1_S24_D884,L1,L1_S24,0.0,0.0
feature:L1_S24_D889,feature,L1_S24_D889,L1,L1_S24,0.0,0.0
feature:L1_S24_D894,feature,L1_S24_D894,L1,L1_S24,0.0,0.0
feature:L1_S24_D899,feature,L1_S24_D899,L1,L1_S24,0.0,0.0
feature:L1_S24_D904,feature,L1_S24_D904,L1,L1_S24,0.0,0.0
feature:L1_S24_D909,feature,L1_S24_D909,L1,L1_S24,0.0,0.0
feature:L1_S24_D913,feature,L1_S24_D913,L1,L1_S24,0.0,0.0
feature:L1_S24_D917,feature,L1_S24_D917,L1,L1_S24,0.0,0.0
feature:L1_S24_D922,feature,L1_S24_D922,L1,L1_S24,0.0,0.0
feature:L1_S24_D927,feature,L1_S24_D927,L1,L1_S24,0.0,0.0
feature:L1_S24_D932,feature,L1_S24_D932,L1,L1_S24,0.0,0.0
feature:L1_S24_D937,feature,L1_S24_D937,L1,L1_S24,0.0,0.0
feature:L1_S24_D941,feature,L1_S24_D941,L1,L1_S24,0.0,0.0
feature:L1_S24_D945,feature,L1_S24_D945,L1,L1_S24,0.0,0.0
feature:L1_S24_D950,feature,L1_S24_D950,L1,L1_S24,0.0,0.0
feature:L1_S24_D955,feature,L1_S24_D955,L1,L1_S24,0.0,0.0
feature:L1_S24_D960,feature,L1_S24_D960,L1,L1_S24,0.0,0.0
feature:L1_S24_D965,feature,L1_S24_D965,L1,L1_S24,0.0,0.0
feature:L1_S24_D970,feature,L1_S24_D970,L1,L1_S24,0.0,0.0
feature:L1_S24_D975,feature,L1_S24_D975,L1,L1_S24,0.0,0.0
feature:L1_S24_D980,feature,L1_S24_D980,L1,L1_S24,0.0,0.0
feature:L1_S24_D985,feature,L1_S24_D985,L1,L1_S24,0.0,0.0
feature:L1_S24_D990,feature,L1_S24_D990,L1,L1_S24,0.0,0.0
feature:L1_S24_D995,feature,L1_S24_D995,L1,L1_S24,0.0,0.0
feature:L1_S24_D999,feature,L1_S24_D999,L1,L1_S24,0.0,0.0
feature:L1_S24_F1000,feature,L1_S24_F1000,L1,L1_S24,0.5303064563169317,0.0003605421819274
feature:L1_S24_F1002,feature,L1_S24_F1002,L1,L1_S24,9.924003309995966,0.0067470832463377
feature:L1_S24_F1004,feature,L1_S24_F1004,L1,L1_S24,3.40324410524946,0.0023137810990649
feature:L1_S24_F1006,feature,L1_S24_F1006,L1,L1_S24,0.0,0.0
feature:L1_S24_F1008,feature,L1_S24_F1008,L1,L1_S24,0.0,0.0
feature:L1_S24_F1010,feature,L1_S24_F1010,L1,L1_S24,0.0,0.0
feature:L1_S24_F1012,feature,L1_S24_F1012,L1,L1_S24,0.0,0.0
feature:L1_S24_F1014,feature,L1_S24_F1014,L1,L1_S24,0.0,0.0
feature:L1_S24_F1016,feature,L1_S24_F1016,L1,L1_S24,0.0,0.0
feature:L1_S24_F1017,feature,L1_S24_F1017,L1,L1_S24,0.0,0.0
feature:L1_S24_F1019,feature,L1_S24_F1019,L1,L1_S24,0.0,0.0
feature:L1_S24_F1020,feature,L1_S24_F1020,L1,L1_S24,0.0,0.0
feature:L1_S24_F1021,feature,L1_S24_F1021,L1,L1_S24,0.0,0.0
feature:L1_S24_F1022,feature,L1_S24_F1022,L1,L1_S24,0.0,0.0
feature:L1_S24_F1024,feature,L1_S24_F1024,L1,L1_S24,0.0,0.0
feature:L1_S24_F1025,feature,L1_S24_F1025,L1,L1_S24,0.0,0.0
feature:L1_S24_F1026,feature,L1_S24_F1026,L1,L1_S24,0.0,0.0
feature:L1_S24_F1027,feature,L1_S24_F1027,L1,L1_S24,0.0,0.0
feature:L1_S24_F1029,feature,L1_S24_F1029,L1,L1_S24,0.0,0.0
feature:L1_S24_F1030,feature,L1_S24_F1030,L1,L1_S24,0.0,0.0
feature:L1_S24_F1031,feature,L1_S24_F1031,L1,L1_S24,7.3385574101727675,0.0049893028254627
feature:L1_S24_F1032,feature,L1_S24_F1032,L1,L1_S24,0.0,0.0
feature:L1_S24_F1034,feature,L1_S24_F1034,L1,L1_S24,0.0,0.0
feature:L1_S24_F1035,feature,L1_S24_F1035,L1,L1_S24,0.0,0.0
feature:L1_S24_F1036,feature,L1_S24_F1036,L1,L1_S24,1.1798254480687347,0.0008021340043538
feature:L1_S24_F1037,feature,L1_S24_F1037,L1,L1_S24,0.0,0.0
feature:L1_S24_F1039,feature,L1_S24_F1039,L1,L1_S24,0.0,0.0
feature:L1_S24_F1040,feature,L1_S24_F1040,L1,L1_S24,0.0,0.0
feature:L1_S24_F1041,feature,L1_S24_F1041,L1,L1_S24,0.0,0.0
feature:L1_S24_F1042,feature,L1_S24_F1042,L1,L1_S24,0.0,0.0
feature:L1_S24_F1044,feature,L1_S24_F1044,L1,L1_S24,0.0,0.0
feature:L1_S24_F1045,feature,L1_S24_F1045,L1,L1_S24,0.0,0.0
feature:L1_S24_F1046,feature,L1_S24_F1046,L1,L1_S24,0.0,0.0
feature:L1_S24_F1047,feature,L1_S24_F1047,L1,L1_S24,0.0,0.0
feature:L1_S24_F1049,feature,L1_S24_F1049,L1,L1_S24,0.0,0.0
feature:L1_S24_F1050,feature,L1_S24_F1050,L1,L1_S24,0.0,0.0
feature:L1_S24_F1051,feature,L1_S24_F1051,L1,L1_S24,0.0,0.0
feature:L1_S24_F1052,feature,L1_S24_F1052,L1,L1_S24,0.0,0.0
feature:L1_S24_F1054,feature,L1_S24_F1054,L1,L1_S24,0.0,0.0
feature:L1_S24_F1055,feature,L1_S24_F1055,L1,L1_S24,0.0,0.0
feature:L1_S24_F1056,feature,L1_S24_F1056,L1,L1_S24,0.0,0.0
feature:L1_S24_F1057,feature,L1_S24_F1057,L1,L1_S24,0.0,0.0
feature:L1_S24_F1059,feature,L1_S24_F1059,L1,L1_S24,0.0,0.0
feature:L1_S24_F1060,feature,L1_S24_F1060,L1,L1_S24,0.0,0.0
feature:L1_S24_F1061,feature,L1_S24_F1061,L1,L1_S24,0.0,0.0
feature:L1_S24_F1063,feature,L1_S24_F1063,L1,L1_S24,0.0,0.0
feature:L1_S24_F1064,feature,L1_S24_F1064,L1,L1_S24,0.0,0.0
feature:L1_S24_F1065,feature,L1_S24_F1065,L1,L1_S24,0.0,0.0
feature:L1_S24_F1067,feature,L1_S24_F1067,L1,L1_S24,0.0,0.0
feature:L1_S24_F1068,feature,L1_S24_F1068,L1,L1_S24,0.0,0.0
feature:L1_S24_F1069,feature,L1_S24_F1069,L1,L1_S24,0.0,0.0
feature:L1_S24_F1071,feature,L1_S24_F1071,L1,L1_S24,0.0,0.0
feature:L1_S24_F1072,feature,L1_S24_F1072,L1,L1_S24,0.0,0.0
feature:L1_S24_F1073,feature,L1_S24_F1073,L1,L1_S24,0.0,0.0
feature:L1_S24_F1075,feature,L1_S24_F1075,L1,L1_S24,0.0,0.0
feature:L1_S24_F1076,feature,L1_S24_F1076,L1,L1_S24,0.0,0.0
feature:L1_S24_F1078,feature,L1_S24_F1078,L1,L1_S24,0.0,0.0
feature:L1_S24_F1079,feature,L1_S24_F1079,L1,L1_S24,0.0,0.0
feature:L1_S24_F1080,feature,L1_S24_F1080,L1,L1_S24,0.0,0.0
feature:L1_S24_F1082,feature,L1_S24_F1082,L1,L1_S24,0.0,0.0
feature:L1_S24_F1083,feature,L1_S24_F1083,L1,L1_S24,0.0,0.0
feature:L1_S24_F1084,feature,L1_S24_F1084,L1,L1_S24,0.0,0.0
feature:L1_S24_F1086,feature,L1_S24_F1086,L1,L1_S24,0.0,0.0
feature:L1_S24_F1087,feature,L1_S24_F1087,L1,L1_S24,0.0,0.0
feature:L1_S24_F1088,feature,L1_S24_F1088,L1,L1_S24,0.0,0.0
feature:L1_S24_F1090,feature,L1_S24_F1090,L1,L1_S24,0.0,0.0
feature:L1_S24_F1091,feature,L1_S24_F1091,L1,L1_S24,0.0,0.0
feature:L1_S24_F1093,feature,L1_S24_F1093,L1,L1_S24,0.0,0.0
feature:L1_S24_F1094,feature,L1_S24_F1094,L1,L1_S24,0.0,0.0
feature:L1_S24_F1095,feature,L1_S24_F1095,L1,L1_S24,0.0,0.0
feature:L1_S24_F1097,feature,L1_S24_F1097,L1,L1_S24,0.0,0.0
feature:L1_S24_F1098,feature,L1_S24_F1098,L1,L1_S24,0.0,0.0
feature:L1_S24_F1099,feature,L1_S24_F1099,L1,L1_S24,0.0,0.0
feature:L1_S24_F1101,feature,L1_S24_F1101,L1,L1_S24,0.0,0.0
feature:L1_S24_F1102,feature,L1_S24_F1102,L1,L1_S24,5.160355832788522,0.0035083976996943
feature:L1_S24_F1103,feature,L1_S24_F1103,L1,L1_S24,0.0,0.0
feature:L1_S24_F1105,feature,L1_S24_F1105,L1,L1_S24,0.0,0.0
feature:L1_S24_F1106,feature,L1_S24_F1106,L1,L1_S24,0.0,0.0
feature:L1_S24_F1107,feature,L1_S24_F1107,L1,L1_S24,0.0,0.0
feature:L1_S24_F1109,feature,L1_S24_F1109,L1,L1_S24,0.0,0.0
feature:L1_S24_F1110,feature,L1_S24_F1110,L1,L1_S24,0.0,0.0
feature:L1_S24_F1111,feature,L1_S24_F1111,L1,L1_S24,0.0,0.0
feature:L1_S24_F1113,feature,L1_S24_F1113,L1,L1_S24,0.0,0.0
feature:L1_S24_F1114,feature,L1_S24_F1114,L1,L1_S24,0.0,0.0
feature:L1_S24_F1115,feature,L1_S24_F1115,L1,L1_S24,0.0,0.0
feature:L1_S24_F1117,feature,L1_S24_F1117,L1,L1_S24,0.0,0.0
feature:L1_S24_F1118,feature,L1_S24_F1118,L1,L1_S24,0.0,0.0
feature:L1_S24_F1119,feature,L1_S24_F1119,L1,L1_S24,0.0,0.0
feature:L1_S24_F1121,feature,L1_S24_F1121,L1,L1_S24,0.0,0.0
feature:L1_S24_F1122,feature,L1_S24_F1122,L1,L1_S24,10.752799291433234,0.0073105610391509
feature:L1_S24_F1123,feature,L1_S24_F1123,L1,L1_S24,0.0,0.0
feature:L1_S24_F1125,feature,L1_S24_F1125,L1,L1_S24,0.0,0.0
feature:L1_S24_F1126,feature,L1_S24_F1126,L1,L1_S24,4.00863791471507,0.002725373306533
feature:L1_S24_F1127,feature,L1_S24_F1127,L1,L1_S24,0.0,0.0
feature:L1_S24_F1129,feature,L1_S24_F1129,L1,L1_S24,0.0,0.0
feature:L1_S24_F1130,feature,L1_S24_F1130,L1,L1_S24,0.0,0.0
feature:L1_S24_F1131,feature,L1_S24_F1131,L1,L1_S24,0.0,0.0
feature:L1_S24_F1133,feature,L1_S24_F1133,L1,L1_S24,0.0,0.0
feature:L1_S24_F1134,feature,L1_S24_F1134,L1,L1_S24,0.0,0.0
feature:L1_S24_F1136,feature,L1_S24_F1136,L1,L1_S24,0.0,0.0
feature:L1_S24_F1137,feature,L1_S24_F1137,L1,L1_S24,0.0,0.0
feature:L1_S24_F1139,feature,L1_S24_F1139,L1,L1_S24,0.0,0.0
feature:L1_S24_F1140,feature,L1_S24_F1140,L1,L1_S24,0.0,0.0
feature:L1_S24_F1142,feature,L1_S24_F1142,L1,L1_S24,0.0,0.0
feature:L1_S24_F1144,feature,L1_S24_F1144,L1,L1_S24,0.0,0.0
feature:L1_S24_F1145,feature,L1_S24_F1145,L1,L1_S24,0.0,0.0
feature:L1_S24_F1147,feature,L1_S24_F1147,L1,L1_S24,0.0,0.0
feature:L1_S24_F1148,feature,L1_S24_F1148,L1,L1_S24,0.0,0.0
feature:L1_S24_F1150,feature,L1_S24_F1150,L1,L1_S24,0.0,0.0
feature:L1_S24_F1152,feature,L1_S24_F1152,L1,L1_S24,0.0,0.0
feature:L1_S24_F1154,feature,L1_S24_F1154,L1,L1_S24,0.0,0.0
feature:L1_S24_F1156,feature,L1_S24_F1156,L1,L1_S24,0.0,0.0
feature:L1_S24_F1157,feature,L1_S24_F1157,L1,L1_S24,0.0,0.0
feature:L1_S24_F1159,feature,L1_S24_F1159,L1,L1_S24,0.0,0.0
feature:L1_S24_F1160,feature,L1_S24_F1160,L1,L1_S24,0.0,0.0
feature:L1_S24_F1161,feature,L1_S24_F1161,L1,L1_S24,0.0,0.0
feature:L1_S24_F1162,feature,L1_S24_F1162,L1,L1_S24,0.0,0.0
feature:L1_S24_F1164,feature,L1_S24_F1164,L1,L1_S24,0.0,0.0
feature:L1_S24_F1165,feature,L1_S24_F1165,L1,L1_S24,0.0,0.0
feature:L1_S24_F1166,feature,L1_S24_F1166,L1,L1_S24,4.496827031618007,0.0030572809559775
feature:L1_S24_F1167,feature,L1_S24_F1167,L1,L1_S24,0.0,0.0
feature:L1_S24_F1169,feature,L1_S24_F1169,L1,L1_S24,0.0,0.0
feature:L1_S24_F1170,feature,L1_S24_F1170,L1,L1_S24,0.0,0.0
feature:L1_S24_F1172,feature,L1_S24_F1172,L1,L1_S24,0.0,0.0
feature:L1_S24_F1174,feature,L1_S24_F1174,L1,L1_S24,8.076986151890601,0.0054913421775496
feature:L1_S24_F1176,feature,L1_S24_F1176,L1,L1_S24,9.633600815613415,0.0065496458066938
feature:L1_S24_F1177,feature,L1_S24_F1177,L1,L1_S24,0.0,0.0
feature:L1_S24_F1179,feature,L1_S24_F1179,L1,L1_S24,0.0,0.0
feature:L1_S24_F1180,feature,L1_S24_F1180,L1,L1_S24,0.0,0.0
feature:L1_S24_F1181,feature,L1_S24_F1181,L1,L1_S24,0.0,0.0
feature:L1_S24_F1183,feature,L1_S24_F1183,L1,L1_S24,0.0,0.0
feature:L1_S24_F1184,feature,L1_S24_F1184,L1,L1_S24,0.0,0.0
feature:L1_S24_F1185,feature,L1_S24_F1185,L1,L1_S24,0.0,0.0
feature:L1_S24_F1187,feature,L1_S24_F1187,L1,L1_S24,0.0,0.0
feature:L1_S24_F1188,feature,L1_S24_F1188,L1,L1_S24,0.0,0.0
feature:L1_S24_F1189,feature,L1_S24_F1189,L1,L1_S24,0.0,0.0
feature:L1_S24_F1191,feature,L1_S24_F1191,L1,L1_S24,0.0,0.0
feature:L1_S24_F1192,feature,L1_S24_F1192,L1,L1_S24,0.0,0.0
feature:L1_S24_F1193,feature,L1_S24_F1193,L1,L1_S24,0.0,0.0
feature:L1_S24_F1195,feature,L1_S24_F1195,L1,L1_S24,0.0,0.0
feature:L1_S24_F1196,feature,L1_S24_F1196,L1,L1_S24,0.0,0.0
feature:L1_S24_F1197,feature,L1_S24_F1197,L1,L1_S24,0.0,0.0
feature:L1_S24_F1198,feature,L1_S24_F1198,L1,L1_S24,0.0,0.0
feature:L1_S24_F1200,feature,L1_S24_F1200,L1,L1_S24,0.0,0.0
feature:L1_S24_F1201,feature,L1_S24_F1201,L1,L1_S24,0.0,0.0
feature:L1_S24_F1202,feature,L1_S24_F1202,L1,L1_S24,0.0,0.0
feature:L1_S24_F1203,feature,L1_S24_F1203,L1,L1_S24,0.0,0.0
feature:L1_S24_F1205,feature,L1_S24_F1205,L1,L1_S24,0.0,0.0
feature:L1_S24_F1206,feature,L1_S24_F1206,L1,L1_S24,0.0,0.0
feature:L1_S24_F1207,feature,L1_S24_F1207,L1,L1_S24,2.004582558023488,0.001362865868809
feature:L1_S24_F1208,feature,L1_S24_F1208,L1,L1_S24,0.0,0.0
feature:L1_S24_F1210,feature,L1_S24_F1210,L1,L1_S24,0.0,0.0
feature:L1_S24_F1211,feature,L1_S24_F1211,L1,L1_S24,0.0,0.0
feature:L1_S24_F1212,feature,L1_S24_F1212,L1,L1_S24,6.858022798176987,0.0046625992836958
feature:L1_S24_F1213,feature,L1_S24_F1213,L1,L1_S24,0.0,0.0
feature:L1_S24_F1215,feature,L1_S24_F1215,L1,L1_S24,0.0,0.0
feature:L1_S24_F1216,feature,L1_S24_F1216,L1,L1_S24,0.0,0.0
feature:L1_S24_F1217,feature,L1_S24_F1217,L1,L1_S24,0.0,0.0
feature:L1_S24_F1219,feature,L1_S24_F1219,L1,L1_S24,0.0,0.0
feature:L1_S24_F1220,feature,L1_S24_F1220,L1,L1_S24,0.0,0.0
feature:L1_S24_F1221,feature,L1_S24_F1221,L1,L1_S24,0.0,0.0
feature:L1_S24_F1223,feature,L1_S24_F1223,L1,L1_S24,0.0,0.0
feature:L1_S24_F1224,feature,L1_S24_F1224,L1,L1_S24,0.0,0.0
feature:L1_S24_F1225,feature,L1_S24_F1225,L1,L1_S24,0.0,0.0
feature:L1_S24_F1226,feature,L1_S24_F1226,L1,L1_S24,0.0,0.0
feature:L1_S24_F1228,feature,L1_S24_F1228,L1,L1_S24,0.0,0.0
feature:L1_S24_F1229,feature,L1_S24_F1229,L1,L1_S24,0.0,0.0
feature:L1_S24_F1230,feature,L1_S24_F1230,L1,L1_S24,0.0,0.0
feature:L1_S24_F1231,feature,L1_S24_F1231,L1,L1_S24,0.0,0.0
feature:L1_S24_F1233,feature,L1_S24_F1233,L1,L1_S24,0.0,0.0
feature:L1_S24_F1234,feature,L1_S24_F1234,L1,L1_S24,0.0,0.0
feature:L1_S24_F1235,feature,L1_S24_F1235,L1,L1_S24,0.0,0.0
feature:L1_S24_F1236,feature,L1_S24_F1236,L1,L1_S24,0.0,0.0
feature:L1_S24_F1238,feature,L1_S24_F1238,L1,L1_S24,0.0,0.0
feature:L1_S24_F1239,feature,L1_S24_F1239,L1,L1_S24,0.0,0.0
feature:L1_S24_F1240,feature,L1_S24_F1240,L1,L1_S24,0.0,0.0
feature:L1_S24_F1241,feature,L1_S24_F1241,L1,L1_S24,0.0,0.0
feature:L1_S24_F1243,feature,L1_S24_F1243,L1,L1_S24,0.0,0.0
feature:L1_S24_F1244,feature,L1_S24_F1244,L1,L1_S24,0.0,0.0
feature:L1_S24_F1245,feature,L1_S24_F1245,L1,L1_S24,0.0,0.0
feature:L1_S24_F1246,feature,L1_S24_F1246,L1,L1_S24,0.0,0.0
feature:L1_S24_F1248,feature,L1_S24_F1248,L1,L1_S24,0.0,0.0
feature:L1_S24_F1249,feature,L1_S24_F1249,L1,L1_S24,0.0,0.0
feature:L1_S24_F1250,feature,L1_S24_F1250,L1,L1_S24,0.0,0.0
feature:L1_S24_F1251,feature,L1_S24_F1251,L1,L1_S24,0.0,0.0
feature:L1_S24_F1253,feature,L1_S24_F1253,L1,L1_S24,0.0,0.0
feature:L1_S24_F1254,feature,L1_S24_F1254,L1,L1_S24,0.0,0.0
feature:L1_S24_F1255,feature,L1_S24_F1255,L1,L1_S24,0.0,0.0
feature:L1_S24_F1256,feature,L1_S24_F1256,L1,L1_S24,0.0,0.0
feature:L1_S24_F1258,feature,L1_S24_F1258,L1,L1_S24,0.0,0.0
feature:L1_S24_F1259,feature,L1_S24_F1259,L1,L1_S24,0.0,0.0
feature:L1_S24_F1260,feature,L1_S24_F1260,L1,L1_S24,0.0,0.0
feature:L1_S24_F1261,feature,L1_S24_F1261,L1,L1_S24,0.0,0.0
feature:L1_S24_F1263,feature,L1_S24_F1263,L1,L1_S24,0.0,0.0
feature:L1_S24_F1264,feature,L1_S24_F1264,L1,L1_S24,0.0,0.0
feature:L1_S24_F1265,feature,L1_S24_F1265,L1,L1_S24,0.0,0.0
feature:L1_S24_F1266,feature,L1_S24_F1266,L1,L1_S24,0.0,0.0
feature:L1_S24_F1268,feature,L1_S24_F1268,L1,L1_S24,0.0,0.0
feature:L1_S24_F1269,feature,L1_S24_F1269,L1,L1_S24,0.0,0.0
feature:L1_S24_F1270,feature,L1_S24_F1270,L1,L1_S24,0.0,0.0
feature:L1_S24_F1271,feature,L1_S24_F1271,L1,L1_S24,0.0,0.0
feature:L1_S24_F1273,feature,L1_S24_F1273,L1,L1_S24,0.0,0.0
feature:L1_S24_F1274,feature,L1_S24_F1274,L1,L1_S24,0.0,0.0
feature:L1_S24_F1275,feature,L1_S24_F1275,L1,L1_S24,0.0,0.0
feature:L1_S24_F1276,feature,L1_S24_F1276,L1,L1_S24,0.0,0.0
feature:L1_S24_F1278,feature,L1_S24_F1278,L1,L1_S24,0.0,0.0
feature:L1_S24_F1279,feature,L1_S24_F1279,L1,L1_S24,0.0,0.0
feature:L1_S24_F1280,feature,L1_S24_F1280,L1,L1_S24,0.0,0.0
feature:L1_S24_F1282,feature,L1_S24_F1282,L1,L1_S24,0.0,0.0
feature:L1_S24_F1283,feature,L1_S24_F1283,L1,L1_S24,0.0,0.0
feature:L1_S24_F1284,feature,L1_S24_F1284,L1,L1_S24,0.0,0.0
feature:L1_S24_F1286,feature,L1_S24_F1286,L1,L1_S24,0.0,0.0
feature:L1_S24_F1287,feature,L1_S24_F1287,L1,L1_S24,0.0,0.0
feature:L1_S24_F1288,feature,L1_S24_F1288,L1,L1_S24,0.0,0.0
feature:L1_S24_F1289,feature,L1_S24_F1289,L1,L1_S24,0.0,0.0
feature:L1_S24_F1291,feature,L1_S24_F1291,L1,L1_S24,0.0,0.0
feature:L1_S24_F1292,feature,L1_S24_F1292,L1,L1_S24,0.0,0.0
feature:L1_S24_F1293,feature,L1_S24_F1293,L1,L1_S24,0.0,0.0
feature:L1_S24_F1294,feature,L1_S24_F1294,L1,L1_S24,0.0,0.0
feature:L1_S24_F1296,feature,L1_S24_F1296,L1,L1_S24,0.0,0.0
feature:L1_S24_F1297,feature,L1_S24_F1297,L1,L1_S24,0.0,0.0
feature:L1_S24_F1298,feature,L1_S24_F1298,L1,L1_S24,0.15165489033541465,0.0001031063914274
feature:L1_S24_F1299,feature,L1_S24_F1299,L1,L1_S24,0.0,0.0
feature:L1_S24_F1301,feature,L1_S24_F1301,L1,L1_S24,0.0,0.0
feature:L1_S24_F1302,feature,L1_S24_F1302,L1,L1_S24,0.0,0.0
feature:L1_S24_F1303,feature,L1_S24_F1303,L1,L1_S24,1.510141596209074,0.0010267077453629
feature:L1_S24_F1304,feature,L1_S24_F1304,L1,L1_S24,0.0,0.0
feature:L1_S24_F1306,feature,L1_S24_F1306,L1,L1_S24,0.0,0.0
feature:L1_S24_F1307,feature,L1_S24_F1307,L1,L1_S24,0.0,0.0
feature:L1_S24_F1308,feature,L1_S24_F1308,L1,L1_S24,0.0,0.0
feature:L1_S24_F1310,feature,L1_S24_F1310,L1,L1_S24,0.0,0.0
feature:L1_S24_F1311,feature,L1_S24_F1311,L1,L1_S24,0.0,0.0
feature:L1_S24_F1312,feature,L1_S24_F1312,L1,L1_S24,0.0,0.0
feature:L1_S24_F1314,feature,L1_S24_F1314,L1,L1_S24,0.0,0.0
feature:L1_S24_F1315,feature,L1_S24_F1315,L1,L1_S24,0.0,0.0
feature:L1_S24_F1316,feature,L1_S24_F1316,L1,L1_S24,0.0,0.0
feature:L1_S24_F1317,feature,L1_S24_F1317,L1,L1_S24,0.0,0.0
feature:L1_S24_F1319,feature,L1_S24_F1319,L1,L1_S24,0.0,0.0
feature:L1_S24_F1320,feature,L1_S24_F1320,L1,L1_S24,0.0,0.0
feature:L1_S24_F1321,feature,L1_S24_F1321,L1,L1_S24,0.0,0.0
feature:L1_S24_F1322,feature,L1_S24_F1322,L1,L1_S24,0.0,0.0
feature:L1_S24_F1324,feature,L1_S24_F1324,L1,L1_S24,0.0,0.0
feature:L1_S24_F1325,feature,L1_S24_F1325,L1,L1_S24,0.0,0.0
feature:L1_S24_F1326,feature,L1_S24_F1326,L1,L1_S24,1.796619891908688,0.0012214772198357
feature:L1_S24_F1327,feature,L1_S24_F1327,L1,L1_S24,0.0,0.0
feature:L1_S24_F1329,feature,L1_S24_F1329,L1,L1_S24,0.0,0.0
feature:L1_S24_F1330,feature,L1_S24_F1330,L1,L1_S24,0.0,0.0
feature:L1_S24_F1331,feature,L1_S24_F1331,L1,L1_S24,0.0,0.0
feature:L1_S24_F1332,feature,L1_S24_F1332,L1,L1_S24,0.0,0.0
feature:L1_S24_F1334,feature,L1_S24_F1334,L1,L1_S24,0.0,0.0
feature:L1_S24_F1335,feature,L1_S24_F1335,L1,L1_S24,0.0,0.0
feature:L1_S24_F1336,feature,L1_S24_F1336,L1,L1_S24,0.0,0.0
feature:L1_S24_F1337,feature,L1_S24_F1337,L1,L1_S24,0.0,0.0
feature:L1_S24_F1339,feature,L1_S24_F1339,L1,L1_S24,0.0,0.0
feature:L1_S24_F1340,feature,L1_S24_F1340,L1,L1_S24,0.0,0.0
feature:L1_S24_F1341,feature,L1_S24_F1341,L1,L1_S24,0.0,0.0
feature:L1_S24_F1342,feature,L1_S24_F1342,L1,L1_S24,0.0,0.0
feature:L1_S24_F1344,feature,L1_S24_F1344,L1,L1_S24,0.0,0.0
feature:L1_S24_F1345,feature,L1_S24_F1345,L1,L1_S24,0.0,0.0
feature:L1_S24_F1346,feature,L1_S24_F1346,L1,L1_S24,0.0,0.0
feature:L1_S24_F1347,feature,L1_S24_F1347,L1,L1_S24,0.0,0.0
feature:L1_S24_F1349,feature,L1_S24_F1349,L1,L1_S24,0.0,0.0
feature:L1_S24_F1350,feature,L1_S24_F1350,L1,L1_S24,0.0,0.0
feature:L1_S24_F1351,feature,L1_S24_F1351,L1,L1_S24,0.0,0.0
feature:L1_S24_F1352,feature,L1_S24_F1352,L1,L1_S24,0.0,0.0
feature:L1_S24_F1354,feature,L1_S24_F1354,L1,L1_S24,0.0,0.0
feature:L1_S24_F1355,feature,L1_S24_F1355,L1,L1_S24,0.0,0.0
feature:L1_S24_F1356,feature,L1_S24_F1356,L1,L1_S24,0.0,0.0
feature:L1_S24_F1357,feature,L1_S24_F1357,L1,L1_S24,0.0,0.0
feature:L1_S24_F1359,feature,L1_S24_F1359,L1,L1_S24,0.0,0.0
feature:L1_S24_F1360,feature,L1_S24_F1360,L1,L1_S24,0.0,0.0
feature:L1_S24_F1361,feature,L1_S24_F1361,L1,L1_S24,0.0,0.0
feature:L1_S24_F1362,feature,L1_S24_F1362,L1,L1_S24,0.0,0.0
feature:L1_S24_F1364,feature,L1_S24_F1364,L1,L1_S24,0.0,0.0
feature:L1_S24_F1365,feature,L1_S24_F1365,L1,L1_S24,0.0,0.0
feature:L1_S24_F1366,feature,L1_S24_F1366,L1,L1_S24,0.0,0.0
feature:L1_S24_F1367,feature,L1_S24_F1367,L1,L1_S24,0.0,0.0
feature:L1_S24_F1369,feature,L1_S24_F1369,L1,L1_S24,0.0,0.0
feature:L1_S24_F1370,feature,L1_S24_F1370,L1,L1_S24,0.0,0.0
feature:L1_S24_F1371,feature,L1_S24_F1371,L1,L1_S24,0.0,0.0
feature:L1_S24_F1372,feature,L1_S24_F1372,L1,L1_S24,0.0,0.0
feature:L1_S24_F1374,feature,L1_S24_F1374,L1,L1_S24,0.0,0.0
feature:L1_S24_F1375,feature,L1_S24_F1375,L1,L1_S24,0.0,0.0
feature:L1_S24_F1376,feature,L1_S24_F1376,L1,L1_S24,0.0,0.0
feature:L1_S24_F1377,feature,L1_S24_F1377,L1,L1_S24,0.0,0.0
feature:L1_S24_F1379,feature,L1_S24_F1379,L1,L1_S24,0.0,0.0
feature:L1_S24_F1380,feature,L1_S24_F1380,L1,L1_S24,0.0,0.0
feature:L1_S24_F1381,feature,L1_S24_F1381,L1,L1_S24,0.0,0.0
feature:L1_S24_F1382,feature,L1_S24_F1382,L1,L1_S24,0.0,0.0
feature:L1_S24_F1384,feature,L1_S24_F1384,L1,L1_S24,0.0,0.0
feature:L1_S24_F1385,feature,L1_S24_F1385,L1,L1_S24,0.0,0.0
feature:L1_S24_F1386,feature,L1_S24_F1386,L1,L1_S24,0.0,0.0
feature:L1_S24_F1387,feature,L1_S24_F1387,L1,L1_S24,0.0,0.0
feature:L1_S24_F1389,feature,L1_S24_F1389,L1,L1_S24,0.0,0.0
feature:L1_S24_F1390,feature,L1_S24_F1390,L1,L1_S24,0.0,0.0
feature:L1_S24_F1391,feature,L1_S24_F1391,L1,L1_S24,0.0,0.0
feature:L1_S24_F1392,feature,L1_S24_F1392,L1,L1_S24,0.0,0.0
feature:L1_S24_F1394,feature,L1_S24_F1394,L1,L1_S24,0.0,0.0
feature:L1_S24_F1395,feature,L1_S24_F1395,L1,L1_S24,0.0,0.0
feature:L1_S24_F1396,feature,L1_S24_F1396,L1,L1_S24,0.0,0.0
feature:L1_S24_F1397,feature,L1_S24_F1397,L1,L1_S24,0.0,0.0
feature:L1_S24_F1399,feature,L1_S24_F1399,L1,L1_S24,0.0,0.0
feature:L1_S24_F1400,feature,L1_S24_F1400,L1,L1_S24,0.0,0.0
feature:L1_S24_F1401,feature,L1_S24_F1401,L1,L1_S24,0.0,0.0
feature:L1_S24_F1402,feature,L1_S24_F1402,L1,L1_S24,0.0,0.0
feature:L1_S24_F1404,feature,L1_S24_F1404,L1,L1_S24,0.0,0.0
feature:L1_S24_F1405,feature,L1_S24_F1405,L1,L1_S24,0.0,0.0
feature:L1_S24_F1406,feature,L1_S24_F1406,L1,L1_S24,0.0,0.0
feature:L1_S24_F1407,feature,L1_S24_F1407,L1,L1_S24,0.0,0.0
feature:L1_S24_F1409,feature,L1_S24_F1409,L1,L1_S24,0.0,0.0
feature:L1_S24_F1410,feature,L1_S24_F1410,L1,L1_S24,0.0,0.0
feature:L1_S24_F1411,feature,L1_S24_F1411,L1,L1_S24,0.0,0.0
feature:L1_S24_F1412,feature,L1_S24_F1412,L1,L1_S24,0.0,0.0
feature:L1_S24_F1414,feature,L1_S24_F1414,L1,L1_S24,0.0,0.0
feature:L1_S24_F1415,feature,L1_S24_F1415,L1,L1_S24,0.0,0.0
feature:L1_S24_F1416,feature,L1_S24_F1416,L1,L1_S24,0.0,0.0
feature:L1_S24_F1417,feature,L1_S24_F1417,L1,L1_S24,0.0,0.0
feature:L1_S24_F1419,feature,L1_S24_F1419,L1,L1_S24,0.0,0.0
feature:L1_S24_F1420,feature,L1_S24_F1420,L1,L1_S24,0.0,0.0
feature:L1_S24_F1421,feature,L1_S24_F1421,L1,L1_S24,0.0,0.0
feature:L1_S24_F1422,feature,L1_S24_F1422,L1,L1_S24,0.0,0.0
feature:L1_S24_F1424,feature,L1_S24_F1424,L1,L1_S24,0.0,0.0
feature:L1_S24_F1425,feature,L1_S24_F1425,L1,L1_S24,0.0,0.0
feature:L1_S24_F1426,feature,L1_S24_F1426,L1,L1_S24,0.0,0.0
feature:L1_S24_F1427,feature,L1_S24_F1427,L1,L1_S24,0.0,0.0
feature:L1_S24_F1429,feature,L1_S24_F1429,L1,L1_S24,0.0,0.0
feature:L1_S24_F1430,feature,L1_S24_F1430,L1,L1_S24,0.0,0.0
feature:L1_S24_F1431,feature,L1_S24_F1431,L1,L1_S24,0.0,0.0
feature:L1_S24_F1432,feature,L1_S24_F1432,L1,L1_S24,0.0,0.0
feature:L1_S24_F1434,feature,L1_S24_F1434,L1,L1_S24,0.0,0.0
feature:L1_S24_F1435,feature,L1_S24_F1435,L1,L1_S24,0.0,0.0
feature:L1_S24_F1436,feature,L1_S24_F1436,L1,L1_S24,0.0,0.0
feature:L1_S24_F1437,feature,L1_S24_F1437,L1,L1_S24,0.0,0.0
feature:L1_S24_F1439,feature,L1_S24_F1439,L1,L1_S24,0.0,0.0
feature:L1_S24_F1440,feature,L1_S24_F1440,L1,L1_S24,0.0,0.0
feature:L1_S24_F1441,feature,L1_S24_F1441,L1,L1_S24,0.0,0.0
feature:L1_S24_F1442,feature,L1_S24_F1442,L1,L1_S24,0.0,0.0
feature:L1_S24_F1444,feature,L1_S24_F1444,L1,L1_S24,0.0,0.0
feature:L1_S24_F1445,feature,L1_S24_F1445,L1,L1_S24,0.0,0.0
feature:L1_S24_F1446,feature,L1_S24_F1446,L1,L1_S24,0.0,0.0
feature:L1_S24_F1447,feature,L1_S24_F1447,L1,L1_S24,0.0,0.0
feature:L1_S24_F1449,feature,L1_S24_F1449,L1,L1_S24,0.0,0.0
feature:L1_S24_F1450,feature,L1_S24_F1450,L1,L1_S24,0.0,0.0
feature:L1_S24_F1451,feature,L1_S24_F1451,L1,L1_S24,0.0,0.0
feature:L1_S24_F1452,feature,L1_S24_F1452,L1,L1_S24,0.0,0.0
feature:L1_S24_F1454,feature,L1_S24_F1454,L1,L1_S24,0.0,0.0
feature:L1_S24_F1455,feature,L1_S24_F1455,L1,L1_S24,0.0,0.0
feature:L1_S24_F1456,feature,L1_S24_F1456,L1,L1_S24,0.0,0.0
feature:L1_S24_F1458,feature,L1_S24_F1458,L1,L1_S24,0.0,0.0
feature:L1_S24_F1459,feature,L1_S24_F1459,L1,L1_S24,0.0,0.0
feature:L1_S24_F1460,feature,L1_S24_F1460,L1,L1_S24,0.0,0.0
feature:L1_S24_F1462,feature,L1_S24_F1462,L1,L1_S24,0.0,0.0
feature:L1_S24_F1463,feature,L1_S24_F1463,L1,L1_S24,0.0,0.0
feature:L1_S24_F1464,feature,L1_S24_F1464,L1,L1_S24,0.0,0.0
feature:L1_S24_F1466,feature,L1_S24_F1466,L1,L1_S24,0.0,0.0
feature:L1_S24_F1467,feature,L1_S24_F1467,L1,L1_S24,0.0,0.0
feature:L1_S24_F1468,feature,L1_S24_F1468,L1,L1_S24,0.0,0.0
feature:L1_S24_F1470,feature,L1_S24_F1470,L1,L1_S24,0.0,0.0
feature:L1_S24_F1471,feature,L1_S24_F1471,L1,L1_S24,0.0,0.0
feature:L1_S24_F1473,feature,L1_S24_F1473,L1,L1_S24,0.0,0.0
feature:L1_S24_F1474,feature,L1_S24_F1474,L1,L1_S24,4.41497417144839,0.0030016312303311
feature:L1_S24_F1475,feature,L1_S24_F1475,L1,L1_S24,0.0,0.0
feature:L1_S24_F1477,feature,L1_S24_F1477,L1,L1_S24,0.0,0.0
feature:L1_S24_F1478,feature,L1_S24_F1478,L1,L1_S24,1.168169532506645,0.000794209437004
feature:L1_S24_F1479,feature,L1_S24_F1479,L1,L1_S24,0.0,0.0
feature:L1_S24_F1481,feature,L1_S24_F1481,L1,L1_S24,0.0,0.0
feature:L1_S24_F1482,feature,L1_S24_F1482,L1,L1_S24,0.0,0.0
feature:L1_S24_F1483,feature,L1_S24_F1483,L1,L1_S24,0.0,0.0
feature:L1_S24_F1485,feature,L1_S24_F1485,L1,L1_S24,0.0,0.0
feature:L1_S24_F1486,feature,L1_S24_F1486,L1,L1_S24,0.0,0.0
feature:L1_S24_F1487,feature,L1_S24_F1487,L1,L1_S24,0.0,0.0
feature:L1_S24_F1489,feature,L1_S24_F1489,L1,L1_S24,0.0,0.0
feature:L1_S24_F1490,feature,L1_S24_F1490,L1,L1_S24,9.95447884203169,0.0067678028032744
feature:L1_S24_F1491,feature,L1_S24_F1491,L1,L1_S24,0.0,0.0
feature:L1_S24_F1493,feature,L1_S24_F1493,L1,L1_S24,0.0,0.0
feature:L1_S24_F1494,feature,L1_S24_F1494,L1,L1_S24,4.177084995018241,0.002839896290646
feature:L1_S24_F1495,feature,L1_S24_F1495,L1,L1_S24,0.0,0.0
feature:L1_S24_F1497,feature,L1_S24_F1497,L1,L1_S24,0.0,0.0
feature:L1_S24_F1498,feature,L1_S24_F1498,L1,L1_S24,15.314385582787555,0.0104118702066035
feature:L1_S24_F1499,feature,L1_S24_F1499,L1,L1_S24,0.0,0.0
feature:L1_S24_F1501,feature,L1_S24_F1501,L1,L1_S24,0.0,0.0
feature:L1_S24_F1502,feature,L1_S24_F1502,L1,L1_S24,0.0,0.0
feature:L1_S24_F1503,feature,L1_S24_F1503,L1,L1_S24,0.0,0.0
feature:L1_S24_F1505,feature,L1_S24_F1505,L1,L1_S24,0.0,0.0
feature:L1_S24_F1506,feature,L1_S24_F1506,L1,L1_S24,0.0,0.0
feature:L1_S24_F1507,feature,L1_S24_F1507,L1,L1_S24,0.0,0.0
feature:L1_S24_F1509,feature,L1_S24_F1509,L1,L1_S24,0.0,0.0
feature:L1_S24_F1510,feature,L1_S24_F1510,L1,L1_S24,0.0,0.0
feature:L1_S24_F1512,feature,L1_S24_F1512,L1,L1_S24,0.0,0.0
feature:L1_S24_F1514,feature,L1_S24_F1514,L1,L1_S24,0.0,0.0
feature:L1_S24_F1516,feature,L1_S24_F1516,L1,L1_S24,0.0,0.0
feature:L1_S24_F1518,feature,L1_S24_F1518,L1,L1_S24,0.0,0.0
feature:L1_S24_F1520,feature,L1_S24_F1520,L1,L1_S24,0.0,0.0
feature:L1_S24_F1521,feature,L1_S24_F1521,L1,L1_S24,0.0,0.0
feature:L1_S24_F1523,feature,L1_S24_F1523,L1,L1_S24,0.0,0.0
feature:L1_S24_F1524,feature,L1_S24_F1524,L1,L1_S24,0.0,0.0
feature:L1_S24_F1525,feature,L1_S24_F1525,L1,L1_S24,0.0,0.0
feature:L1_S24_F1526,feature,L1_S24_F1526,L1,L1_S24,0.0,0.0
feature:L1_S24_F1528,feature,L1_S24_F1528,L1,L1_S24,0.0,0.0
feature:L1_S24_F1529,feature,L1_S24_F1529,L1,L1_S24,0.0,0.0
feature:L1_S24_F1530,feature,L1_S24_F1530,L1,L1_S24,0.0,0.0
feature:L1_S24_F1531,feature,L1_S24_F1531,L1,L1_S24,0.0,0.0
feature:L1_S24_F1533,feature,L1_S24_F1533,L1,L1_S24,0.0,0.0
feature:L1_S24_F1534,feature,L1_S24_F1534,L1,L1_S24,0.0,0.0
feature:L1_S24_F1535,feature,L1_S24_F1535,L1,L1_S24,0.0,0.0
feature:L1_S24_F1537,feature,L1_S24_F1537,L1,L1_S24,0.0,0.0
feature:L1_S24_F1538,feature,L1_S24_F1538,L1,L1_S24,0.0,0.0
feature:L1_S24_F1539,feature,L1_S24_F1539,L1,L1_S24,0.0,0.0
feature:L1_S24_F1540,feature,L1_S24_F1540,L1,L1_S24,0.0,0.0
feature:L1_S24_F1542,feature,L1_S24_F1542,L1,L1_S24,0.0,0.0
feature:L1_S24_F1543,feature,L1_S24_F1543,L1,L1_S24,0.0,0.0
feature:L1_S24_F1544,feature,L1_S24_F1544,L1,L1_S24,0.0,0.0
feature:L1_S24_F1545,feature,L1_S24_F1545,L1,L1_S24,0.0,0.0
feature:L1_S24_F1547,feature,L1_S24_F1547,L1,L1_S24,0.0,0.0
feature:L1_S24_F1548,feature,L1_S24_F1548,L1,L1_S24,0.0,0.0
feature:L1_S24_F1549,feature,L1_S24_F1549,L1,L1_S24,0.0,0.0
feature:L1_S24_F1551,feature,L1_S24_F1551,L1,L1_S24,0.0,0.0
feature:L1_S24_F1552,feature,L1_S24_F1552,L1,L1_S24,0.0,0.0
feature:L1_S24_F1553,feature,L1_S24_F1553,L1,L1_S24,0.0,0.0
feature:L1_S24_F1555,feature,L1_S24_F1555,L1,L1_S24,0.0,0.0
feature:L1_S24_F1556,feature,L1_S24_F1556,L1,L1_S24,0.0,0.0
feature:L1_S24_F1557,feature,L1_S24_F1557,L1,L1_S24,0.0,0.0
feature:L1_S24_F1559,feature,L1_S24_F1559,L1,L1_S24,0.0,0.0
feature:L1_S24_F1560,feature,L1_S24_F1560,L1,L1_S24,0.0,0.0
feature:L1_S24_F1561,feature,L1_S24_F1561,L1,L1_S24,0.0,0.0
feature:L1_S24_F1563,feature,L1_S24_F1563,L1,L1_S24,0.0,0.0
feature:L1_S24_F1564,feature,L1_S24_F1564,L1,L1_S24,0.0,0.0
feature:L1_S24_F1565,feature,L1_S24_F1565,L1,L1_S24,0.0,0.0
feature:L1_S24_F1567,feature,L1_S24_F1567,L1,L1_S24,0.0,0.0
feature:L1_S24_F1569,feature,L1_S24_F1569,L1,L1_S24,0.0,0.0
feature:L1_S24_F1571,feature,L1_S24_F1571,L1,L1_S24,0.0,0.0
feature:L1_S24_F1573,feature,L1_S24_F1573,L1,L1_S24,0.0,0.0
feature:L1_S24_F1575,feature,L1_S24_F1575,L1,L1_S24,0.0,0.0
feature:L1_S24_F1577,feature,L1_S24_F1577,L1,L1_S24,0.0,0.0
feature:L1_S24_F1578,feature,L1_S24_F1578,L1,L1_S24,0.0,0.0
feature:L1_S24_F1580,feature,L1_S24_F1580,L1,L1_S24,0.0,0.0
feature:L1_S24_F1581,feature,L1_S24_F1581,L1,L1_S24,6.370632210034086,0.0043312345341124
feature:L1_S24_F1582,feature,L1_S24_F1582,L1,L1_S24,0.0,0.0
feature:L1_S24_F1584,feature,L1_S24_F1584,L1,L1_S24,0.0,0.0
feature:L1_S24_F1585,feature,L1_S24_F1585,L1,L1_S24,0.0,0.0
feature:L1_S24_F1586,feature,L1_S24_F1586,L1,L1_S24,0.0,0.0
feature:L1_S24_F1588,feature,L1_S24_F1588,L1,L1_S24,0.0,0.0
feature:L1_S24_F1589,feature,L1_S24_F1589,L1,L1_S24,0.0,0.0
feature:L1_S24_F1590,feature,L1_S24_F1590,L1,L1_S24,0.0,0.0
feature:L1_S24_F1592,feature,L1_S24_F1592,L1,L1_S24,0.0,0.0
feature:L1_S24_F1593,feature,L1_S24_F1593,L1,L1_S24,0.0,0.0
feature:L1_S24_F1594,feature,L1_S24_F1594,L1,L1_S24,0.0,0.0
feature:L1_S24_F1595,feature,L1_S24_F1595,L1,L1_S24,0.0,0.0
feature:L1_S24_F1597,feature,L1_S24_F1597,L1,L1_S24,0.0,0.0
feature:L1_S24_F1598,feature,L1_S24_F1598,L1,L1_S24,0.0,0.0
feature:L1_S24_F1599,feature,L1_S24_F1599,L1,L1_S24,0.0,0.0
feature:L1_S24_F1600,feature,L1_S24_F1600,L1,L1_S24,0.0,0.0
feature:L1_S24_F1602,feature,L1_S24_F1602,L1,L1_S24,0.0,0.0
feature:L1_S24_F1603,feature,L1_S24_F1603,L1,L1_S24,0.0,0.0
feature:L1_S24_F1604,feature,L1_S24_F1604,L1,L1_S24,4.58258425842083,0.0031155851634772
feature:L1_S24_F1605,feature,L1_S24_F1605,L1,L1_S24,0.0,0.0
feature:L1_S24_F1607,feature,L1_S24_F1607,L1,L1_S24,0.0,0.0
feature:L1_S24_F1608,feature,L1_S24_F1608,L1,L1_S24,0.0,0.0
feature:L1_S24_F1609,feature,L1_S24_F1609,L1,L1_S24,10.897980582475011,0.0074092661912827
feature:L1_S24_F1610,feature,L1_S24_F1610,L1,L1_S24,0.0,0.0
feature:L1_S24_F1612,feature,L1_S24_F1612,L1,L1_S24,0.0,0.0
feature:L1_S24_F1613,feature,L1_S24_F1613,L1,L1_S24,0.0,0.0
feature:L1_S24_F1614,feature,L1_S24_F1614,L1,L1_S24,0.0,0.0
feature:L1_S24_F1616,feature,L1_S24_F1616,L1,L1_S24,0.0,0.0
feature:L1_S24_F1617,feature,L1_S24_F1617,L1,L1_S24,0.0,0.0
feature:L1_S24_F1618,feature,L1_S24_F1618,L1,L1_S24,0.0,0.0
feature:L1_S24_F1620,feature,L1_S24_F1620,L1,L1_S24,0.0,0.0
feature:L1_S24_F1621,feature,L1_S24_F1621,L1,L1_S24,0.0,0.0
feature:L1_S24_F1622,feature,L1_S24_F1622,L1,L1_S24,1.8545922729238526,0.0012608912011172
feature:L1_S24_F1623,feature,L1_S24_F1623,L1,L1_S24,0.0,0.0
feature:L1_S24_F1625,feature,L1_S24_F1625,L1,L1_S24,0.0,0.0
feature:L1_S24_F1626,feature,L1_S24_F1626,L1,L1_S24,0.0,0.0
feature:L1_S24_F1627,feature,L1_S24_F1627,L1,L1_S24,2.1979237340963795,0.001494313730036
feature:L1_S24_F1628,feature,L1_S24_F1628,L1,L1_S24,0.0,0.0
feature:L1_S24_F1630,feature,L1_S24_F1630,L1,L1_S24,0.0,0.0
feature:L1_S24_F1631,feature,L1_S24_F1631,L1,L1_S24,0.0,0.0
feature:L1_S24_F1632,feature,L1_S24_F1632,L1,L1_S24,8.372778658115424,0.005692444152307259
feature:L1_S24_F1633,feature,L1_S24_F1633,L1,L1_S24,0.0,0.0
feature:L1_S24_F1635,feature,L1_S24_F1635,L1,L1_S24,0.0,0.0
feature:L1_S24_F1636,feature,L1_S24_F1636,L1,L1_S24,0.0,0.0
feature:L1_S24_F1637,feature,L1_S24_F1637,L1,L1_S24,0.0,0.0
feature:L1_S24_F1638,feature,L1_S24_F1638,L1,L1_S24,0.0,0.0
feature:L1_S24_F1640,feature,L1_S24_F1640,L1,L1_S24,0.0,0.0
feature:L1_S24_F1641,feature,L1_S24_F1641,L1,L1_S24,0.0,0.0
feature:L1_S24_F1642,feature,L1_S24_F1642,L1,L1_S24,0.0,0.0
feature:L1_S24_F1643,feature,L1_S24_F1643,L1,L1_S24,0.0,0.0
feature:L1_S24_F1645,feature,L1_S24_F1645,L1,L1_S24,0.0,0.0
feature:L1_S24_F1646,feature,L1_S24_F1646,L1,L1_S24,0.0,0.0
feature:L1_S24_F1647,feature,L1_S24_F1647,L1,L1_S24,0.0,0.0
feature:L1_S24_F1648,feature,L1_S24_F1648,L1,L1_S24,0.0,0.0
feature:L1_S24_F1650,feature,L1_S24_F1650,L1,L1_S24,0.0,0.0
feature:L1_S24_F1651,feature,L1_S24_F1651,L1,L1_S24,0.0,0.0
feature:L1_S24_F1652,feature,L1_S24_F1652,L1,L1_S24,0.0,0.0
feature:L1_S24_F1653,feature,L1_S24_F1653,L1,L1_S24,0.0,0.0
feature:L1_S24_F1655,feature,L1_S24_F1655,L1,L1_S24,0.0,0.0
feature:L1_S24_F1656,feature,L1_S24_F1656,L1,L1_S24,0.0,0.0
feature:L1_S24_F1657,feature,L1_S24_F1657,L1,L1_S24,2.7364706185973593,0.0018604583743172
feature:L1_S24_F1658,feature,L1_S24_F1658,L1,L1_S24,0.0,0.0
feature:L1_S24_F1660,feature,L1_S24_F1660,L1,L1_S24,0.0,0.0
feature:L1_S24_F1661,feature,L1_S24_F1661,L1,L1_S24,0.0,0.0
feature:L1_S24_F1662,feature,L1_S24_F1662,L1,L1_S24,0.0,0.0
feature:L1_S24_F1663,feature,L1_S24_F1663,L1,L1_S24,0.0,0.0
feature:L1_S24_F1665,feature,L1_S24_F1665,L1,L1_S24,0.0,0.0
feature:L1_S24_F1666,feature,L1_S24_F1666,L1,L1_S24,0.0,0.0
feature:L1_S24_F1667,feature,L1_S24_F1667,L1,L1_S24,17.176178751646436,0.01167765711793
feature:L1_S24_F1668,feature,L1_S24_F1668,L1,L1_S24,0.0,0.0
feature:L1_S24_F1670,feature,L1_S24_F1670,L1,L1_S24,0.0,0.0
feature:L1_S24_F1671,feature,L1_S24_F1671,L1,L1_S24,0.0,0.0
feature:L1_S24_F1672,feature,L1_S24_F1672,L1,L1_S24,11.049245229720043,0.0075121072661302
feature:L1_S24_F1673,feature,L1_S24_F1673,L1,L1_S24,0.0,0.0
feature:L1_S24_F1675,feature,L1_S24_F1675,L1,L1_S24,0.0,0.0
feature:L1_S24_F1676,feature,L1_S24_F1676,L1,L1_S24,0.0,0.0
feature:L1_S24_F1677,feature,L1_S24_F1677,L1,L1_S24,0.0,0.0
feature:L1_S24_F1679,feature,L1_S24_F1679,L1,L1_S24,0.0,0.0
feature:L1_S24_F1680,feature,L1_S24_F1680,L1,L1_S24,0.0,0.0
feature:L1_S24_F1681,feature,L1_S24_F1681,L1,L1_S24,0.0,0.0
feature:L1_S24_F1683,feature,L1_S24_F1683,L1,L1_S24,0.0,0.0
feature:L1_S24_F1684,feature,L1_S24_F1684,L1,L1_S24,0.0,0.0
feature:L1_S24_F1685,feature,L1_S24_F1685,L1,L1_S24,0.0,0.0
feature:L1_S24_F1686,feature,L1_S24_F1686,L1,L1_S24,0.0,0.0
feature:L1_S24_F1688,feature,L1_S24_F1688,L1,L1_S24,0.0,0.0
feature:L1_S24_F1689,feature,L1_S24_F1689,L1,L1_S24,0.0,0.0
feature:L1_S24_F1690,feature,L1_S24_F1690,L1,L1_S24,0.0,0.0
feature:L1_S24_F1691,feature,L1_S24_F1691,L1,L1_S24,0.0,0.0
feature:L1_S24_F1693,feature,L1_S24_F1693,L1,L1_S24,0.0,0.0
feature:L1_S24_F1694,feature,L1_S24_F1694,L1,L1_S24,0.0,0.0
feature:L1_S24_F1695,feature,L1_S24_F1695,L1,L1_S24,7.376329525241851,0.0050149831478891
feature:L1_S24_F1696,feature,L1_S24_F1696,L1,L1_S24,0.0,0.0
feature:L1_S24_F1698,feature,L1_S24_F1698,L1,L1_S24,0.0,0.0
feature:L1_S24_F1699,feature,L1_S24_F1699,L1,L1_S24,0.0,0.0
feature:L1_S24_F1700,feature,L1_S24_F1700,L1,L1_S24,4.45864111784795,0.0030313193020969
feature:L1_S24_F1701,feature,L1_S24_F1701,L1,L1_S24,0.0,0.0
feature:L1_S24_F1703,feature,L1_S24_F1703,L1,L1_S24,0.0,0.0
feature:L1_S24_F1704,feature,L1_S24_F1704,L1,L1_S24,0.0,0.0
feature:L1_S24_F1705,feature,L1_S24_F1705,L1,L1_S24,0.0,0.0
feature:L1_S24_F1707,feature,L1_S24_F1707,L1,L1_S24,0.0,0.0
feature:L1_S24_F1708,feature,L1_S24_F1708,L1,L1_S24,0.0,0.0
feature:L1_S24_F1709,feature,L1_S24_F1709,L1,L1_S24,0.0,0.0
feature:L1_S24_F1711,feature,L1_S24_F1711,L1,L1_S24,0.0,0.0
feature:L1_S24_F1712,feature,L1_S24_F1712,L1,L1_S24,0.0,0.0
feature:L1_S24_F1713,feature,L1_S24_F1713,L1,L1_S24,13.272565211110182,0.0090236872736233
feature:L1_S24_F1714,feature,L1_S24_F1714,L1,L1_S24,0.0,0.0
feature:L1_S24_F1716,feature,L1_S24_F1716,L1,L1_S24,0.0,0.0
feature:L1_S24_F1717,feature,L1_S24_F1717,L1,L1_S24,0.0,0.0
feature:L1_S24_F1718,feature,L1_S24_F1718,L1,L1_S24,7.58522775677893,0.0051570078645449
feature:L1_S24_F1719,feature,L1_S24_F1719,L1,L1_S24,0.0,0.0
feature:L1_S24_F1721,feature,L1_S24_F1721,L1,L1_S24,0.0,0.0
feature:L1_S24_F1722,feature,L1_S24_F1722,L1,L1_S24,0.0,0.0
feature:L1_S24_F1723,feature,L1_S24_F1723,L1,L1_S24,20.29304045591273,0.0137967339389569
feature:L1_S24_F1724,feature,L1_S24_F1724,L1,L1_S24,0.0,0.0
feature:L1_S24_F1726,feature,L1_S24_F1726,L1,L1_S24,0.0,0.0
feature:L1_S24_F1727,feature,L1_S24_F1727,L1,L1_S24,0.0,0.0
feature:L1_S24_F1728,feature,L1_S24_F1728,L1,L1_S24,0.0,0.0
feature:L1_S24_F1729,feature,L1_S24_F1729,L1,L1_S24,0.0,0.0
feature:L1_S24_F1731,feature,L1_S24_F1731,L1,L1_S24,0.0,0.0
feature:L1_S24_F1732,feature,L1_S24_F1732,L1,L1_S24,0.0,0.0
feature:L1_S24_F1733,feature,L1_S24_F1733,L1,L1_S24,0.0,0.0
feature:L1_S24_F1734,feature,L1_S24_F1734,L1,L1_S24,0.0,0.0
feature:L1_S24_F1736,feature,L1_S24_F1736,L1,L1_S24,0.0,0.0
feature:L1_S24_F1737,feature,L1_S24_F1737,L1,L1_S24,0.0,0.0
feature:L1_S24_F1738,feature,L1_S24_F1738,L1,L1_S24,0.0,0.0
feature:L1_S24_F1739,feature,L1_S24_F1739,L1,L1_S24,0.0,0.0
feature:L1_S24_F1741,feature,L1_S24_F1741,L1,L1_S24,0.0,0.0
feature:L1_S24_F1742,feature,L1_S24_F1742,L1,L1_S24,0.0,0.0
feature:L1_S24_F1743,feature,L1_S24_F1743,L1,L1_S24,0.0,0.0
feature:L1_S24_F1744,feature,L1_S24_F1744,L1,L1_S24,0.0,0.0
feature:L1_S24_F1746,feature,L1_S24_F1746,L1,L1_S24,0.0,0.0
feature:L1_S24_F1747,feature,L1_S24_F1747,L1,L1_S24,0.0,0.0
feature:L1_S24_F1748,feature,L1_S24_F1748,L1,L1_S24,1.4099156011430203,0.0009585665818592
feature:L1_S24_F1749,feature,L1_S24_F1749,L1,L1_S24,0.0,0.0
feature:L1_S24_F1751,feature,L1_S24_F1751,L1,L1_S24,0.0,0.0
feature:L1_S24_F1752,feature,L1_S24_F1752,L1,L1_S24,0.0,0.0
feature:L1_S24_F1753,feature,L1_S24_F1753,L1,L1_S24,0.0,0.0
feature:L1_S24_F1754,feature,L1_S24_F1754,L1,L1_S24,0.0,0.0
feature:L1_S24_F1756,feature,L1_S24_F1756,L1,L1_S24,0.0,0.0
feature:L1_S24_F1757,feature,L1_S24_F1757,L1,L1_S24,0.0,0.0
feature:L1_S24_F1758,feature,L1_S24_F1758,L1,L1_S24,12.245271329933653,0.0083252556913031
feature:L1_S24_F1759,feature,L1_S24_F1759,L1,L1_S24,0.0,0.0
feature:L1_S24_F1761,feature,L1_S24_F1761,L1,L1_S24,0.0,0.0
feature:L1_S24_F1762,feature,L1_S24_F1762,L1,L1_S24,0.0,0.0
feature:L1_S24_F1763,feature,L1_S24_F1763,L1,L1_S24,0.0,0.0
feature:L1_S24_F1764,feature,L1_S24_F1764,L1,L1_S24,0.0,0.0
feature:L1_S24_F1766,feature,L1_S24_F1766,L1,L1_S24,0.0,0.0
feature:L1_S24_F1767,feature,L1_S24_F1767,L1,L1_S24,0.0,0.0
feature:L1_S24_F1768,feature,L1_S24_F1768,L1,L1_S24,0.0,0.0
feature:L1_S24_F1769,feature,L1_S24_F1769,L1,L1_S24,0.0,0.0
feature:L1_S24_F1771,feature,L1_S24_F1771,L1,L1_S24,0.0,0.0
feature:L1_S24_F1772,feature,L1_S24_F1772,L1,L1_S24,0.0,0.0
feature:L1_S24_F1773,feature,L1_S24_F1773,L1,L1_S24,0.0,0.0
feature:L1_S24_F1774,feature,L1_S24_F1774,L1,L1_S24,0.0,0.0
feature:L1_S24_F1776,feature,L1_S24_F1776,L1,L1_S24,0.0,0.0
feature:L1_S24_F1777,feature,L1_S24_F1777,L1,L1_S24,0.0,0.0
feature:L1_S24_F1778,feature,L1_S24_F1778,L1,L1_S24,18.48993776776065,0.012570849227048
feature:L1_S24_F1779,feature,L1_S24_F1779,L1,L1_S24,0.0,0.0
feature:L1_S24_F1781,feature,L1_S24_F1781,L1,L1_S24,0.0,0.0
feature:L1_S24_F1782,feature,L1_S24_F1782,L1,L1_S24,0.0,0.0
feature:L1_S24_F1783,feature,L1_S24_F1783,L1,L1_S24,0.0,0.0
feature:L1_S24_F1784,feature,L1_S24_F1784,L1,L1_S24,0.0,0.0
feature:L1_S24_F1786,feature,L1_S24_F1786,L1,L1_S24,0.0,0.0
feature:L1_S24_F1787,feature,L1_S24_F1787,L1,L1_S24,0.0,0.0
feature:L1_S24_F1788,feature,L1_S24_F1788,L1,L1_S24,0.0,0.0
feature:L1_S24_F1789,feature,L1_S24_F1789,L1,L1_S24,0.0,0.0
feature:L1_S24_F1791,feature,L1_S24_F1791,L1,L1_S24,0.0,0.0
feature:L1_S24_F1792,feature,L1_S24_F1792,L1,L1_S24,0.0,0.0
feature:L1_S24_F1793,feature,L1_S24_F1793,L1,L1_S24,0.0,0.0
feature:L1_S24_F1794,feature,L1_S24_F1794,L1,L1_S24,0.0,0.0
feature:L1_S24_F1796,feature,L1_S24_F1796,L1,L1_S24,0.0,0.0
feature:L1_S24_F1797,feature,L1_S24_F1797,L1,L1_S24,0.0,0.0
feature:L1_S24_F1798,feature,L1_S24_F1798,L1,L1_S24,0.0,0.0
feature:L1_S24_F1799,feature,L1_S24_F1799,L1,L1_S24,0.0,0.0
feature:L1_S24_F1801,feature,L1_S24_F1801,L1,L1_S24,0.0,0.0
feature:L1_S24_F1802,feature,L1_S24_F1802,L1,L1_S24,0.0,0.0
feature:L1_S24_F1803,feature,L1_S24_F1803,L1,L1_S24,0.0,0.0
feature:L1_S24_F1804,feature,L1_S24_F1804,L1,L1_S24,0.0,0.0
feature:L1_S24_F1806,feature,L1_S24_F1806,L1,L1_S24,0.0,0.0
feature:L1_S24_F1807,feature,L1_S24_F1807,L1,L1_S24,0.0,0.0
feature:L1_S24_F1808,feature,L1_S24_F1808,L1,L1_S24,0.0,0.0
feature:L1_S24_F1810,feature,L1_S24_F1810,L1,L1_S24,0.0,0.0
feature:L1_S24_F1812,feature,L1_S24_F1812,L1,L1_S24,0.0,0.0
feature:L1_S24_F1814,feature,L1_S24_F1814,L1,L1_S24,6.462452814083903,0.0043936610811319
feature:L1_S24_F1816,feature,L1_S24_F1816,L1,L1_S24,0.0,0.0
feature:L1_S24_F1818,feature,L1_S24_F1818,L1,L1_S24,0.0,0.0
feature:L1_S24_F1820,feature,L1_S24_F1820,L1,L1_S24,0.0,0.0
feature:L1_S24_F1822,feature,L1_S24_F1822,L1,L1_S24,0.0,0.0
feature:L1_S24_F1824,feature,L1_S24_F1824,L1,L1_S24,0.0,0.0
feature:L1_S24_F1827,feature,L1_S24_F1827,L1,L1_S24,0.0,0.0
feature:L1_S24_F1829,feature,L1_S24_F1829,L1,L1_S24,0.0,0.0
feature:L1_S24_F1831,feature,L1_S24_F1831,L1,L1_S24,0.0,0.0
feature:L1_S24_F1834,feature,L1_S24_F1834,L1,L1_S24,0.0,0.0
feature:L1_S24_F1836,feature,L1_S24_F1836,L1,L1_S24,0.0,0.0
feature:L1_S24_F1838,feature,L1_S24_F1838,L1,L1_S24,0.0,0.0
feature:L1_S24_F1840,feature,L1_S24_F1840,L1,L1_S24,0.0,0.0
feature:L1_S24_F1842,feature,L1_S24_F1842,L1,L1_S24,12.41956926380393,0.008443756525367
feature:L1_S24_F1844,feature,L1_S24_F1844,L1,L1_S24,30.72541110472058,0.02088944350640113
feature:L1_S24_F1846,feature,L1_S24_F1846,L1,L1_S24,26.24516754233333,0.0178434372390667
feature:L1_S24_F1848,feature,L1_S24_F1848,L1,L1_S24,0.0,0.0
feature:L1_S24_F1850,feature,L1_S24_F1850,L1,L1_S24,0.0,0.0
feature:L1_S24_F675,feature,L1_S24_F675,L1,L1_S24,0.0,0.0
feature:L1_S24_F676,feature,L1_S24_F676,L1,L1_S24,0.0,0.0
feature:L1_S24_F678,feature,L1_S24_F678,L1,L1_S24,0.0,0.0
feature:L1_S24_F679,feature,L1_S24_F679,L1,L1_S24,5.754066254269819,0.0039120466619954
feature:L1_S24_F680,feature,L1_S24_F680,L1,L1_S24,0.0,0.0
feature:L1_S24_F682,feature,L1_S24_F682,L1,L1_S24,0.0,0.0
feature:L1_S24_F683,feature,L1_S24_F683,L1,L1_S24,0.0,0.0
feature:L1_S24_F684,feature,L1_S24_F684,L1,L1_S24,0.0,0.0
feature:L1_S24_F686,feature,L1_S24_F686,L1,L1_S24,0.0,0.0
feature:L1_S24_F687,feature,L1_S24_F687,L1,L1_S24,0.0,0.0
feature:L1_S24_F688,feature,L1_S24_F688,L1,L1_S24,0.0,0.0
feature:L1_S24_F690,feature,L1_S24_F690,L1,L1_S24,0.0,0.0
feature:L1_S24_F691,feature,L1_S24_F691,L1,L1_S24,5.272139583093806,0.0035843966937835
feature:L1_S24_F692,feature,L1_S24_F692,L1,L1_S24,0.0,0.0
feature:L1_S24_F694,feature,L1_S24_F694,L1,L1_S24,0.0,0.0
feature:L1_S24_F695,feature,L1_S24_F695,L1,L1_S24,0.0,0.0
feature:L1_S24_F696,feature,L1_S24_F696,L1,L1_S24,0.0,0.0
feature:L1_S24_F698,feature,L1_S24_F698,L1,L1_S24,0.0,0.0
feature:L1_S24_F699,feature,L1_S24_F699,L1,L1_S24,0.0,0.0
feature:L1_S24_F700,feature,L1_S24_F700,L1,L1_S24,0.0,0.0
feature:L1_S24_F701,feature,L1_S24_F701,L1,L1_S24,0.0,0.0
feature:L1_S24_F703,feature,L1_S24_F703,L1,L1_S24,0.0,0.0
feature:L1_S24_F704,feature,L1_S24_F704,L1,L1_S24,0.0,0.0
feature:L1_S24_F705,feature,L1_S24_F705,L1,L1_S24,0.0,0.0
feature:L1_S24_F706,feature,L1_S24_F706,L1,L1_S24,0.0,0.0
feature:L1_S24_F708,feature,L1_S24_F708,L1,L1_S24,0.0,0.0
feature:L1_S24_F709,feature,L1_S24_F709,L1,L1_S24,0.0,0.0
feature:L1_S24_F710,feature,L1_S24_F710,L1,L1_S24,0.0,0.0
feature:L1_S24_F711,feature,L1_S24_F711,L1,L1_S24,0.0,0.0
feature:L1_S24_F713,feature,L1_S24_F713,L1,L1_S24,0.0,0.0
feature:L1_S24_F714,feature,L1_S24_F714,L1,L1_S24,0.0,0.0
feature:L1_S24_F715,feature,L1_S24_F715,L1,L1_S24,0.0,0.0
feature:L1_S24_F717,feature,L1_S24_F717,L1,L1_S24,0.0,0.0
feature:L1_S24_F718,feature,L1_S24_F718,L1,L1_S24,0.0,0.0
feature:L1_S24_F719,feature,L1_S24_F719,L1,L1_S24,0.0,0.0
feature:L1_S24_F720,feature,L1_S24_F720,L1,L1_S24,0.0,0.0
feature:L1_S24_F722,feature,L1_S24_F722,L1,L1_S24,0.0,0.0
feature:L1_S24_F723,feature,L1_S24_F723,L1,L1_S24,0.0,0.0
feature:L1_S24_F724,feature,L1_S24_F724,L1,L1_S24,0.0,0.0
feature:L1_S24_F726,feature,L1_S24_F726,L1,L1_S24,0.0,0.0
feature:L1_S24_F727,feature,L1_S24_F727,L1,L1_S24,0.0,0.0
feature:L1_S24_F728,feature,L1_S24_F728,L1,L1_S24,0.0,0.0
feature:L1_S24_F729,feature,L1_S24_F729,L1,L1_S24,0.0,0.0
feature:L1_S24_F731,feature,L1_S24_F731,L1,L1_S24,0.0,0.0
feature:L1_S24_F732,feature,L1_S24_F732,L1,L1_S24,0.0,0.0
feature:L1_S24_F733,feature,L1_S24_F733,L1,L1_S24,0.0,0.0
feature:L1_S24_F734,feature,L1_S24_F734,L1,L1_S24,0.0,0.0
feature:L1_S24_F736,feature,L1_S24_F736,L1,L1_S24,0.0,0.0
feature:L1_S24_F737,feature,L1_S24_F737,L1,L1_S24,0.0,0.0
feature:L1_S24_F738,feature,L1_S24_F738,L1,L1_S24,0.0,0.0
feature:L1_S24_F740,feature,L1_S24_F740,L1,L1_S24,0.0,0.0
feature:L1_S24_F741,feature,L1_S24_F741,L1,L1_S24,0.0,0.0
feature:L1_S24_F742,feature,L1_S24_F742,L1,L1_S24,0.0,0.0
feature:L1_S24_F744,feature,L1_S24_F744,L1,L1_S24,0.0,0.0
feature:L1_S24_F745,feature,L1_S24_F745,L1,L1_S24,0.0,0.0
feature:L1_S24_F746,feature,L1_S24_F746,L1,L1_S24,0.0,0.0
feature:L1_S24_F747,feature,L1_S24_F747,L1,L1_S24,0.0,0.0
feature:L1_S24_F749,feature,L1_S24_F749,L1,L1_S24,0.0,0.0
feature:L1_S24_F750,feature,L1_S24_F750,L1,L1_S24,0.0,0.0
feature:L1_S24_F751,feature,L1_S24_F751,L1,L1_S24,0.0,0.0
feature:L1_S24_F752,feature,L1_S24_F752,L1,L1_S24,0.0,0.0
feature:L1_S24_F754,feature,L1_S24_F754,L1,L1_S24,0.0,0.0
feature:L1_S24_F755,feature,L1_S24_F755,L1,L1_S24,0.0,0.0
feature:L1_S24_F756,feature,L1_S24_F756,L1,L1_S24,0.0,0.0
feature:L1_S24_F757,feature,L1_S24_F757,L1,L1_S24,0.0,0.0
feature:L1_S24_F759,feature,L1_S24_F759,L1,L1_S24,0.0,0.0
feature:L1_S24_F760,feature,L1_S24_F760,L1,L1_S24,0.0,0.0
feature:L1_S24_F761,feature,L1_S24_F761,L1,L1_S24,0.0,0.0
feature:L1_S24_F762,feature,L1_S24_F762,L1,L1_S24,0.0,0.0
feature:L1_S24_F764,feature,L1_S24_F764,L1,L1_S24,0.0,0.0
feature:L1_S24_F765,feature,L1_S24_F765,L1,L1_S24,0.0,0.0
feature:L1_S24_F766,feature,L1_S24_F766,L1,L1_S24,0.0,0.0
feature:L1_S24_F767,feature,L1_S24_F767,L1,L1_S24,0.0,0.0
feature:L1_S24_F769,feature,L1_S24_F769,L1,L1_S24,0.0,0.0
feature:L1_S24_F770,feature,L1_S24_F770,L1,L1_S24,0.0,0.0
feature:L1_S24_F771,feature,L1_S24_F771,L1,L1_S24,0.0,0.0
feature:L1_S24_F773,feature,L1_S24_F773,L1,L1_S24,0.0,0.0
feature:L1_S24_F774,feature,L1_S24_F774,L1,L1_S24,0.0,0.0
feature:L1_S24_F775,feature,L1_S24_F775,L1,L1_S24,0.0,0.0
feature:L1_S24_F776,feature,L1_S24_F776,L1,L1_S24,0.0,0.0
feature:L1_S24_F778,feature,L1_S24_F778,L1,L1_S24,0.0,0.0
feature:L1_S24_F779,feature,L1_S24_F779,L1,L1_S24,0.0,0.0
feature:L1_S24_F780,feature,L1_S24_F780,L1,L1_S24,0.0,0.0
feature:L1_S24_F781,feature,L1_S24_F781,L1,L1_S24,0.0,0.0
feature:L1_S24_F783,feature,L1_S24_F783,L1,L1_S24,0.0,0.0
feature:L1_S24_F784,feature,L1_S24_F784,L1,L1_S24,0.0,0.0
feature:L1_S24_F785,feature,L1_S24_F785,L1,L1_S24,0.0,0.0
feature:L1_S24_F786,feature,L1_S24_F786,L1,L1_S24,0.0,0.0
feature:L1_S24_F788,feature,L1_S24_F788,L1,L1_S24,0.0,0.0
feature:L1_S24_F789,feature,L1_S24_F789,L1,L1_S24,0.0,0.0
feature:L1_S24_F790,feature,L1_S24_F790,L1,L1_S24,0.0,0.0
feature:L1_S24_F791,feature,L1_S24_F791,L1,L1_S24,0.0,0.0
feature:L1_S24_F793,feature,L1_S24_F793,L1,L1_S24,0.0,0.0
feature:L1_S24_F794,feature,L1_S24_F794,L1,L1_S24,0.0,0.0
feature:L1_S24_F795,feature,L1_S24_F795,L1,L1_S24,0.008256349729975451,5.6132870172374825e-06
feature:L1_S24_F796,feature,L1_S24_F796,L1,L1_S24,0.0,0.0
feature:L1_S24_F798,feature,L1_S24_F798,L1,L1_S24,0.0,0.0
feature:L1_S24_F799,feature,L1_S24_F799,L1,L1_S24,0.0,0.0
feature:L1_S24_F800,feature,L1_S24_F800,L1,L1_S24,0.0,0.0
feature:L1_S24_F802,feature,L1_S24_F802,L1,L1_S24,0.0,0.0
feature:L1_S24_F803,feature,L1_S24_F803,L1,L1_S24,0.0,0.0
feature:L1_S24_F805,feature,L1_S24_F805,L1,L1_S24,0.0,0.0
feature:L1_S24_F806,feature,L1_S24_F806,L1,L1_S24,0.0,0.0
feature:L1_S24_F808,feature,L1_S24_F808,L1,L1_S24,0.0,0.0
feature:L1_S24_F810,feature,L1_S24_F810,L1,L1_S24,0.0,0.0
feature:L1_S24_F812,feature,L1_S24_F812,L1,L1_S24,0.0,0.0
feature:L1_S24_F814,feature,L1_S24_F814,L1,L1_S24,3.9377712881019518,0.0026771928480819
feature:L1_S24_F816,feature,L1_S24_F816,L1,L1_S24,1.337328075482298,0.0009092161269087
feature:L1_S24_F817,feature,L1_S24_F817,L1,L1_S24,0.0,0.0
feature:L1_S24_F819,feature,L1_S24_F819,L1,L1_S24,0.0,0.0
feature:L1_S24_F820,feature,L1_S24_F820,L1,L1_S24,0.0,0.0
feature:L1_S24_F821,feature,L1_S24_F821,L1,L1_S24,0.0,0.0
feature:L1_S24_F823,feature,L1_S24_F823,L1,L1_S24,0.0,0.0
feature:L1_S24_F824,feature,L1_S24_F824,L1,L1_S24,0.0,0.0
feature:L1_S24_F825,feature,L1_S24_F825,L1,L1_S24,0.0,0.0
feature:L1_S24_F827,feature,L1_S24_F827,L1,L1_S24,0.0,0.0
feature:L1_S24_F828,feature,L1_S24_F828,L1,L1_S24,0.0,0.0
feature:L1_S24_F829,feature,L1_S24_F829,L1,L1_S24,3.095420335267277,0.0021044993670466
feature:L1_S24_F830,feature,L1_S24_F830,L1,L1_S24,0.0,0.0
feature:L1_S24_F832,feature,L1_S24_F832,L1,L1_S24,0.0,0.0
feature:L1_S24_F833,feature,L1_S24_F833,L1,L1_S24,0.0,0.0
feature:L1_S24_F834,feature,L1_S24_F834,L1,L1_S24,0.0,0.0
feature:L1_S24_F835,feature,L1_S24_F835,L1,L1_S24,0.0,0.0
feature:L1_S24_F837,feature,L1_S24_F837,L1,L1_S24,0.0,0.0
feature:L1_S24_F838,feature,L1_S24_F838,L1,L1_S24,0.0,0.0
feature:L1_S24_F839,feature,L1_S24_F839,L1,L1_S24,0.31598927913728225,0.000214833258786
feature:L1_S24_F840,feature,L1_S24_F840,L1,L1_S24,0.0,0.0
feature:L1_S24_F842,feature,L1_S24_F842,L1,L1_S24,0.0,0.0
feature:L1_S24_F843,feature,L1_S24_F843,L1,L1_S24,0.0,0.0
feature:L1_S24_F844,feature,L1_S24_F844,L1,L1_S24,0.0,0.0
feature:L1_S24_F845,feature,L1_S24_F845,L1,L1_S24,0.0,0.0
feature:L1_S24_F847,feature,L1_S24_F847,L1,L1_S24,0.0,0.0
feature:L1_S24_F848,feature,L1_S24_F848,L1,L1_S24,0.0,0.0
feature:L1_S24_F849,feature,L1_S24_F849,L1,L1_S24,0.0,0.0
feature:L1_S24_F851,feature,L1_S24_F851,L1,L1_S24,0.0,0.0
feature:L1_S24_F852,feature,L1_S24_F852,L1,L1_S24,0.0,0.0
feature:L1_S24_F853,feature,L1_S24_F853,L1,L1_S24,0.0,0.0
feature:L1_S24_F855,feature,L1_S24_F855,L1,L1_S24,0.0,0.0
feature:L1_S24_F856,feature,L1_S24_F856,L1,L1_S24,0.0,0.0
feature:L1_S24_F857,feature,L1_S24_F857,L1,L1_S24,0.0,0.0
feature:L1_S24_F858,feature,L1_S24_F858,L1,L1_S24,0.0,0.0
feature:L1_S24_F860,feature,L1_S24_F860,L1,L1_S24,0.0,0.0
feature:L1_S24_F861,feature,L1_S24_F861,L1,L1_S24,0.0,0.0
feature:L1_S24_F862,feature,L1_S24_F862,L1,L1_S24,0.0,0.0
feature:L1_S24_F863,feature,L1_S24_F863,L1,L1_S24,0.0,0.0
feature:L1_S24_F865,feature,L1_S24_F865,L1,L1_S24,0.0,0.0
feature:L1_S24_F866,feature,L1_S24_F866,L1,L1_S24,0.0,0.0
feature:L1_S24_F867,feature,L1_S24_F867,L1,L1_S24,1.656872191401695,0.0011264662308878
feature:L1_S24_F868,feature,L1_S24_F868,L1,L1_S24,0.0,0.0
feature:L1_S24_F870,feature,L1_S24_F870,L1,L1_S24,0.0,0.0
feature:L1_S24_F871,feature,L1_S24_F871,L1,L1_S24,0.0,0.0
feature:L1_S24_F872,feature,L1_S24_F872,L1,L1_S24,0.0,0.0
feature:L1_S24_F873,feature,L1_S24_F873,L1,L1_S24,0.0,0.0
feature:L1_S24_F875,feature,L1_S24_F875,L1,L1_S24,0.0,0.0
feature:L1_S24_F876,feature,L1_S24_F876,L1,L1_S24,0.0,0.0
feature:L1_S24_F877,feature,L1_S24_F877,L1,L1_S24,0.0,0.0
feature:L1_S24_F878,feature,L1_S24_F878,L1,L1_S24,0.0,0.0
feature:L1_S24_F880,feature,L1_S24_F880,L1,L1_S24,0.0,0.0
feature:L1_S24_F881,feature,L1_S24_F881,L1,L1_S24,0.0,0.0
feature:L1_S24_F882,feature,L1_S24_F882,L1,L1_S24,0.0,0.0
feature:L1_S24_F883,feature,L1_S24_F883,L1,L1_S24,0.0,0.0
feature:L1_S24_F885,feature,L1_S24_F885,L1,L1_S24,0.0,0.0
feature:L1_S24_F886,feature,L1_S24_F886,L1,L1_S24,0.0,0.0
feature:L1_S24_F887,feature,L1_S24_F887,L1,L1_S24,0.0,0.0
feature:L1_S24_F888,feature,L1_S24_F888,L1,L1_S24,0.0,0.0
feature:L1_S24_F890,feature,L1_S24_F890,L1,L1_S24,0.0,0.0
feature:L1_S24_F891,feature,L1_S24_F891,L1,L1_S24,0.0,0.0
feature:L1_S24_F892,feature,L1_S24_F892,L1,L1_S24,0.0,0.0
feature:L1_S24_F893,feature,L1_S24_F893,L1,L1_S24,0.0,0.0
feature:L1_S24_F895,feature,L1_S24_F895,L1,L1_S24,0.0,0.0
feature:L1_S24_F896,feature,L1_S24_F896,L1,L1_S24,0.0,0.0
feature:L1_S24_F897,feature,L1_S24_F897,L1,L1_S24,0.0,0.0
feature:L1_S24_F898,feature,L1_S24_F898,L1,L1_S24,0.0,0.0
feature:L1_S24_F900,feature,L1_S24_F900,L1,L1_S24,0.0,0.0
feature:L1_S24_F901,feature,L1_S24_F901,L1,L1_S24,0.0,0.0
feature:L1_S24_F902,feature,L1_S24_F902,L1,L1_S24,2.408480008113863,0.0016374657085731
feature:L1_S24_F903,feature,L1_S24_F903,L1,L1_S24,0.0,0.0
feature:L1_S24_F905,feature,L1_S24_F905,L1,L1_S24,0.0,0.0
feature:L1_S24_F906,feature,L1_S24_F906,L1,L1_S24,0.0,0.0
feature:L1_S24_F907,feature,L1_S24_F907,L1,L1_S24,0.0,0.0
feature:L1_S24_F908,feature,L1_S24_F908,L1,L1_S24,0.0,0.0
feature:L1_S24_F910,feature,L1_S24_F910,L1,L1_S24,0.0,0.0
feature:L1_S24_F911,feature,L1_S24_F911,L1,L1_S24,0.0,0.0
feature:L1_S24_F912,feature,L1_S24_F912,L1,L1_S24,0.0,0.0
feature:L1_S24_F914,feature,L1_S24_F914,L1,L1_S24,0.0,0.0
feature:L1_S24_F915,feature,L1_S24_F915,L1,L1_S24,0.0,0.0
feature:L1_S24_F916,feature,L1_S24_F916,L1,L1_S24,0.0,0.0
feature:L1_S24_F918,feature,L1_S24_F918,L1,L1_S24,0.0,0.0
feature:L1_S24_F919,feature,L1_S24_F919,L1,L1_S24,0.0,0.0
feature:L1_S24_F920,feature,L1_S24_F920,L1,L1_S24,0.0,0.0
feature:L1_S24_F921,feature,L1_S24_F921,L1,L1_S24,0.0,0.0
feature:L1_S24_F923,feature,L1_S24_F923,L1,L1_S24,0.0,0.0
feature:L1_S24_F924,feature,L1_S24_F924,L1,L1_S24,0.0,0.0
feature:L1_S24_F925,feature,L1_S24_F925,L1,L1_S24,0.0,0.0
feature:L1_S24_F926,feature,L1_S24_F926,L1,L1_S24,0.0,0.0
feature:L1_S24_F928,feature,L1_S24_F928,L1,L1_S24,0.0,0.0
feature:L1_S24_F929,feature,L1_S24_F929,L1,L1_S24,0.0,0.0
feature:L1_S24_F930,feature,L1_S24_F930,L1,L1_S24,0.07235044264674846,4.9189268100636255e-05
feature:L1_S24_F931,feature,L1_S24_F931,L1,L1_S24,0.0,0.0
feature:L1_S24_F933,feature,L1_S24_F933,L1,L1_S24,0.0,0.0
feature:L1_S24_F934,feature,L1_S24_F934,L1,L1_S24,0.0,0.0
feature:L1_S24_F935,feature,L1_S24_F935,L1,L1_S24,0.0,0.0
feature:L1_S24_F936,feature,L1_S24_F936,L1,L1_S24,0.0,0.0
feature:L1_S24_F938,feature,L1_S24_F938,L1,L1_S24,0.0,0.0
feature:L1_S24_F939,feature,L1_S24_F939,L1,L1_S24,0.0,0.0
feature:L1_S24_F940,feature,L1_S24_F940,L1,L1_S24,0.0,0.0
feature:L1_S24_F942,feature,L1_S24_F942,L1,L1_S24,0.0,0.0
feature:L1_S24_F943,feature,L1_S24_F943,L1,L1_S24,0.0,0.0
feature:L1_S24_F944,feature,L1_S24_F944,L1,L1_S24,0.0,0.0
feature:L1_S24_F946,feature,L1_S24_F946,L1,L1_S24,0.0,0.0
feature:L1_S24_F947,feature,L1_S24_F947,L1,L1_S24,0.0,0.0
feature:L1_S24_F948,feature,L1_S24_F948,L1,L1_S24,0.0,0.0
feature:L1_S24_F949,feature,L1_S24_F949,L1,L1_S24,0.0,0.0
feature:L1_S24_F951,feature,L1_S24_F951,L1,L1_S24,0.0,0.0
feature:L1_S24_F952,feature,L1_S24_F952,L1,L1_S24,0.0,0.0
feature:L1_S24_F953,feature,L1_S24_F953,L1,L1_S24,0.0,0.0
feature:L1_S24_F954,feature,L1_S24_F954,L1,L1_S24,0.0,0.0
feature:L1_S24_F956,feature,L1_S24_F956,L1,L1_S24,0.0,0.0
feature:L1_S24_F957,feature,L1_S24_F957,L1,L1_S24,0.0,0.0
feature:L1_S24_F958,feature,L1_S24_F958,L1,L1_S24,11.824505895546308,0.0080391877281724
feature:L1_S24_F959,feature,L1_S24_F959,L1,L1_S24,0.0,0.0
feature:L1_S24_F961,feature,L1_S24_F961,L1,L1_S24,0.0,0.0
feature:L1_S24_F962,feature,L1_S24_F962,L1,L1_S24,0.0,0.0
feature:L1_S24_F963,feature,L1_S24_F963,L1,L1_S24,7.545452032637334,0.0051299653380983
feature:L1_S24_F964,feature,L1_S24_F964,L1,L1_S24,0.0,0.0
feature:L1_S24_F966,feature,L1_S24_F966,L1,L1_S24,0.0,0.0
feature:L1_S24_F967,feature,L1_S24_F967,L1,L1_S24,0.0,0.0
feature:L1_S24_F968,feature,L1_S24_F968,L1,L1_S24,0.0,0.0
feature:L1_S24_F969,feature,L1_S24_F969,L1,L1_S24,0.0,0.0
feature:L1_S24_F971,feature,L1_S24_F971,L1,L1_S24,0.0,0.0
feature:L1_S24_F972,feature,L1_S24_F972,L1,L1_S24,0.0,0.0
feature:L1_S24_F973,feature,L1_S24_F973,L1,L1_S24,0.0,0.0
feature:L1_S24_F974,feature,L1_S24_F974,L1,L1_S24,0.0,0.0
feature:L1_S24_F976,feature,L1_S24_F976,L1,L1_S24,0.0,0.0
feature:L1_S24_F977,feature,L1_S24_F977,L1,L1_S24,0.0,0.0
feature:L1_S24_F978,feature,L1_S24_F978,L1,L1_S24,0.0,0.0
feature:L1_S24_F979,feature,L1_S24_F979,L1,L1_S24,0.0,0.0
feature:L1_S24_F981,feature,L1_S24_F981,L1,L1_S24,0.0,0.0
feature:L1_S24_F982,feature,L1_S24_F982,L1,L1_S24,0.0,0.0
feature:L1_S24_F983,feature,L1_S24_F983,L1,L1_S24,0.0,0.0
feature:L1_S24_F984,feature,L1_S24_F984,L1,L1_S24,0.0,0.0
feature:L1_S24_F986,feature,L1_S24_F986,L1,L1_S24,0.0,0.0
feature:L1_S24_F987,feature,L1_S24_F987,L1,L1_S24,0.0,0.0
feature:L1_S24_F988,feature,L1_S24_F988,L1,L1_S24,2.082801085600117,0.0014160447020359
feature:L1_S24_F989,feature,L1_S24_F989,L1,L1_S24,0.0,0.0
feature:L1_S24_F991,feature,L1_S24_F991,L1,L1_S24,0.0,0.0
feature:L1_S24_F992,feature,L1_S24_F992,L1,L1_S24,0.0,0.0
feature:L1_S24_F993,feature,L1_S24_F993,L1,L1_S24,0.0,0.0
feature:L1_S24_F994,feature,L1_S24_F994,L1,L1_S24,0.0,0.0
feature:L1_S24_F996,feature,L1_S24_F996,L1,L1_S24,0.0,0.0
feature:L1_S24_F997,feature,L1_S24_F997,L1,L1_S24,0.0,0.0
feature:L1_S24_F998,feature,L1_S24_F998,L1,L1_S24,1.6316413885273673,0.0011093124349803
feature:L1_S25_D1854,feature,L1_S25_D1854,L1,L1_S25,0.0,0.0
feature:L1_S25_D1857,feature,L1_S25_D1857,L1,L1_S25,0.0,0.0
feature:L1_S25_D1860,feature,L1_S25_D1860,L1,L1_S25,0.0,0.0
feature:L1_S25_D1862,feature,L1_S25_D1862,L1,L1_S25,0.0,0.0
feature:L1_S25_D1864,feature,L1_S25_D1864,L1,L1_S25,0.0,0.0
feature:L1_S25_D1867,feature,L1_S25_D1867,L1,L1_S25,0.0,0.0
feature:L1_S25_D1871,feature,L1_S25_D1871,L1,L1_S25,0.0,0.0
feature:L1_S25_D1875,feature,L1_S25_D1875,L1,L1_S25,0.0,0.0
feature:L1_S25_D1879,feature,L1_S25_D1879,L1,L1_S25,0.0,0.0
feature:L1_S25_D1883,feature,L1_S25_D1883,L1,L1_S25,0.0,0.0
feature:L1_S25_D1887,feature,L1_S25_D1887,L1,L1_S25,0.0,0.0
feature:L1_S25_D1891,feature,L1_S25_D1891,L1,L1_S25,0.0,0.0
feature:L1_S25_D1893,feature,L1_S25_D1893,L1,L1_S25,0.0,0.0
feature:L1_S25_D1895,feature,L1_S25_D1895,L1,L1_S25,0.0,0.0
feature:L1_S25_D1898,feature,L1_S25_D1898,L1,L1_S25,0.0,0.0
feature:L1_S25_D1902,feature,L1_S25_D1902,L1,L1_S25,0.0,0.0
feature:L1_S25_D1906,feature,L1_S25_D1906,L1,L1_S25,0.0,0.0
feature:L1_S25_D1911,feature,L1_S25_D1911,L1,L1_S25,0.0,0.0
feature:L1_S25_D1916,feature,L1_S25_D1916,L1,L1_S25,0.0,0.0
feature:L1_S25_D1921,feature,L1_S25_D1921,L1,L1_S25,0.0,0.0
feature:L1_S25_D1926,feature,L1_S25_D1926,L1,L1_S25,0.0,0.0
feature:L1_S25_D1931,feature,L1_S25_D1931,L1,L1_S25,0.0,0.0
feature:L1_S25_D1935,feature,L1_S25_D1935,L1,L1_S25,0.0,0.0
feature:L1_S25_D1940,feature,L1_S25_D1940,L1,L1_S25,0.0,0.0
feature:L1_S25_D1945,feature,L1_S25_D1945,L1,L1_S25,0.0,0.0
feature:L1_S25_D1950,feature,L1_S25_D1950,L1,L1_S25,0.0,0.0
feature:L1_S25_D1955,feature,L1_S25_D1955,L1,L1_S25,0.0,0.0
feature:L1_S25_D1960,feature,L1_S25_D1960,L1,L1_S25,0.0,0.0
feature:L1_S25_D1965,feature,L1_S25_D1965,L1,L1_S25,0.0,0.0
feature:L1_S25_D1970,feature,L1_S25_D1970,L1,L1_S25,0.0,0.0
feature:L1_S25_D1975,feature,L1_S25_D1975,L1,L1_S25,0.0,0.0
feature:L1_S25_D1980,feature,L1_S25_D1980,L1,L1_S25,0.0,0.0
feature:L1_S25_D1984,feature,L1_S25_D1984,L1,L1_S25,0.0,0.0
feature:L1_S25_D1989,feature,L1_S25_D1989,L1,L1_S25,0.0,0.0
feature:L1_S25_D1994,feature,L1_S25_D1994,L1,L1_S25,0.0,0.0
feature:L1_S25_D1999,feature,L1_S25_D1999,L1,L1_S25,0.0,0.0
feature:L1_S25_D2004,feature,L1_S25_D2004,L1,L1_S25,0.0,0.0
feature:L1_S25_D2009,feature,L1_S25_D2009,L1,L1_S25,0.0,0.0
feature:L1_S25_D2013,feature,L1_S25_D2013,L1,L1_S25,0.0,0.0
feature:L1_S25_D2018,feature,L1_S25_D2018,L1,L1_S25,0.0,0.0
feature:L1_S25_D2023,feature,L1_S25_D2023,L1,L1_S25,0.0,0.0
feature:L1_S25_D2028,feature,L1_S25_D2028,L1,L1_S25,0.0,0.0
feature:L1_S25_D2033,feature,L1_S25_D2033,L1,L1_S25,0.0,0.0
feature:L1_S25_D2038,feature,L1_S25_D2038,L1,L1_S25,0.0,0.0
feature:L1_S25_D2043,feature,L1_S25_D2043,L1,L1_S25,0.0,0.0
feature:L1_S25_D2048,feature,L1_S25_D2048,L1,L1_S25,0.0,0.0
feature:L1_S25_D2053,feature,L1_S25_D2053,L1,L1_S25,0.0,0.0
feature:L1_S25_D2058,feature,L1_S25_D2058,L1,L1_S25,0.0,0.0
feature:L1_S25_D2063,feature,L1_S25_D2063,L1,L1_S25,0.0,0.0
feature:L1_S25_D2068,feature,L1_S25_D2068,L1,L1_S25,0.0,0.0
feature:L1_S25_D2073,feature,L1_S25_D2073,L1,L1_S25,0.0,0.0
feature:L1_S25_D2078,feature,L1_S25_D2078,L1,L1_S25,0.0,0.0
feature:L1_S25_D2083,feature,L1_S25_D2083,L1,L1_S25,0.0,0.0
feature:L1_S25_D2088,feature,L1_S25_D2088,L1,L1_S25,0.0,0.0
feature:L1_S25_D2093,feature,L1_S25_D2093,L1,L1_S25,0.0,0.0
feature:L1_S25_D2098,feature,L1_S25_D2098,L1,L1_S25,0.0,0.0
feature:L1_S25_D2103,feature,L1_S25_D2103,L1,L1_S25,0.0,0.0
feature:L1_S25_D2108,feature,L1_S25_D2108,L1,L1_S25,0.0,0.0
feature:L1_S25_D2113,feature,L1_S25_D2113,L1,L1_S25,0.0,0.0
feature:L1_S25_D2118,feature,L1_S25_D2118,L1,L1_S25,0.0,0.0
feature:L1_S25_D2123,feature,L1_S25_D2123,L1,L1_S25,0.0,0.0
feature:L1_S25_D2128,feature,L1_S25_D2128,L1,L1_S25,0.0,0.0
feature:L1_S25_D2133,feature,L1_S25_D2133,L1,L1_S25,0.0,0.0
feature:L1_S25_D2138,feature,L1_S25_D2138,L1,L1_S25,0.0,0.0
feature:L1_S25_D2140,feature,L1_S25_D2140,L1,L1_S25,0.0,0.0
feature:L1_S25_D2143,feature,L1_S25_D2143,L1,L1_S25,0.0,0.0
feature:L1_S25_D2146,feature,L1_S25_D2146,L1,L1_S25,0.0,0.0
feature:L1_S25_D2149,feature,L1_S25_D2149,L1,L1_S25,0.0,0.0
feature:L1_S25_D2151,feature,L1_S25_D2151,L1,L1_S25,0.0,0.0
feature:L1_S25_D2154,feature,L1_S25_D2154,L1,L1_S25,0.0,0.0
feature:L1_S25_D2157,feature,L1_S25_D2157,L1,L1_S25,0.0,0.0
feature:L1_S25_D2160,feature,L1_S25_D2160,L1,L1_S25,0.0,0.0
feature:L1_S25_D2163,feature,L1_S25_D2163,L1,L1_S25,0.0,0.0
feature:L1_S25_D2166,feature,L1_S25_D2166,L1,L1_S25,0.0,0.0
feature:L1_S25_D2169,feature,L1_S25_D2169,L1,L1_S25,0.0,0.0
feature:L1_S25_D2172,feature,L1_S25_D2172,L1,L1_S25,0.0,0.0
feature:L1_S25_D2175,feature,L1_S25_D2175,L1,L1_S25,0.0,0.0
feature:L1_S25_D2178,feature,L1_S25_D2178,L1,L1_S25,0.0,0.0
feature:L1_S25_D2180,feature,L1_S25_D2180,L1,L1_S25,0.0,0.0
feature:L1_S25_D2183,feature,L1_S25_D2183,L1,L1_S25,0.0,0.0
feature:L1_S25_D2186,feature,L1_S25_D2186,L1,L1_S25,0.0,0.0
feature:L1_S25_D2189,feature,L1_S25_D2189,L1,L1_S25,0.0,0.0
feature:L1_S25_D2192,feature,L1_S25_D2192,L1,L1_S25,0.0,0.0
feature:L1_S25_D2195,feature,L1_S25_D2195,L1,L1_S25,0.0,0.0
feature:L1_S25_D2198,feature,L1_S25_D2198,L1,L1_S25,0.0,0.0
feature:L1_S25_D2201,feature,L1_S25_D2201,L1,L1_S25,0.0,0.0
feature:L1_S25_D2204,feature,L1_S25_D2204,L1,L1_S25,0.0,0.0
feature:L1_S25_D2206,feature,L1_S25_D2206,L1,L1_S25,0.0,0.0
feature:L1_S25_D2209,feature,L1_S25_D2209,L1,L1_S25,0.0,0.0
feature:L1_S25_D2212,feature,L1_S25_D2212,L1,L1_S25,0.0,0.0
feature:L1_S25_D2214,feature,L1_S25_D2214,L1,L1_S25,0.0,0.0
feature:L1_S25_D2216,feature,L1_S25_D2216,L1,L1_S25,0.0,0.0
feature:L1_S25_D2219,feature,L1_S25_D2219,L1,L1_S25,0.0,0.0
feature:L1_S25_D2222,feature,L1_S25_D2222,L1,L1_S25,0.0,0.0
feature:L1_S25_D2225,feature,L1_S25_D2225,L1,L1_S25,0.0,0.0
feature:L1_S25_D2228,feature,L1_S25_D2228,L1,L1_S25,0.0,0.0
feature:L1_S25_D2230,feature,L1_S25_D2230,L1,L1_S25,0.0,0.0
feature:L1_S25_D2232,feature,L1_S25_D2232,L1,L1_S25,0.0,0.0
feature:L1_S25_D2234,feature,L1_S25_D2234,L1,L1_S25,0.0,0.0
feature:L1_S25_D2235,feature,L1_S25_D2235,L1,L1_S25,0.0,0.0
feature:L1_S25_D2236,feature,L1_S25_D2236,L1,L1_S25,0.0,0.0
feature:L1_S25_D2238,feature,L1_S25_D2238,L1,L1_S25,0.0,0.0
feature:L1_S25_D2240,feature,L1_S25_D2240,L1,L1_S25,0.0,0.0
feature:L1_S25_D2242,feature,L1_S25_D2242,L1,L1_S25,0.0,0.0
feature:L1_S25_D2244,feature,L1_S25_D2244,L1,L1_S25,0.0,0.0
feature:L1_S25_D2246,feature,L1_S25_D2246,L1,L1_S25,0.0,0.0
feature:L1_S25_D2248,feature,L1_S25_D2248,L1,L1_S25,0.0,0.0
feature:L1_S25_D2251,feature,L1_S25_D2251,L1,L1_S25,0.0,0.0
feature:L1_S25_D2255,feature,L1_S25_D2255,L1,L1_S25,0.0,0.0
feature:L1_S25_D2260,feature,L1_S25_D2260,L1,L1_S25,0.0,0.0
feature:L1_S25_D2265,feature,L1_S25_D2265,L1,L1_S25,0.0,0.0
feature:L1_S25_D2270,feature,L1_S25_D2270,L1,L1_S25,0.0,0.0
feature:L1_S25_D2275,feature,L1_S25_D2275,L1,L1_S25,0.0,0.0
feature:L1_S25_D2280,feature,L1_S25_D2280,L1,L1_S25,0.0,0.0
feature:L1_S25_D2284,feature,L1_S25_D2284,L1,L1_S25,0.0,0.0
feature:L1_S25_D2289,feature,L1_S25_D2289,L1,L1_S25,0.0,0.0
feature:L1_S25_D2294,feature,L1_S25_D2294,L1,L1_S25,0.0,0.0
feature:L1_S25_D2299,feature,L1_S25_D2299,L1,L1_S25,0.0,0.0
feature:L1_S25_D2304,feature,L1_S25_D2304,L1,L1_S25,0.0,0.0
feature:L1_S25_D2309,feature,L1_S25_D2309,L1,L1_S25,0.0,0.0
feature:L1_S25_D2314,feature,L1_S25_D2314,L1,L1_S25,0.0,0.0
feature:L1_S25_D2319,feature,L1_S25_D2319,L1,L1_S25,0.0,0.0
feature:L1_S25_D2324,feature,L1_S25_D2324,L1,L1_S25,0.0,0.0
feature:L1_S25_D2329,feature,L1_S25_D2329,L1,L1_S25,0.0,0.0
feature:L1_S25_D2333,feature,L1_S25_D2333,L1,L1_S25,0.0,0.0
feature:L1_S25_D2338,feature,L1_S25_D2338,L1,L1_S25,0.0,0.0
feature:L1_S25_D2343,feature,L1_S25_D2343,L1,L1_S25,0.0,0.0
feature:L1_S25_D2348,feature,L1_S25_D2348,L1,L1_S25,0.0,0.0
feature:L1_S25_D2353,feature,L1_S25_D2353,L1,L1_S25,0.0,0.0
feature:L1_S25_D2358,feature,L1_S25_D2358,L1,L1_S25,0.0,0.0
feature:L1_S25_D2362,feature,L1_S25_D2362,L1,L1_S25,0.0,0.0
feature:L1_S25_D2367,feature,L1_S25_D2367,L1,L1_S25,0.0,0.0
feature:L1_S25_D2372,feature,L1_S25_D2372,L1,L1_S25,0.0,0.0
feature:L1_S25_D2377,feature,L1_S25_D2377,L1,L1_S25,0.0,0.0
feature:L1_S25_D2382,feature,L1_S25_D2382,L1,L1_S25,0.0,0.0
feature:L1_S25_D2387,feature,L1_S25_D2387,L1,L1_S25,0.0,0.0
feature:L1_S25_D2392,feature,L1_S25_D2392,L1,L1_S25,0.0,0.0
feature:L1_S25_D2397,feature,L1_S25_D2397,L1,L1_S25,0.0,0.0
feature:L1_S25_D2402,feature,L1_S25_D2402,L1,L1_S25,0.0,0.0
feature:L1_S25_D2406,feature,L1_S25_D2406,L1,L1_S25,0.0,0.0
feature:L1_S25_D2409,feature,L1_S25_D2409,L1,L1_S25,0.0,0.0
feature:L1_S25_D2412,feature,L1_S25_D2412,L1,L1_S25,0.0,0.0
feature:L1_S25_D2415,feature,L1_S25_D2415,L1,L1_S25,0.0,0.0
feature:L1_S25_D2418,feature,L1_S25_D2418,L1,L1_S25,0.0,0.0
feature:L1_S25_D2421,feature,L1_S25_D2421,L1,L1_S25,0.0,0.0
feature:L1_S25_D2424,feature,L1_S25_D2424,L1,L1_S25,0.0,0.0
feature:L1_S25_D2427,feature,L1_S25_D2427,L1,L1_S25,0.0,0.0
feature:L1_S25_D2430,feature,L1_S25_D2430,L1,L1_S25,0.0,0.0
feature:L1_S25_D2432,feature,L1_S25_D2432,L1,L1_S25,0.0,0.0
feature:L1_S25_D2434,feature,L1_S25_D2434,L1,L1_S25,0.0,0.0
feature:L1_S25_D2436,feature,L1_S25_D2436,L1,L1_S25,0.0,0.0
feature:L1_S25_D2438,feature,L1_S25_D2438,L1,L1_S25,0.0,0.0
feature:L1_S25_D2440,feature,L1_S25_D2440,L1,L1_S25,0.0,0.0
feature:L1_S25_D2442,feature,L1_S25_D2442,L1,L1_S25,0.0,0.0
feature:L1_S25_D2444,feature,L1_S25_D2444,L1,L1_S25,0.0,0.0
feature:L1_S25_D2445,feature,L1_S25_D2445,L1,L1_S25,0.0,0.0
feature:L1_S25_D2446,feature,L1_S25_D2446,L1,L1_S25,0.0,0.0
feature:L1_S25_D2448,feature,L1_S25_D2448,L1,L1_S25,0.0,0.0
feature:L1_S25_D2450,feature,L1_S25_D2450,L1,L1_S25,0.0,0.0
feature:L1_S25_D2452,feature,L1_S25_D2452,L1,L1_S25,0.0,0.0
feature:L1_S25_D2453,feature,L1_S25_D2453,L1,L1_S25,0.0,0.0
feature:L1_S25_D2455,feature,L1_S25_D2455,L1,L1_S25,0.0,0.0
feature:L1_S25_D2457,feature,L1_S25_D2457,L1,L1_S25,0.0,0.0
feature:L1_S25_D2459,feature,L1_S25_D2459,L1,L1_S25,0.0,0.0
feature:L1_S25_D2461,feature,L1_S25_D2461,L1,L1_S25,0.0,0.0
feature:L1_S25_D2463,feature,L1_S25_D2463,L1,L1_S25,0.0,0.0
feature:L1_S25_D2465,feature,L1_S25_D2465,L1,L1_S25,0.0,0.0
feature:L1_S25_D2467,feature,L1_S25_D2467,L1,L1_S25,0.0,0.0
feature:L1_S25_D2469,feature,L1_S25_D2469,L1,L1_S25,0.0,0.0
feature:L1_S25_D2471,feature,L1_S25_D2471,L1,L1_S25,0.0,0.0
feature:L1_S25_D2474,feature,L1_S25_D2474,L1,L1_S25,0.0,0.0
feature:L1_S25_D2477,feature,L1_S25_D2477,L1,L1_S25,0.0,0.0
feature:L1_S25_D2480,feature,L1_S25_D2480,L1,L1_S25,0.0,0.0
feature:L1_S25_D2483,feature,L1_S25_D2483,L1,L1_S25,0.0,0.0
feature:L1_S25_D2486,feature,L1_S25_D2486,L1,L1_S25,0.0,0.0
feature:L1_S25_D2489,feature,L1_S25_D2489,L1,L1_S25,0.0,0.0
feature:L1_S25_D2492,feature,L1_S25_D2492,L1,L1_S25,0.0,0.0
feature:L1_S25_D2495,feature,L1_S25_D2495,L1,L1_S25,0.0,0.0
feature:L1_S25_D2497,feature,L1_S25_D2497,L1,L1_S25,0.0,0.0
feature:L1_S25_D2499,feature,L1_S25_D2499,L1,L1_S25,0.0,0.0
feature:L1_S25_D2501,feature,L1_S25_D2501,L1,L1_S25,0.0,0.0
feature:L1_S25_D2502,feature,L1_S25_D2502,L1,L1_S25,0.0,0.0
feature:L1_S25_D2503,feature,L1_S25_D2503,L1,L1_S25,0.0,0.0
feature:L1_S25_D2505,feature,L1_S25_D2505,L1,L1_S25,0.0,0.0
feature:L1_S25_D2507,feature,L1_S25_D2507,L1,L1_S25,0.0,0.0
feature:L1_S25_D2509,feature,L1_S25_D2509,L1,L1_S25,0.0,0.0
feature:L1_S25_D2511,feature,L1_S25_D2511,L1,L1_S25,0.0,0.0
feature:L1_S25_D2513,feature,L1_S25_D2513,L1,L1_S25,0.0,0.0
feature:L1_S25_D2515,feature,L1_S25_D2515,L1,L1_S25,0.0,0.0
feature:L1_S25_D2518,feature,L1_S25_D2518,L1,L1_S25,0.0,0.0
feature:L1_S25_D2522,feature,L1_S25_D2522,L1,L1_S25,0.0,0.0
feature:L1_S25_D2527,feature,L1_S25_D2527,L1,L1_S25,0.0,0.0
feature:L1_S25_D2532,feature,L1_S25_D2532,L1,L1_S25,0.0,0.0
feature:L1_S25_D2537,feature,L1_S25_D2537,L1,L1_S25,0.0,0.0
feature:L1_S25_D2542,feature,L1_S25_D2542,L1,L1_S25,0.0,0.0
feature:L1_S25_D2547,feature,L1_S25_D2547,L1,L1_S25,0.0,0.0
feature:L1_S25_D2551,feature,L1_S25_D2551,L1,L1_S25,0.0,0.0
feature:L1_S25_D2556,feature,L1_S25_D2556,L1,L1_S25,0.0,0.0
feature:L1_S25_D2561,feature,L1_S25_D2561,L1,L1_S25,0.0,0.0
feature:L1_S25_D2566,feature,L1_S25_D2566,L1,L1_S25,0.0,0.0
feature:L1_S25_D2571,feature,L1_S25_D2571,L1,L1_S25,0.0,0.0
feature:L1_S25_D2576,feature,L1_S25_D2576,L1,L1_S25,0.0,0.0
feature:L1_S25_D2581,feature,L1_S25_D2581,L1,L1_S25,0.0,0.0
feature:L1_S25_D2586,feature,L1_S25_D2586,L1,L1_S25,0.0,0.0
feature:L1_S25_D2591,feature,L1_S25_D2591,L1,L1_S25,0.0,0.0
feature:L1_S25_D2596,feature,L1_S25_D2596,L1,L1_S25,0.0,0.0
feature:L1_S25_D2600,feature,L1_S25_D2600,L1,L1_S25,0.0,0.0
feature:L1_S25_D2605,feature,L1_S25_D2605,L1,L1_S25,0.0,0.0
feature:L1_S25_D2610,feature,L1_S25_D2610,L1,L1_S25,0.0,0.0
feature:L1_S25_D2615,feature,L1_S25_D2615,L1,L1_S25,0.0,0.0
feature:L1_S25_D2620,feature,L1_S25_D2620,L1,L1_S25,0.0,0.0
feature:L1_S25_D2625,feature,L1_S25_D2625,L1,L1_S25,0.0,0.0
feature:L1_S25_D2629,feature,L1_S25_D2629,L1,L1_S25,0.0,0.0
feature:L1_S25_D2634,feature,L1_S25_D2634,L1,L1_S25,0.0,0.0
feature:L1_S25_D2639,feature,L1_S25_D2639,L1,L1_S25,0.0,0.0
feature:L1_S25_D2644,feature,L1_S25_D2644,L1,L1_S25,0.0,0.0
feature:L1_S25_D2649,feature,L1_S25_D2649,L1,L1_S25,0.0,0.0
feature:L1_S25_D2654,feature,L1_S25_D2654,L1,L1_S25,0.0,0.0
feature:L1_S25_D2659,feature,L1_S25_D2659,L1,L1_S25,0.0,0.0
feature:L1_S25_D2664,feature,L1_S25_D2664,L1,L1_S25,0.0,0.0
feature:L1_S25_D2669,feature,L1_S25_D2669,L1,L1_S25,0.0,0.0
feature:L1_S25_D2674,feature,L1_S25_D2674,L1,L1_S25,0.0,0.0
feature:L1_S25_D2679,feature,L1_S25_D2679,L1,L1_S25,0.0,0.0
feature:L1_S25_D2684,feature,L1_S25_D2684,L1,L1_S25,0.0,0.0
feature:L1_S25_D2689,feature,L1_S25_D2689,L1,L1_S25,0.0,0.0
feature:L1_S25_D2694,feature,L1_S25_D2694,L1,L1_S25,0.0,0.0
feature:L1_S25_D2699,feature,L1_S25_D2699,L1,L1_S25,0.0,0.0
feature:L1_S25_D2704,feature,L1_S25_D2704,L1,L1_S25,0.0,0.0
feature:L1_S25_D2709,feature,L1_S25_D2709,L1,L1_S25,0.0,0.0
feature:L1_S25_D2713,feature,L1_S25_D2713,L1,L1_S25,0.0,0.0
feature:L1_S25_D2715,feature,L1_S25_D2715,L1,L1_S25,0.0,0.0
feature:L1_S25_D2717,feature,L1_S25_D2717,L1,L1_S25,0.0,0.0
feature:L1_S25_D2719,feature,L1_S25_D2719,L1,L1_S25,0.0,0.0
feature:L1_S25_D2721,feature,L1_S25_D2721,L1,L1_S25,0.0,0.0
feature:L1_S25_D2723,feature,L1_S25_D2723,L1,L1_S25,0.0,0.0
feature:L1_S25_D2725,feature,L1_S25_D2725,L1,L1_S25,0.0,0.0
feature:L1_S25_D2727,feature,L1_S25_D2727,L1,L1_S25,0.0,0.0
feature:L1_S25_D2728,feature,L1_S25_D2728,L1,L1_S25,0.0,0.0
feature:L1_S25_D2729,feature,L1_S25_D2729,L1,L1_S25,0.0,0.0
feature:L1_S25_D2731,feature,L1_S25_D2731,L1,L1_S25,0.0,0.0
feature:L1_S25_D2733,feature,L1_S25_D2733,L1,L1_S25,0.0,0.0
feature:L1_S25_D2735,feature,L1_S25_D2735,L1,L1_S25,0.0,0.0
feature:L1_S25_D2736,feature,L1_S25_D2736,L1,L1_S25,0.0,0.0
feature:L1_S25_D2738,feature,L1_S25_D2738,L1,L1_S25,0.0,0.0
feature:L1_S25_D2740,feature,L1_S25_D2740,L1,L1_S25,0.0,0.0
feature:L1_S25_D2742,feature,L1_S25_D2742,L1,L1_S25,0.0,0.0
feature:L1_S25_D2744,feature,L1_S25_D2744,L1,L1_S25,0.0,0.0
feature:L1_S25_D2746,feature,L1_S25_D2746,L1,L1_S25,0.0,0.0
feature:L1_S25_D2748,feature,L1_S25_D2748,L1,L1_S25,0.0,0.0
feature:L1_S25_D2750,feature,L1_S25_D2750,L1,L1_S25,0.0,0.0
feature:L1_S25_D2752,feature,L1_S25_D2752,L1,L1_S25,0.0,0.0
feature:L1_S25_D2754,feature,L1_S25_D2754,L1,L1_S25,0.0,0.0
feature:L1_S25_D2757,feature,L1_S25_D2757,L1,L1_S25,0.0,0.0
feature:L1_S25_D2760,feature,L1_S25_D2760,L1,L1_S25,0.0,0.0
feature:L1_S25_D2763,feature,L1_S25_D2763,L1,L1_S25,0.0,0.0
feature:L1_S25_D2766,feature,L1_S25_D2766,L1,L1_S25,0.0,0.0
feature:L1_S25_D2769,feature,L1_S25_D2769,L1,L1_S25,0.0,0.0
feature:L1_S25_D2772,feature,L1_S25_D2772,L1,L1_S25,0.0,0.0
feature:L1_S25_D2775,feature,L1_S25_D2775,L1,L1_S25,0.0,0.0
feature:L1_S25_D2778,feature,L1_S25_D2778,L1,L1_S25,0.0,0.0
feature:L1_S25_D2780,feature,L1_S25_D2780,L1,L1_S25,0.0,0.0
feature:L1_S25_D2782,feature,L1_S25_D2782,L1,L1_S25,0.0,0.0
feature:L1_S25_D2784,feature,L1_S25_D2784,L1,L1_S25,0.0,0.0
feature:L1_S25_D2785,feature,L1_S25_D2785,L1,L1_S25,0.0,0.0
feature:L1_S25_D2786,feature,L1_S25_D2786,L1,L1_S25,0.0,0.0
feature:L1_S25_D2788,feature,L1_S25_D2788,L1,L1_S25,0.0,0.0
feature:L1_S25_D2790,feature,L1_S25_D2790,L1,L1_S25,0.0,0.0
feature:L1_S25_D2792,feature,L1_S25_D2792,L1,L1_S25,0.0,0.0
feature:L1_S25_D2794,feature,L1_S25_D2794,L1,L1_S25,0.0,0.0
feature:L1_S25_D2796,feature,L1_S25_D2796,L1,L1_S25,0.0,0.0
feature:L1_S25_D2798,feature,L1_S25_D2798,L1,L1_S25,0.0,0.0
feature:L1_S25_D2801,feature,L1_S25_D2801,L1,L1_S25,0.0,0.0
feature:L1_S25_D2805,feature,L1_S25_D2805,L1,L1_S25,0.0,0.0
feature:L1_S25_D2810,feature,L1_S25_D2810,L1,L1_S25,0.0,0.0
feature:L1_S25_D2815,feature,L1_S25_D2815,L1,L1_S25,0.0,0.0
feature:L1_S25_D2820,feature,L1_S25_D2820,L1,L1_S25,0.0,0.0
feature:L1_S25_D2825,feature,L1_S25_D2825,L1,L1_S25,0.0,0.0
feature:L1_S25_D2830,feature,L1_S25_D2830,L1,L1_S25,0.0,0.0
feature:L1_S25_D2834,feature,L1_S25_D2834,L1,L1_S25,0.0,0.0
feature:L1_S25_D2839,feature,L1_S25_D2839,L1,L1_S25,0.0,0.0
feature:L1_S25_D2844,feature,L1_S25_D2844,L1,L1_S25,0.0,0.0
feature:L1_S25_D2849,feature,L1_S25_D2849,L1,L1_S25,0.0,0.0
feature:L1_S25_D2854,feature,L1_S25_D2854,L1,L1_S25,0.0,0.0
feature:L1_S25_D2859,feature,L1_S25_D2859,L1,L1_S25,0.0,0.0
feature:L1_S25_D2864,feature,L1_S25_D2864,L1,L1_S25,0.0,0.0
feature:L1_S25_D2869,feature,L1_S25_D2869,L1,L1_S25,0.0,0.0
feature:L1_S25_D2874,feature,L1_S25_D2874,L1,L1_S25,0.0,0.0
feature:L1_S25_D2879,feature,L1_S25_D2879,L1,L1_S25,0.0,0.0
feature:L1_S25_D2883,feature,L1_S25_D2883,L1,L1_S25,0.0,0.0
feature:L1_S25_D2888,feature,L1_S25_D2888,L1,L1_S25,0.0,0.0
feature:L1_S25_D2893,feature,L1_S25_D2893,L1,L1_S25,0.0,0.0
feature:L1_S25_D2898,feature,L1_S25_D2898,L1,L1_S25,0.0,0.0
feature:L1_S25_D2903,feature,L1_S25_D2903,L1,L1_S25,0.0,0.0
feature:L1_S25_D2908,feature,L1_S25_D2908,L1,L1_S25,0.0,0.0
feature:L1_S25_D2912,feature,L1_S25_D2912,L1,L1_S25,0.0,0.0
feature:L1_S25_D2917,feature,L1_S25_D2917,L1,L1_S25,0.0,0.0
feature:L1_S25_D2922,feature,L1_S25_D2922,L1,L1_S25,0.0,0.0
feature:L1_S25_D2927,feature,L1_S25_D2927,L1,L1_S25,0.0,0.0
feature:L1_S25_D2932,feature,L1_S25_D2932,L1,L1_S25,0.0,0.0
feature:L1_S25_D2937,feature,L1_S25_D2937,L1,L1_S25,0.0,0.0
feature:L1_S25_D2942,feature,L1_S25_D2942,L1,L1_S25,0.0,0.0
feature:L1_S25_D2947,feature,L1_S25_D2947,L1,L1_S25,0.0,0.0
feature:L1_S25_D2952,feature,L1_S25_D2952,L1,L1_S25,0.0,0.0
feature:L1_S25_D2957,feature,L1_S25_D2957,L1,L1_S25,0.0,0.0
feature:L1_S25_D2962,feature,L1_S25_D2962,L1,L1_S25,0.0,0.0
feature:L1_S25_D2967,feature,L1_S25_D2967,L1,L1_S25,0.0,0.0
feature:L1_S25_D2972,feature,L1_S25_D2972,L1,L1_S25,0.0,0.0
feature:L1_S25_D2977,feature,L1_S25_D2977,L1,L1_S25,0.0,0.0
feature:L1_S25_D2982,feature,L1_S25_D2982,L1,L1_S25,0.0,0.0
feature:L1_S25_D2987,feature,L1_S25_D2987,L1,L1_S25,0.0,0.0
feature:L1_S25_D2992,feature,L1_S25_D2992,L1,L1_S25,0.0,0.0
feature:L1_S25_D2996,feature,L1_S25_D2996,L1,L1_S25,0.0,0.0
feature:L1_S25_D2998,feature,L1_S25_D2998,L1,L1_S25,0.0,0.0
feature:L1_S25_D3000,feature,L1_S25_D3000,L1,L1_S25,0.0,0.0
feature:L1_S25_D3002,feature,L1_S25_D3002,L1,L1_S25,0.0,0.0
feature:L1_S25_D3004,feature,L1_S25_D3004,L1,L1_S25,0.0,0.0
feature:L1_S25_D3006,feature,L1_S25_D3006,L1,L1_S25,0.0,0.0
feature:L1_S25_D3008,feature,L1_S25_D3008,L1,L1_S25,0.0,0.0
feature:L1_S25_D3010,feature,L1_S25_D3010,L1,L1_S25,0.0,0.0
feature:L1_S25_D3011,feature,L1_S25_D3011,L1,L1_S25,0.0,0.0
feature:L1_S25_D3012,feature,L1_S25_D3012,L1,L1_S25,0.0,0.0
feature:L1_S25_D3014,feature,L1_S25_D3014,L1,L1_S25,0.0,0.0
feature:L1_S25_D3016,feature,L1_S25_D3016,L1,L1_S25,0.0,0.0
feature:L1_S25_D3018,feature,L1_S25_D3018,L1,L1_S25,0.0,0.0
feature:L1_S25_D3019,feature,L1_S25_D3019,L1,L1_S25,0.0,0.0
feature:L1_S25_D3021,feature,L1_S25_D3021,L1,L1_S25,0.0,0.0
feature:L1_S25_D3023,feature,L1_S25_D3023,L1,L1_S25,0.0,0.0
feature:L1_S25_D3025,feature,L1_S25_D3025,L1,L1_S25,0.0,0.0
feature:L1_S25_D3027,feature,L1_S25_D3027,L1,L1_S25,0.0,0.0
feature:L1_S25_D3029,feature,L1_S25_D3029,L1,L1_S25,0.0,0.0
feature:L1_S25_D3031,feature,L1_S25_D3031,L1,L1_S25,0.0,0.0
feature:L1_S25_D3033,feature,L1_S25_D3033,L1,L1_S25,0.0,0.0
feature:L1_S25_D3035,feature,L1_S25_D3035,L1,L1_S25,0.0,0.0
feature:L1_S25_F1852,feature,L1_S25_F1852,L1,L1_S25,0.0,0.0
feature:L1_S25_F1853,feature,L1_S25_F1853,L1,L1_S25,0.0,0.0
feature:L1_S25_F1855,feature,L1_S25_F1855,L1,L1_S25,0.0,0.0
feature:L1_S25_F1856,feature,L1_S25_F1856,L1,L1_S25,0.0,0.0
feature:L1_S25_F1858,feature,L1_S25_F1858,L1,L1_S25,0.0,0.0
feature:L1_S25_F1859,feature,L1_S25_F1859,L1,L1_S25,0.0,0.0
feature:L1_S25_F1861,feature,L1_S25_F1861,L1,L1_S25,0.0,0.0
feature:L1_S25_F1863,feature,L1_S25_F1863,L1,L1_S25,0.0,0.0
feature:L1_S25_F1865,feature,L1_S25_F1865,L1,L1_S25,0.0,0.0
feature:L1_S25_F1866,feature,L1_S25_F1866,L1,L1_S25,0.0,0.0
feature:L1_S25_F1868,feature,L1_S25_F1868,L1,L1_S25,0.0,0.0
feature:L1_S25_F1869,feature,L1_S25_F1869,L1,L1_S25,0.0,0.0
feature:L1_S25_F1870,feature,L1_S25_F1870,L1,L1_S25,0.0,0.0
feature:L1_S25_F1872,feature,L1_S25_F1872,L1,L1_S25,0.0,0.0
feature:L1_S25_F1873,feature,L1_S25_F1873,L1,L1_S25,0.0,0.0
feature:L1_S25_F1874,feature,L1_S25_F1874,L1,L1_S25,0.0,0.0
feature:L1_S25_F1876,feature,L1_S25_F1876,L1,L1_S25,0.0,0.0
feature:L1_S25_F1877,feature,L1_S25_F1877,L1,L1_S25,0.0,0.0
feature:L1_S25_F1878,feature,L1_S25_F1878,L1,L1_S25,0.0,0.0
feature:L1_S25_F1880,feature,L1_S25_F1880,L1,L1_S25,0.0,0.0
feature:L1_S25_F1881,feature,L1_S25_F1881,L1,L1_S25,0.0,0.0
feature:L1_S25_F1882,feature,L1_S25_F1882,L1,L1_S25,0.0,0.0
feature:L1_S25_F1884,feature,L1_S25_F1884,L1,L1_S25,0.0,0.0
feature:L1_S25_F1885,feature,L1_S25_F1885,L1,L1_S25,0.0,0.0
feature:L1_S25_F1886,feature,L1_S25_F1886,L1,L1_S25,0.0,0.0
feature:L1_S25_F1888,feature,L1_S25_F1888,L1,L1_S25,0.0,0.0
feature:L1_S25_F1889,feature,L1_S25_F1889,L1,L1_S25,0.0,0.0
feature:L1_S25_F1890,feature,L1_S25_F1890,L1,L1_S25,0.0,0.0
feature:L1_S25_F1892,feature,L1_S25_F1892,L1,L1_S25,0.0,0.0
feature:L1_S25_F1894,feature,L1_S25_F1894,L1,L1_S25,0.0,0.0
feature:L1_S25_F1896,feature,L1_S25_F1896,L1,L1_S25,0.0,0.0
feature:L1_S25_F1897,feature,L1_S25_F1897,L1,L1_S25,0.0,0.0
feature:L1_S25_F1899,feature,L1_S25_F1899,L1,L1_S25,0.0,0.0
feature:L1_S25_F1900,feature,L1_S25_F1900,L1,L1_S25,0.0,0.0
feature:L1_S25_F1901,feature,L1_S25_F1901,L1,L1_S25,0.0,0.0
feature:L1_S25_F1903,feature,L1_S25_F1903,L1,L1_S25,0.0,0.0
feature:L1_S25_F1904,feature,L1_S25_F1904,L1,L1_S25,0.0,0.0
feature:L1_S25_F1905,feature,L1_S25_F1905,L1,L1_S25,0.0,0.0
feature:L1_S25_F1907,feature,L1_S25_F1907,L1,L1_S25,0.0,0.0
feature:L1_S25_F1908,feature,L1_S25_F1908,L1,L1_S25,0.0,0.0
feature:L1_S25_F1909,feature,L1_S25_F1909,L1,L1_S25,0.0,0.0
feature:L1_S25_F1910,feature,L1_S25_F1910,L1,L1_S25,0.0,0.0
feature:L1_S25_F1912,feature,L1_S25_F1912,L1,L1_S25,0.0,0.0
feature:L1_S25_F1913,feature,L1_S25_F1913,L1,L1_S25,0.0,0.0
feature:L1_S25_F1914,feature,L1_S25_F1914,L1,L1_S25,0.0,0.0
feature:L1_S25_F1915,feature,L1_S25_F1915,L1,L1_S25,0.0,0.0
feature:L1_S25_F1917,feature,L1_S25_F1917,L1,L1_S25,0.0,0.0
feature:L1_S25_F1918,feature,L1_S25_F1918,L1,L1_S25,0.0,0.0
feature:L1_S25_F1919,feature,L1_S25_F1919,L1,L1_S25,0.0,0.0
feature:L1_S25_F1920,feature,L1_S25_F1920,L1,L1_S25,0.0,0.0
feature:L1_S25_F1922,feature,L1_S25_F1922,L1,L1_S25,0.0,0.0
feature:L1_S25_F1923,feature,L1_S25_F1923,L1,L1_S25,0.0,0.0
feature:L1_S25_F1924,feature,L1_S25_F1924,L1,L1_S25,0.0,0.0
feature:L1_S25_F1925,feature,L1_S25_F1925,L1,L1_S25,0.0,0.0
feature:L1_S25_F1927,feature,L1_S25_F1927,L1,L1_S25,0.0,0.0
feature:L1_S25_F1928,feature,L1_S25_F1928,L1,L1_S25,0.0,0.0
feature:L1_S25_F1929,feature,L1_S25_F1929,L1,L1_S25,0.0,0.0
feature:L1_S25_F1930,feature,L1_S25_F1930,L1,L1_S25,0.0,0.0
feature:L1_S25_F1932,feature,L1_S25_F1932,L1,L1_S25,0.0,0.0
feature:L1_S25_F1933,feature,L1_S25_F1933,L1,L1_S25,0.0,0.0
feature:L1_S25_F1934,feature,L1_S25_F1934,L1,L1_S25,0.0,0.0
feature:L1_S25_F1936,feature,L1_S25_F1936,L1,L1_S25,0.0,0.0
feature:L1_S25_F1937,feature,L1_S25_F1937,L1,L1_S25,0.0,0.0
feature:L1_S25_F1938,feature,L1_S25_F1938,L1,L1_S25,0.0,0.0
feature:L1_S25_F1939,feature,L1_S25_F1939,L1,L1_S25,0.0,0.0
feature:L1_S25_F1941,feature,L1_S25_F1941,L1,L1_S25,0.0,0.0
feature:L1_S25_F1942,feature,L1_S25_F1942,L1,L1_S25,0.0,0.0
feature:L1_S25_F1943,feature,L1_S25_F1943,L1,L1_S25,0.0,0.0
feature:L1_S25_F1944,feature,L1_S25_F1944,L1,L1_S25,0.0,0.0
feature:L1_S25_F1946,feature,L1_S25_F1946,L1,L1_S25,0.0,0.0
feature:L1_S25_F1947,feature,L1_S25_F1947,L1,L1_S25,0.0,0.0
feature:L1_S25_F1948,feature,L1_S25_F1948,L1,L1_S25,0.0,0.0
feature:L1_S25_F1949,feature,L1_S25_F1949,L1,L1_S25,0.0,0.0
feature:L1_S25_F1951,feature,L1_S25_F1951,L1,L1_S25,0.0,0.0
feature:L1_S25_F1952,feature,L1_S25_F1952,L1,L1_S25,0.0,0.0
feature:L1_S25_F1953,feature,L1_S25_F1953,L1,L1_S25,0.0,0.0
feature:L1_S25_F1954,feature,L1_S25_F1954,L1,L1_S25,0.0,0.0
feature:L1_S25_F1956,feature,L1_S25_F1956,L1,L1_S25,0.0,0.0
feature:L1_S25_F1957,feature,L1_S25_F1957,L1,L1_S25,0.0,0.0
feature:L1_S25_F1958,feature,L1_S25_F1958,L1,L1_S25,0.0,0.0
feature:L1_S25_F1959,feature,L1_S25_F1959,L1,L1_S25,0.0,0.0
feature:L1_S25_F1961,feature,L1_S25_F1961,L1,L1_S25,0.0,0.0
feature:L1_S25_F1962,feature,L1_S25_F1962,L1,L1_S25,0.0,0.0
feature:L1_S25_F1963,feature,L1_S25_F1963,L1,L1_S25,0.0,0.0
feature:L1_S25_F1964,feature,L1_S25_F1964,L1,L1_S25,0.0,0.0
feature:L1_S25_F1966,feature,L1_S25_F1966,L1,L1_S25,0.0,0.0
feature:L1_S25_F1967,feature,L1_S25_F1967,L1,L1_S25,0.0,0.0
feature:L1_S25_F1968,feature,L1_S25_F1968,L1,L1_S25,0.0,0.0
feature:L1_S25_F1969,feature,L1_S25_F1969,L1,L1_S25,0.0,0.0
feature:L1_S25_F1971,feature,L1_S25_F1971,L1,L1_S25,0.0,0.0
feature:L1_S25_F1972,feature,L1_S25_F1972,L1,L1_S25,0.0,0.0
feature:L1_S25_F1973,feature,L1_S25_F1973,L1,L1_S25,0.0,0.0
feature:L1_S25_F1974,feature,L1_S25_F1974,L1,L1_S25,0.0,0.0
feature:L1_S25_F1976,feature,L1_S25_F1976,L1,L1_S25,0.0,0.0
feature:L1_S25_F1977,feature,L1_S25_F1977,L1,L1_S25,0.0,0.0
feature:L1_S25_F1978,feature,L1_S25_F1978,L1,L1_S25,0.0,0.0
feature:L1_S25_F1979,feature,L1_S25_F1979,L1,L1_S25,0.0,0.0
feature:L1_S25_F1981,feature,L1_S25_F1981,L1,L1_S25,0.0,0.0
feature:L1_S25_F1982,feature,L1_S25_F1982,L1,L1_S25,0.0,0.0
feature:L1_S25_F1983,feature,L1_S25_F1983,L1,L1_S25,0.0,0.0
feature:L1_S25_F1985,feature,L1_S25_F1985,L1,L1_S25,0.0,0.0
feature:L1_S25_F1986,feature,L1_S25_F1986,L1,L1_S25,0.0,0.0
feature:L1_S25_F1987,feature,L1_S25_F1987,L1,L1_S25,0.0,0.0
feature:L1_S25_F1988,feature,L1_S25_F1988,L1,L1_S25,0.0,0.0
feature:L1_S25_F1990,feature,L1_S25_F1990,L1,L1_S25,0.0,0.0
feature:L1_S25_F1991,feature,L1_S25_F1991,L1,L1_S25,0.0,0.0
feature:L1_S25_F1992,feature,L1_S25_F1992,L1,L1_S25,0.0,0.0
feature:L1_S25_F1993,feature,L1_S25_F1993,L1,L1_S25,0.0,0.0
feature:L1_S25_F1995,feature,L1_S25_F1995,L1,L1_S25,0.0,0.0
feature:L1_S25_F1996,feature,L1_S25_F1996,L1,L1_S25,0.0,0.0
feature:L1_S25_F1997,feature,L1_S25_F1997,L1,L1_S25,0.0,0.0
feature:L1_S25_F1998,feature,L1_S25_F1998,L1,L1_S25,0.0,0.0
feature:L1_S25_F2000,feature,L1_S25_F2000,L1,L1_S25,0.0,0.0
feature:L1_S25_F2001,feature,L1_S25_F2001,L1,L1_S25,0.0,0.0
feature:L1_S25_F2002,feature,L1_S25_F2002,L1,L1_S25,0.0,0.0
feature:L1_S25_F2003,feature,L1_S25_F2003,L1,L1_S25,0.0,0.0
feature:L1_S25_F2005,feature,L1_S25_F2005,L1,L1_S25,0.0,0.0
feature:L1_S25_F2006,feature,L1_S25_F2006,L1,L1_S25,0.0,0.0
feature:L1_S25_F2007,feature,L1_S25_F2007,L1,L1_S25,0.0,0.0
feature:L1_S25_F2008,feature,L1_S25_F2008,L1,L1_S25,0.0,0.0
feature:L1_S25_F2010,feature,L1_S25_F2010,L1,L1_S25,0.0,0.0
feature:L1_S25_F2011,feature,L1_S25_F2011,L1,L1_S25,0.0,0.0
feature:L1_S25_F2012,feature,L1_S25_F2012,L1,L1_S25,0.0,0.0
feature:L1_S25_F2014,feature,L1_S25_F2014,L1,L1_S25,0.0,0.0
feature:L1_S25_F2015,feature,L1_S25_F2015,L1,L1_S25,0.0,0.0
feature:L1_S25_F2016,feature,L1_S25_F2016,L1,L1_S25,0.0,0.0
feature:L1_S25_F2017,feature,L1_S25_F2017,L1,L1_S25,0.0,0.0
feature:L1_S25_F2019,feature,L1_S25_F2019,L1,L1_S25,0.0,0.0
feature:L1_S25_F2020,feature,L1_S25_F2020,L1,L1_S25,0.0,0.0
feature:L1_S25_F2021,feature,L1_S25_F2021,L1,L1_S25,0.0,0.0
feature:L1_S25_F2022,feature,L1_S25_F2022,L1,L1_S25,0.0,0.0
feature:L1_S25_F2024,feature,L1_S25_F2024,L1,L1_S25,0.0,0.0
feature:L1_S25_F2025,feature,L1_S25_F2025,L1,L1_S25,0.0,0.0
feature:L1_S25_F2026,feature,L1_S25_F2026,L1,L1_S25,0.0,0.0
feature:L1_S25_F2027,feature,L1_S25_F2027,L1,L1_S25,0.0,0.0
feature:L1_S25_F2029,feature,L1_S25_F2029,L1,L1_S25,0.0,0.0
feature:L1_S25_F2030,feature,L1_S25_F2030,L1,L1_S25,0.0,0.0
feature:L1_S25_F2031,feature,L1_S25_F2031,L1,L1_S25,0.0,0.0
feature:L1_S25_F2032,feature,L1_S25_F2032,L1,L1_S25,0.0,0.0
feature:L1_S25_F2034,feature,L1_S25_F2034,L1,L1_S25,0.0,0.0
feature:L1_S25_F2035,feature,L1_S25_F2035,L1,L1_S25,0.0,0.0
feature:L1_S25_F2036,feature,L1_S25_F2036,L1,L1_S25,0.0,0.0
feature:L1_S25_F2037,feature,L1_S25_F2037,L1,L1_S25,0.0,0.0
feature:L1_S25_F2039,feature,L1_S25_F2039,L1,L1_S25,0.0,0.0
feature:L1_S25_F2040,feature,L1_S25_F2040,L1,L1_S25,0.0,0.0
feature:L1_S25_F2041,feature,L1_S25_F2041,L1,L1_S25,0.0,0.0
feature:L1_S25_F2042,feature,L1_S25_F2042,L1,L1_S25,0.0,0.0
feature:L1_S25_F2044,feature,L1_S25_F2044,L1,L1_S25,0.0,0.0
feature:L1_S25_F2045,feature,L1_S25_F2045,L1,L1_S25,0.0,0.0
feature:L1_S25_F2046,feature,L1_S25_F2046,L1,L1_S25,0.0,0.0
feature:L1_S25_F2047,feature,L1_S25_F2047,L1,L1_S25,0.0,0.0
feature:L1_S25_F2049,feature,L1_S25_F2049,L1,L1_S25,0.0,0.0
feature:L1_S25_F2050,feature,L1_S25_F2050,L1,L1_S25,0.0,0.0
feature:L1_S25_F2051,feature,L1_S25_F2051,L1,L1_S25,0.0,0.0
feature:L1_S25_F2052,feature,L1_S25_F2052,L1,L1_S25,0.0,0.0
feature:L1_S25_F2054,feature,L1_S25_F2054,L1,L1_S25,0.0,0.0
feature:L1_S25_F2055,feature,L1_S25_F2055,L1,L1_S25,0.0,0.0
feature:L1_S25_F2056,feature,L1_S25_F2056,L1,L1_S25,0.0,0.0
feature:L1_S25_F2057,feature,L1_S25_F2057,L1,L1_S25,0.0,0.0
feature:L1_S25_F2059,feature,L1_S25_F2059,L1,L1_S25,0.0,0.0
feature:L1_S25_F2060,feature,L1_S25_F2060,L1,L1_S25,0.0,0.0
feature:L1_S25_F2061,feature,L1_S25_F2061,L1,L1_S25,0.0,0.0
feature:L1_S25_F2062,feature,L1_S25_F2062,L1,L1_S25,0.0,0.0
feature:L1_S25_F2064,feature,L1_S25_F2064,L1,L1_S25,0.0,0.0
feature:L1_S25_F2065,feature,L1_S25_F2065,L1,L1_S25,0.0,0.0
feature:L1_S25_F2066,feature,L1_S25_F2066,L1,L1_S25,0.0,0.0
feature:L1_S25_F2067,feature,L1_S25_F2067,L1,L1_S25,0.0,0.0
feature:L1_S25_F2069,feature,L1_S25_F2069,L1,L1_S25,0.0,0.0
feature:L1_S25_F2070,feature,L1_S25_F2070,L1,L1_S25,0.0,0.0
feature:L1_S25_F2071,feature,L1_S25_F2071,L1,L1_S25,0.0,0.0
feature:L1_S25_F2072,feature,L1_S25_F2072,L1,L1_S25,0.0,0.0
feature:L1_S25_F2074,feature,L1_S25_F2074,L1,L1_S25,0.0,0.0
feature:L1_S25_F2075,feature,L1_S25_F2075,L1,L1_S25,0.0,0.0
feature:L1_S25_F2076,feature,L1_S25_F2076,L1,L1_S25,0.0,0.0
feature:L1_S25_F2077,feature,L1_S25_F2077,L1,L1_S25,0.0,0.0
feature:L1_S25_F2079,feature,L1_S25_F2079,L1,L1_S25,0.0,0.0
feature:L1_S25_F2080,feature,L1_S25_F2080,L1,L1_S25,0.0,0.0
feature:L1_S25_F2081,feature,L1_S25_F2081,L1,L1_S25,0.0,0.0
feature:L1_S25_F2082,feature,L1_S25_F2082,L1,L1_S25,0.0,0.0
feature:L1_S25_F2084,feature,L1_S25_F2084,L1,L1_S25,0.0,0.0
feature:L1_S25_F2085,feature,L1_S25_F2085,L1,L1_S25,0.0,0.0
feature:L1_S25_F2086,feature,L1_S25_F2086,L1,L1_S25,0.0,0.0
feature:L1_S25_F2087,feature,L1_S25_F2087,L1,L1_S25,0.0,0.0
feature:L1_S25_F2089,feature,L1_S25_F2089,L1,L1_S25,0.0,0.0
feature:L1_S25_F2090,feature,L1_S25_F2090,L1,L1_S25,0.0,0.0
feature:L1_S25_F2091,feature,L1_S25_F2091,L1,L1_S25,0.0,0.0
feature:L1_S25_F2092,feature,L1_S25_F2092,L1,L1_S25,0.0,0.0
feature:L1_S25_F2094,feature,L1_S25_F2094,L1,L1_S25,0.0,0.0
feature:L1_S25_F2095,feature,L1_S25_F2095,L1,L1_S25,0.0,0.0
feature:L1_S25_F2096,feature,L1_S25_F2096,L1,L1_S25,0.0,0.0
feature:L1_S25_F2097,feature,L1_S25_F2097,L1,L1_S25,0.0,0.0
feature:L1_S25_F2099,feature,L1_S25_F2099,L1,L1_S25,0.0,0.0
feature:L1_S25_F2100,feature,L1_S25_F2100,L1,L1_S25,0.0,0.0
feature:L1_S25_F2101,feature,L1_S25_F2101,L1,L1_S25,0.0,0.0
feature:L1_S25_F2102,feature,L1_S25_F2102,L1,L1_S25,0.0,0.0
feature:L1_S25_F2104,feature,L1_S25_F2104,L1,L1_S25,0.0,0.0
feature:L1_S25_F2105,feature,L1_S25_F2105,L1,L1_S25,0.0,0.0
feature:L1_S25_F2106,feature,L1_S25_F2106,L1,L1_S25,0.0,0.0
feature:L1_S25_F2107,feature,L1_S25_F2107,L1,L1_S25,0.0,0.0
feature:L1_S25_F2109,feature,L1_S25_F2109,L1,L1_S25,0.0,0.0
feature:L1_S25_F2110,feature,L1_S25_F2110,L1,L1_S25,0.0,0.0
feature:L1_S25_F2111,feature,L1_S25_F2111,L1,L1_S25,0.0,0.0
feature:L1_S25_F2112,feature,L1_S25_F2112,L1,L1_S25,0.0,0.0
feature:L1_S25_F2114,feature,L1_S25_F2114,L1,L1_S25,0.0,0.0
feature:L1_S25_F2115,feature,L1_S25_F2115,L1,L1_S25,0.0,0.0
feature:L1_S25_F2116,feature,L1_S25_F2116,L1,L1_S25,0.0,0.0
feature:L1_S25_F2117,feature,L1_S25_F2117,L1,L1_S25,0.0,0.0
feature:L1_S25_F2119,feature,L1_S25_F2119,L1,L1_S25,0.0,0.0
feature:L1_S25_F2120,feature,L1_S25_F2120,L1,L1_S25,0.0,0.0
feature:L1_S25_F2121,feature,L1_S25_F2121,L1,L1_S25,0.0,0.0
feature:L1_S25_F2122,feature,L1_S25_F2122,L1,L1_S25,0.0,0.0
feature:L1_S25_F2124,feature,L1_S25_F2124,L1,L1_S25,0.0,0.0
feature:L1_S25_F2125,feature,L1_S25_F2125,L1,L1_S25,0.0,0.0
feature:L1_S25_F2126,feature,L1_S25_F2126,L1,L1_S25,0.0,0.0
feature:L1_S25_F2127,feature,L1_S25_F2127,L1,L1_S25,0.0,0.0
feature:L1_S25_F2129,feature,L1_S25_F2129,L1,L1_S25,0.0,0.0
feature:L1_S25_F2130,feature,L1_S25_F2130,L1,L1_S25,0.0,0.0
feature:L1_S25_F2131,feature,L1_S25_F2131,L1,L1_S25,0.0,0.0
feature:L1_S25_F2132,feature,L1_S25_F2132,L1,L1_S25,0.0,0.0
feature:L1_S25_F2134,feature,L1_S25_F2134,L1,L1_S25,0.0,0.0
feature:L1_S25_F2135,feature,L1_S25_F2135,L1,L1_S25,0.0,0.0
feature:L1_S25_F2136,feature,L1_S25_F2136,L1,L1_S25,0.0,0.0
feature:L1_S25_F2137,feature,L1_S25_F2137,L1,L1_S25,0.0,0.0
feature:L1_S25_F2139,feature,L1_S25_F2139,L1,L1_S25,0.0,0.0
feature:L1_S25_F2141,feature,L1_S25_F2141,L1,L1_S25,0.0,0.0
feature:L1_S25_F2142,feature,L1_S25_F2142,L1,L1_S25,0.0,0.0
feature:L1_S25_F2144,feature,L1_S25_F2144,L1,L1_S25,0.0,0.0
feature:L1_S25_F2145,feature,L1_S25_F2145,L1,L1_S25,0.0,0.0
feature:L1_S25_F2147,feature,L1_S25_F2147,L1,L1_S25,0.0,0.0
feature:L1_S25_F2148,feature,L1_S25_F2148,L1,L1_S25,0.0,0.0
feature:L1_S25_F2150,feature,L1_S25_F2150,L1,L1_S25,0.0,0.0
feature:L1_S25_F2152,feature,L1_S25_F2152,L1,L1_S25,0.0,0.0
feature:L1_S25_F2153,feature,L1_S25_F2153,L1,L1_S25,0.0,0.0
feature:L1_S25_F2155,feature,L1_S25_F2155,L1,L1_S25,0.0,0.0
feature:L1_S25_F2156,feature,L1_S25_F2156,L1,L1_S25,0.0,0.0
feature:L1_S25_F2158,feature,L1_S25_F2158,L1,L1_S25,0.0,0.0
feature:L1_S25_F2159,feature,L1_S25_F2159,L1,L1_S25,0.0,0.0
feature:L1_S25_F2161,feature,L1_S25_F2161,L1,L1_S25,0.0,0.0
feature:L1_S25_F2162,feature,L1_S25_F2162,L1,L1_S25,0.0,0.0
feature:L1_S25_F2164,feature,L1_S25_F2164,L1,L1_S25,0.0,0.0
feature:L1_S25_F2165,feature,L1_S25_F2165,L1,L1_S25,0.0,0.0
feature:L1_S25_F2167,feature,L1_S25_F2167,L1,L1_S25,0.0,0.0
feature:L1_S25_F2168,feature,L1_S25_F2168,L1,L1_S25,0.0,0.0
feature:L1_S25_F2170,feature,L1_S25_F2170,L1,L1_S25,0.0,0.0
feature:L1_S25_F2171,feature,L1_S25_F2171,L1,L1_S25,0.0,0.0
feature:L1_S25_F2173,feature,L1_S25_F2173,L1,L1_S25,0.0,0.0
feature:L1_S25_F2174,feature,L1_S25_F2174,L1,L1_S25,0.0,0.0
feature:L1_S25_F2176,feature,L1_S25_F2176,L1,L1_S25,0.0,0.0
feature:L1_S25_F2177,feature,L1_S25_F2177,L1,L1_S25,0.0,0.0
feature:L1_S25_F2179,feature,L1_S25_F2179,L1,L1_S25,0.0,0.0
feature:L1_S25_F2181,feature,L1_S25_F2181,L1,L1_S25,0.0,0.0
feature:L1_S25_F2182,feature,L1_S25_F2182,L1,L1_S25,0.0,0.0
feature:L1_S25_F2184,feature,L1_S25_F2184,L1,L1_S25,0.0,0.0
feature:L1_S25_F2185,feature,L1_S25_F2185,L1,L1_S25,0.0,0.0
feature:L1_S25_F2187,feature,L1_S25_F2187,L1,L1_S25,0.0,0.0
feature:L1_S25_F2188,feature,L1_S25_F2188,L1,L1_S25,0.0,0.0
feature:L1_S25_F2190,feature,L1_S25_F2190,L1,L1_S25,0.0,0.0
feature:L1_S25_F2191,feature,L1_S25_F2191,L1,L1_S25,0.0,0.0
feature:L1_S25_F2193,feature,L1_S25_F2193,L1,L1_S25,0.0,0.0
feature:L1_S25_F2194,feature,L1_S25_F2194,L1,L1_S25,0.0,0.0
feature:L1_S25_F2196,feature,L1_S25_F2196,L1,L1_S25,0.0,0.0
feature:L1_S25_F2197,feature,L1_S25_F2197,L1,L1_S25,0.0,0.0
feature:L1_S25_F2199,feature,L1_S25_F2199,L1,L1_S25,0.0,0.0
feature:L1_S25_F2200,feature,L1_S25_F2200,L1,L1_S25,0.0,0.0
feature:L1_S25_F2202,feature,L1_S25_F2202,L1,L1_S25,0.0,0.0
feature:L1_S25_F2203,feature,L1_S25_F2203,L1,L1_S25,0.0,0.0
feature:L1_S25_F2205,feature,L1_S25_F2205,L1,L1_S25,0.0,0.0
feature:L1_S25_F2207,feature,L1_S25_F2207,L1,L1_S25,0.0,0.0
feature:L1_S25_F2208,feature,L1_S25_F2208,L1,L1_S25,0.0,0.0
feature:L1_S25_F2210,feature,L1_S25_F2210,L1,L1_S25,0.0,0.0
feature:L1_S25_F2211,feature,L1_S25_F2211,L1,L1_S25,0.0,0.0
feature:L1_S25_F2213,feature,L1_S25_F2213,L1,L1_S25,0.0,0.0
feature:L1_S25_F2215,feature,L1_S25_F2215,L1,L1_S25,0.0,0.0
feature:L1_S25_F2217,feature,L1_S25_F2217,L1,L1_S25,0.0,0.0
feature:L1_S25_F2218,feature,L1_S25_F2218,L1,L1_S25,0.0,0.0
feature:L1_S25_F2220,feature,L1_S25_F2220,L1,L1_S25,0.0,0.0
feature:L1_S25_F2221,feature,L1_S25_F2221,L1,L1_S25,0.0,0.0
feature:L1_S25_F2223,feature,L1_S25_F2223,L1,L1_S25,0.0,0.0
feature:L1_S25_F2224,feature,L1_S25_F2224,L1,L1_S25,0.0,0.0
feature:L1_S25_F2226,feature,L1_S25_F2226,L1,L1_S25,0.0,0.0
feature:L1_S25_F2227,feature,L1_S25_F2227,L1,L1_S25,0.0,0.0
feature:L1_S25_F2229,feature,L1_S25_F2229,L1,L1_S25,0.0,0.0
feature:L1_S25_F2231,feature,L1_S25_F2231,L1,L1_S25,0.0,0.0
feature:L1_S25_F2233,feature,L1_S25_F2233,L1,L1_S25,0.0,0.0
feature:L1_S25_F2237,feature,L1_S25_F2237,L1,L1_S25,6.386769435358533,0.0043422058326124
feature:L1_S25_F2239,feature,L1_S25_F2239,L1,L1_S25,0.0,0.0
feature:L1_S25_F2241,feature,L1_S25_F2241,L1,L1_S25,0.0,0.0
feature:L1_S25_F2243,feature,L1_S25_F2243,L1,L1_S25,0.0,0.0
feature:L1_S25_F2245,feature,L1_S25_F2245,L1,L1_S25,0.0,0.0
feature:L1_S25_F2247,feature,L1_S25_F2247,L1,L1_S25,0.0,0.0
feature:L1_S25_F2249,feature,L1_S25_F2249,L1,L1_S25,0.0,0.0
feature:L1_S25_F2250,feature,L1_S25_F2250,L1,L1_S25,0.0,0.0
feature:L1_S25_F2252,feature,L1_S25_F2252,L1,L1_S25,0.0,0.0
feature:L1_S25_F2253,feature,L1_S25_F2253,L1,L1_S25,0.0,0.0
feature:L1_S25_F2254,feature,L1_S25_F2254,L1,L1_S25,0.0,0.0
feature:L1_S25_F2256,feature,L1_S25_F2256,L1,L1_S25,0.0,0.0
feature:L1_S25_F2257,feature,L1_S25_F2257,L1,L1_S25,0.0,0.0
feature:L1_S25_F2258,feature,L1_S25_F2258,L1,L1_S25,0.0,0.0
feature:L1_S25_F2259,feature,L1_S25_F2259,L1,L1_S25,0.0,0.0
feature:L1_S25_F2261,feature,L1_S25_F2261,L1,L1_S25,0.0,0.0
feature:L1_S25_F2262,feature,L1_S25_F2262,L1,L1_S25,0.0,0.0
feature:L1_S25_F2263,feature,L1_S25_F2263,L1,L1_S25,0.0,0.0
feature:L1_S25_F2264,feature,L1_S25_F2264,L1,L1_S25,0.0,0.0
feature:L1_S25_F2266,feature,L1_S25_F2266,L1,L1_S25,0.0,0.0
feature:L1_S25_F2267,feature,L1_S25_F2267,L1,L1_S25,0.0,0.0
feature:L1_S25_F2268,feature,L1_S25_F2268,L1,L1_S25,0.0,0.0
feature:L1_S25_F2269,feature,L1_S25_F2269,L1,L1_S25,0.0,0.0
feature:L1_S25_F2271,feature,L1_S25_F2271,L1,L1_S25,0.0,0.0
feature:L1_S25_F2272,feature,L1_S25_F2272,L1,L1_S25,0.0,0.0
feature:L1_S25_F2273,feature,L1_S25_F2273,L1,L1_S25,0.0,0.0
feature:L1_S25_F2274,feature,L1_S25_F2274,L1,L1_S25,0.0,0.0
feature:L1_S25_F2276,feature,L1_S25_F2276,L1,L1_S25,0.0,0.0
feature:L1_S25_F2277,feature,L1_S25_F2277,L1,L1_S25,0.0,0.0
feature:L1_S25_F2278,feature,L1_S25_F2278,L1,L1_S25,0.0,0.0
feature:L1_S25_F2279,feature,L1_S25_F2279,L1,L1_S25,0.0,0.0
feature:L1_S25_F2281,feature,L1_S25_F2281,L1,L1_S25,0.0,0.0
feature:L1_S25_F2282,feature,L1_S25_F2282,L1,L1_S25,0.0,0.0
feature:L1_S25_F2283,feature,L1_S25_F2283,L1,L1_S25,0.0,0.0
feature:L1_S25_F2285,feature,L1_S25_F2285,L1,L1_S25,0.0,0.0
feature:L1_S25_F2286,feature,L1_S25_F2286,L1,L1_S25,0.0,0.0
feature:L1_S25_F2287,feature,L1_S25_F2287,L1,L1_S25,0.0,0.0
feature:L1_S25_F2288,feature,L1_S25_F2288,L1,L1_S25,0.0,0.0
feature:L1_S25_F2290,feature,L1_S25_F2290,L1,L1_S25,0.0,0.0
feature:L1_S25_F2291,feature,L1_S25_F2291,L1,L1_S25,0.0,0.0
feature:L1_S25_F2292,feature,L1_S25_F2292,L1,L1_S25,0.0,0.0
feature:L1_S25_F2293,feature,L1_S25_F2293,L1,L1_S25,0.0,0.0
feature:L1_S25_F2295,feature,L1_S25_F2295,L1,L1_S25,0.0,0.0
feature:L1_S25_F2296,feature,L1_S25_F2296,L1,L1_S25,0.0,0.0
feature:L1_S25_F2297,feature,L1_S25_F2297,L1,L1_S25,0.0,0.0
feature:L1_S25_F2298,feature,L1_S25_F2298,L1,L1_S25,0.0,0.0
feature:L1_S25_F2300,feature,L1_S25_F2300,L1,L1_S25,0.0,0.0
feature:L1_S25_F2301,feature,L1_S25_F2301,L1,L1_S25,0.0,0.0
feature:L1_S25_F2302,feature,L1_S25_F2302,L1,L1_S25,0.0,0.0
feature:L1_S25_F2303,feature,L1_S25_F2303,L1,L1_S25,0.0,0.0
feature:L1_S25_F2305,feature,L1_S25_F2305,L1,L1_S25,0.0,0.0
feature:L1_S25_F2306,feature,L1_S25_F2306,L1,L1_S25,0.0,0.0
feature:L1_S25_F2307,feature,L1_S25_F2307,L1,L1_S25,0.0,0.0
feature:L1_S25_F2308,feature,L1_S25_F2308,L1,L1_S25,0.0,0.0
feature:L1_S25_F2310,feature,L1_S25_F2310,L1,L1_S25,0.0,0.0
feature:L1_S25_F2311,feature,L1_S25_F2311,L1,L1_S25,0.0,0.0
feature:L1_S25_F2312,feature,L1_S25_F2312,L1,L1_S25,0.0,0.0
feature:L1_S25_F2313,feature,L1_S25_F2313,L1,L1_S25,0.0,0.0
feature:L1_S25_F2315,feature,L1_S25_F2315,L1,L1_S25,0.0,0.0
feature:L1_S25_F2316,feature,L1_S25_F2316,L1,L1_S25,0.0,0.0
feature:L1_S25_F2317,feature,L1_S25_F2317,L1,L1_S25,0.0,0.0
feature:L1_S25_F2318,feature,L1_S25_F2318,L1,L1_S25,0.0,0.0
feature:L1_S25_F2320,feature,L1_S25_F2320,L1,L1_S25,0.0,0.0
feature:L1_S25_F2321,feature,L1_S25_F2321,L1,L1_S25,0.0,0.0
feature:L1_S25_F2322,feature,L1_S25_F2322,L1,L1_S25,0.0,0.0
feature:L1_S25_F2323,feature,L1_S25_F2323,L1,L1_S25,0.0,0.0
feature:L1_S25_F2325,feature,L1_S25_F2325,L1,L1_S25,0.0,0.0
feature:L1_S25_F2326,feature,L1_S25_F2326,L1,L1_S25,0.0,0.0
feature:L1_S25_F2327,feature,L1_S25_F2327,L1,L1_S25,0.0,0.0
feature:L1_S25_F2328,feature,L1_S25_F2328,L1,L1_S25,0.0,0.0
feature:L1_S25_F2330,feature,L1_S25_F2330,L1,L1_S25,0.0,0.0
feature:L1_S25_F2331,feature,L1_S25_F2331,L1,L1_S25,0.0,0.0
feature:L1_S25_F2332,feature,L1_S25_F2332,L1,L1_S25,0.0,0.0
feature:L1_S25_F2334,feature,L1_S25_F2334,L1,L1_S25,0.0,0.0
feature:L1_S25_F2335,feature,L1_S25_F2335,L1,L1_S25,0.0,0.0
feature:L1_S25_F2336,feature,L1_S25_F2336,L1,L1_S25,0.0,0.0
feature:L1_S25_F2337,feature,L1_S25_F2337,L1,L1_S25,0.0,0.0
feature:L1_S25_F2339,feature,L1_S25_F2339,L1,L1_S25,0.0,0.0
feature:L1_S25_F2340,feature,L1_S25_F2340,L1,L1_S25,0.0,0.0
feature:L1_S25_F2341,feature,L1_S25_F2341,L1,L1_S25,0.0,0.0
feature:L1_S25_F2342,feature,L1_S25_F2342,L1,L1_S25,0.0,0.0
feature:L1_S25_F2344,feature,L1_S25_F2344,L1,L1_S25,0.0,0.0
feature:L1_S25_F2345,feature,L1_S25_F2345,L1,L1_S25,0.0,0.0
feature:L1_S25_F2346,feature,L1_S25_F2346,L1,L1_S25,0.0,0.0
feature:L1_S25_F2347,feature,L1_S25_F2347,L1,L1_S25,0.0,0.0
feature:L1_S25_F2349,feature,L1_S25_F2349,L1,L1_S25,0.0,0.0
feature:L1_S25_F2350,feature,L1_S25_F2350,L1,L1_S25,0.0,0.0
feature:L1_S25_F2351,feature,L1_S25_F2351,L1,L1_S25,0.0,0.0
feature:L1_S25_F2352,feature,L1_S25_F2352,L1,L1_S25,0.0,0.0
feature:L1_S25_F2354,feature,L1_S25_F2354,L1,L1_S25,0.0,0.0
feature:L1_S25_F2355,feature,L1_S25_F2355,L1,L1_S25,0.0,0.0
feature:L1_S25_F2356,feature,L1_S25_F2356,L1,L1_S25,0.0,0.0
feature:L1_S25_F2357,feature,L1_S25_F2357,L1,L1_S25,0.0,0.0
feature:L1_S25_F2359,feature,L1_S25_F2359,L1,L1_S25,0.0,0.0
feature:L1_S25_F2360,feature,L1_S25_F2360,L1,L1_S25,0.0,0.0
feature:L1_S25_F2361,feature,L1_S25_F2361,L1,L1_S25,0.0,0.0
feature:L1_S25_F2363,feature,L1_S25_F2363,L1,L1_S25,0.0,0.0
feature:L1_S25_F2364,feature,L1_S25_F2364,L1,L1_S25,0.0,0.0
feature:L1_S25_F2365,feature,L1_S25_F2365,L1,L1_S25,0.0,0.0
feature:L1_S25_F2366,feature,L1_S25_F2366,L1,L1_S25,0.0,0.0
feature:L1_S25_F2368,feature,L1_S25_F2368,L1,L1_S25,0.0,0.0
feature:L1_S25_F2369,feature,L1_S25_F2369,L1,L1_S25,0.0,0.0
feature:L1_S25_F2370,feature,L1_S25_F2370,L1,L1_S25,0.0,0.0
feature:L1_S25_F2371,feature,L1_S25_F2371,L1,L1_S25,0.0,0.0
feature:L1_S25_F2373,feature,L1_S25_F2373,L1,L1_S25,0.0,0.0
feature:L1_S25_F2374,feature,L1_S25_F2374,L1,L1_S25,0.0,0.0
feature:L1_S25_F2375,feature,L1_S25_F2375,L1,L1_S25,0.0,0.0
feature:L1_S25_F2376,feature,L1_S25_F2376,L1,L1_S25,0.0,0.0
feature:L1_S25_F2378,feature,L1_S25_F2378,L1,L1_S25,0.0,0.0
feature:L1_S25_F2379,feature,L1_S25_F2379,L1,L1_S25,0.0,0.0
feature:L1_S25_F2380,feature,L1_S25_F2380,L1,L1_S25,0.0,0.0
feature:L1_S25_F2381,feature,L1_S25_F2381,L1,L1_S25,0.0,0.0
feature:L1_S25_F2383,feature,L1_S25_F2383,L1,L1_S25,0.0,0.0
feature:L1_S25_F2384,feature,L1_S25_F2384,L1,L1_S25,0.0,0.0
feature:L1_S25_F2385,feature,L1_S25_F2385,L1,L1_S25,0.0,0.0
feature:L1_S25_F2386,feature,L1_S25_F2386,L1,L1_S25,0.0,0.0
feature:L1_S25_F2388,feature,L1_S25_F2388,L1,L1_S25,0.0,0.0
feature:L1_S25_F2389,feature,L1_S25_F2389,L1,L1_S25,0.0,0.0
feature:L1_S25_F2390,feature,L1_S25_F2390,L1,L1_S25,0.0,0.0
feature:L1_S25_F2391,feature,L1_S25_F2391,L1,L1_S25,0.0,0.0
feature:L1_S25_F2393,feature,L1_S25_F2393,L1,L1_S25,0.0,0.0
feature:L1_S25_F2394,feature,L1_S25_F2394,L1,L1_S25,0.0,0.0
feature:L1_S25_F2395,feature,L1_S25_F2395,L1,L1_S25,0.0,0.0
feature:L1_S25_F2396,feature,L1_S25_F2396,L1,L1_S25,0.0,0.0
feature:L1_S25_F2398,feature,L1_S25_F2398,L1,L1_S25,0.0,0.0
feature:L1_S25_F2399,feature,L1_S25_F2399,L1,L1_S25,0.0,0.0
feature:L1_S25_F2400,feature,L1_S25_F2400,L1,L1_S25,0.0,0.0
feature:L1_S25_F2401,feature,L1_S25_F2401,L1,L1_S25,0.0,0.0
feature:L1_S25_F2403,feature,L1_S25_F2403,L1,L1_S25,0.0,0.0
feature:L1_S25_F2404,feature,L1_S25_F2404,L1,L1_S25,0.0,0.0
feature:L1_S25_F2405,feature,L1_S25_F2405,L1,L1_S25,0.0,0.0
feature:L1_S25_F2407,feature,L1_S25_F2407,L1,L1_S25,0.0,0.0
feature:L1_S25_F2408,feature,L1_S25_F2408,L1,L1_S25,0.0,0.0
feature:L1_S25_F2410,feature,L1_S25_F2410,L1,L1_S25,0.0,0.0
feature:L1_S25_F2411,feature,L1_S25_F2411,L1,L1_S25,0.0,0.0
feature:L1_S25_F2413,feature,L1_S25_F2413,L1,L1_S25,0.0,0.0
feature:L1_S25_F2414,feature,L1_S25_F2414,L1,L1_S25,0.0,0.0
feature:L1_S25_F2416,feature,L1_S25_F2416,L1,L1_S25,0.0,0.0
feature:L1_S25_F2417,feature,L1_S25_F2417,L1,L1_S25,0.0,0.0
feature:L1_S25_F2419,feature,L1_S25_F2419,L1,L1_S25,0.0,0.0
feature:L1_S25_F2420,feature,L1_S25_F2420,L1,L1_S25,0.0,0.0
feature:L1_S25_F2422,feature,L1_S25_F2422,L1,L1_S25,0.0,0.0
feature:L1_S25_F2423,feature,L1_S25_F2423,L1,L1_S25,0.0,0.0
feature:L1_S25_F2425,feature,L1_S25_F2425,L1,L1_S25,0.0,0.0
feature:L1_S25_F2426,feature,L1_S25_F2426,L1,L1_S25,0.0,0.0
feature:L1_S25_F2428,feature,L1_S25_F2428,L1,L1_S25,0.0,0.0
feature:L1_S25_F2429,feature,L1_S25_F2429,L1,L1_S25,0.0,0.0
feature:L1_S25_F2431,feature,L1_S25_F2431,L1,L1_S25,0.0,0.0
feature:L1_S25_F2433,feature,L1_S25_F2433,L1,L1_S25,0.0,0.0
feature:L1_S25_F2435,feature,L1_S25_F2435,L1,L1_S25,0.0,0.0
feature:L1_S25_F2437,feature,L1_S25_F2437,L1,L1_S25,0.0,0.0
feature:L1_S25_F2439,feature,L1_S25_F2439,L1,L1_S25,0.0,0.0
feature:L1_S25_F2441,feature,L1_S25_F2441,L1,L1_S25,0.0,0.0
feature:L1_S25_F2443,feature,L1_S25_F2443,L1,L1_S25,0.0,0.0
feature:L1_S25_F2447,feature,L1_S25_F2447,L1,L1_S25,0.0,0.0
feature:L1_S25_F2449,feature,L1_S25_F2449,L1,L1_S25,0.0,0.0
feature:L1_S25_F2451,feature,L1_S25_F2451,L1,L1_S25,0.0,0.0
feature:L1_S25_F2454,feature,L1_S25_F2454,L1,L1_S25,0.0,0.0
feature:L1_S25_F2456,feature,L1_S25_F2456,L1,L1_S25,0.0,0.0
feature:L1_S25_F2458,feature,L1_S25_F2458,L1,L1_S25,0.0,0.0
feature:L1_S25_F2460,feature,L1_S25_F2460,L1,L1_S25,0.0,0.0
feature:L1_S25_F2462,feature,L1_S25_F2462,L1,L1_S25,0.0,0.0
feature:L1_S25_F2464,feature,L1_S25_F2464,L1,L1_S25,2.150637088760637,0.0014621647149103256
feature:L1_S25_F2466,feature,L1_S25_F2466,L1,L1_S25,2.19244828756117,0.0014905911099975
feature:L1_S25_F2468,feature,L1_S25_F2468,L1,L1_S25,0.0,0.0
feature:L1_S25_F2470,feature,L1_S25_F2470,L1,L1_S25,0.0,0.0
feature:L1_S25_F2472,feature,L1_S25_F2472,L1,L1_S25,0.0,0.0
feature:L1_S25_F2473,feature,L1_S25_F2473,L1,L1_S25,0.0,0.0
feature:L1_S25_F2475,feature,L1_S25_F2475,L1,L1_S25,0.0,0.0
feature:L1_S25_F2476,feature,L1_S25_F2476,L1,L1_S25,0.0,0.0
feature:L1_S25_F2478,feature,L1_S25_F2478,L1,L1_S25,0.0,0.0
feature:L1_S25_F2479,feature,L1_S25_F2479,L1,L1_S25,0.0,0.0
feature:L1_S25_F2481,feature,L1_S25_F2481,L1,L1_S25,0.0,0.0
feature:L1_S25_F2482,feature,L1_S25_F2482,L1,L1_S25,0.0,0.0
feature:L1_S25_F2484,feature,L1_S25_F2484,L1,L1_S25,0.0,0.0
feature:L1_S25_F2485,feature,L1_S25_F2485,L1,L1_S25,0.0,0.0
feature:L1_S25_F2487,feature,L1_S25_F2487,L1,L1_S25,0.0,0.0
feature:L1_S25_F2488,feature,L1_S25_F2488,L1,L1_S25,0.0,0.0
feature:L1_S25_F2490,feature,L1_S25_F2490,L1,L1_S25,0.0,0.0
feature:L1_S25_F2491,feature,L1_S25_F2491,L1,L1_S25,0.0,0.0
feature:L1_S25_F2493,feature,L1_S25_F2493,L1,L1_S25,0.0,0.0
feature:L1_S25_F2494,feature,L1_S25_F2494,L1,L1_S25,0.0,0.0
feature:L1_S25_F2496,feature,L1_S25_F2496,L1,L1_S25,0.0,0.0
feature:L1_S25_F2498,feature,L1_S25_F2498,L1,L1_S25,0.0,0.0
feature:L1_S25_F2500,feature,L1_S25_F2500,L1,L1_S25,0.0,0.0
feature:L1_S25_F2504,feature,L1_S25_F2504,L1,L1_S25,0.0,0.0
feature:L1_S25_F2506,feature,L1_S25_F2506,L1,L1_S25,0.0,0.0
feature:L1_S25_F2508,feature,L1_S25_F2508,L1,L1_S25,0.0,0.0
feature:L1_S25_F2510,feature,L1_S25_F2510,L1,L1_S25,0.0,0.0
feature:L1_S25_F2512,feature,L1_S25_F2512,L1,L1_S25,0.0,0.0
feature:L1_S25_F2514,feature,L1_S25_F2514,L1,L1_S25,0.0,0.0
feature:L1_S25_F2516,feature,L1_S25_F2516,L1,L1_S25,0.0,0.0
feature:L1_S25_F2517,feature,L1_S25_F2517,L1,L1_S25,0.0,0.0
feature:L1_S25_F2519,feature,L1_S25_F2519,L1,L1_S25,0.0,0.0
feature:L1_S25_F2520,feature,L1_S25_F2520,L1,L1_S25,0.0,0.0
feature:L1_S25_F2521,feature,L1_S25_F2521,L1,L1_S25,0.0,0.0
feature:L1_S25_F2523,feature,L1_S25_F2523,L1,L1_S25,0.0,0.0
feature:L1_S25_F2524,feature,L1_S25_F2524,L1,L1_S25,0.0,0.0
feature:L1_S25_F2525,feature,L1_S25_F2525,L1,L1_S25,0.0,0.0
feature:L1_S25_F2526,feature,L1_S25_F2526,L1,L1_S25,0.0,0.0
feature:L1_S25_F2528,feature,L1_S25_F2528,L1,L1_S25,0.0,0.0
feature:L1_S25_F2529,feature,L1_S25_F2529,L1,L1_S25,0.0,0.0
feature:L1_S25_F2530,feature,L1_S25_F2530,L1,L1_S25,0.0,0.0
feature:L1_S25_F2531,feature,L1_S25_F2531,L1,L1_S25,0.0,0.0
feature:L1_S25_F2533,feature,L1_S25_F2533,L1,L1_S25,0.0,0.0
feature:L1_S25_F2534,feature,L1_S25_F2534,L1,L1_S25,0.0,0.0
feature:L1_S25_F2535,feature,L1_S25_F2535,L1,L1_S25,0.0,0.0
feature:L1_S25_F2536,feature,L1_S25_F2536,L1,L1_S25,0.0,0.0
feature:L1_S25_F2538,feature,L1_S25_F2538,L1,L1_S25,0.0,0.0
feature:L1_S25_F2539,feature,L1_S25_F2539,L1,L1_S25,0.0,0.0
feature:L1_S25_F2540,feature,L1_S25_F2540,L1,L1_S25,0.0,0.0
feature:L1_S25_F2541,feature,L1_S25_F2541,L1,L1_S25,0.0,0.0
feature:L1_S25_F2543,feature,L1_S25_F2543,L1,L1_S25,0.0,0.0
feature:L1_S25_F2544,feature,L1_S25_F2544,L1,L1_S25,0.0,0.0
feature:L1_S25_F2545,feature,L1_S25_F2545,L1,L1_S25,0.0,0.0
feature:L1_S25_F2546,feature,L1_S25_F2546,L1,L1_S25,0.0,0.0
feature:L1_S25_F2548,feature,L1_S25_F2548,L1,L1_S25,0.0,0.0
feature:L1_S25_F2549,feature,L1_S25_F2549,L1,L1_S25,0.0,0.0
feature:L1_S25_F2550,feature,L1_S25_F2550,L1,L1_S25,0.0,0.0
feature:L1_S25_F2552,feature,L1_S25_F2552,L1,L1_S25,0.0,0.0
feature:L1_S25_F2553,feature,L1_S25_F2553,L1,L1_S25,0.0,0.0
feature:L1_S25_F2554,feature,L1_S25_F2554,L1,L1_S25,0.0,0.0
feature:L1_S25_F2555,feature,L1_S25_F2555,L1,L1_S25,0.0,0.0
feature:L1_S25_F2557,feature,L1_S25_F2557,L1,L1_S25,0.0,0.0
feature:L1_S25_F2558,feature,L1_S25_F2558,L1,L1_S25,0.0,0.0
feature:L1_S25_F2559,feature,L1_S25_F2559,L1,L1_S25,0.0,0.0
feature:L1_S25_F2560,feature,L1_S25_F2560,L1,L1_S25,0.0,0.0
feature:L1_S25_F2562,feature,L1_S25_F2562,L1,L1_S25,0.0,0.0
feature:L1_S25_F2563,feature,L1_S25_F2563,L1,L1_S25,0.0,0.0
feature:L1_S25_F2564,feature,L1_S25_F2564,L1,L1_S25,0.0,0.0
feature:L1_S25_F2565,feature,L1_S25_F2565,L1,L1_S25,0.0,0.0
feature:L1_S25_F2567,feature,L1_S25_F2567,L1,L1_S25,0.0,0.0
feature:L1_S25_F2568,feature,L1_S25_F2568,L1,L1_S25,0.0,0.0
feature:L1_S25_F2569,feature,L1_S25_F2569,L1,L1_S25,0.0,0.0
feature:L1_S25_F2570,feature,L1_S25_F2570,L1,L1_S25,0.0,0.0
feature:L1_S25_F2572,feature,L1_S25_F2572,L1,L1_S25,0.0,0.0
feature:L1_S25_F2573,feature,L1_S25_F2573,L1,L1_S25,0.0,0.0
feature:L1_S25_F2574,feature,L1_S25_F2574,L1,L1_S25,0.0,0.0
feature:L1_S25_F2575,feature,L1_S25_F2575,L1,L1_S25,0.0,0.0
feature:L1_S25_F2577,feature,L1_S25_F2577,L1,L1_S25,0.0,0.0
feature:L1_S25_F2578,feature,L1_S25_F2578,L1,L1_S25,0.0,0.0
feature:L1_S25_F2579,feature,L1_S25_F2579,L1,L1_S25,0.0,0.0
feature:L1_S25_F2580,feature,L1_S25_F2580,L1,L1_S25,0.0,0.0
feature:L1_S25_F2582,feature,L1_S25_F2582,L1,L1_S25,0.0,0.0
feature:L1_S25_F2583,feature,L1_S25_F2583,L1,L1_S25,0.0,0.0
feature:L1_S25_F2584,feature,L1_S25_F2584,L1,L1_S25,0.0,0.0
feature:L1_S25_F2585,feature,L1_S25_F2585,L1,L1_S25,0.0,0.0
feature:L1_S25_F2587,feature,L1_S25_F2587,L1,L1_S25,0.0,0.0
feature:L1_S25_F2588,feature,L1_S25_F2588,L1,L1_S25,0.0,0.0
feature:L1_S25_F2589,feature,L1_S25_F2589,L1,L1_S25,0.0,0.0
feature:L1_S25_F2590,feature,L1_S25_F2590,L1,L1_S25,0.0,0.0
feature:L1_S25_F2592,feature,L1_S25_F2592,L1,L1_S25,0.0,0.0
feature:L1_S25_F2593,feature,L1_S25_F2593,L1,L1_S25,0.0,0.0
feature:L1_S25_F2594,feature,L1_S25_F2594,L1,L1_S25,0.0,0.0
feature:L1_S25_F2595,feature,L1_S25_F2595,L1,L1_S25,0.0,0.0
feature:L1_S25_F2597,feature,L1_S25_F2597,L1,L1_S25,0.0,0.0
feature:L1_S25_F2598,feature,L1_S25_F2598,L1,L1_S25,0.0,0.0
feature:L1_S25_F2599,feature,L1_S25_F2599,L1,L1_S25,0.0,0.0
feature:L1_S25_F2601,feature,L1_S25_F2601,L1,L1_S25,0.0,0.0
feature:L1_S25_F2602,feature,L1_S25_F2602,L1,L1_S25,0.0,0.0
feature:L1_S25_F2603,feature,L1_S25_F2603,L1,L1_S25,0.0,0.0
feature:L1_S25_F2604,feature,L1_S25_F2604,L1,L1_S25,0.0,0.0
feature:L1_S25_F2606,feature,L1_S25_F2606,L1,L1_S25,0.0,0.0
feature:L1_S25_F2607,feature,L1_S25_F2607,L1,L1_S25,0.0,0.0
feature:L1_S25_F2608,feature,L1_S25_F2608,L1,L1_S25,0.0,0.0
feature:L1_S25_F2609,feature,L1_S25_F2609,L1,L1_S25,0.0,0.0
feature:L1_S25_F2611,feature,L1_S25_F2611,L1,L1_S25,0.0,0.0
feature:L1_S25_F2612,feature,L1_S25_F2612,L1,L1_S25,0.0,0.0
feature:L1_S25_F2613,feature,L1_S25_F2613,L1,L1_S25,0.0,0.0
feature:L1_S25_F2614,feature,L1_S25_F2614,L1,L1_S25,0.0,0.0
feature:L1_S25_F2616,feature,L1_S25_F2616,L1,L1_S25,0.0,0.0
feature:L1_S25_F2617,feature,L1_S25_F2617,L1,L1_S25,0.0,0.0
feature:L1_S25_F2618,feature,L1_S25_F2618,L1,L1_S25,0.0,0.0
feature:L1_S25_F2619,feature,L1_S25_F2619,L1,L1_S25,0.0,0.0
feature:L1_S25_F2621,feature,L1_S25_F2621,L1,L1_S25,0.0,0.0
feature:L1_S25_F2622,feature,L1_S25_F2622,L1,L1_S25,0.0,0.0
feature:L1_S25_F2623,feature,L1_S25_F2623,L1,L1_S25,0.0,0.0
feature:L1_S25_F2624,feature,L1_S25_F2624,L1,L1_S25,0.0,0.0
feature:L1_S25_F2626,feature,L1_S25_F2626,L1,L1_S25,0.0,0.0
feature:L1_S25_F2627,feature,L1_S25_F2627,L1,L1_S25,0.0,0.0
feature:L1_S25_F2628,feature,L1_S25_F2628,L1,L1_S25,0.0,0.0
feature:L1_S25_F2630,feature,L1_S25_F2630,L1,L1_S25,0.0,0.0
feature:L1_S25_F2631,feature,L1_S25_F2631,L1,L1_S25,0.0,0.0
feature:L1_S25_F2632,feature,L1_S25_F2632,L1,L1_S25,0.0,0.0
feature:L1_S25_F2633,feature,L1_S25_F2633,L1,L1_S25,0.0,0.0
feature:L1_S25_F2635,feature,L1_S25_F2635,L1,L1_S25,0.0,0.0
feature:L1_S25_F2636,feature,L1_S25_F2636,L1,L1_S25,0.0,0.0
feature:L1_S25_F2637,feature,L1_S25_F2637,L1,L1_S25,0.0,0.0
feature:L1_S25_F2638,feature,L1_S25_F2638,L1,L1_S25,0.0,0.0
feature:L1_S25_F2640,feature,L1_S25_F2640,L1,L1_S25,0.0,0.0
feature:L1_S25_F2641,feature,L1_S25_F2641,L1,L1_S25,0.0,0.0
feature:L1_S25_F2642,feature,L1_S25_F2642,L1,L1_S25,0.0,0.0
feature:L1_S25_F2643,feature,L1_S25_F2643,L1,L1_S25,0.0,0.0
feature:L1_S25_F2645,feature,L1_S25_F2645,L1,L1_S25,0.0,0.0
feature:L1_S25_F2646,feature,L1_S25_F2646,L1,L1_S25,0.0,0.0
feature:L1_S25_F2647,feature,L1_S25_F2647,L1,L1_S25,0.0,0.0
feature:L1_S25_F2648,feature,L1_S25_F2648,L1,L1_S25,0.0,0.0
feature:L1_S25_F2650,feature,L1_S25_F2650,L1,L1_S25,0.0,0.0
feature:L1_S25_F2651,feature,L1_S25_F2651,L1,L1_S25,0.0,0.0
feature:L1_S25_F2652,feature,L1_S25_F2652,L1,L1_S25,0.0,0.0
feature:L1_S25_F2653,feature,L1_S25_F2653,L1,L1_S25,0.0,0.0
feature:L1_S25_F2655,feature,L1_S25_F2655,L1,L1_S25,0.0,0.0
feature:L1_S25_F2656,feature,L1_S25_F2656,L1,L1_S25,0.0,0.0
feature:L1_S25_F2657,feature,L1_S25_F2657,L1,L1_S25,0.0,0.0
feature:L1_S25_F2658,feature,L1_S25_F2658,L1,L1_S25,0.0,0.0
feature:L1_S25_F2660,feature,L1_S25_F2660,L1,L1_S25,0.0,0.0
feature:L1_S25_F2661,feature,L1_S25_F2661,L1,L1_S25,0.0,0.0
feature:L1_S25_F2662,feature,L1_S25_F2662,L1,L1_S25,0.0,0.0
feature:L1_S25_F2663,feature,L1_S25_F2663,L1,L1_S25,0.0,0.0
feature:L1_S25_F2665,feature,L1_S25_F2665,L1,L1_S25,0.0,0.0
feature:L1_S25_F2666,feature,L1_S25_F2666,L1,L1_S25,0.0,0.0
feature:L1_S25_F2667,feature,L1_S25_F2667,L1,L1_S25,0.0,0.0
feature:L1_S25_F2668,feature,L1_S25_F2668,L1,L1_S25,0.0,0.0
feature:L1_S25_F2670,feature,L1_S25_F2670,L1,L1_S25,0.0,0.0
feature:L1_S25_F2671,feature,L1_S25_F2671,L1,L1_S25,0.0,0.0
feature:L1_S25_F2672,feature,L1_S25_F2672,L1,L1_S25,0.0,0.0
feature:L1_S25_F2673,feature,L1_S25_F2673,L1,L1_S25,0.0,0.0
feature:L1_S25_F2675,feature,L1_S25_F2675,L1,L1_S25,0.0,0.0
feature:L1_S25_F2676,feature,L1_S25_F2676,L1,L1_S25,0.0,0.0
feature:L1_S25_F2677,feature,L1_S25_F2677,L1,L1_S25,0.0,0.0
feature:L1_S25_F2678,feature,L1_S25_F2678,L1,L1_S25,0.0,0.0
feature:L1_S25_F2680,feature,L1_S25_F2680,L1,L1_S25,0.0,0.0
feature:L1_S25_F2681,feature,L1_S25_F2681,L1,L1_S25,0.0,0.0
feature:L1_S25_F2682,feature,L1_S25_F2682,L1,L1_S25,0.0,0.0
feature:L1_S25_F2683,feature,L1_S25_F2683,L1,L1_S25,0.0,0.0
feature:L1_S25_F2685,feature,L1_S25_F2685,L1,L1_S25,0.0,0.0
feature:L1_S25_F2686,feature,L1_S25_F2686,L1,L1_S25,0.0,0.0
feature:L1_S25_F2687,feature,L1_S25_F2687,L1,L1_S25,0.0,0.0
feature:L1_S25_F2688,feature,L1_S25_F2688,L1,L1_S25,0.0,0.0
feature:L1_S25_F2690,feature,L1_S25_F2690,L1,L1_S25,0.0,0.0
feature:L1_S25_F2691,feature,L1_S25_F2691,L1,L1_S25,0.0,0.0
feature:L1_S25_F2692,feature,L1_S25_F2692,L1,L1_S25,0.0,0.0
feature:L1_S25_F2693,feature,L1_S25_F2693,L1,L1_S25,0.0,0.0
feature:L1_S25_F2695,feature,L1_S25_F2695,L1,L1_S25,0.0,0.0
feature:L1_S25_F2696,feature,L1_S25_F2696,L1,L1_S25,0.0,0.0
feature:L1_S25_F2697,feature,L1_S25_F2697,L1,L1_S25,0.0,0.0
feature:L1_S25_F2698,feature,L1_S25_F2698,L1,L1_S25,0.0,0.0
feature:L1_S25_F2700,feature,L1_S25_F2700,L1,L1_S25,0.0,0.0
feature:L1_S25_F2701,feature,L1_S25_F2701,L1,L1_S25,0.0,0.0
feature:L1_S25_F2702,feature,L1_S25_F2702,L1,L1_S25,0.0,0.0
feature:L1_S25_F2703,feature,L1_S25_F2703,L1,L1_S25,0.0,0.0
feature:L1_S25_F2705,feature,L1_S25_F2705,L1,L1_S25,0.0,0.0
feature:L1_S25_F2706,feature,L1_S25_F2706,L1,L1_S25,0.0,0.0
feature:L1_S25_F2707,feature,L1_S25_F2707,L1,L1_S25,0.0,0.0
feature:L1_S25_F2708,feature,L1_S25_F2708,L1,L1_S25,0.0,0.0
feature:L1_S25_F2710,feature,L1_S25_F2710,L1,L1_S25,0.0,0.0
feature:L1_S25_F2711,feature,L1_S25_F2711,L1,L1_S25,0.0,0.0
feature:L1_S25_F2712,feature,L1_S25_F2712,L1,L1_S25,0.0,0.0
feature:L1_S25_F2714,feature,L1_S25_F2714,L1,L1_S25,0.0,0.0
feature:L1_S25_F2716,feature,L1_S25_F2716,L1,L1_S25,0.0,0.0
feature:L1_S25_F2718,feature,L1_S25_F2718,L1,L1_S25,0.0,0.0
feature:L1_S25_F2720,feature,L1_S25_F2720,L1,L1_S25,0.0,0.0
feature:L1_S25_F2722,feature,L1_S25_F2722,L1,L1_S25,0.0,0.0
feature:L1_S25_F2724,feature,L1_S25_F2724,L1,L1_S25,0.0,0.0
feature:L1_S25_F2726,feature,L1_S25_F2726,L1,L1_S25,0.0,0.0
feature:L1_S25_F2730,feature,L1_S25_F2730,L1,L1_S25,0.0,0.0
feature:L1_S25_F2732,feature,L1_S25_F2732,L1,L1_S25,0.0,0.0
feature:L1_S25_F2734,feature,L1_S25_F2734,L1,L1_S25,0.0,0.0
feature:L1_S25_F2737,feature,L1_S25_F2737,L1,L1_S25,0.0,0.0
feature:L1_S25_F2739,feature,L1_S25_F2739,L1,L1_S25,0.0,0.0
feature:L1_S25_F2741,feature,L1_S25_F2741,L1,L1_S25,0.0,0.0
feature:L1_S25_F2743,feature,L1_S25_F2743,L1,L1_S25,0.0,0.0
feature:L1_S25_F2745,feature,L1_S25_F2745,L1,L1_S25,0.0,0.0
feature:L1_S25_F2747,feature,L1_S25_F2747,L1,L1_S25,0.0,0.0
feature:L1_S25_F2749,feature,L1_S25_F2749,L1,L1_S25,0.0,0.0
feature:L1_S25_F2751,feature,L1_S25_F2751,L1,L1_S25,0.0,0.0
feature:L1_S25_F2753,feature,L1_S25_F2753,L1,L1_S25,0.0,0.0
feature:L1_S25_F2755,feature,L1_S25_F2755,L1,L1_S25,0.0,0.0
feature:L1_S25_F2756,feature,L1_S25_F2756,L1,L1_S25,0.0,0.0
feature:L1_S25_F2758,feature,L1_S25_F2758,L1,L1_S25,0.0,0.0
feature:L1_S25_F2759,feature,L1_S25_F2759,L1,L1_S25,0.0,0.0
feature:L1_S25_F2761,feature,L1_S25_F2761,L1,L1_S25,0.0,0.0
feature:L1_S25_F2762,feature,L1_S25_F2762,L1,L1_S25,0.0,0.0
feature:L1_S25_F2764,feature,L1_S25_F2764,L1,L1_S25,0.0,0.0
feature:L1_S25_F2765,feature,L1_S25_F2765,L1,L1_S25,0.0,0.0
feature:L1_S25_F2767,feature,L1_S25_F2767,L1,L1_S25,0.0,0.0
feature:L1_S25_F2768,feature,L1_S25_F2768,L1,L1_S25,0.0,0.0
feature:L1_S25_F2770,feature,L1_S25_F2770,L1,L1_S25,0.0,0.0
feature:L1_S25_F2771,feature,L1_S25_F2771,L1,L1_S25,0.0,0.0
feature:L1_S25_F2773,feature,L1_S25_F2773,L1,L1_S25,0.0,0.0
feature:L1_S25_F2774,feature,L1_S25_F2774,L1,L1_S25,0.0,0.0
feature:L1_S25_F2776,feature,L1_S25_F2776,L1,L1_S25,0.0,0.0
feature:L1_S25_F2777,feature,L1_S25_F2777,L1,L1_S25,0.0,0.0
feature:L1_S25_F2779,feature,L1_S25_F2779,L1,L1_S25,0.0,0.0
feature:L1_S25_F2781,feature,L1_S25_F2781,L1,L1_S25,0.0,0.0
feature:L1_S25_F2783,feature,L1_S25_F2783,L1,L1_S25,0.0,0.0
feature:L1_S25_F2787,feature,L1_S25_F2787,L1,L1_S25,0.0,0.0
feature:L1_S25_F2789,feature,L1_S25_F2789,L1,L1_S25,0.0,0.0
feature:L1_S25_F2791,feature,L1_S25_F2791,L1,L1_S25,0.0,0.0
feature:L1_S25_F2793,feature,L1_S25_F2793,L1,L1_S25,0.0,0.0
feature:L1_S25_F2795,feature,L1_S25_F2795,L1,L1_S25,0.0,0.0
feature:L1_S25_F2797,feature,L1_S25_F2797,L1,L1_S25,0.0,0.0
feature:L1_S25_F2799,feature,L1_S25_F2799,L1,L1_S25,0.0,0.0
feature:L1_S25_F2800,feature,L1_S25_F2800,L1,L1_S25,0.0,0.0
feature:L1_S25_F2802,feature,L1_S25_F2802,L1,L1_S25,0.0,0.0
feature:L1_S25_F2803,feature,L1_S25_F2803,L1,L1_S25,0.0,0.0
feature:L1_S25_F2804,feature,L1_S25_F2804,L1,L1_S25,0.0,0.0
feature:L1_S25_F2806,feature,L1_S25_F2806,L1,L1_S25,0.0,0.0
feature:L1_S25_F2807,feature,L1_S25_F2807,L1,L1_S25,0.0,0.0
feature:L1_S25_F2808,feature,L1_S25_F2808,L1,L1_S25,0.0,0.0
feature:L1_S25_F2809,feature,L1_S25_F2809,L1,L1_S25,0.0,0.0
feature:L1_S25_F2811,feature,L1_S25_F2811,L1,L1_S25,0.0,0.0
feature:L1_S25_F2812,feature,L1_S25_F2812,L1,L1_S25,0.0,0.0
feature:L1_S25_F2813,feature,L1_S25_F2813,L1,L1_S25,0.0,0.0
feature:L1_S25_F2814,feature,L1_S25_F2814,L1,L1_S25,0.0,0.0
feature:L1_S25_F2816,feature,L1_S25_F2816,L1,L1_S25,0.0,0.0
feature:L1_S25_F2817,feature,L1_S25_F2817,L1,L1_S25,0.0,0.0
feature:L1_S25_F2818,feature,L1_S25_F2818,L1,L1_S25,0.0,0.0
feature:L1_S25_F2819,feature,L1_S25_F2819,L1,L1_S25,0.0,0.0
feature:L1_S25_F2821,feature,L1_S25_F2821,L1,L1_S25,0.0,0.0
feature:L1_S25_F2822,feature,L1_S25_F2822,L1,L1_S25,0.0,0.0
feature:L1_S25_F2823,feature,L1_S25_F2823,L1,L1_S25,0.0,0.0
feature:L1_S25_F2824,feature,L1_S25_F2824,L1,L1_S25,0.0,0.0
feature:L1_S25_F2826,feature,L1_S25_F2826,L1,L1_S25,0.0,0.0
feature:L1_S25_F2827,feature,L1_S25_F2827,L1,L1_S25,0.0,0.0
feature:L1_S25_F2828,feature,L1_S25_F2828,L1,L1_S25,0.0,0.0
feature:L1_S25_F2829,feature,L1_S25_F2829,L1,L1_S25,0.0,0.0
feature:L1_S25_F2831,feature,L1_S25_F2831,L1,L1_S25,0.0,0.0
feature:L1_S25_F2832,feature,L1_S25_F2832,L1,L1_S25,0.0,0.0
feature:L1_S25_F2833,feature,L1_S25_F2833,L1,L1_S25,0.0,0.0
feature:L1_S25_F2835,feature,L1_S25_F2835,L1,L1_S25,0.0,0.0
feature:L1_S25_F2836,feature,L1_S25_F2836,L1,L1_S25,0.0,0.0
feature:L1_S25_F2837,feature,L1_S25_F2837,L1,L1_S25,0.0,0.0
feature:L1_S25_F2838,feature,L1_S25_F2838,L1,L1_S25,0.0,0.0
feature:L1_S25_F2840,feature,L1_S25_F2840,L1,L1_S25,0.0,0.0
feature:L1_S25_F2841,feature,L1_S25_F2841,L1,L1_S25,0.0,0.0
feature:L1_S25_F2842,feature,L1_S25_F2842,L1,L1_S25,0.0,0.0
feature:L1_S25_F2843,feature,L1_S25_F2843,L1,L1_S25,0.0,0.0
feature:L1_S25_F2845,feature,L1_S25_F2845,L1,L1_S25,0.0,0.0
feature:L1_S25_F2846,feature,L1_S25_F2846,L1,L1_S25,0.0,0.0
feature:L1_S25_F2847,feature,L1_S25_F2847,L1,L1_S25,0.0,0.0
feature:L1_S25_F2848,feature,L1_S25_F2848,L1,L1_S25,0.0,0.0
feature:L1_S25_F2850,feature,L1_S25_F2850,L1,L1_S25,0.0,0.0
feature:L1_S25_F2851,feature,L1_S25_F2851,L1,L1_S25,0.0,0.0
feature:L1_S25_F2852,feature,L1_S25_F2852,L1,L1_S25,0.0,0.0
feature:L1_S25_F2853,feature,L1_S25_F2853,L1,L1_S25,0.0,0.0
feature:L1_S25_F2855,feature,L1_S25_F2855,L1,L1_S25,0.0,0.0
feature:L1_S25_F2856,feature,L1_S25_F2856,L1,L1_S25,0.0,0.0
feature:L1_S25_F2857,feature,L1_S25_F2857,L1,L1_S25,0.013468497233825512,9.156896587101874e-06
feature:L1_S25_F2858,feature,L1_S25_F2858,L1,L1_S25,0.0,0.0
feature:L1_S25_F2860,feature,L1_S25_F2860,L1,L1_S25,0.0,0.0
feature:L1_S25_F2861,feature,L1_S25_F2861,L1,L1_S25,0.0,0.0
feature:L1_S25_F2862,feature,L1_S25_F2862,L1,L1_S25,0.0,0.0
feature:L1_S25_F2863,feature,L1_S25_F2863,L1,L1_S25,0.0,0.0
feature:L1_S25_F2865,feature,L1_S25_F2865,L1,L1_S25,0.0,0.0
feature:L1_S25_F2866,feature,L1_S25_F2866,L1,L1_S25,0.0,0.0
feature:L1_S25_F2867,feature,L1_S25_F2867,L1,L1_S25,0.0,0.0
feature:L1_S25_F2868,feature,L1_S25_F2868,L1,L1_S25,0.0,0.0
feature:L1_S25_F2870,feature,L1_S25_F2870,L1,L1_S25,0.0,0.0
feature:L1_S25_F2871,feature,L1_S25_F2871,L1,L1_S25,0.0,0.0
feature:L1_S25_F2872,feature,L1_S25_F2872,L1,L1_S25,0.0,0.0
feature:L1_S25_F2873,feature,L1_S25_F2873,L1,L1_S25,0.0,0.0
feature:L1_S25_F2875,feature,L1_S25_F2875,L1,L1_S25,0.0,0.0
feature:L1_S25_F2876,feature,L1_S25_F2876,L1,L1_S25,0.0,0.0
feature:L1_S25_F2877,feature,L1_S25_F2877,L1,L1_S25,0.0,0.0
feature:L1_S25_F2878,feature,L1_S25_F2878,L1,L1_S25,0.0,0.0
feature:L1_S25_F2880,feature,L1_S25_F2880,L1,L1_S25,0.0,0.0
feature:L1_S25_F2881,feature,L1_S25_F2881,L1,L1_S25,0.0,0.0
feature:L1_S25_F2882,feature,L1_S25_F2882,L1,L1_S25,0.0,0.0
feature:L1_S25_F2884,feature,L1_S25_F2884,L1,L1_S25,0.0,0.0
feature:L1_S25_F2885,feature,L1_S25_F2885,L1,L1_S25,0.0,0.0
feature:L1_S25_F2886,feature,L1_S25_F2886,L1,L1_S25,2.102849968297247,0.0014296754391818
feature:L1_S25_F2887,feature,L1_S25_F2887,L1,L1_S25,0.0,0.0
feature:L1_S25_F2889,feature,L1_S25_F2889,L1,L1_S25,0.0,0.0
feature:L1_S25_F2890,feature,L1_S25_F2890,L1,L1_S25,0.0,0.0
feature:L1_S25_F2891,feature,L1_S25_F2891,L1,L1_S25,0.0,0.0
feature:L1_S25_F2892,feature,L1_S25_F2892,L1,L1_S25,0.0,0.0
feature:L1_S25_F2894,feature,L1_S25_F2894,L1,L1_S25,0.0,0.0
feature:L1_S25_F2895,feature,L1_S25_F2895,L1,L1_S25,0.0,0.0
feature:L1_S25_F2896,feature,L1_S25_F2896,L1,L1_S25,0.0,0.0
feature:L1_S25_F2897,feature,L1_S25_F2897,L1,L1_S25,0.0,0.0
feature:L1_S25_F2899,feature,L1_S25_F2899,L1,L1_S25,0.0,0.0
feature:L1_S25_F2900,feature,L1_S25_F2900,L1,L1_S25,0.0,0.0
feature:L1_S25_F2901,feature,L1_S25_F2901,L1,L1_S25,0.0,0.0
feature:L1_S25_F2902,feature,L1_S25_F2902,L1,L1_S25,0.0,0.0
feature:L1_S25_F2904,feature,L1_S25_F2904,L1,L1_S25,0.0,0.0
feature:L1_S25_F2905,feature,L1_S25_F2905,L1,L1_S25,0.0,0.0
feature:L1_S25_F2906,feature,L1_S25_F2906,L1,L1_S25,0.0,0.0
feature:L1_S25_F2907,feature,L1_S25_F2907,L1,L1_S25,0.0,0.0
feature:L1_S25_F2909,feature,L1_S25_F2909,L1,L1_S25,0.0,0.0
feature:L1_S25_F2910,feature,L1_S25_F2910,L1,L1_S25,0.0,0.0
feature:L1_S25_F2911,feature,L1_S25_F2911,L1,L1_S25,0.0,0.0
feature:L1_S25_F2913,feature,L1_S25_F2913,L1,L1_S25,0.0,0.0
feature:L1_S25_F2914,feature,L1_S25_F2914,L1,L1_S25,0.0,0.0
feature:L1_S25_F2915,feature,L1_S25_F2915,L1,L1_S25,5.827717472772399,0.0039621202952771
feature:L1_S25_F2916,feature,L1_S25_F2916,L1,L1_S25,0.0,0.0
feature:L1_S25_F2918,feature,L1_S25_F2918,L1,L1_S25,0.0,0.0
feature:L1_S25_F2919,feature,L1_S25_F2919,L1,L1_S25,0.0,0.0
feature:L1_S25_F2920,feature,L1_S25_F2920,L1,L1_S25,0.0,0.0
feature:L1_S25_F2921,feature,L1_S25_F2921,L1,L1_S25,0.0,0.0
feature:L1_S25_F2923,feature,L1_S25_F2923,L1,L1_S25,0.0,0.0
feature:L1_S25_F2924,feature,L1_S25_F2924,L1,L1_S25,0.0,0.0
feature:L1_S25_F2925,feature,L1_S25_F2925,L1,L1_S25,0.0,0.0
feature:L1_S25_F2926,feature,L1_S25_F2926,L1,L1_S25,0.0,0.0
feature:L1_S25_F2928,feature,L1_S25_F2928,L1,L1_S25,0.0,0.0
feature:L1_S25_F2929,feature,L1_S25_F2929,L1,L1_S25,0.0,0.0
feature:L1_S25_F2930,feature,L1_S25_F2930,L1,L1_S25,0.0,0.0
feature:L1_S25_F2931,feature,L1_S25_F2931,L1,L1_S25,0.0,0.0
feature:L1_S25_F2933,feature,L1_S25_F2933,L1,L1_S25,0.0,0.0
feature:L1_S25_F2934,feature,L1_S25_F2934,L1,L1_S25,0.0,0.0
feature:L1_S25_F2935,feature,L1_S25_F2935,L1,L1_S25,0.0,0.0
feature:L1_S25_F2936,feature,L1_S25_F2936,L1,L1_S25,0.0,0.0
feature:L1_S25_F2938,feature,L1_S25_F2938,L1,L1_S25,0.0,0.0
feature:L1_S25_F2939,feature,L1_S25_F2939,L1,L1_S25,0.0,0.0
feature:L1_S25_F2940,feature,L1_S25_F2940,L1,L1_S25,0.0,0.0
feature:L1_S25_F2941,feature,L1_S25_F2941,L1,L1_S25,0.0,0.0
feature:L1_S25_F2943,feature,L1_S25_F2943,L1,L1_S25,0.0,0.0
feature:L1_S25_F2944,feature,L1_S25_F2944,L1,L1_S25,0.0,0.0
feature:L1_S25_F2945,feature,L1_S25_F2945,L1,L1_S25,0.0,0.0
feature:L1_S25_F2946,feature,L1_S25_F2946,L1,L1_S25,0.0,0.0
feature:L1_S25_F2948,feature,L1_S25_F2948,L1,L1_S25,0.0,0.0
feature:L1_S25_F2949,feature,L1_S25_F2949,L1,L1_S25,0.0,0.0
feature:L1_S25_F2950,feature,L1_S25_F2950,L1,L1_S25,0.0,0.0
feature:L1_S25_F2951,feature,L1_S25_F2951,L1,L1_S25,0.0,0.0
feature:L1_S25_F2953,feature,L1_S25_F2953,L1,L1_S25,0.0,0.0
feature:L1_S25_F2954,feature,L1_S25_F2954,L1,L1_S25,0.0,0.0
feature:L1_S25_F2955,feature,L1_S25_F2955,L1,L1_S25,0.0,0.0
feature:L1_S25_F2956,feature,L1_S25_F2956,L1,L1_S25,0.0,0.0
feature:L1_S25_F2958,feature,L1_S25_F2958,L1,L1_S25,0.0,0.0
feature:L1_S25_F2959,feature,L1_S25_F2959,L1,L1_S25,0.0,0.0
feature:L1_S25_F2960,feature,L1_S25_F2960,L1,L1_S25,6.306633742501367,0.0042877235663514
feature:L1_S25_F2961,feature,L1_S25_F2961,L1,L1_S25,0.0,0.0
feature:L1_S25_F2963,feature,L1_S25_F2963,L1,L1_S25,0.0,0.0
feature:L1_S25_F2964,feature,L1_S25_F2964,L1,L1_S25,0.0,0.0
feature:L1_S25_F2965,feature,L1_S25_F2965,L1,L1_S25,0.0,0.0
feature:L1_S25_F2966,feature,L1_S25_F2966,L1,L1_S25,0.0,0.0
feature:L1_S25_F2968,feature,L1_S25_F2968,L1,L1_S25,0.0,0.0
feature:L1_S25_F2969,feature,L1_S25_F2969,L1,L1_S25,0.0,0.0
feature:L1_S25_F2970,feature,L1_S25_F2970,L1,L1_S25,0.0,0.0
feature:L1_S25_F2971,feature,L1_S25_F2971,L1,L1_S25,0.0,0.0
feature:L1_S25_F2973,feature,L1_S25_F2973,L1,L1_S25,0.0,0.0
feature:L1_S25_F2974,feature,L1_S25_F2974,L1,L1_S25,0.0,0.0
feature:L1_S25_F2975,feature,L1_S25_F2975,L1,L1_S25,0.0,0.0
feature:L1_S25_F2976,feature,L1_S25_F2976,L1,L1_S25,0.0,0.0
feature:L1_S25_F2978,feature,L1_S25_F2978,L1,L1_S25,0.0,0.0
feature:L1_S25_F2979,feature,L1_S25_F2979,L1,L1_S25,0.0,0.0
feature:L1_S25_F2980,feature,L1_S25_F2980,L1,L1_S25,0.0,0.0
feature:L1_S25_F2981,feature,L1_S25_F2981,L1,L1_S25,0.0,0.0
feature:L1_S25_F2983,feature,L1_S25_F2983,L1,L1_S25,0.0,0.0
feature:L1_S25_F2984,feature,L1_S25_F2984,L1,L1_S25,0.0,0.0
feature:L1_S25_F2985,feature,L1_S25_F2985,L1,L1_S25,0.0,0.0
feature:L1_S25_F2986,feature,L1_S25_F2986,L1,L1_S25,0.0,0.0
feature:L1_S25_F2988,feature,L1_S25_F2988,L1,L1_S25,0.0,0.0
feature:L1_S25_F2989,feature,L1_S25_F2989,L1,L1_S25,0.0,0.0
feature:L1_S25_F2990,feature,L1_S25_F2990,L1,L1_S25,8.45576214580614,0.00574886256351
feature:L1_S25_F2991,feature,L1_S25_F2991,L1,L1_S25,0.0,0.0
feature:L1_S25_F2993,feature,L1_S25_F2993,L1,L1_S25,0.0,0.0
feature:L1_S25_F2994,feature,L1_S25_F2994,L1,L1_S25,0.0,0.0
feature:L1_S25_F2995,feature,L1_S25_F2995,L1,L1_S25,0.0,0.0
feature:L1_S25_F2997,feature,L1_S25_F2997,L1,L1_S25,0.0,0.0
feature:L1_S25_F2999,feature,L1_S25_F2999,L1,L1_S25,0.0,0.0
feature:L1_S25_F3001,feature,L1_S25_F3001,L1,L1_S25,0.0,0.0
feature:L1_S25_F3003,feature,L1_S25_F3003,L1,L1_S25,0.0,0.0
feature:L1_S25_F3005,feature,L1_S25_F3005,L1,L1_S25,0.0,0.0
feature:L1_S25_F3007,feature,L1_S25_F3007,L1,L1_S25,0.0,0.0
feature:L1_S25_F3009,feature,L1_S25_F3009,L1,L1_S25,0.0,0.0
feature:L1_S25_F3013,feature,L1_S25_F3013,L1,L1_S25,0.0,0.0
feature:L1_S25_F3015,feature,L1_S25_F3015,L1,L1_S25,0.0,0.0
feature:L1_S25_F3017,feature,L1_S25_F3017,L1,L1_S25,0.0,0.0
feature:L1_S25_F3020,feature,L1_S25_F3020,L1,L1_S25,0.0,0.0
feature:L1_S25_F3022,feature,L1_S25_F3022,L1,L1_S25,0.0,0.0
feature:L1_S25_F3024,feature,L1_S25_F3024,L1,L1_S25,0.0,0.0
feature:L1_S25_F3026,feature,L1_S25_F3026,L1,L1_S25,0.0,0.0
feature:L1_S25_F3028,feature,L1_S25_F3028,L1,L1_S25,0.0,0.0
feature:L1_S25_F3030,feature,L1_S25_F3030,L1,L1_S25,0.0,0.0
feature:L1_S25_F3032,feature,L1_S25_F3032,L1,L1_S25,0.0,0.0
feature:L1_S25_F3034,feature,L1_S25_F3034,L1,L1_S25,0.0,0.0
feature:L2_S26_D3037,feature,L2_S26_D3037,L2,L2_S26,0.0,0.0
feature:L2_S26_D3041,feature,L2_S26_D3041,L2,L2_S26,0.0,0.0
feature:L2_S26_D3044,feature,L2_S26_D3044,L2,L2_S26,0.0,0.0
feature:L2_S26_D3048,feature,L2_S26_D3048,L2,L2_S26,0.0,0.0
feature:L2_S26_D3052,feature,L2_S26_D3052,L2,L2_S26,0.0,0.0
feature:L2_S26_D3056,feature,L2_S26_D3056,L2,L2_S26,0.0,0.0
feature:L2_S26_D3059,feature,L2_S26_D3059,L2,L2_S26,0.0,0.0
feature:L2_S26_D3063,feature,L2_S26_D3063,L2,L2_S26,0.0,0.0
feature:L2_S26_D3066,feature,L2_S26_D3066,L2,L2_S26,0.0,0.0
feature:L2_S26_D3070,feature,L2_S26_D3070,L2,L2_S26,0.0,0.0
feature:L2_S26_D3074,feature,L2_S26_D3074,L2,L2_S26,0.0,0.0
feature:L2_S26_D3078,feature,L2_S26_D3078,L2,L2_S26,0.0,0.0
feature:L2_S26_D3081,feature,L2_S26_D3081,L2,L2_S26,0.0,0.0
feature:L2_S26_D3084,feature,L2_S26_D3084,L2,L2_S26,0.0,0.0
feature:L2_S26_D3087,feature,L2_S26_D3087,L2,L2_S26,0.0,0.0
feature:L2_S26_D3090,feature,L2_S26_D3090,L2,L2_S26,0.0,0.0
feature:L2_S26_D3093,feature,L2_S26_D3093,L2,L2_S26,0.0,0.0
feature:L2_S26_D3096,feature,L2_S26_D3096,L2,L2_S26,0.0,0.0
feature:L2_S26_D3100,feature,L2_S26_D3100,L2,L2_S26,0.0,0.0
feature:L2_S26_D3103,feature,L2_S26_D3103,L2,L2_S26,0.0,0.0
feature:L2_S26_D3107,feature,L2_S26_D3107,L2,L2_S26,0.0,0.0
feature:L2_S26_D3110,feature,L2_S26_D3110,L2,L2_S26,0.0,0.0
feature:L2_S26_D3114,feature,L2_S26_D3114,L2,L2_S26,0.0,0.0
feature:L2_S26_D3118,feature,L2_S26_D3118,L2,L2_S26,0.0,0.0
feature:L2_S26_D3122,feature,L2_S26_D3122,L2,L2_S26,0.0,0.0
feature:L2_S26_D3126,feature,L2_S26_D3126,L2,L2_S26,0.0,0.0
feature:L2_S26_F3036,feature,L2_S26_F3036,L2,L2_S26,0.0,0.0
feature:L2_S26_F3038,feature,L2_S26_F3038,L2,L2_S26,0.0,0.0
feature:L2_S26_F3039,feature,L2_S26_F3039,L2,L2_S26,0.0,0.0
feature:L2_S26_F3040,feature,L2_S26_F3040,L2,L2_S26,0.0,0.0
feature:L2_S26_F3042,feature,L2_S26_F3042,L2,L2_S26,0.0,0.0
feature:L2_S26_F3043,feature,L2_S26_F3043,L2,L2_S26,0.0,0.0
feature:L2_S26_F3045,feature,L2_S26_F3045,L2,L2_S26,0.0,0.0
feature:L2_S26_F3046,feature,L2_S26_F3046,L2,L2_S26,0.0,0.0
feature:L2_S26_F3047,feature,L2_S26_F3047,L2,L2_S26,0.0,0.0
feature:L2_S26_F3049,feature,L2_S26_F3049,L2,L2_S26,0.0,0.0
feature:L2_S26_F3050,feature,L2_S26_F3050,L2,L2_S26,0.0,0.0
feature:L2_S26_F3051,feature,L2_S26_F3051,L2,L2_S26,0.0,0.0
feature:L2_S26_F3053,feature,L2_S26_F3053,L2,L2_S26,0.0,0.0
feature:L2_S26_F3054,feature,L2_S26_F3054,L2,L2_S26,0.0,0.0
feature:L2_S26_F3055,feature,L2_S26_F3055,L2,L2_S26,0.0,0.0
feature:L2_S26_F3057,feature,L2_S26_F3057,L2,L2_S26,0.0,0.0
feature:L2_S26_F3058,feature,L2_S26_F3058,L2,L2_S26,0.0,0.0
feature:L2_S26_F3060,feature,L2_S26_F3060,L2,L2_S26,0.0,0.0
feature:L2_S26_F3061,feature,L2_S26_F3061,L2,L2_S26,0.0,0.0
feature:L2_S26_F3062,feature,L2_S26_F3062,L2,L2_S26,0.0,0.0
feature:L2_S26_F3064,feature,L2_S26_F3064,L2,L2_S26,0.0,0.0
feature:L2_S26_F3065,feature,L2_S26_F3065,L2,L2_S26,0.0,0.0
feature:L2_S26_F3067,feature,L2_S26_F3067,L2,L2_S26,0.0,0.0
feature:L2_S26_F3068,feature,L2_S26_F3068,L2,L2_S26,0.0,0.0
feature:L2_S26_F3069,feature,L2_S26_F3069,L2,L2_S26,0.0,0.0
feature:L2_S26_F3071,feature,L2_S26_F3071,L2,L2_S26,0.0,0.0
feature:L2_S26_F3072,feature,L2_S26_F3072,L2,L2_S26,0.0,0.0
feature:L2_S26_F3073,feature,L2_S26_F3073,L2,L2_S26,0.0,0.0
feature:L2_S26_F3075,feature,L2_S26_F3075,L2,L2_S26,0.0,0.0
feature:L2_S26_F3076,feature,L2_S26_F3076,L2,L2_S26,0.0,0.0
feature:L2_S26_F3077,feature,L2_S26_F3077,L2,L2_S26,0.0,0.0
feature:L2_S26_F3079,feature,L2_S26_F3079,L2,L2_S26,0.0,0.0
feature:L2_S26_F3080,feature,L2_S26_F3080,L2,L2_S26,0.0,0.0
feature:L2_S26_F3082,feature,L2_S26_F3082,L2,L2_S26,0.0,0.0
feature:L2_S26_F3083,feature,L2_S26_F3083,L2,L2_S26,0.0,0.0
feature:L2_S26_F3085,feature,L2_S26_F3085,L2,L2_S26,0.0,0.0
feature:L2_S26_F3086,feature,L2_S26_F3086,L2,L2_S26,0.0,0.0
feature:L2_S26_F3088,feature,L2_S26_F3088,L2,L2_S26,0.0,0.0
feature:L2_S26_F3089,feature,L2_S26_F3089,L2,L2_S26,0.0,0.0
feature:L2_S26_F3091,feature,L2_S26_F3091,L2,L2_S26,0.0,0.0
feature:L2_S26_F3092,feature,L2_S26_F3092,L2,L2_S26,0.0,0.0
feature:L2_S26_F3094,feature,L2_S26_F3094,L2,L2_S26,0.0,0.0
feature:L2_S26_F3095,feature,L2_S26_F3095,L2,L2_S26,0.0,0.0
feature:L2_S26_F3097,feature,L2_S26_F3097,L2,L2_S26,0.0,0.0
feature:L2_S26_F3098,feature,L2_S26_F3098,L2,L2_S26,0.0,0.0
feature:L2_S26_F3099,feature,L2_S26_F3099,L2,L2_S26,0.0,0.0
feature:L2_S26_F3101,feature,L2_S26_F3101,L2,L2_S26,0.0,0.0
feature:L2_S26_F3102,feature,L2_S26_F3102,L2,L2_S26,0.0,0.0
feature:L2_S26_F3104,feature,L2_S26_F3104,L2,L2_S26,0.0,0.0
feature:L2_S26_F3105,feature,L2_S26_F3105,L2,L2_S26,0.0,0.0
feature:L2_S26_F3106,feature,L2_S26_F3106,L2,L2_S26,0.0,0.0
feature:L2_S26_F3108,feature,L2_S26_F3108,L2,L2_S26,0.0,0.0
feature:L2_S26_F3109,feature,L2_S26_F3109,L2,L2_S26,0.0,0.0
feature:L2_S26_F3111,feature,L2_S26_F3111,L2,L2_S26,0.0,0.0
feature:L2_S26_F3112,feature,L2_S26_F3112,L2,L2_S26,0.0,0.0
feature:L2_S26_F3113,feature,L2_S26_F3113,L2,L2_S26,0.0,0.0
feature:L2_S26_F3115,feature,L2_S26_F3115,L2,L2_S26,0.0,0.0
feature:L2_S26_F3116,feature,L2_S26_F3116,L2,L2_S26,0.0,0.0
feature:L2_S26_F3117,feature,L2_S26_F3117,L2,L2_S26,0.0,0.0
feature:L2_S26_F3119,feature,L2_S26_F3119,L2,L2_S26,0.0,0.0
feature:L2_S26_F3120,feature,L2_S26_F3120,L2,L2_S26,0.0,0.0
feature:L2_S26_F3121,feature,L2_S26_F3121,L2,L2_S26,0.0,0.0
feature:L2_S26_F3123,feature,L2_S26_F3123,L2,L2_S26,0.0,0.0
feature:L2_S26_F3124,feature,L2_S26_F3124,L2,L2_S26,0.0,0.0
feature:L2_S26_F3125,feature,L2_S26_F3125,L2,L2_S26,0.0,0.0
feature:L2_S26_F3127,feature,L2_S26_F3127,L2,L2_S26,0.0,0.0
feature:L2_S26_F3128,feature,L2_S26_F3128,L2,L2_S26,0.0,0.0
feature:L2_S27_D3130,feature,L2_S27_D3130,L2,L2_S27,0.0,0.0
feature:L2_S27_D3134,feature,L2_S27_D3134,L2,L2_S27,0.0,0.0
feature:L2_S27_D3137,feature,L2_S27_D3137,L2,L2_S27,0.0,0.0
feature:L2_S27_D3141,feature,L2_S27_D3141,L2,L2_S27,0.0,0.0
feature:L2_S27_D3145,feature,L2_S27_D3145,L2,L2_S27,0.0,0.0
feature:L2_S27_D3149,feature,L2_S27_D3149,L2,L2_S27,0.0,0.0
feature:L2_S27_D3152,feature,L2_S27_D3152,L2,L2_S27,0.0,0.0
feature:L2_S27_D3156,feature,L2_S27_D3156,L2,L2_S27,0.0,0.0
feature:L2_S27_D3159,feature,L2_S27_D3159,L2,L2_S27,0.0,0.0
feature:L2_S27_D3163,feature,L2_S27_D3163,L2,L2_S27,0.0,0.0
feature:L2_S27_D3167,feature,L2_S27_D3167,L2,L2_S27,0.0,0.0
feature:L2_S27_D3171,feature,L2_S27_D3171,L2,L2_S27,0.0,0.0
feature:L2_S27_D3174,feature,L2_S27_D3174,L2,L2_S27,0.0,0.0
feature:L2_S27_D3177,feature,L2_S27_D3177,L2,L2_S27,0.0,0.0
feature:L2_S27_D3180,feature,L2_S27_D3180,L2,L2_S27,0.0,0.0
feature:L2_S27_D3183,feature,L2_S27_D3183,L2,L2_S27,0.0,0.0
feature:L2_S27_D3186,feature,L2_S27_D3186,L2,L2_S27,0.0,0.0
feature:L2_S27_D3189,feature,L2_S27_D3189,L2,L2_S27,0.0,0.0
feature:L2_S27_D3193,feature,L2_S27_D3193,L2,L2_S27,0.0,0.0
feature:L2_S27_D3196,feature,L2_S27_D3196,L2,L2_S27,0.0,0.0
feature:L2_S27_D3200,feature,L2_S27_D3200,L2,L2_S27,0.0,0.0
feature:L2_S27_D3203,feature,L2_S27_D3203,L2,L2_S27,0.0,0.0
feature:L2_S27_D3207,feature,L2_S27_D3207,L2,L2_S27,0.0,0.0
feature:L2_S27_D3211,feature,L2_S27_D3211,L2,L2_S27,0.0,0.0
feature:L2_S27_D3215,feature,L2_S27_D3215,L2,L2_S27,0.0,0.0
feature:L2_S27_D3219,feature,L2_S27_D3219,L2,L2_S27,0.0,0.0
feature:L2_S27_F3129,feature,L2_S27_F3129,L2,L2_S27,0.0,0.0
feature:L2_S27_F3131,feature,L2_S27_F3131,L2,L2_S27,0.0,0.0
feature:L2_S27_F3132,feature,L2_S27_F3132,L2,L2_S27,0.0,0.0
feature:L2_S27_F3133,feature,L2_S27_F3133,L2,L2_S27,0.0,0.0
feature:L2_S27_F3135,feature,L2_S27_F3135,L2,L2_S27,0.0,0.0
feature:L2_S27_F3136,feature,L2_S27_F3136,L2,L2_S27,0.0,0.0
feature:L2_S27_F3138,feature,L2_S27_F3138,L2,L2_S27,0.0,0.0
feature:L2_S27_F3139,feature,L2_S27_F3139,L2,L2_S27,0.0,0.0
feature:L2_S27_F3140,feature,L2_S27_F3140,L2,L2_S27,0.0,0.0
feature:L2_S27_F3142,feature,L2_S27_F3142,L2,L2_S27,0.0,0.0
feature:L2_S27_F3143,feature,L2_S27_F3143,L2,L2_S27,0.0,0.0
feature:L2_S27_F3144,feature,L2_S27_F3144,L2,L2_S27,34.29551422186013,0.0233166679013273
feature:L2_S27_F3146,feature,L2_S27_F3146,L2,L2_S27,0.0,0.0
feature:L2_S27_F3147,feature,L2_S27_F3147,L2,L2_S27,0.0,0.0
feature:L2_S27_F3148,feature,L2_S27_F3148,L2,L2_S27,0.0,0.0
feature:L2_S27_F3150,feature,L2_S27_F3150,L2,L2_S27,0.0,0.0
feature:L2_S27_F3151,feature,L2_S27_F3151,L2,L2_S27,0.0,0.0
feature:L2_S27_F3153,feature,L2_S27_F3153,L2,L2_S27,0.0,0.0
feature:L2_S27_F3154,feature,L2_S27_F3154,L2,L2_S27,0.0,0.0
feature:L2_S27_F3155,feature,L2_S27_F3155,L2,L2_S27,0.0,0.0
feature:L2_S27_F3157,feature,L2_S27_F3157,L2,L2_S27,0.0,0.0
feature:L2_S27_F3158,feature,L2_S27_F3158,L2,L2_S27,0.0,0.0
feature:L2_S27_F3160,feature,L2_S27_F3160,L2,L2_S27,0.0,0.0
feature:L2_S27_F3161,feature,L2_S27_F3161,L2,L2_S27,0.0,0.0
feature:L2_S27_F3162,feature,L2_S27_F3162,L2,L2_S27,0.0,0.0
feature:L2_S27_F3164,feature,L2_S27_F3164,L2,L2_S27,0.0,0.0
feature:L2_S27_F3165,feature,L2_S27_F3165,L2,L2_S27,0.0,0.0
feature:L2_S27_F3166,feature,L2_S27_F3166,L2,L2_S27,0.0,0.0
feature:L2_S27_F3168,feature,L2_S27_F3168,L2,L2_S27,0.0,0.0
feature:L2_S27_F3169,feature,L2_S27_F3169,L2,L2_S27,0.0,0.0
feature:L2_S27_F3170,feature,L2_S27_F3170,L2,L2_S27,0.0,0.0
feature:L2_S27_F3172,feature,L2_S27_F3172,L2,L2_S27,0.0,0.0
feature:L2_S27_F3173,feature,L2_S27_F3173,L2,L2_S27,0.0,0.0
feature:L2_S27_F3175,feature,L2_S27_F3175,L2,L2_S27,0.0,0.0
feature:L2_S27_F3176,feature,L2_S27_F3176,L2,L2_S27,0.0,0.0
feature:L2_S27_F3178,feature,L2_S27_F3178,L2,L2_S27,0.0,0.0
feature:L2_S27_F3179,feature,L2_S27_F3179,L2,L2_S27,0.0,0.0
feature:L2_S27_F3181,feature,L2_S27_F3181,L2,L2_S27,0.0,0.0
feature:L2_S27_F3182,feature,L2_S27_F3182,L2,L2_S27,0.0,0.0
feature:L2_S27_F3184,feature,L2_S27_F3184,L2,L2_S27,0.0,0.0
feature:L2_S27_F3185,feature,L2_S27_F3185,L2,L2_S27,0.0,0.0
feature:L2_S27_F3187,feature,L2_S27_F3187,L2,L2_S27,0.0,0.0
feature:L2_S27_F3188,feature,L2_S27_F3188,L2,L2_S27,0.0,0.0
feature:L2_S27_F3190,feature,L2_S27_F3190,L2,L2_S27,0.0,0.0
feature:L2_S27_F3191,feature,L2_S27_F3191,L2,L2_S27,0.0,0.0
feature:L2_S27_F3192,feature,L2_S27_F3192,L2,L2_S27,0.0,0.0
feature:L2_S27_F3194,feature,L2_S27_F3194,L2,L2_S27,0.0,0.0
feature:L2_S27_F3195,feature,L2_S27_F3195,L2,L2_S27,0.0,0.0
feature:L2_S27_F3197,feature,L2_S27_F3197,L2,L2_S27,0.0,0.0
feature:L2_S27_F3198,feature,L2_S27_F3198,L2,L2_S27,0.0,0.0
feature:L2_S27_F3199,feature,L2_S27_F3199,L2,L2_S27,0.0,0.0
feature:L2_S27_F3201,feature,L2_S27_F3201,L2,L2_S27,0.0,0.0
feature:L2_S27_F3202,feature,L2_S27_F3202,L2,L2_S27,0.0,0.0
feature:L2_S27_F3204,feature,L2_S27_F3204,L2,L2_S27,0.0,0.0
feature:L2_S27_F3205,feature,L2_S27_F3205,L2,L2_S27,0.0,0.0
feature:L2_S27_F3206,feature,L2_S27_F3206,L2,L2_S27,0.0,0.0
feature:L2_S27_F3208,feature,L2_S27_F3208,L2,L2_S27,0.0,0.0
feature:L2_S27_F3209,feature,L2_S27_F3209,L2,L2_S27,0.0,0.0
feature:L2_S27_F3210,feature,L2_S27_F3210,L2,L2_S27,0.0,0.0
feature:L2_S27_F3212,feature,L2_S27_F3212,L2,L2_S27,0.0,0.0
feature:L2_S27_F3213,feature,L2_S27_F3213,L2,L2_S27,0.0,0.0
feature:L2_S27_F3214,feature,L2_S27_F3214,L2,L2_S27,0.0,0.0
feature:L2_S27_F3216,feature,L2_S27_F3216,L2,L2_S27,0.0,0.0
feature:L2_S27_F3217,feature,L2_S27_F3217,L2,L2_S27,0.0,0.0
feature:L2_S27_F3218,feature,L2_S27_F3218,L2,L2_S27,0.0,0.0
feature:L2_S27_F3220,feature,L2_S27_F3220,L2,L2_S27,0.0,0.0
feature:L2_S27_F3221,feature,L2_S27_F3221,L2,L2_S27,0.0,0.0
feature:L2_S28_D3223,feature,L2_S28_D3223,L2,L2_S28,0.0,0.0
feature:L2_S28_D3227,feature,L2_S28_D3227,L2,L2_S28,0.0,0.0
feature:L2_S28_D3230,feature,L2_S28_D3230,L2,L2_S28,0.0,0.0
feature:L2_S28_D3234,feature,L2_S28_D3234,L2,L2_S28,0.0,0.0
feature:L2_S28_D3238,feature,L2_S28_D3238,L2,L2_S28,0.0,0.0
feature:L2_S28_D3242,feature,L2_S28_D3242,L2,L2_S28,0.0,0.0
feature:L2_S28_D3245,feature,L2_S28_D3245,L2,L2_S28,0.0,0.0
feature:L2_S28_D3249,feature,L2_S28_D3249,L2,L2_S28,0.0,0.0
feature:L2_S28_D3252,feature,L2_S28_D3252,L2,L2_S28,0.0,0.0
feature:L2_S28_D3256,feature,L2_S28_D3256,L2,L2_S28,0.0,0.0
feature:L2_S28_D3260,feature,L2_S28_D3260,L2,L2_S28,0.0,0.0
feature:L2_S28_D3264,feature,L2_S28_D3264,L2,L2_S28,0.0,0.0
feature:L2_S28_D3267,feature,L2_S28_D3267,L2,L2_S28,0.0,0.0
feature:L2_S28_D3270,feature,L2_S28_D3270,L2,L2_S28,0.0,0.0
feature:L2_S28_D3273,feature,L2_S28_D3273,L2,L2_S28,0.0,0.0
feature:L2_S28_D3276,feature,L2_S28_D3276,L2,L2_S28,0.0,0.0
feature:L2_S28_D3279,feature,L2_S28_D3279,L2,L2_S28,0.0,0.0
feature:L2_S28_D3282,feature,L2_S28_D3282,L2,L2_S28,0.0,0.0
feature:L2_S28_D3286,feature,L2_S28_D3286,L2,L2_S28,0.0,0.0
feature:L2_S28_D3289,feature,L2_S28_D3289,L2,L2_S28,0.0,0.0
feature:L2_S28_D3293,feature,L2_S28_D3293,L2,L2_S28,0.0,0.0
feature:L2_S28_D3296,feature,L2_S28_D3296,L2,L2_S28,0.0,0.0
feature:L2_S28_D3300,feature,L2_S28_D3300,L2,L2_S28,0.0,0.0
feature:L2_S28_D3304,feature,L2_S28_D3304,L2,L2_S28,0.0,0.0
feature:L2_S28_D3308,feature,L2_S28_D3308,L2,L2_S28,0.0,0.0
feature:L2_S28_D3312,feature,L2_S28_D3312,L2,L2_S28,0.0,0.0
feature:L2_S28_F3222,feature,L2_S28_F3222,L2,L2_S28,0.0,0.0
feature:L2_S28_F3224,feature,L2_S28_F3224,L2,L2_S28,0.0,0.0
feature:L2_S28_F3225,feature,L2_S28_F3225,L2,L2_S28,0.0,0.0
feature:L2_S28_F3226,feature,L2_S28_F3226,L2,L2_S28,0.0,0.0
feature:L2_S28_F3228,feature,L2_S28_F3228,L2,L2_S28,0.0,0.0
feature:L2_S28_F3229,feature,L2_S28_F3229,L2,L2_S28,0.0,0.0
feature:L2_S28_F3231,feature,L2_S28_F3231,L2,L2_S28,0.0,0.0
feature:L2_S28_F3232,feature,L2_S28_F3232,L2,L2_S28,0.0,0.0
feature:L2_S28_F3233,feature,L2_S28_F3233,L2,L2_S28,0.0,0.0
feature:L2_S28_F3235,feature,L2_S28_F3235,L2,L2_S28,0.0,0.0
feature:L2_S28_F3236,feature,L2_S28_F3236,L2,L2_S28,0.0,0.0
feature:L2_S28_F3237,feature,L2_S28_F3237,L2,L2_S28,0.37287784931909507,0.0002535103840138
feature:L2_S28_F3239,feature,L2_S28_F3239,L2,L2_S28,0.0,0.0
feature:L2_S28_F3240,feature,L2_S28_F3240,L2,L2_S28,0.0,0.0
feature:L2_S28_F3241,feature,L2_S28_F3241,L2,L2_S28,0.0,0.0
feature:L2_S28_F3243,feature,L2_S28_F3243,L2,L2_S28,0.0,0.0
feature:L2_S28_F3244,feature,L2_S28_F3244,L2,L2_S28,0.0,0.0
feature:L2_S28_F3246,feature,L2_S28_F3246,L2,L2_S28,0.0,0.0
feature:L2_S28_F3247,feature,L2_S28_F3247,L2,L2_S28,0.0,0.0
feature:L2_S28_F3248,feature,L2_S28_F3248,L2,L2_S28,5.6352776529140005,0.0038312852437423
feature:L2_S28_F3250,feature,L2_S28_F3250,L2,L2_S28,0.0,0.0
feature:L2_S28_F3251,feature,L2_S28_F3251,L2,L2_S28,0.0,0.0
feature:L2_S28_F3253,feature,L2_S28_F3253,L2,L2_S28,0.0,0.0
feature:L2_S28_F3254,feature,L2_S28_F3254,L2,L2_S28,0.0,0.0
feature:L2_S28_F3255,feature,L2_S28_F3255,L2,L2_S28,0.0,0.0
feature:L2_S28_F3257,feature,L2_S28_F3257,L2,L2_S28,0.0,0.0
feature:L2_S28_F3258,feature,L2_S28_F3258,L2,L2_S28,0.0,0.0
feature:L2_S28_F3259,feature,L2_S28_F3259,L2,L2_S28,0.7913534892638765,0.0005380215728026951
feature:L2_S28_F3261,feature,L2_S28_F3261,L2,L2_S28,0.0,0.0
feature:L2_S28_F3262,feature,L2_S28_F3262,L2,L2_S28,0.0,0.0
feature:L2_S28_F3263,feature,L2_S28_F3263,L2,L2_S28,0.0,0.0
feature:L2_S28_F3265,feature,L2_S28_F3265,L2,L2_S28,0.0,0.0
feature:L2_S28_F3266,feature,L2_S28_F3266,L2,L2_S28,0.0,0.0
feature:L2_S28_F3268,feature,L2_S28_F3268,L2,L2_S28,0.0,0.0
feature:L2_S28_F3269,feature,L2_S28_F3269,L2,L2_S28,0.0,0.0
feature:L2_S28_F3271,feature,L2_S28_F3271,L2,L2_S28,0.0,0.0
feature:L2_S28_F3272,feature,L2_S28_F3272,L2,L2_S28,0.0,0.0
feature:L2_S28_F3274,feature,L2_S28_F3274,L2,L2_S28,0.0,0.0
feature:L2_S28_F3275,feature,L2_S28_F3275,L2,L2_S28,0.0,0.0
feature:L2_S28_F3277,feature,L2_S28_F3277,L2,L2_S28,0.0,0.0
feature:L2_S28_F3278,feature,L2_S28_F3278,L2,L2_S28,0.0,0.0
feature:L2_S28_F3280,feature,L2_S28_F3280,L2,L2_S28,0.0,0.0
feature:L2_S28_F3281,feature,L2_S28_F3281,L2,L2_S28,0.0,0.0
feature:L2_S28_F3283,feature,L2_S28_F3283,L2,L2_S28,0.0,0.0
feature:L2_S28_F3284,feature,L2_S28_F3284,L2,L2_S28,0.0,0.0
feature:L2_S28_F3285,feature,L2_S28_F3285,L2,L2_S28,0.0,0.0
feature:L2_S28_F3287,feature,L2_S28_F3287,L2,L2_S28,0.0,0.0
feature:L2_S28_F3288,feature,L2_S28_F3288,L2,L2_S28,0.0,0.0
feature:L2_S28_F3290,feature,L2_S28_F3290,L2,L2_S28,0.0,0.0
feature:L2_S28_F3291,feature,L2_S28_F3291,L2,L2_S28,0.0,0.0
feature:L2_S28_F3292,feature,L2_S28_F3292,L2,L2_S28,2.7319896277492903,0.0018574118599889
feature:L2_S28_F3294,feature,L2_S28_F3294,L2,L2_S28,0.0,0.0
feature:L2_S28_F3295,feature,L2_S28_F3295,L2,L2_S28,0.0,0.0
feature:L2_S28_F3297,feature,L2_S28_F3297,L2,L2_S28,0.0,0.0
feature:L2_S28_F3298,feature,L2_S28_F3298,L2,L2_S28,0.0,0.0
feature:L2_S28_F3299,feature,L2_S28_F3299,L2,L2_S28,0.0,0.0
feature:L2_S28_F3301,feature,L2_S28_F3301,L2,L2_S28,0.0,0.0
feature:L2_S28_F3302,feature,L2_S28_F3302,L2,L2_S28,0.0,0.0
feature:L2_S28_F3303,feature,L2_S28_F3303,L2,L2_S28,1.3157259879449128,0.0008945294043879
feature:L2_S28_F3305,feature,L2_S28_F3305,L2,L2_S28,0.0,0.0
feature:L2_S28_F3306,feature,L2_S28_F3306,L2,L2_S28,0.0,0.0
feature:L2_S28_F3307,feature,L2_S28_F3307,L2,L2_S28,0.0,0.0
feature:L2_S28_F3309,feature,L2_S28_F3309,L2,L2_S28,0.0,0.0
feature:L2_S28_F3310,feature,L2_S28_F3310,L2,L2_S28,0.0,0.0
feature:L2_S28_F3311,feature,L2_S28_F3311,L2,L2_S28,0.0,0.0
feature:L2_S28_F3313,feature,L2_S28_F3313,L2,L2_S28,0.0,0.0
feature:L2_S28_F3314,feature,L2_S28_F3314,L2,L2_S28,0.0,0.0
feature:L3_S29_D3316,feature,L3_S29_D3316,L3,L3_S29,0.0,0.0
feature:L3_S29_D3319,feature,L3_S29_D3319,L3,L3_S29,0.0,0.0
feature:L3_S29_D3322,feature,L3_S29_D3322,L3,L3_S29,0.0,0.0
feature:L3_S29_D3325,feature,L3_S29_D3325,L3,L3_S29,0.0,0.0
feature:L3_S29_D3328,feature,L3_S29_D3328,L3,L3_S29,0.0,0.0
feature:L3_S29_D3331,feature,L3_S29_D3331,L3,L3_S29,0.0,0.0
feature:L3_S29_D3334,feature,L3_S29_D3334,L3,L3_S29,0.0,0.0
feature:L3_S29_D3337,feature,L3_S29_D3337,L3,L3_S29,0.0,0.0
feature:L3_S29_D3340,feature,L3_S29_D3340,L3,L3_S29,0.0,0.0
feature:L3_S29_D3343,feature,L3_S29_D3343,L3,L3_S29,0.0,0.0
feature:L3_S29_D3346,feature,L3_S29_D3346,L3,L3_S29,0.0,0.0
feature:L3_S29_D3349,feature,L3_S29_D3349,L3,L3_S29,0.0,0.0
feature:L3_S29_D3352,feature,L3_S29_D3352,L3,L3_S29,0.0,0.0
feature:L3_S29_D3355,feature,L3_S29_D3355,L3,L3_S29,0.0,0.0
feature:L3_S29_D3358,feature,L3_S29_D3358,L3,L3_S29,0.0,0.0
feature:L3_S29_D3361,feature,L3_S29_D3361,L3,L3_S29,0.0,0.0
feature:L3_S29_D3363,feature,L3_S29_D3363,L3,L3_S29,0.0,0.0
feature:L3_S29_D3365,feature,L3_S29_D3365,L3,L3_S29,0.0,0.0
feature:L3_S29_D3368,feature,L3_S29_D3368,L3,L3_S29,0.0,0.0
feature:L3_S29_D3371,feature,L3_S29_D3371,L3,L3_S29,0.0,0.0
feature:L3_S29_D3374,feature,L3_S29_D3374,L3,L3_S29,0.0,0.0
feature:L3_S29_D3377,feature,L3_S29_D3377,L3,L3_S29,0.0,0.0
feature:L3_S29_D3380,feature,L3_S29_D3380,L3,L3_S29,0.0,0.0
feature:L3_S29_D3383,feature,L3_S29_D3383,L3,L3_S29,0.0,0.0
feature:L3_S29_D3386,feature,L3_S29_D3386,L3,L3_S29,0.0,0.0
feature:L3_S29_D3389,feature,L3_S29_D3389,L3,L3_S29,0.0,0.0
feature:L3_S29_D3391,feature,L3_S29_D3391,L3,L3_S29,0.0,0.0
feature:L3_S29_D3393,feature,L3_S29_D3393,L3,L3_S29,0.0,0.0
feature:L3_S29_D3396,feature,L3_S29_D3396,L3,L3_S29,0.0,0.0
feature:L3_S29_D3399,feature,L3_S29_D3399,L3,L3_S29,0.0,0.0
feature:L3_S29_D3402,feature,L3_S29_D3402,L3,L3_S29,0.0,0.0
feature:L3_S29_D3405,feature,L3_S29_D3405,L3,L3_S29,0.0,0.0
feature:L3_S29_D3408,feature,L3_S29_D3408,L3,L3_S29,0.0,0.0
feature:L3_S29_D3410,feature,L3_S29_D3410,L3,L3_S29,0.0,0.0
feature:L3_S29_D3413,feature,L3_S29_D3413,L3,L3_S29,0.0,0.0
feature:L3_S29_D3415,feature,L3_S29_D3415,L3,L3_S29,0.0,0.0
feature:L3_S29_D3417,feature,L3_S29_D3417,L3,L3_S29,0.0,0.0
feature:L3_S29_D3419,feature,L3_S29_D3419,L3,L3_S29,0.0,0.0
feature:L3_S29_D3422,feature,L3_S29_D3422,L3,L3_S29,0.0,0.0
feature:L3_S29_D3425,feature,L3_S29_D3425,L3,L3_S29,0.0,0.0
feature:L3_S29_D3428,feature,L3_S29_D3428,L3,L3_S29,0.0,0.0
feature:L3_S29_D3431,feature,L3_S29_D3431,L3,L3_S29,0.0,0.0
feature:L3_S29_D3434,feature,L3_S29_D3434,L3,L3_S29,0.0,0.0
feature:L3_S29_D3437,feature,L3_S29_D3437,L3,L3_S29,0.0,0.0
feature:L3_S29_D3440,feature,L3_S29_D3440,L3,L3_S29,0.0,0.0
feature:L3_S29_D3443,feature,L3_S29_D3443,L3,L3_S29,0.0,0.0
feature:L3_S29_D3445,feature,L3_S29_D3445,L3,L3_S29,0.0,0.0
feature:L3_S29_D3447,feature,L3_S29_D3447,L3,L3_S29,0.0,0.0
feature:L3_S29_D3450,feature,L3_S29_D3450,L3,L3_S29,0.0,0.0
feature:L3_S29_D3453,feature,L3_S29_D3453,L3,L3_S29,0.0,0.0
feature:L3_S29_D3456,feature,L3_S29_D3456,L3,L3_S29,0.0,0.0
feature:L3_S29_D3459,feature,L3_S29_D3459,L3,L3_S29,0.0,0.0
feature:L3_S29_D3462,feature,L3_S29_D3462,L3,L3_S29,0.0,0.0
feature:L3_S29_D3465,feature,L3_S29_D3465,L3,L3_S29,0.0,0.0
feature:L3_S29_D3468,feature,L3_S29_D3468,L3,L3_S29,0.0,0.0
feature:L3_S29_D3471,feature,L3_S29_D3471,L3,L3_S29,0.0,0.0
feature:L3_S29_D3474,feature,L3_S29_D3474,L3,L3_S29,0.0,0.0
feature:L3_S29_D3477,feature,L3_S29_D3477,L3,L3_S29,0.0,0.0
feature:L3_S29_D3480,feature,L3_S29_D3480,L3,L3_S29,0.0,0.0
feature:L3_S29_D3483,feature,L3_S29_D3483,L3,L3_S29,0.0,0.0
feature:L3_S29_D3486,feature,L3_S29_D3486,L3,L3_S29,0.0,0.0
feature:L3_S29_D3489,feature,L3_S29_D3489,L3,L3_S29,0.0,0.0
feature:L3_S29_D3492,feature,L3_S29_D3492,L3,L3_S29,0.0,0.0
feature:L3_S29_F3315,feature,L3_S29_F3315,L3,L3_S29,0.0,0.0
feature:L3_S29_F3317,feature,L3_S29_F3317,L3,L3_S29,0.0,0.0
feature:L3_S29_F3318,feature,L3_S29_F3318,L3,L3_S29,0.0,0.0
feature:L3_S29_F3320,feature,L3_S29_F3320,L3,L3_S29,0.0,0.0
feature:L3_S29_F3321,feature,L3_S29_F3321,L3,L3_S29,0.0,0.0
feature:L3_S29_F3323,feature,L3_S29_F3323,L3,L3_S29,0.0,0.0
feature:L3_S29_F3324,feature,L3_S29_F3324,L3,L3_S29,0.0,0.0
feature:L3_S29_F3326,feature,L3_S29_F3326,L3,L3_S29,0.0,0.0
feature:L3_S29_F3327,feature,L3_S29_F3327,L3,L3_S29,0.0,0.0
feature:L3_S29_F3329,feature,L3_S29_F3329,L3,L3_S29,0.0,0.0
feature:L3_S29_F3330,feature,L3_S29_F3330,L3,L3_S29,0.0,0.0
feature:L3_S29_F3332,feature,L3_S29_F3332,L3,L3_S29,0.0,0.0
feature:L3_S29_F3333,feature,L3_S29_F3333,L3,L3_S29,0.0,0.0
feature:L3_S29_F3335,feature,L3_S29_F3335,L3,L3_S29,0.0,0.0
feature:L3_S29_F3336,feature,L3_S29_F3336,L3,L3_S29,0.0,0.0
feature:L3_S29_F3338,feature,L3_S29_F3338,L3,L3_S29,0.0,0.0
feature:L3_S29_F3339,feature,L3_S29_F3339,L3,L3_S29,0.0,0.0
feature:L3_S29_F3341,feature,L3_S29_F3341,L3,L3_S29,0.0,0.0
feature:L3_S29_F3342,feature,L3_S29_F3342,L3,L3_S29,0.0,0.0
feature:L3_S29_F3344,feature,L3_S29_F3344,L3,L3_S29,0.0,0.0
feature:L3_S29_F3345,feature,L3_S29_F3345,L3,L3_S29,0.0,0.0
feature:L3_S29_F3347,feature,L3_S29_F3347,L3,L3_S29,0.0,0.0
feature:L3_S29_F3348,feature,L3_S29_F3348,L3,L3_S29,0.0,0.0
feature:L3_S29_F3350,feature,L3_S29_F3350,L3,L3_S29,0.0,0.0
feature:L3_S29_F3351,feature,L3_S29_F3351,L3,L3_S29,0.0,0.0
feature:L3_S29_F3353,feature,L3_S29_F3353,L3,L3_S29,0.0,0.0
feature:L3_S29_F3354,feature,L3_S29_F3354,L3,L3_S29,0.0,0.0
feature:L3_S29_F3356,feature,L3_S29_F3356,L3,L3_S29,0.0,0.0
feature:L3_S29_F3357,feature,L3_S29_F3357,L3,L3_S29,0.0,0.0
feature:L3_S29_F3359,feature,L3_S29_F3359,L3,L3_S29,0.0,0.0
feature:L3_S29_F3360,feature,L3_S29_F3360,L3,L3_S29,0.0,0.0
feature:L3_S29_F3362,feature,L3_S29_F3362,L3,L3_S29,0.0,0.0
feature:L3_S29_F3364,feature,L3_S29_F3364,L3,L3_S29,0.0,0.0
feature:L3_S29_F3366,feature,L3_S29_F3366,L3,L3_S29,0.0,0.0
feature:L3_S29_F3367,feature,L3_S29_F3367,L3,L3_S29,0.0,0.0
feature:L3_S29_F3369,feature,L3_S29_F3369,L3,L3_S29,0.0,0.0
feature:L3_S29_F3370,feature,L3_S29_F3370,L3,L3_S29,0.0,0.0
feature:L3_S29_F3372,feature,L3_S29_F3372,L3,L3_S29,0.0,0.0
feature:L3_S29_F3373,feature,L3_S29_F3373,L3,L3_S29,0.0,0.0
feature:L3_S29_F3375,feature,L3_S29_F3375,L3,L3_S29,0.0,0.0
feature:L3_S29_F3376,feature,L3_S29_F3376,L3,L3_S29,0.0,0.0
feature:L3_S29_F3378,feature,L3_S29_F3378,L3,L3_S29,0.0,0.0
feature:L3_S29_F3379,feature,L3_S29_F3379,L3,L3_S29,0.0,0.0
feature:L3_S29_F3381,feature,L3_S29_F3381,L3,L3_S29,0.0,0.0
feature:L3_S29_F3382,feature,L3_S29_F3382,L3,L3_S29,0.0,0.0
feature:L3_S29_F3384,feature,L3_S29_F3384,L3,L3_S29,0.0,0.0
feature:L3_S29_F3385,feature,L3_S29_F3385,L3,L3_S29,0.0,0.0
feature:L3_S29_F3387,feature,L3_S29_F3387,L3,L3_S29,0.0,0.0
feature:L3_S29_F3388,feature,L3_S29_F3388,L3,L3_S29,0.0,0.0
feature:L3_S29_F3390,feature,L3_S29_F3390,L3,L3_S29,0.0,0.0
feature:L3_S29_F3392,feature,L3_S29_F3392,L3,L3_S29,0.0,0.0
feature:L3_S29_F3394,feature,L3_S29_F3394,L3,L3_S29,0.0,0.0
feature:L3_S29_F3395,feature,L3_S29_F3395,L3,L3_S29,0.0,0.0
feature:L3_S29_F3397,feature,L3_S29_F3397,L3,L3_S29,0.0,0.0
feature:L3_S29_F3398,feature,L3_S29_F3398,L3,L3_S29,0.0,0.0
feature:L3_S29_F3400,feature,L3_S29_F3400,L3,L3_S29,0.0,0.0
feature:L3_S29_F3401,feature,L3_S29_F3401,L3,L3_S29,0.0,0.0
feature:L3_S29_F3403,feature,L3_S29_F3403,L3,L3_S29,0.0,0.0
feature:L3_S29_F3404,feature,L3_S29_F3404,L3,L3_S29,0.0,0.0
feature:L3_S29_F3406,feature,L3_S29_F3406,L3,L3_S29,0.0,0.0
feature:L3_S29_F3407,feature,L3_S29_F3407,L3,L3_S29,0.0,0.0
feature:L3_S29_F3409,feature,L3_S29_F3409,L3,L3_S29,0.0,0.0
feature:L3_S29_F3411,feature,L3_S29_F3411,L3,L3_S29,0.0,0.0
feature:L3_S29_F3412,feature,L3_S29_F3412,L3,L3_S29,0.0,0.0
feature:L3_S29_F3414,feature,L3_S29_F3414,L3,L3_S29,0.0,0.0
feature:L3_S29_F3416,feature,L3_S29_F3416,L3,L3_S29,0.0,0.0
feature:L3_S29_F3418,feature,L3_S29_F3418,L3,L3_S29,0.0,0.0
feature:L3_S29_F3420,feature,L3_S29_F3420,L3,L3_S29,0.0,0.0
feature:L3_S29_F3421,feature,L3_S29_F3421,L3,L3_S29,0.0,0.0
feature:L3_S29_F3423,feature,L3_S29_F3423,L3,L3_S29,0.0,0.0
feature:L3_S29_F3424,feature,L3_S29_F3424,L3,L3_S29,0.0,0.0
feature:L3_S29_F3426,feature,L3_S29_F3426,L3,L3_S29,0.0,0.0
feature:L3_S29_F3427,feature,L3_S29_F3427,L3,L3_S29,0.0,0.0
feature:L3_S29_F3429,feature,L3_S29_F3429,L3,L3_S29,0.0,0.0
feature:L3_S29_F3430,feature,L3_S29_F3430,L3,L3_S29,0.0,0.0
feature:L3_S29_F3432,feature,L3_S29_F3432,L3,L3_S29,0.0,0.0
feature:L3_S29_F3433,feature,L3_S29_F3433,L3,L3_S29,0.0,0.0
feature:L3_S29_F3435,feature,L3_S29_F3435,L3,L3_S29,0.0,0.0
feature:L3_S29_F3436,feature,L3_S29_F3436,L3,L3_S29,0.0,0.0
feature:L3_S29_F3438,feature,L3_S29_F3438,L3,L3_S29,0.0,0.0
feature:L3_S29_F3439,feature,L3_S29_F3439,L3,L3_S29,0.0,0.0
feature:L3_S29_F3441,feature,L3_S29_F3441,L3,L3_S29,0.0,0.0
feature:L3_S29_F3442,feature,L3_S29_F3442,L3,L3_S29,0.0,0.0
feature:L3_S29_F3444,feature,L3_S29_F3444,L3,L3_S29,0.0,0.0
feature:L3_S29_F3446,feature,L3_S29_F3446,L3,L3_S29,0.0,0.0
feature:L3_S29_F3448,feature,L3_S29_F3448,L3,L3_S29,0.0,0.0
feature:L3_S29_F3449,feature,L3_S29_F3449,L3,L3_S29,0.0,0.0
feature:L3_S29_F3451,feature,L3_S29_F3451,L3,L3_S29,0.0,0.0
feature:L3_S29_F3452,feature,L3_S29_F3452,L3,L3_S29,0.0,0.0
feature:L3_S29_F3454,feature,L3_S29_F3454,L3,L3_S29,0.0,0.0
feature:L3_S29_F3455,feature,L3_S29_F3455,L3,L3_S29,0.0,0.0
feature:L3_S29_F3457,feature,L3_S29_F3457,L3,L3_S29,0.0,0.0
feature:L3_S29_F3458,feature,L3_S29_F3458,L3,L3_S29,0.0,0.0
feature:L3_S29_F3460,feature,L3_S29_F3460,L3,L3_S29,0.0,0.0
feature:L3_S29_F3461,feature,L3_S29_F3461,L3,L3_S29,0.0,0.0
feature:L3_S29_F3463,feature,L3_S29_F3463,L3,L3_S29,0.0,0.0
feature:L3_S29_F3464,feature,L3_S29_F3464,L3,L3_S29,0.0,0.0
feature:L3_S29_F3466,feature,L3_S29_F3466,L3,L3_S29,0.0,0.0
feature:L3_S29_F3467,feature,L3_S29_F3467,L3,L3_S29,0.0,0.0
feature:L3_S29_F3469,feature,L3_S29_F3469,L3,L3_S29,0.0,0.0
feature:L3_S29_F3470,feature,L3_S29_F3470,L3,L3_S29,0.0,0.0
feature:L3_S29_F3472,feature,L3_S29_F3472,L3,L3_S29,0.0,0.0
feature:L3_S29_F3473,feature,L3_S29_F3473,L3,L3_S29,0.0,0.0
feature:L3_S29_F3475,feature,L3_S29_F3475,L3,L3_S29,0.0,0.0
feature:L3_S29_F3476,feature,L3_S29_F3476,L3,L3_S29,0.0,0.0
feature:L3_S29_F3478,feature,L3_S29_F3478,L3,L3_S29,0.0,0.0
feature:L3_S29_F3479,feature,L3_S29_F3479,L3,L3_S29,0.0,0.0
feature:L3_S29_F3481,feature,L3_S29_F3481,L3,L3_S29,0.0,0.0
feature:L3_S29_F3482,feature,L3_S29_F3482,L3,L3_S29,0.0,0.0
feature:L3_S29_F3484,feature,L3_S29_F3484,L3,L3_S29,0.0,0.0
feature:L3_S29_F3485,feature,L3_S29_F3485,L3,L3_S29,0.0,0.0
feature:L3_S29_F3487,feature,L3_S29_F3487,L3,L3_S29,0.0,0.0
feature:L3_S29_F3488,feature,L3_S29_F3488,L3,L3_S29,0.0,0.0
feature:L3_S29_F3490,feature,L3_S29_F3490,L3,L3_S29,0.0,0.0
feature:L3_S29_F3491,feature,L3_S29_F3491,L3,L3_S29,0.0,0.0
feature:L3_S29_F3493,feature,L3_S29_F3493,L3,L3_S29,0.0,0.0
feature:L3_S30_D3496,feature,L3_S30_D3496,L3,L3_S30,0.0,0.0
feature:L3_S30_D3501,feature,L3_S30_D3501,L3,L3_S30,0.0,0.0
feature:L3_S30_D3506,feature,L3_S30_D3506,L3,L3_S30,0.0,0.0
feature:L3_S30_D3511,feature,L3_S30_D3511,L3,L3_S30,0.0,0.0
feature:L3_S30_D3516,feature,L3_S30_D3516,L3,L3_S30,0.0,0.0
feature:L3_S30_D3521,feature,L3_S30_D3521,L3,L3_S30,0.0,0.0
feature:L3_S30_D3526,feature,L3_S30_D3526,L3,L3_S30,0.0,0.0
feature:L3_S30_D3531,feature,L3_S30_D3531,L3,L3_S30,0.0,0.0
feature:L3_S30_D3536,feature,L3_S30_D3536,L3,L3_S30,0.0,0.0
feature:L3_S30_D3541,feature,L3_S30_D3541,L3,L3_S30,0.0,0.0
feature:L3_S30_D3546,feature,L3_S30_D3546,L3,L3_S30,0.0,0.0
feature:L3_S30_D3551,feature,L3_S30_D3551,L3,L3_S30,0.0,0.0
feature:L3_S30_D3556,feature,L3_S30_D3556,L3,L3_S30,0.0,0.0
feature:L3_S30_D3561,feature,L3_S30_D3561,L3,L3_S30,0.0,0.0
feature:L3_S30_D3566,feature,L3_S30_D3566,L3,L3_S30,0.0,0.0
feature:L3_S30_D3571,feature,L3_S30_D3571,L3,L3_S30,0.0,0.0
feature:L3_S30_D3576,feature,L3_S30_D3576,L3,L3_S30,0.0,0.0
feature:L3_S30_D3581,feature,L3_S30_D3581,L3,L3_S30,0.0,0.0
feature:L3_S30_D3586,feature,L3_S30_D3586,L3,L3_S30,0.0,0.0
feature:L3_S30_D3591,feature,L3_S30_D3591,L3,L3_S30,0.0,0.0
feature:L3_S30_D3596,feature,L3_S30_D3596,L3,L3_S30,0.0,0.0
feature:L3_S30_D3601,feature,L3_S30_D3601,L3,L3_S30,0.0,0.0
feature:L3_S30_D3606,feature,L3_S30_D3606,L3,L3_S30,0.0,0.0
feature:L3_S30_D3611,feature,L3_S30_D3611,L3,L3_S30,0.0,0.0
feature:L3_S30_D3616,feature,L3_S30_D3616,L3,L3_S30,0.0,0.0
feature:L3_S30_D3621,feature,L3_S30_D3621,L3,L3_S30,0.0,0.0
feature:L3_S30_D3626,feature,L3_S30_D3626,L3,L3_S30,0.0,0.0
feature:L3_S30_D3631,feature,L3_S30_D3631,L3,L3_S30,0.0,0.0
feature:L3_S30_D3636,feature,L3_S30_D3636,L3,L3_S30,0.0,0.0
feature:L3_S30_D3641,feature,L3_S30_D3641,L3,L3_S30,0.0,0.0
feature:L3_S30_D3646,feature,L3_S30_D3646,L3,L3_S30,0.0,0.0
feature:L3_S30_D3651,feature,L3_S30_D3651,L3,L3_S30,0.0,0.0
feature:L3_S30_D3656,feature,L3_S30_D3656,L3,L3_S30,0.0,0.0
feature:L3_S30_D3661,feature,L3_S30_D3661,L3,L3_S30,0.0,0.0
feature:L3_S30_D3666,feature,L3_S30_D3666,L3,L3_S30,0.0,0.0
feature:L3_S30_D3671,feature,L3_S30_D3671,L3,L3_S30,0.0,0.0
feature:L3_S30_D3676,feature,L3_S30_D3676,L3,L3_S30,0.0,0.0
feature:L3_S30_D3681,feature,L3_S30_D3681,L3,L3_S30,0.0,0.0
feature:L3_S30_D3686,feature,L3_S30_D3686,L3,L3_S30,0.0,0.0
feature:L3_S30_D3691,feature,L3_S30_D3691,L3,L3_S30,0.0,0.0
feature:L3_S30_D3696,feature,L3_S30_D3696,L3,L3_S30,0.0,0.0
feature:L3_S30_D3701,feature,L3_S30_D3701,L3,L3_S30,0.0,0.0
feature:L3_S30_D3706,feature,L3_S30_D3706,L3,L3_S30,0.0,0.0
feature:L3_S30_D3711,feature,L3_S30_D3711,L3,L3_S30,0.0,0.0
feature:L3_S30_D3716,feature,L3_S30_D3716,L3,L3_S30,0.0,0.0
feature:L3_S30_D3721,feature,L3_S30_D3721,L3,L3_S30,0.0,0.0
feature:L3_S30_D3726,feature,L3_S30_D3726,L3,L3_S30,0.0,0.0
feature:L3_S30_D3731,feature,L3_S30_D3731,L3,L3_S30,0.0,0.0
feature:L3_S30_D3736,feature,L3_S30_D3736,L3,L3_S30,0.0,0.0
feature:L3_S30_D3741,feature,L3_S30_D3741,L3,L3_S30,0.0,0.0
feature:L3_S30_D3746,feature,L3_S30_D3746,L3,L3_S30,0.0,0.0
feature:L3_S30_D3751,feature,L3_S30_D3751,L3,L3_S30,0.0,0.0
feature:L3_S30_D3756,feature,L3_S30_D3756,L3,L3_S30,0.0,0.0
feature:L3_S30_D3761,feature,L3_S30_D3761,L3,L3_S30,0.0,0.0
feature:L3_S30_D3766,feature,L3_S30_D3766,L3,L3_S30,0.0,0.0
feature:L3_S30_D3771,feature,L3_S30_D3771,L3,L3_S30,0.0,0.0
feature:L3_S30_D3776,feature,L3_S30_D3776,L3,L3_S30,0.0,0.0
feature:L3_S30_D3781,feature,L3_S30_D3781,L3,L3_S30,0.0,0.0
feature:L3_S30_D3786,feature,L3_S30_D3786,L3,L3_S30,0.0,0.0
feature:L3_S30_D3791,feature,L3_S30_D3791,L3,L3_S30,0.0,0.0
feature:L3_S30_D3796,feature,L3_S30_D3796,L3,L3_S30,0.0,0.0
feature:L3_S30_D3801,feature,L3_S30_D3801,L3,L3_S30,0.0,0.0
feature:L3_S30_D3806,feature,L3_S30_D3806,L3,L3_S30,0.0,0.0
feature:L3_S30_D3811,feature,L3_S30_D3811,L3,L3_S30,0.0,0.0
feature:L3_S30_D3816,feature,L3_S30_D3816,L3,L3_S30,0.0,0.0
feature:L3_S30_D3821,feature,L3_S30_D3821,L3,L3_S30,0.0,0.0
feature:L3_S30_D3826,feature,L3_S30_D3826,L3,L3_S30,0.0,0.0
feature:L3_S30_D3831,feature,L3_S30_D3831,L3,L3_S30,0.0,0.0
feature:L3_S30_F3494,feature,L3_S30_F3494,L3,L3_S30,0.0,0.0
feature:L3_S30_F3495,feature,L3_S30_F3495,L3,L3_S30,0.0,0.0
feature:L3_S30_F3497,feature,L3_S30_F3497,L3,L3_S30,0.0,0.0
feature:L3_S30_F3498,feature,L3_S30_F3498,L3,L3_S30,0.0,0.0
feature:L3_S30_F3499,feature,L3_S30_F3499,L3,L3_S30,0.0,0.0
feature:L3_S30_F3500,feature,L3_S30_F3500,L3,L3_S30,0.0,0.0
feature:L3_S30_F3502,feature,L3_S30_F3502,L3,L3_S30,0.0,0.0
feature:L3_S30_F3503,feature,L3_S30_F3503,L3,L3_S30,0.0,0.0
feature:L3_S30_F3504,feature,L3_S30_F3504,L3,L3_S30,0.0,0.0
feature:L3_S30_F3505,feature,L3_S30_F3505,L3,L3_S30,0.0,0.0
feature:L3_S30_F3507,feature,L3_S30_F3507,L3,L3_S30,0.0,0.0
feature:L3_S30_F3508,feature,L3_S30_F3508,L3,L3_S30,0.0,0.0
feature:L3_S30_F3509,feature,L3_S30_F3509,L3,L3_S30,0.0,0.0
feature:L3_S30_F3510,feature,L3_S30_F3510,L3,L3_S30,0.0,0.0
feature:L3_S30_F3512,feature,L3_S30_F3512,L3,L3_S30,0.0,0.0
feature:L3_S30_F3513,feature,L3_S30_F3513,L3,L3_S30,0.0,0.0
feature:L3_S30_F3514,feature,L3_S30_F3514,L3,L3_S30,0.0,0.0
feature:L3_S30_F3515,feature,L3_S30_F3515,L3,L3_S30,0.0,0.0
feature:L3_S30_F3517,feature,L3_S30_F3517,L3,L3_S30,0.0,0.0
feature:L3_S30_F3518,feature,L3_S30_F3518,L3,L3_S30,0.0,0.0
feature:L3_S30_F3519,feature,L3_S30_F3519,L3,L3_S30,0.0,0.0
feature:L3_S30_F3520,feature,L3_S30_F3520,L3,L3_S30,0.0,0.0
feature:L3_S30_F3522,feature,L3_S30_F3522,L3,L3_S30,0.0,0.0
feature:L3_S30_F3523,feature,L3_S30_F3523,L3,L3_S30,0.0,0.0
feature:L3_S30_F3524,feature,L3_S30_F3524,L3,L3_S30,0.0,0.0
feature:L3_S30_F3525,feature,L3_S30_F3525,L3,L3_S30,0.0,0.0
feature:L3_S30_F3527,feature,L3_S30_F3527,L3,L3_S30,0.0,0.0
feature:L3_S30_F3528,feature,L3_S30_F3528,L3,L3_S30,0.0,0.0
feature:L3_S30_F3529,feature,L3_S30_F3529,L3,L3_S30,0.0,0.0
feature:L3_S30_F3530,feature,L3_S30_F3530,L3,L3_S30,0.0,0.0
feature:L3_S30_F3532,feature,L3_S30_F3532,L3,L3_S30,0.0,0.0
feature:L3_S30_F3533,feature,L3_S30_F3533,L3,L3_S30,0.0,0.0
feature:L3_S30_F3534,feature,L3_S30_F3534,L3,L3_S30,0.0,0.0
feature:L3_S30_F3535,feature,L3_S30_F3535,L3,L3_S30,0.0,0.0
feature:L3_S30_F3537,feature,L3_S30_F3537,L3,L3_S30,0.0,0.0
feature:L3_S30_F3538,feature,L3_S30_F3538,L3,L3_S30,0.0,0.0
feature:L3_S30_F3539,feature,L3_S30_F3539,L3,L3_S30,0.0,0.0
feature:L3_S30_F3540,feature,L3_S30_F3540,L3,L3_S30,0.0,0.0
feature:L3_S30_F3542,feature,L3_S30_F3542,L3,L3_S30,0.0,0.0
feature:L3_S30_F3543,feature,L3_S30_F3543,L3,L3_S30,0.0,0.0
feature:L3_S30_F3544,feature,L3_S30_F3544,L3,L3_S30,0.0,0.0
feature:L3_S30_F3545,feature,L3_S30_F3545,L3,L3_S30,0.0,0.0
feature:L3_S30_F3547,feature,L3_S30_F3547,L3,L3_S30,0.0,0.0
feature:L3_S30_F3548,feature,L3_S30_F3548,L3,L3_S30,0.0,0.0
feature:L3_S30_F3549,feature,L3_S30_F3549,L3,L3_S30,0.0,0.0
feature:L3_S30_F3550,feature,L3_S30_F3550,L3,L3_S30,0.0,0.0
feature:L3_S30_F3552,feature,L3_S30_F3552,L3,L3_S30,0.0,0.0
feature:L3_S30_F3553,feature,L3_S30_F3553,L3,L3_S30,0.0,0.0
feature:L3_S30_F3554,feature,L3_S30_F3554,L3,L3_S30,0.0,0.0
feature:L3_S30_F3555,feature,L3_S30_F3555,L3,L3_S30,0.0,0.0
feature:L3_S30_F3557,feature,L3_S30_F3557,L3,L3_S30,0.0,0.0
feature:L3_S30_F3558,feature,L3_S30_F3558,L3,L3_S30,0.0,0.0
feature:L3_S30_F3559,feature,L3_S30_F3559,L3,L3_S30,0.0,0.0
feature:L3_S30_F3560,feature,L3_S30_F3560,L3,L3_S30,0.0,0.0
feature:L3_S30_F3562,feature,L3_S30_F3562,L3,L3_S30,0.0,0.0
feature:L3_S30_F3563,feature,L3_S30_F3563,L3,L3_S30,0.0,0.0
feature:L3_S30_F3564,feature,L3_S30_F3564,L3,L3_S30,0.0,0.0
feature:L3_S30_F3565,feature,L3_S30_F3565,L3,L3_S30,0.0,0.0
feature:L3_S30_F3567,feature,L3_S30_F3567,L3,L3_S30,0.0,0.0
feature:L3_S30_F3568,feature,L3_S30_F3568,L3,L3_S30,0.0,0.0
feature:L3_S30_F3569,feature,L3_S30_F3569,L3,L3_S30,0.0,0.0
feature:L3_S30_F3570,feature,L3_S30_F3570,L3,L3_S30,0.0,0.0
feature:L3_S30_F3572,feature,L3_S30_F3572,L3,L3_S30,0.0,0.0
feature:L3_S30_F3573,feature,L3_S30_F3573,L3,L3_S30,0.0,0.0
feature:L3_S30_F3574,feature,L3_S30_F3574,L3,L3_S30,0.0,0.0
feature:L3_S30_F3575,feature,L3_S30_F3575,L3,L3_S30,0.0,0.0
feature:L3_S30_F3577,feature,L3_S30_F3577,L3,L3_S30,0.0,0.0
feature:L3_S30_F3578,feature,L3_S30_F3578,L3,L3_S30,0.0,0.0
feature:L3_S30_F3579,feature,L3_S30_F3579,L3,L3_S30,0.0,0.0
feature:L3_S30_F3580,feature,L3_S30_F3580,L3,L3_S30,0.0,0.0
feature:L3_S30_F3582,feature,L3_S30_F3582,L3,L3_S30,0.0,0.0
feature:L3_S30_F3583,feature,L3_S30_F3583,L3,L3_S30,0.0,0.0
feature:L3_S30_F3584,feature,L3_S30_F3584,L3,L3_S30,0.0,0.0
feature:L3_S30_F3585,feature,L3_S30_F3585,L3,L3_S30,0.0,0.0
feature:L3_S30_F3587,feature,L3_S30_F3587,L3,L3_S30,0.0,0.0
feature:L3_S30_F3588,feature,L3_S30_F3588,L3,L3_S30,0.0,0.0
feature:L3_S30_F3589,feature,L3_S30_F3589,L3,L3_S30,0.0,0.0
feature:L3_S30_F3590,feature,L3_S30_F3590,L3,L3_S30,0.0,0.0
feature:L3_S30_F3592,feature,L3_S30_F3592,L3,L3_S30,0.0,0.0
feature:L3_S30_F3593,feature,L3_S30_F3593,L3,L3_S30,0.0,0.0
feature:L3_S30_F3594,feature,L3_S30_F3594,L3,L3_S30,0.0,0.0
feature:L3_S30_F3595,feature,L3_S30_F3595,L3,L3_S30,0.0,0.0
feature:L3_S30_F3597,feature,L3_S30_F3597,L3,L3_S30,0.0,0.0
feature:L3_S30_F3598,feature,L3_S30_F3598,L3,L3_S30,0.0,0.0
feature:L3_S30_F3599,feature,L3_S30_F3599,L3,L3_S30,0.0,0.0
feature:L3_S30_F3600,feature,L3_S30_F3600,L3,L3_S30,0.0,0.0
feature:L3_S30_F3602,feature,L3_S30_F3602,L3,L3_S30,0.0,0.0
feature:L3_S30_F3603,feature,L3_S30_F3603,L3,L3_S30,0.0,0.0
feature:L3_S30_F3604,feature,L3_S30_F3604,L3,L3_S30,0.0,0.0
feature:L3_S30_F3605,feature,L3_S30_F3605,L3,L3_S30,0.0,0.0
feature:L3_S30_F3607,feature,L3_S30_F3607,L3,L3_S30,0.0,0.0
feature:L3_S30_F3608,feature,L3_S30_F3608,L3,L3_S30,0.0,0.0
feature:L3_S30_F3609,feature,L3_S30_F3609,L3,L3_S30,0.0,0.0
feature:L3_S30_F3610,feature,L3_S30_F3610,L3,L3_S30,0.0,0.0
feature:L3_S30_F3612,feature,L3_S30_F3612,L3,L3_S30,0.0,0.0
feature:L3_S30_F3613,feature,L3_S30_F3613,L3,L3_S30,0.0,0.0
feature:L3_S30_F3614,feature,L3_S30_F3614,L3,L3_S30,0.0,0.0
feature:L3_S30_F3615,feature,L3_S30_F3615,L3,L3_S30,0.0,0.0
feature:L3_S30_F3617,feature,L3_S30_F3617,L3,L3_S30,0.0,0.0
feature:L3_S30_F3618,feature,L3_S30_F3618,L3,L3_S30,0.0,0.0
feature:L3_S30_F3619,feature,L3_S30_F3619,L3,L3_S30,0.0,0.0
feature:L3_S30_F3620,feature,L3_S30_F3620,L3,L3_S30,0.0,0.0
feature:L3_S30_F3622,feature,L3_S30_F3622,L3,L3_S30,0.0,0.0
feature:L3_S30_F3623,feature,L3_S30_F3623,L3,L3_S30,0.0,0.0
feature:L3_S30_F3624,feature,L3_S30_F3624,L3,L3_S30,0.0,0.0
feature:L3_S30_F3625,feature,L3_S30_F3625,L3,L3_S30,0.0,0.0
feature:L3_S30_F3627,feature,L3_S30_F3627,L3,L3_S30,0.0,0.0
feature:L3_S30_F3628,feature,L3_S30_F3628,L3,L3_S30,0.0,0.0
feature:L3_S30_F3629,feature,L3_S30_F3629,L3,L3_S30,0.0,0.0
feature:L3_S30_F3630,feature,L3_S30_F3630,L3,L3_S30,0.0,0.0
feature:L3_S30_F3632,feature,L3_S30_F3632,L3,L3_S30,0.0,0.0
feature:L3_S30_F3633,feature,L3_S30_F3633,L3,L3_S30,0.0,0.0
feature:L3_S30_F3634,feature,L3_S30_F3634,L3,L3_S30,0.0,0.0
feature:L3_S30_F3635,feature,L3_S30_F3635,L3,L3_S30,0.0,0.0
feature:L3_S30_F3637,feature,L3_S30_F3637,L3,L3_S30,0.0,0.0
feature:L3_S30_F3638,feature,L3_S30_F3638,L3,L3_S30,0.0,0.0
feature:L3_S30_F3639,feature,L3_S30_F3639,L3,L3_S30,0.0,0.0
feature:L3_S30_F3640,feature,L3_S30_F3640,L3,L3_S30,0.0,0.0
feature:L3_S30_F3642,feature,L3_S30_F3642,L3,L3_S30,0.0,0.0
feature:L3_S30_F3643,feature,L3_S30_F3643,L3,L3_S30,0.0,0.0
feature:L3_S30_F3644,feature,L3_S30_F3644,L3,L3_S30,0.0,0.0
feature:L3_S30_F3645,feature,L3_S30_F3645,L3,L3_S30,0.0,0.0
feature:L3_S30_F3647,feature,L3_S30_F3647,L3,L3_S30,0.0,0.0
feature:L3_S30_F3648,feature,L3_S30_F3648,L3,L3_S30,0.0,0.0
feature:L3_S30_F3649,feature,L3_S30_F3649,L3,L3_S30,0.0,0.0
feature:L3_S30_F3650,feature,L3_S30_F3650,L3,L3_S30,0.0,0.0
feature:L3_S30_F3652,feature,L3_S30_F3652,L3,L3_S30,0.0,0.0
feature:L3_S30_F3653,feature,L3_S30_F3653,L3,L3_S30,0.0,0.0
feature:L3_S30_F3654,feature,L3_S30_F3654,L3,L3_S30,0.0,0.0
feature:L3_S30_F3655,feature,L3_S30_F3655,L3,L3_S30,0.0,0.0
feature:L3_S30_F3657,feature,L3_S30_F3657,L3,L3_S30,0.0,0.0
feature:L3_S30_F3658,feature,L3_S30_F3658,L3,L3_S30,0.0,0.0
feature:L3_S30_F3659,feature,L3_S30_F3659,L3,L3_S30,0.0,0.0
feature:L3_S30_F3660,feature,L3_S30_F3660,L3,L3_S30,0.0,0.0
feature:L3_S30_F3662,feature,L3_S30_F3662,L3,L3_S30,0.0,0.0
feature:L3_S30_F3663,feature,L3_S30_F3663,L3,L3_S30,0.0,0.0
feature:L3_S30_F3664,feature,L3_S30_F3664,L3,L3_S30,0.0,0.0
feature:L3_S30_F3665,feature,L3_S30_F3665,L3,L3_S30,0.0,0.0
feature:L3_S30_F3667,feature,L3_S30_F3667,L3,L3_S30,0.0,0.0
feature:L3_S30_F3668,feature,L3_S30_F3668,L3,L3_S30,0.0,0.0
feature:L3_S30_F3669,feature,L3_S30_F3669,L3,L3_S30,0.0,0.0
feature:L3_S30_F3670,feature,L3_S30_F3670,L3,L3_S30,0.0,0.0
feature:L3_S30_F3672,feature,L3_S30_F3672,L3,L3_S30,0.0,0.0
feature:L3_S30_F3673,feature,L3_S30_F3673,L3,L3_S30,0.0,0.0
feature:L3_S30_F3674,feature,L3_S30_F3674,L3,L3_S30,0.0,0.0
feature:L3_S30_F3675,feature,L3_S30_F3675,L3,L3_S30,0.0,0.0
feature:L3_S30_F3677,feature,L3_S30_F3677,L3,L3_S30,0.0,0.0
feature:L3_S30_F3678,feature,L3_S30_F3678,L3,L3_S30,0.0,0.0
feature:L3_S30_F3679,feature,L3_S30_F3679,L3,L3_S30,0.0,0.0
feature:L3_S30_F3680,feature,L3_S30_F3680,L3,L3_S30,0.0,0.0
feature:L3_S30_F3682,feature,L3_S30_F3682,L3,L3_S30,0.0,0.0
feature:L3_S30_F3683,feature,L3_S30_F3683,L3,L3_S30,0.0,0.0
feature:L3_S30_F3684,feature,L3_S30_F3684,L3,L3_S30,0.0,0.0
feature:L3_S30_F3685,feature,L3_S30_F3685,L3,L3_S30,0.0,0.0
feature:L3_S30_F3687,feature,L3_S30_F3687,L3,L3_S30,0.0,0.0
feature:L3_S30_F3688,feature,L3_S30_F3688,L3,L3_S30,0.0,0.0
feature:L3_S30_F3689,feature,L3_S30_F3689,L3,L3_S30,0.0,0.0
feature:L3_S30_F3690,feature,L3_S30_F3690,L3,L3_S30,0.0,0.0
feature:L3_S30_F3692,feature,L3_S30_F3692,L3,L3_S30,0.0,0.0
feature:L3_S30_F3693,feature,L3_S30_F3693,L3,L3_S30,0.0,0.0
feature:L3_S30_F3694,feature,L3_S30_F3694,L3,L3_S30,0.0,0.0
feature:L3_S30_F3695,feature,L3_S30_F3695,L3,L3_S30,0.0,0.0
feature:L3_S30_F3697,feature,L3_S30_F3697,L3,L3_S30,0.0,0.0
feature:L3_S30_F3698,feature,L3_S30_F3698,L3,L3_S30,0.0,0.0
feature:L3_S30_F3699,feature,L3_S30_F3699,L3,L3_S30,0.0,0.0
feature:L3_S30_F3700,feature,L3_S30_F3700,L3,L3_S30,0.0,0.0
feature:L3_S30_F3702,feature,L3_S30_F3702,L3,L3_S30,0.0,0.0
feature:L3_S30_F3703,feature,L3_S30_F3703,L3,L3_S30,0.0,0.0
feature:L3_S30_F3704,feature,L3_S30_F3704,L3,L3_S30,0.0,0.0
feature:L3_S30_F3705,feature,L3_S30_F3705,L3,L3_S30,0.0,0.0
feature:L3_S30_F3707,feature,L3_S30_F3707,L3,L3_S30,0.0,0.0
feature:L3_S30_F3708,feature,L3_S30_F3708,L3,L3_S30,0.0,0.0
feature:L3_S30_F3709,feature,L3_S30_F3709,L3,L3_S30,0.0,0.0
feature:L3_S30_F3710,feature,L3_S30_F3710,L3,L3_S30,0.0,0.0
feature:L3_S30_F3712,feature,L3_S30_F3712,L3,L3_S30,0.0,0.0
feature:L3_S30_F3713,feature,L3_S30_F3713,L3,L3_S30,0.0,0.0
feature:L3_S30_F3714,feature,L3_S30_F3714,L3,L3_S30,0.0,0.0
feature:L3_S30_F3715,feature,L3_S30_F3715,L3,L3_S30,0.0,0.0
feature:L3_S30_F3717,feature,L3_S30_F3717,L3,L3_S30,0.0,0.0
feature:L3_S30_F3718,feature,L3_S30_F3718,L3,L3_S30,0.0,0.0
feature:L3_S30_F3719,feature,L3_S30_F3719,L3,L3_S30,0.0,0.0
feature:L3_S30_F3720,feature,L3_S30_F3720,L3,L3_S30,0.0,0.0
feature:L3_S30_F3722,feature,L3_S30_F3722,L3,L3_S30,0.0,0.0
feature:L3_S30_F3723,feature,L3_S30_F3723,L3,L3_S30,0.0,0.0
feature:L3_S30_F3724,feature,L3_S30_F3724,L3,L3_S30,0.0,0.0
feature:L3_S30_F3725,feature,L3_S30_F3725,L3,L3_S30,0.0,0.0
feature:L3_S30_F3727,feature,L3_S30_F3727,L3,L3_S30,0.0,0.0
feature:L3_S30_F3728,feature,L3_S30_F3728,L3,L3_S30,0.0,0.0
feature:L3_S30_F3729,feature,L3_S30_F3729,L3,L3_S30,0.0,0.0
feature:L3_S30_F3730,feature,L3_S30_F3730,L3,L3_S30,0.0,0.0
feature:L3_S30_F3732,feature,L3_S30_F3732,L3,L3_S30,0.0,0.0
feature:L3_S30_F3733,feature,L3_S30_F3733,L3,L3_S30,0.0,0.0
feature:L3_S30_F3734,feature,L3_S30_F3734,L3,L3_S30,0.0,0.0
feature:L3_S30_F3735,feature,L3_S30_F3735,L3,L3_S30,0.0,0.0
feature:L3_S30_F3737,feature,L3_S30_F3737,L3,L3_S30,0.0,0.0
feature:L3_S30_F3738,feature,L3_S30_F3738,L3,L3_S30,0.0,0.0
feature:L3_S30_F3739,feature,L3_S30_F3739,L3,L3_S30,0.0,0.0
feature:L3_S30_F3740,feature,L3_S30_F3740,L3,L3_S30,0.0,0.0
feature:L3_S30_F3742,feature,L3_S30_F3742,L3,L3_S30,0.0,0.0
feature:L3_S30_F3743,feature,L3_S30_F3743,L3,L3_S30,0.0,0.0
feature:L3_S30_F3744,feature,L3_S30_F3744,L3,L3_S30,0.0,0.0
feature:L3_S30_F3745,feature,L3_S30_F3745,L3,L3_S30,0.0,0.0
feature:L3_S30_F3747,feature,L3_S30_F3747,L3,L3_S30,0.0,0.0
feature:L3_S30_F3748,feature,L3_S30_F3748,L3,L3_S30,0.0,0.0
feature:L3_S30_F3749,feature,L3_S30_F3749,L3,L3_S30,0.0,0.0
feature:L3_S30_F3750,feature,L3_S30_F3750,L3,L3_S30,0.0,0.0
feature:L3_S30_F3752,feature,L3_S30_F3752,L3,L3_S30,0.0,0.0
feature:L3_S30_F3753,feature,L3_S30_F3753,L3,L3_S30,0.0,0.0
feature:L3_S30_F3754,feature,L3_S30_F3754,L3,L3_S30,0.0,0.0
feature:L3_S30_F3755,feature,L3_S30_F3755,L3,L3_S30,0.0,0.0
feature:L3_S30_F3757,feature,L3_S30_F3757,L3,L3_S30,0.0,0.0
feature:L3_S30_F3758,feature,L3_S30_F3758,L3,L3_S30,0.0,0.0
feature:L3_S30_F3759,feature,L3_S30_F3759,L3,L3_S30,0.0,0.0
feature:L3_S30_F3760,feature,L3_S30_F3760,L3,L3_S30,0.0,0.0
feature:L3_S30_F3762,feature,L3_S30_F3762,L3,L3_S30,0.0,0.0
feature:L3_S30_F3763,feature,L3_S30_F3763,L3,L3_S30,0.0,0.0
feature:L3_S30_F3764,feature,L3_S30_F3764,L3,L3_S30,0.0,0.0
feature:L3_S30_F3765,feature,L3_S30_F3765,L3,L3_S30,0.0,0.0
feature:L3_S30_F3767,feature,L3_S30_F3767,L3,L3_S30,0.0,0.0
feature:L3_S30_F3768,feature,L3_S30_F3768,L3,L3_S30,0.0,0.0
feature:L3_S30_F3769,feature,L3_S30_F3769,L3,L3_S30,0.0,0.0
feature:L3_S30_F3770,feature,L3_S30_F3770,L3,L3_S30,0.0,0.0
feature:L3_S30_F3772,feature,L3_S30_F3772,L3,L3_S30,0.0,0.0
feature:L3_S30_F3773,feature,L3_S30_F3773,L3,L3_S30,0.0,0.0
feature:L3_S30_F3774,feature,L3_S30_F3774,L3,L3_S30,0.0,0.0
feature:L3_S30_F3775,feature,L3_S30_F3775,L3,L3_S30,0.0,0.0
feature:L3_S30_F3777,feature,L3_S30_F3777,L3,L3_S30,0.0,0.0
feature:L3_S30_F3778,feature,L3_S30_F3778,L3,L3_S30,0.0,0.0
feature:L3_S30_F3779,feature,L3_S30_F3779,L3,L3_S30,0.0,0.0
feature:L3_S30_F3780,feature,L3_S30_F3780,L3,L3_S30,0.0,0.0
feature:L3_S30_F3782,feature,L3_S30_F3782,L3,L3_S30,0.0,0.0
feature:L3_S30_F3783,feature,L3_S30_F3783,L3,L3_S30,0.0,0.0
feature:L3_S30_F3784,feature,L3_S30_F3784,L3,L3_S30,0.0,0.0
feature:L3_S30_F3785,feature,L3_S30_F3785,L3,L3_S30,0.0,0.0
feature:L3_S30_F3787,feature,L3_S30_F3787,L3,L3_S30,0.0,0.0
feature:L3_S30_F3788,feature,L3_S30_F3788,L3,L3_S30,0.0,0.0
feature:L3_S30_F3789,feature,L3_S30_F3789,L3,L3_S30,0.0,0.0
feature:L3_S30_F3790,feature,L3_S30_F3790,L3,L3_S30,0.0,0.0
feature:L3_S30_F3792,feature,L3_S30_F3792,L3,L3_S30,0.0,0.0
feature:L3_S30_F3793,feature,L3_S30_F3793,L3,L3_S30,0.0,0.0
feature:L3_S30_F3794,feature,L3_S30_F3794,L3,L3_S30,0.0,0.0
feature:L3_S30_F3795,feature,L3_S30_F3795,L3,L3_S30,0.0,0.0
feature:L3_S30_F3797,feature,L3_S30_F3797,L3,L3_S30,0.0,0.0
feature:L3_S30_F3798,feature,L3_S30_F3798,L3,L3_S30,0.0,0.0
feature:L3_S30_F3799,feature,L3_S30_F3799,L3,L3_S30,0.0,0.0
feature:L3_S30_F3800,feature,L3_S30_F3800,L3,L3_S30,0.0,0.0
feature:L3_S30_F3802,feature,L3_S30_F3802,L3,L3_S30,0.0,0.0
feature:L3_S30_F3803,feature,L3_S30_F3803,L3,L3_S30,0.0,0.0
feature:L3_S30_F3804,feature,L3_S30_F3804,L3,L3_S30,0.0,0.0
feature:L3_S30_F3805,feature,L3_S30_F3805,L3,L3_S30,0.0,0.0
feature:L3_S30_F3807,feature,L3_S30_F3807,L3,L3_S30,0.0,0.0
feature:L3_S30_F3808,feature,L3_S30_F3808,L3,L3_S30,0.0,0.0
feature:L3_S30_F3809,feature,L3_S30_F3809,L3,L3_S30,0.0,0.0
feature:L3_S30_F3810,feature,L3_S30_F3810,L3,L3_S30,0.0,0.0
feature:L3_S30_F3812,feature,L3_S30_F3812,L3,L3_S30,0.0,0.0
feature:L3_S30_F3813,feature,L3_S30_F3813,L3,L3_S30,0.0,0.0
feature:L3_S30_F3814,feature,L3_S30_F3814,L3,L3_S30,0.0,0.0
feature:L3_S30_F3815,feature,L3_S30_F3815,L3,L3_S30,0.0,0.0
feature:L3_S30_F3817,feature,L3_S30_F3817,L3,L3_S30,0.0,0.0
feature:L3_S30_F3818,feature,L3_S30_F3818,L3,L3_S30,0.0,0.0
feature:L3_S30_F3819,feature,L3_S30_F3819,L3,L3_S30,0.0,0.0
feature:L3_S30_F3820,feature,L3_S30_F3820,L3,L3_S30,0.0,0.0
feature:L3_S30_F3822,feature,L3_S30_F3822,L3,L3_S30,0.0,0.0
feature:L3_S30_F3823,feature,L3_S30_F3823,L3,L3_S30,0.0,0.0
feature:L3_S30_F3824,feature,L3_S30_F3824,L3,L3_S30,0.0,0.0
feature:L3_S30_F3825,feature,L3_S30_F3825,L3,L3_S30,0.0,0.0
feature:L3_S30_F3827,feature,L3_S30_F3827,L3,L3_S30,0.0,0.0
feature:L3_S30_F3828,feature,L3_S30_F3828,L3,L3_S30,0.0,0.0
feature:L3_S30_F3829,feature,L3_S30_F3829,L3,L3_S30,0.0,0.0
feature:L3_S30_F3830,feature,L3_S30_F3830,L3,L3_S30,0.0,0.0
feature:L3_S30_F3832,feature,L3_S30_F3832,L3,L3_S30,0.0,0.0
feature:L3_S30_F3833,feature,L3_S30_F3833,L3,L3_S30,0.0,0.0
feature:L3_S31_D3836,feature,L3_S31_D3836,L3,L3_S31,0.0,0.0
feature:L3_S31_D3840,feature,L3_S31_D3840,L3,L3_S31,0.0,0.0
feature:L3_S31_D3844,feature,L3_S31_D3844,L3,L3_S31,0.0,0.0
feature:L3_S31_D3848,feature,L3_S31_D3848,L3,L3_S31,0.0,0.0
feature:L3_S31_F3834,feature,L3_S31_F3834,L3,L3_S31,0.0,0.0
feature:L3_S31_F3835,feature,L3_S31_F3835,L3,L3_S31,0.0,0.0
feature:L3_S31_F3837,feature,L3_S31_F3837,L3,L3_S31,0.0,0.0
feature:L3_S31_F3838,feature,L3_S31_F3838,L3,L3_S31,0.0,0.0
feature:L3_S31_F3839,feature,L3_S31_F3839,L3,L3_S31,0.0,0.0
feature:L3_S31_F3841,feature,L3_S31_F3841,L3,L3_S31,0.0,0.0
feature:L3_S31_F3842,feature,L3_S31_F3842,L3,L3_S31,0.0,0.0
feature:L3_S31_F3843,feature,L3_S31_F3843,L3,L3_S31,0.0,0.0
feature:L3_S31_F3845,feature,L3_S31_F3845,L3,L3_S31,0.0,0.0
feature:L3_S31_F3846,feature,L3_S31_F3846,L3,L3_S31,0.0,0.0
feature:L3_S31_F3847,feature,L3_S31_F3847,L3,L3_S31,0.0,0.0
feature:L3_S31_F3849,feature,L3_S31_F3849,L3,L3_S31,0.0,0.0
feature:L3_S32_D3852,feature,L3_S32_D3852,L3,L3_S32,0.0,0.0
feature:L3_S32_F3850,feature,L3_S32_F3850,L3,L3_S32,100.0,0.0679875150741001
feature:L3_S32_F3851,feature,L3_S32_F3851,L3,L3_S32,0.0,0.0
feature:L3_S32_F3853,feature,L3_S32_F3853,L3,L3_S32,0.0,0.0
feature:L3_S32_F3854,feature,L3_S32_F3854,L3,L3_S32,0.08335835142547555,5.667327174091653e-05
feature:L3_S33_D3856,feature,L3_S33_D3856,L3,L3_S33,0.0,0.0
feature:L3_S33_D3858,feature,L3_S33_D3858,L3,L3_S33,0.0,0.0
feature:L3_S33_D3860,feature,L3_S33_D3860,L3,L3_S33,0.0,0.0
feature:L3_S33_D3862,feature,L3_S33_D3862,L3,L3_S33,0.0,0.0
feature:L3_S33_D3864,feature,L3_S33_D3864,L3,L3_S33,0.0,0.0
feature:L3_S33_D3866,feature,L3_S33_D3866,L3,L3_S33,0.0,0.0
feature:L3_S33_D3868,feature,L3_S33_D3868,L3,L3_S33,0.0,0.0
feature:L3_S33_D3870,feature,L3_S33_D3870,L3,L3_S33,0.0,0.0
feature:L3_S33_D3872,feature,L3_S33_D3872,L3,L3_S33,0.0,0.0
feature:L3_S33_D3874,feature,L3_S33_D3874,L3,L3_S33,0.0,0.0
feature:L3_S33_F3855,feature,L3_S33_F3855,L3,L3_S33,0.0,0.0
feature:L3_S33_F3857,feature,L3_S33_F3857,L3,L3_S33,0.0,0.0
feature:L3_S33_F3859,feature,L3_S33_F3859,L3,L3_S33,0.0,0.0
feature:L3_S33_F3861,feature,L3_S33_F3861,L3,L3_S33,0.0,0.0
feature:L3_S33_F3863,feature,L3_S33_F3863,L3,L3_S33,0.0,0.0
feature:L3_S33_F3865,feature,L3_S33_F3865,L3,L3_S33,0.0,0.0
feature:L3_S33_F3867,feature,L3_S33_F3867,L3,L3_S33,0.0,0.0
feature:L3_S33_F3869,feature,L3_S33_F3869,L3,L3_S33,0.0,0.0
feature:L3_S33_F3871,feature,L3_S33_F3871,L3,L3_S33,0.0,0.0
feature:L3_S33_F3873,feature,L3_S33_F3873,L3,L3_S33,0.0,0.0
feature:L3_S34_D3875,feature,L3_S34_D3875,L3,L3_S34,0.0,0.0
feature:L3_S34_D3877,feature,L3_S34_D3877,L3,L3_S34,0.0,0.0
feature:L3_S34_D3879,feature,L3_S34_D3879,L3,L3_S34,0.0,0.0
feature:L3_S34_D3881,feature,L3_S34_D3881,L3,L3_S34,0.0,0.0
feature:L3_S34_D3883,feature,L3_S34_D3883,L3,L3_S34,0.0,0.0
feature:L3_S34_F3876,feature,L3_S34_F3876,L3,L3_S34,0.0,0.0
feature:L3_S34_F3878,feature,L3_S34_F3878,L3,L3_S34,0.0,0.0
feature:L3_S34_F3880,feature,L3_S34_F3880,L3,L3_S34,0.0,0.0
feature:L3_S34_F3882,feature,L3_S34_F3882,L3,L3_S34,0.0,0.0
feature:L3_S35_D3886,feature,L3_S35_D3886,L3,L3_S35,0.0,0.0
feature:L3_S35_D3891,feature,L3_S35_D3891,L3,L3_S35,0.0,0.0
feature:L3_S35_D3895,feature,L3_S35_D3895,L3,L3_S35,0.0,0.0
feature:L3_S35_D3897,feature,L3_S35_D3897,L3,L3_S35,0.0,0.0
feature:L3_S35_D3900,feature,L3_S35_D3900,L3,L3_S35,0.0,0.0
feature:L3_S35_D3905,feature,L3_S35_D3905,L3,L3_S35,0.0,0.0
feature:L3_S35_D3910,feature,L3_S35_D3910,L3,L3_S35,0.0,0.0
feature:L3_S35_D3915,feature,L3_S35_D3915,L3,L3_S35,0.0,0.0
feature:L3_S35_F3884,feature,L3_S35_F3884,L3,L3_S35,0.0,0.0
feature:L3_S35_F3885,feature,L3_S35_F3885,L3,L3_S35,0.0,0.0
feature:L3_S35_F3887,feature,L3_S35_F3887,L3,L3_S35,0.0,0.0
feature:L3_S35_F3888,feature,L3_S35_F3888,L3,L3_S35,0.0,0.0
feature:L3_S35_F3889,feature,L3_S35_F3889,L3,L3_S35,0.0,0.0
feature:L3_S35_F3890,feature,L3_S35_F3890,L3,L3_S35,0.0,0.0
feature:L3_S35_F3892,feature,L3_S35_F3892,L3,L3_S35,0.0,0.0
feature:L3_S35_F3893,feature,L3_S35_F3893,L3,L3_S35,0.0,0.0
feature:L3_S35_F3894,feature,L3_S35_F3894,L3,L3_S35,0.0,0.0
feature:L3_S35_F3896,feature,L3_S35_F3896,L3,L3_S35,0.0,0.0
feature:L3_S35_F3898,feature,L3_S35_F3898,L3,L3_S35,0.0,0.0
feature:L3_S35_F3899,feature,L3_S35_F3899,L3,L3_S35,0.0,0.0
feature:L3_S35_F3901,feature,L3_S35_F3901,L3,L3_S35,0.0,0.0
feature:L3_S35_F3902,feature,L3_S35_F3902,L3,L3_S35,0.0,0.0
feature:L3_S35_F3903,feature,L3_S35_F3903,L3,L3_S35,0.0,0.0
feature:L3_S35_F3904,feature,L3_S35_F3904,L3,L3_S35,0.0,0.0
feature:L3_S35_F3906,feature,L3_S35_F3906,L3,L3_S35,0.0,0.0
feature:L3_S35_F3907,feature,L3_S35_F3907,L3,L3_S35,0.0,0.0
feature:L3_S35_F3908,feature,L3_S35_F3908,L3,L3_S35,0.0,0.0
feature:L3_S35_F3909,feature,L3_S35_F3909,L3,L3_S35,0.0,0.0
feature:L3_S35_F3911,feature,L3_S35_F3911,L3,L3_S35,0.0,0.0
feature:L3_S35_F3912,feature,L3_S35_F3912,L3,L3_S35,0.0,0.0
feature:L3_S35_F3913,feature,L3_S35_F3913,L3,L3_S35,0.0,0.0
feature:L3_S35_F3914,feature,L3_S35_F3914,L3,L3_S35,0.0,0.0
feature:L3_S35_F3916,feature,L3_S35_F3916,L3,L3_S35,0.0,0.0
feature:L3_S35_F3917,feature,L3_S35_F3917,L3,L3_S35,0.0,0.0
feature:L3_S36_D3919,feature,L3_S36_D3919,L3,L3_S36,0.0,0.0
feature:L3_S36_D3921,feature,L3_S36_D3921,L3,L3_S36,0.0,0.0
feature:L3_S36_D3923,feature,L3_S36_D3923,L3,L3_S36,0.0,0.0
feature:L3_S36_D3925,feature,L3_S36_D3925,L3,L3_S36,0.0,0.0
feature:L3_S36_D3928,feature,L3_S36_D3928,L3,L3_S36,0.0,0.0
feature:L3_S36_D3932,feature,L3_S36_D3932,L3,L3_S36,0.0,0.0
feature:L3_S36_D3936,feature,L3_S36_D3936,L3,L3_S36,0.0,0.0
feature:L3_S36_D3940,feature,L3_S36_D3940,L3,L3_S36,0.0,0.0
feature:L3_S36_F3918,feature,L3_S36_F3918,L3,L3_S36,0.0,0.0
feature:L3_S36_F3920,feature,L3_S36_F3920,L3,L3_S36,0.0,0.0
feature:L3_S36_F3922,feature,L3_S36_F3922,L3,L3_S36,0.0,0.0
feature:L3_S36_F3924,feature,L3_S36_F3924,L3,L3_S36,0.0,0.0
feature:L3_S36_F3926,feature,L3_S36_F3926,L3,L3_S36,0.0,0.0
feature:L3_S36_F3927,feature,L3_S36_F3927,L3,L3_S36,0.0,0.0
feature:L3_S36_F3929,feature,L3_S36_F3929,L3,L3_S36,0.0,0.0
feature:L3_S36_F3930,feature,L3_S36_F3930,L3,L3_S36,0.0,0.0
feature:L3_S36_F3931,feature,L3_S36_F3931,L3,L3_S36,0.0,0.0
feature:L3_S36_F3933,feature,L3_S36_F3933,L3,L3_S36,0.0,0.0
feature:L3_S36_F3934,feature,L3_S36_F3934,L3,L3_S36,0.0,0.0
feature:L3_S36_F3935,feature,L3_S36_F3935,L3,L3_S36,0.0,0.0
feature:L3_S36_F3937,feature,L3_S36_F3937,L3,L3_S36,0.0,0.0
feature:L3_S36_F3938,feature,L3_S36_F3938,L3,L3_S36,0.0,0.0
feature:L3_S36_F3939,feature,L3_S36_F3939,L3,L3_S36,0.0,0.0
feature:L3_S36_F3941,feature,L3_S36_F3941,L3,L3_S36,0.0,0.0
feature:L3_S37_D3942,feature,L3_S37_D3942,L3,L3_S37,0.0,0.0
feature:L3_S37_D3943,feature,L3_S37_D3943,L3,L3_S37,0.0,0.0
feature:L3_S37_D3945,feature,L3_S37_D3945,L3,L3_S37,0.0,0.0
feature:L3_S37_D3947,feature,L3_S37_D3947,L3,L3_S37,0.0,0.0
feature:L3_S37_D3949,feature,L3_S37_D3949,L3,L3_S37,0.0,0.0
feature:L3_S37_D3951,feature,L3_S37_D3951,L3,L3_S37,0.0,0.0
feature:L3_S37_F3944,feature,L3_S37_F3944,L3,L3_S37,0.0,0.0
feature:L3_S37_F3946,feature,L3_S37_F3946,L3,L3_S37,0.0,0.0
feature:L3_S37_F3948,feature,L3_S37_F3948,L3,L3_S37,0.0,0.0
feature:L3_S37_F3950,feature,L3_S37_F3950,L3,L3_S37,0.0,0.0
feature:L3_S38_D3953,feature,L3_S38_D3953,L3,L3_S38,0.0,0.0
feature:L3_S38_D3957,feature,L3_S38_D3957,L3,L3_S38,0.0,0.0
feature:L3_S38_D3961,feature,L3_S38_D3961,L3,L3_S38,0.0,0.0
feature:L3_S38_F3952,feature,L3_S38_F3952,L3,L3_S38,2.268983366228022,0.0015426254081431002
feature:L3_S38_F3954,feature,L3_S38_F3954,L3,L3_S38,0.0,0.0
feature:L3_S38_F3955,feature,L3_S38_F3955,L3,L3_S38,0.0,0.0
feature:L3_S38_F3956,feature,L3_S38_F3956,L3,L3_S38,0.0,0.0
feature:L3_S38_F3958,feature,L3_S38_F3958,L3,L3_S38,0.0,0.0
feature:L3_S38_F3959,feature,L3_S38_F3959,L3,L3_S38,0.0,0.0
feature:L3_S38_F3960,feature,L3_S38_F3960,L3,L3_S38,0.0,0.0
feature:L3_S38_F3962,feature,L3_S38_F3962,L3,L3_S38,0.0,0.0
feature:L3_S38_F3963,feature,L3_S38_F3963,L3,L3_S38,0.0,0.0
feature:L3_S39_D3966,feature,L3_S39_D3966,L3,L3_S39,0.0,0.0
feature:L3_S39_D3970,feature,L3_S39_D3970,L3,L3_S39,0.0,0.0
feature:L3_S39_D3974,feature,L3_S39_D3974,L3,L3_S39,0.0,0.0
feature:L3_S39_D3978,feature,L3_S39_D3978,L3,L3_S39,0.0,0.0
feature:L3_S39_F3964,feature,L3_S39_F3964,L3,L3_S39,0.0,0.0
feature:L3_S39_F3965,feature,L3_S39_F3965,L3,L3_S39,0.0,0.0
feature:L3_S39_F3967,feature,L3_S39_F3967,L3,L3_S39,0.0,0.0
feature:L3_S39_F3968,feature,L3_S39_F3968,L3,L3_S39,0.0,0.0
feature:L3_S39_F3969,feature,L3_S39_F3969,L3,L3_S39,0.0,0.0
feature:L3_S39_F3971,feature,L3_S39_F3971,L3,L3_S39,0.0,0.0
feature:L3_S39_F3972,feature,L3_S39_F3972,L3,L3_S39,0.0,0.0
feature:L3_S39_F3973,feature,L3_S39_F3973,L3,L3_S39,0.0,0.0
feature:L3_S39_F3975,feature,L3_S39_F3975,L3,L3_S39,0.0,0.0
feature:L3_S39_F3976,feature,L3_S39_F3976,L3,L3_S39,0.0,0.0
feature:L3_S39_F3977,feature,L3_S39_F3977,L3,L3_S39,0.0,0.0
feature:L3_S39_F3979,feature,L3_S39_F3979,L3,L3_S39,0.0,0.0
feature:L3_S40_D3981,feature,L3_S40_D3981,L3,L3_S40,0.0,0.0
feature:L3_S40_D3983,feature,L3_S40_D3983,L3,L3_S40,0.0,0.0
feature:L3_S40_D3985,feature,L3_S40_D3985,L3,L3_S40,0.0,0.0
feature:L3_S40_D3987,feature,L3_S40_D3987,L3,L3_S40,0.0,0.0
feature:L3_S40_D3989,feature,L3_S40_D3989,L3,L3_S40,0.0,0.0
feature:L3_S40_D3991,feature,L3_S40_D3991,L3,L3_S40,0.0,0.0
feature:L3_S40_D3993,feature,L3_S40_D3993,L3,L3_S40,0.0,0.0
feature:L3_S40_D3995,feature,L3_S40_D3995,L3,L3_S40,0.0,0.0
feature:L3_S40_F3980,feature,L3_S40_F3980,L3,L3_S40,0.0,0.0
feature:L3_S40_F3982,feature,L3_S40_F3982,L3,L3_S40,0.0,0.0
feature:L3_S40_F3984,feature,L3_S40_F3984,L3,L3_S40,0.0,0.0
feature:L3_S40_F3986,feature,L3_S40_F3986,L3,L3_S40,0.0,0.0
feature:L3_S40_F3988,feature,L3_S40_F3988,L3,L3_S40,0.0,0.0
feature:L3_S40_F3990,feature,L3_S40_F3990,L3,L3_S40,0.0,0.0
feature:L3_S40_F3992,feature,L3_S40_F3992,L3,L3_S40,0.0,0.0
feature:L3_S40_F3994,feature,L3_S40_F3994,L3,L3_S40,0.0,0.0
feature:L3_S41_D3997,feature,L3_S41_D3997,L3,L3_S41,0.0,0.0
feature:L3_S41_D3999,feature,L3_S41_D3999,L3,L3_S41,0.0,0.0
feature:L3_S41_D4001,feature,L3_S41_D4001,L3,L3_S41,0.0,0.0
feature:L3_S41_D4003,feature,L3_S41_D4003,L3,L3_S41,0.0,0.0
feature:L3_S41_D4005,feature,L3_S41_D4005,L3,L3_S41,0.0,0.0
feature:L3_S41_D4007,feature,L3_S41_D4007,L3,L3_S41,0.0,0.0
feature:L3_S41_D4009,feature,L3_S41_D4009,L3,L3_S41,0.0,0.0
feature:L3_S41_D4010,feature,L3_S41_D4010,L3,L3_S41,0.0,0.0
feature:L3_S41_D4012,feature,L3_S41_D4012,L3,L3_S41,0.0,0.0
feature:L3_S41_D4013,feature,L3_S41_D4013,L3,L3_S41,0.0,0.0
feature:L3_S41_D4015,feature,L3_S41_D4015,L3,L3_S41,0.0,0.0
feature:L3_S41_D4017,feature,L3_S41_D4017,L3,L3_S41,0.0,0.0
feature:L3_S41_D4019,feature,L3_S41_D4019,L3,L3_S41,0.0,0.0
feature:L3_S41_D4021,feature,L3_S41_D4021,L3,L3_S41,0.0,0.0
feature:L3_S41_D4022,feature,L3_S41_D4022,L3,L3_S41,0.0,0.0
feature:L3_S41_D4024,feature,L3_S41_D4024,L3,L3_S41,0.0,0.0
feature:L3_S41_D4025,feature,L3_S41_D4025,L3,L3_S41,0.0,0.0
feature:L3_S41_D4027,feature,L3_S41_D4027,L3,L3_S41,0.0,0.0
feature:L3_S41_F3996,feature,L3_S41_F3996,L3,L3_S41,0.0,0.0
feature:L3_S41_F3998,feature,L3_S41_F3998,L3,L3_S41,0.0,0.0
feature:L3_S41_F4000,feature,L3_S41_F4000,L3,L3_S41,0.0,0.0
feature:L3_S41_F4002,feature,L3_S41_F4002,L3,L3_S41,0.0,0.0
feature:L3_S41_F4004,feature,L3_S41_F4004,L3,L3_S41,0.0,0.0
feature:L3_S41_F4006,feature,L3_S41_F4006,L3,L3_S41,0.0,0.0
feature:L3_S41_F4008,feature,L3_S41_F4008,L3,L3_S41,0.0,0.0
feature:L3_S41_F4011,feature,L3_S41_F4011,L3,L3_S41,0.0,0.0
feature:L3_S41_F4014,feature,L3_S41_F4014,L3,L3_S41,0.0,0.0
feature:L3_S41_F4016,feature,L3_S41_F4016,L3,L3_S41,0.0,0.0
feature:L3_S41_F4018,feature,L3_S41_F4018,L3,L3_S41,0.0,0.0
feature:L3_S41_F4020,feature,L3_S41_F4020,L3,L3_S41,0.0,0.0
feature:L3_S41_F4023,feature,L3_S41_F4023,L3,L3_S41,0.0,0.0
feature:L3_S41_F4026,feature,L3_S41_F4026,L3,L3_S41,0.0,0.0
feature:L3_S42_D4029,feature,L3_S42_D4029,L3,L3_S42,0.0,0.0
feature:L3_S42_D4033,feature,L3_S42_D4033,L3,L3_S42,0.0,0.0
feature:L3_S42_D4037,feature,L3_S42_D4037,L3,L3_S42,0.0,0.0
feature:L3_S42_D4041,feature,L3_S42_D4041,L3,L3_S42,0.0,0.0
feature:L3_S42_D4045,feature,L3_S42_D4045,L3,L3_S42,0.0,0.0
feature:L3_S42_D4049,feature,L3_S42_D4049,L3,L3_S42,0.0,0.0
feature:L3_S42_D4053,feature,L3_S42_D4053,L3,L3_S42,0.0,0.0
feature:L3_S42_D4057,feature,L3_S42_D4057,L3,L3_S42,0.0,0.0
feature:L3_S42_F4028,feature,L3_S42_F4028,L3,L3_S42,0.0,0.0
feature:L3_S42_F4030,feature,L3_S42_F4030,L3,L3_S42,0.0,0.0
feature:L3_S42_F4031,feature,L3_S42_F4031,L3,L3_S42,0.0,0.0
feature:L3_S42_F4032,feature,L3_S42_F4032,L3,L3_S42,0.0,0.0
feature:L3_S42_F4034,feature,L3_S42_F4034,L3,L3_S42,0.0,0.0
feature:L3_S42_F4035,feature,L3_S42_F4035,L3,L3_S42,0.0,0.0
feature:L3_S42_F4036,feature,L3_S42_F4036,L3,L3_S42,0.0,0.0
feature:L3_S42_F4038,feature,L3_S42_F4038,L3,L3_S42,0.0,0.0
feature:L3_S42_F4039,feature,L3_S42_F4039,L3,L3_S42,0.0,0.0
feature:L3_S42_F4040,feature,L3_S42_F4040,L3,L3_S42,0.0,0.0
feature:L3_S42_F4042,feature,L3_S42_F4042,L3,L3_S42,0.0,0.0
feature:L3_S42_F4043,feature,L3_S42_F4043,L3,L3_S42,0.0,0.0
feature:L3_S42_F4044,feature,L3_S42_F4044,L3,L3_S42,0.0,0.0
feature:L3_S42_F4046,feature,L3_S42_F4046,L3,L3_S42,0.0,0.0
feature:L3_S42_F4047,feature,L3_S42_F4047,L3,L3_S42,0.0,0.0
feature:L3_S42_F4048,feature,L3_S42_F4048,L3,L3_S42,0.0,0.0
feature:L3_S42_F4050,feature,L3_S42_F4050,L3,L3_S42,0.0,0.0
feature:L3_S42_F4051,feature,L3_S42_F4051,L3,L3_S42,0.0,0.0
feature:L3_S42_F4052,feature,L3_S42_F4052,L3,L3_S42,0.0,0.0
feature:L3_S42_F4054,feature,L3_S42_F4054,L3,L3_S42,0.0,0.0
feature:L3_S42_F4055,feature,L3_S42_F4055,L3,L3_S42,0.0,0.0
feature:L3_S42_F4056,feature,L3_S42_F4056,L3,L3_S42,0.0,0.0
feature:L3_S42_F4058,feature,L3_S42_F4058,L3,L3_S42,0.0,0.0
feature:L3_S42_F4059,feature,L3_S42_F4059,L3,L3_S42,0.0,0.0
feature:L3_S43_D4062,feature,L3_S43_D4062,L3,L3_S43,0.0,0.0
feature:L3_S43_D4067,feature,L3_S43_D4067,L3,L3_S43,0.0,0.0
feature:L3_S43_D4072,feature,L3_S43_D4072,L3,L3_S43,0.0,0.0
feature:L3_S43_D4077,feature,L3_S43_D4077,L3,L3_S43,0.0,0.0
feature:L3_S43_D4082,feature,L3_S43_D4082,L3,L3_S43,0.0,0.0
feature:L3_S43_D4087,feature,L3_S43_D4087,L3,L3_S43,0.0,0.0
feature:L3_S43_D4092,feature,L3_S43_D4092,L3,L3_S43,0.0,0.0
feature:L3_S43_D4097,feature,L3_S43_D4097,L3,L3_S43,0.0,0.0
feature:L3_S43_F4060,feature,L3_S43_F4060,L3,L3_S43,0.0,0.0
feature:L3_S43_F4061,feature,L3_S43_F4061,L3,L3_S43,0.0,0.0
feature:L3_S43_F4063,feature,L3_S43_F4063,L3,L3_S43,0.0,0.0
feature:L3_S43_F4064,feature,L3_S43_F4064,L3,L3_S43,0.0,0.0
feature:L3_S43_F4065,feature,L3_S43_F4065,L3,L3_S43,0.0,0.0
feature:L3_S43_F4066,feature,L3_S43_F4066,L3,L3_S43,0.0,0.0
feature:L3_S43_F4068,feature,L3_S43_F4068,L3,L3_S43,0.0,0.0
feature:L3_S43_F4069,feature,L3_S43_F4069,L3,L3_S43,0.0,0.0
feature:L3_S43_F4070,feature,L3_S43_F4070,L3,L3_S43,0.0,0.0
feature:L3_S43_F4071,feature,L3_S43_F4071,L3,L3_S43,0.0,0.0
feature:L3_S43_F4073,feature,L3_S43_F4073,L3,L3_S43,0.0,0.0
feature:L3_S43_F4074,feature,L3_S43_F4074,L3,L3_S43,0.0,0.0
feature:L3_S43_F4075,feature,L3_S43_F4075,L3,L3_S43,0.0,0.0
feature:L3_S43_F4076,feature,L3_S43_F4076,L3,L3_S43,0.0,0.0
feature:L3_S43_F4078,feature,L3_S43_F4078,L3,L3_S43,0.0,0.0
feature:L3_S43_F4079,feature,L3_S43_F4079,L3,L3_S43,0.0,0.0
feature:L3_S43_F4080,feature,L3_S43_F4080,L3,L3_S43,0.0,0.0
feature:L3_S43_F4081,feature,L3_S43_F4081,L3,L3_S43,0.0,0.0
feature:L3_S43_F4083,feature,L3_S43_F4083,L3,L3_S43,0.0,0.0
feature:L3_S43_F4084,feature,L3_S43_F4084,L3,L3_S43,0.0,0.0
feature:L3_S43_F4085,feature,L3_S43_F4085,L3,L3_S43,0.0,0.0
feature:L3_S43_F4086,feature,L3_S43_F4086,L3,L3_S43,0.0,0.0
feature:L3_S43_F4088,feature,L3_S43_F4088,L3,L3_S43,0.0,0.0
feature:L3_S43_F4089,feature,L3_S43_F4089,L3,L3_S43,0.0,0.0
feature:L3_S43_F4090,feature,L3_S43_F4090,L3,L3_S43,0.0,0.0
feature:L3_S43_F4091,feature,L3_S43_F4091,L3,L3_S43,0.0,0.0
feature:L3_S43_F4093,feature,L3_S43_F4093,L3,L3_S43,0.0,0.0
feature:L3_S43_F4094,feature,L3_S43_F4094,L3,L3_S43,0.0,0.0
feature:L3_S43_F4095,feature,L3_S43_F4095,L3,L3_S43,0.0,0.0
feature:L3_S43_F4096,feature,L3_S43_F4096,L3,L3_S43,0.0,0.0
feature:L3_S43_F4098,feature,L3_S43_F4098,L3,L3_S43,0.0,0.0
feature:L3_S43_F4099,feature,L3_S43_F4099,L3,L3_S43,0.0,0.0
feature:L3_S44_D4101,feature,L3_S44_D4101,L3,L3_S44,0.0,0.0
feature:L3_S44_D4104,feature,L3_S44_D4104,L3,L3_S44,0.0,0.0
feature:L3_S44_D4107,feature,L3_S44_D4107,L3,L3_S44,0.0,0.0
feature:L3_S44_D4110,feature,L3_S44_D4110,L3,L3_S44,0.0,0.0
feature:L3_S44_D4113,feature,L3_S44_D4113,L3,L3_S44,0.0,0.0
feature:L3_S44_D4116,feature,L3_S44_D4116,L3,L3_S44,0.0,0.0
feature:L3_S44_D4119,feature,L3_S44_D4119,L3,L3_S44,0.0,0.0
feature:L3_S44_D4122,feature,L3_S44_D4122,L3,L3_S44,0.0,0.0
feature:L3_S44_F4100,feature,L3_S44_F4100,L3,L3_S44,0.0,0.0
feature:L3_S44_F4102,feature,L3_S44_F4102,L3,L3_S44,0.0,0.0
feature:L3_S44_F4103,feature,L3_S44_F4103,L3,L3_S44,0.0,0.0
feature:L3_S44_F4105,feature,L3_S44_F4105,L3,L3_S44,0.0,0.0
feature:L3_S44_F4106,feature,L3_S44_F4106,L3,L3_S44,0.0,0.0
feature:L3_S44_F4108,feature,L3_S44_F4108,L3,L3_S44,0.0,0.0
feature:L3_S44_F4109,feature,L3_S44_F4109,L3,L3_S44,0.0,0.0
feature:L3_S44_F4111,feature,L3_S44_F4111,L3,L3_S44,0.0,0.0
feature:L3_S44_F4112,feature,L3_S44_F4112,L3,L3_S44,0.0,0.0
feature:L3_S44_F4114,feature,L3_S44_F4114,L3,L3_S44,0.0,0.0
feature:L3_S44_F4115,feature,L3_S44_F4115,L3,L3_S44,0.0,0.0
feature:L3_S44_F4117,feature,L3_S44_F4117,L3,L3_S44,0.0,0.0
feature:L3_S44_F4118,feature,L3_S44_F4118,L3,L3_S44,0.0,0.0
feature:L3_S44_F4120,feature,L3_S44_F4120,L3,L3_S44,0.0,0.0
feature:L3_S44_F4121,feature,L3_S44_F4121,L3,L3_S44,0.0,0.0
feature:L3_S44_F4123,feature,L3_S44_F4123,L3,L3_S44,0.0,0.0
feature:L3_S45_D4125,feature,L3_S45_D4125,L3,L3_S45,0.0,0.0
feature:L3_S45_D4127,feature,L3_S45_D4127,L3,L3_S45,0.0,0.0
feature:L3_S45_D4129,feature,L3_S45_D4129,L3,L3_S45,0.0,0.0
feature:L3_S45_D4131,feature,L3_S45_D4131,L3,L3_S45,0.0,0.0
feature:L3_S45_D4133,feature,L3_S45_D4133,L3,L3_S45,0.0,0.0
feature:L3_S45_F4124,feature,L3_S45_F4124,L3,L3_S45,0.0,0.0
feature:L3_S45_F4126,feature,L3_S45_F4126,L3,L3_S45,0.0,0.0
feature:L3_S45_F4128,feature,L3_S45_F4128,L3,L3_S45,0.0,0.0
feature:L3_S45_F4130,feature,L3_S45_F4130,L3,L3_S45,0.0,0.0
feature:L3_S45_F4132,feature,L3_S45_F4132,L3,L3_S45,0.0,0.0
feature:L3_S46_D4135,feature,L3_S46_D4135,L3,L3_S46,0.0,0.0
feature:L3_S46_F4134,feature,L3_S46_F4134,L3,L3_S46,0.0,0.0
feature:L3_S46_F4136,feature,L3_S46_F4136,L3,L3_S46,0.0,0.0
feature:L3_S46_F4137,feature,L3_S46_F4137,L3,L3_S46,0.0,0.0
feature:L3_S47_D4140,feature,L3_S47_D4140,L3,L3_S47,0.0,0.0
feature:L3_S47_D4145,feature,L3_S47_D4145,L3,L3_S47,0.0,0.0
feature:L3_S47_D4150,feature,L3_S47_D4150,L3,L3_S47,0.0,0.0
feature:L3_S47_D4155,feature,L3_S47_D4155,L3,L3_S47,0.0,0.0
feature:L3_S47_D4160,feature,L3_S47_D4160,L3,L3_S47,0.0,0.0
feature:L3_S47_D4165,feature,L3_S47_D4165,L3,L3_S47,0.0,0.0
feature:L3_S47_D4170,feature,L3_S47_D4170,L3,L3_S47,0.0,0.0
feature:L3_S47_D4175,feature,L3_S47_D4175,L3,L3_S47,0.0,0.0
feature:L3_S47_D4180,feature,L3_S47_D4180,L3,L3_S47,0.0,0.0
feature:L3_S47_D4185,feature,L3_S47_D4185,L3,L3_S47,0.0,0.0
feature:L3_S47_D4190,feature,L3_S47_D4190,L3,L3_S47,0.0,0.0
feature:L3_S47_F4138,feature,L3_S47_F4138,L3,L3_S47,0.0,0.0
feature:L3_S47_F4139,feature,L3_S47_F4139,L3,L3_S47,0.0,0.0
feature:L3_S47_F4141,feature,L3_S47_F4141,L3,L3_S47,0.0,0.0
feature:L3_S47_F4142,feature,L3_S47_F4142,L3,L3_S47,0.0,0.0
feature:L3_S47_F4143,feature,L3_S47_F4143,L3,L3_S47,0.0,0.0
feature:L3_S47_F4144,feature,L3_S47_F4144,L3,L3_S47,0.0,0.0
feature:L3_S47_F4146,feature,L3_S47_F4146,L3,L3_S47,0.0,0.0
feature:L3_S47_F4147,feature,L3_S47_F4147,L3,L3_S47,0.0,0.0
feature:L3_S47_F4148,feature,L3_S47_F4148,L3,L3_S47,0.0,0.0
feature:L3_S47_F4149,feature,L3_S47_F4149,L3,L3_S47,0.0,0.0
feature:L3_S47_F4151,feature,L3_S47_F4151,L3,L3_S47,0.0,0.0
feature:L3_S47_F4152,feature,L3_S47_F4152,L3,L3_S47,0.0,0.0
feature:L3_S47_F4153,feature,L3_S47_F4153,L3,L3_S47,0.0,0.0
feature:L3_S47_F4154,feature,L3_S47_F4154,L3,L3_S47,0.0,0.0
feature:L3_S47_F4156,feature,L3_S47_F4156,L3,L3_S47,0.0,0.0
feature:L3_S47_F4157,feature,L3_S47_F4157,L3,L3_S47,0.0,0.0
feature:L3_S47_F4158,feature,L3_S47_F4158,L3,L3_S47,0.0,0.0
feature:L3_S47_F4159,feature,L3_S47_F4159,L3,L3_S47,0.0,0.0
feature:L3_S47_F4161,feature,L3_S47_F4161,L3,L3_S47,0.0,0.0
feature:L3_S47_F4162,feature,L3_S47_F4162,L3,L3_S47,0.0,0.0
feature:L3_S47_F4163,feature,L3_S47_F4163,L3,L3_S47,0.0,0.0
feature:L3_S47_F4164,feature,L3_S47_F4164,L3,L3_S47,0.0,0.0
feature:L3_S47_F4166,feature,L3_S47_F4166,L3,L3_S47,0.0,0.0
feature:L3_S47_F4167,feature,L3_S47_F4167,L3,L3_S47,0.0,0.0
feature:L3_S47_F4168,feature,L3_S47_F4168,L3,L3_S47,0.0,0.0
feature:L3_S47_F4169,feature,L3_S47_F4169,L3,L3_S47,0.0,0.0
feature:L3_S47_F4171,feature,L3_S47_F4171,L3,L3_S47,0.0,0.0
feature:L3_S47_F4172,feature,L3_S47_F4172,L3,L3_S47,0.0,0.0
feature:L3_S47_F4173,feature,L3_S47_F4173,L3,L3_S47,0.0,0.0
feature:L3_S47_F4174,feature,L3_S47_F4174,L3,L3_S47,0.0,0.0
feature:L3_S47_F4176,feature,L3_S47_F4176,L3,L3_S47,0.0,0.0
feature:L3_S47_F4177,feature,L3_S47_F4177,L3,L3_S47,0.0,0.0
feature:L3_S47_F4178,feature,L3_S47_F4178,L3,L3_S47,0.0,0.0
feature:L3_S47_F4179,feature,L3_S47_F4179,L3,L3_S47,0.0,0.0
feature:L3_S47_F4181,feature,L3_S47_F4181,L3,L3_S47,0.0,0.0
feature:L3_S47_F4182,feature,L3_S47_F4182,L3,L3_S47,0.0,0.0
feature:L3_S47_F4183,feature,L3_S47_F4183,L3,L3_S47,0.0,0.0
feature:L3_S47_F4184,feature,L3_S47_F4184,L3,L3_S47,0.0,0.0
feature:L3_S47_F4186,feature,L3_S47_F4186,L3,L3_S47,0.0,0.0
feature:L3_S47_F4187,feature,L3_S47_F4187,L3,L3_S47,0.0,0.0
feature:L3_S47_F4188,feature,L3_S47_F4188,L3,L3_S47,0.0,0.0
feature:L3_S47_F4189,feature,L3_S47_F4189,L3,L3_S47,0.0,0.0
feature:L3_S47_F4191,feature,L3_S47_F4191,L3,L3_S47,0.0,0.0
feature:L3_S47_F4192,feature,L3_S47_F4192,L3,L3_S47,0.0,0.0
feature:L3_S48_D4194,feature,L3_S48_D4194,L3,L3_S48,0.0,0.0
feature:L3_S48_D4195,feature,L3_S48_D4195,L3,L3_S48,0.0,0.0
feature:L3_S48_D4197,feature,L3_S48_D4197,L3,L3_S48,0.0,0.0
feature:L3_S48_D4199,feature,L3_S48_D4199,L3,L3_S48,0.0,0.0
feature:L3_S48_D4201,feature,L3_S48_D4201,L3,L3_S48,0.0,0.0
feature:L3_S48_D4203,feature,L3_S48_D4203,L3,L3_S48,0.0,0.0
feature:L3_S48_D4205,feature,L3_S48_D4205,L3,L3_S48,0.0,0.0
feature:L3_S48_F4193,feature,L3_S48_F4193,L3,L3_S48,0.0,0.0
feature:L3_S48_F4196,feature,L3_S48_F4196,L3,L3_S48,0.0,0.0
feature:L3_S48_F4198,feature,L3_S48_F4198,L3,L3_S48,0.0,0.0
feature:L3_S48_F4200,feature,L3_S48_F4200,L3,L3_S48,0.0,0.0
feature:L3_S48_F4202,feature,L3_S48_F4202,L3,L3_S48,0.0,0.0
feature:L3_S48_F4204,feature,L3_S48_F4204,L3,L3_S48,0.0,0.0
feature:L3_S49_D4208,feature,L3_S49_D4208,L3,L3_S49,0.0,0.0
feature:L3_S49_D4213,feature,L3_S49_D4213,L3,L3_S49,0.0,0.0
feature:L3_S49_D4218,feature,L3_S49_D4218,L3,L3_S49,0.0,0.0
feature:L3_S49_D4223,feature,L3_S49_D4223,L3,L3_S49,0.0,0.0
feature:L3_S49_D4228,feature,L3_S49_D4228,L3,L3_S49,0.0,0.0
feature:L3_S49_D4233,feature,L3_S49_D4233,L3,L3_S49,0.0,0.0
feature:L3_S49_D4238,feature,L3_S49_D4238,L3,L3_S49,0.0,0.0
feature:L3_S49_F4206,feature,L3_S49_F4206,L3,L3_S49,0.6499922898699195,0.0004419136060558
feature:L3_S49_F4207,feature,L3_S49_F4207,L3,L3_S49,0.0,0.0
feature:L3_S49_F4209,feature,L3_S49_F4209,L3,L3_S49,0.0,0.0
feature:L3_S49_F4210,feature,L3_S49_F4210,L3,L3_S49,0.0,0.0
feature:L3_S49_F4211,feature,L3_S49_F4211,L3,L3_S49,9.960863176221679,0.0067721433534442
feature:L3_S49_F4212,feature,L3_S49_F4212,L3,L3_S49,0.0,0.0
feature:L3_S49_F4214,feature,L3_S49_F4214,L3,L3_S49,0.0,0.0
feature:L3_S49_F4215,feature,L3_S49_F4215,L3,L3_S49,0.0,0.0
feature:L3_S49_F4216,feature,L3_S49_F4216,L3,L3_S49,0.0,0.0
feature:L3_S49_F4217,feature,L3_S49_F4217,L3,L3_S49,0.0,0.0
feature:L3_S49_F4219,feature,L3_S49_F4219,L3,L3_S49,0.0,0.0
feature:L3_S49_F4220,feature,L3_S49_F4220,L3,L3_S49,0.0,0.0
feature:L3_S49_F4221,feature,L3_S49_F4221,L3,L3_S49,0.0,0.0
feature:L3_S49_F4222,feature,L3_S49_F4222,L3,L3_S49,0.0,0.0
feature:L3_S49_F4224,feature,L3_S49_F4224,L3,L3_S49,0.0,0.0
feature:L3_S49_F4225,feature,L3_S49_F4225,L3,L3_S49,0.0,0.0
feature:L3_S49_F4226,feature,L3_S49_F4226,L3,L3_S49,0.0,0.0
feature:L3_S49_F4227,feature,L3_S49_F4227,L3,L3_S49,0.0,0.0
feature:L3_S49_F4229,feature,L3_S49_F4229,L3,L3_S49,0.0,0.0
feature:L3_S49_F4230,feature,L3_S49_F4230,L3,L3_S49,0.0,0.0
feature:L3_S49_F4231,feature,L3_S49_F4231,L3,L3_S49,0.0,0.0
feature:L3_S49_F4232,feature,L3_S49_F4232,L3,L3_S49,0.0,0.0
feature:L3_S49_F4234,feature,L3_S49_F4234,L3,L3_S49,0.0,0.0
feature:L3_S49_F4235,feature,L3_S49_F4235,L3,L3_S49,0.0,0.0
feature:L3_S49_F4236,feature,L3_S49_F4236,L3,L3_S49,0.0,0.0
feature:L3_S49_F4237,feature,L3_S49_F4237,L3,L3_S49,0.0,0.0
feature:L3_S49_F4239,feature,L3_S49_F4239,L3,L3_S49,0.0,0.0
feature:L3_S49_F4240,feature,L3_S49_F4240,L3,L3_S49,0.0,0.0
feature:L3_S50_D4242,feature,L3_S50_D4242,L3,L3_S50,0.0,0.0
feature:L3_S50_D4244,feature,L3_S50_D4244,L3,L3_S50,0.0,0.0
feature:L3_S50_D4246,feature,L3_S50_D4246,L3,L3_S50,0.0,0.0
feature:L3_S50_D4248,feature,L3_S50_D4248,L3,L3_S50,0.0,0.0
feature:L3_S50_D4250,feature,L3_S50_D4250,L3,L3_S50,0.0,0.0
feature:L3_S50_D4252,feature,L3_S50_D4252,L3,L3_S50,0.0,0.0
feature:L3_S50_D4254,feature,L3_S50_D4254,L3,L3_S50,0.0,0.0
feature:L3_S50_F4241,feature,L3_S50_F4241,L3,L3_S50,0.0,0.0
feature:L3_S50_F4243,feature,L3_S50_F4243,L3,L3_S50,0.0,0.0
feature:L3_S50_F4245,feature,L3_S50_F4245,L3,L3_S50,0.0,0.0
feature:L3_S50_F4247,feature,L3_S50_F4247,L3,L3_S50,0.0,0.0
feature:L3_S50_F4249,feature,L3_S50_F4249,L3,L3_S50,0.0,0.0
feature:L3_S50_F4251,feature,L3_S50_F4251,L3,L3_S50,0.0,0.0
feature:L3_S50_F4253,feature,L3_S50_F4253,L3,L3_S50,0.0,0.0
feature:L3_S51_D4255,feature,L3_S51_D4255,L3,L3_S51,0.0,0.0
feature:L3_S51_D4257,feature,L3_S51_D4257,L3,L3_S51,0.0,0.0
feature:L3_S51_D4259,feature,L3_S51_D4259,L3,L3_S51,0.0,0.0
feature:L3_S51_D4261,feature,L3_S51_D4261,L3,L3_S51,0.0,0.0
feature:L3_S51_D4263,feature,L3_S51_D4263,L3,L3_S51,0.0,0.0
feature:L3_S51_F4256,feature,L3_S51_F4256,L3,L3_S51,0.0,0.0
feature:L3_S51_F4258,feature,L3_S51_F4258,L3,L3_S51,0.0,0.0
feature:L3_S51_F4260,feature,L3_S51_F4260,L3,L3_S51,0.0,0.0
feature:L3_S51_F4262,feature,L3_S51_F4262,L3,L3_S51,0.0,0.0
