dataset,split,data_type,column,line,station,station_key,feature_kind,feature_id
train_numeric,train,numeric,L0_S0_F0,0,0,L0_S0,F,0
train_numeric,train,numeric,L0_S0_F2,0,0,L0_S0,F,2
train_numeric,train,numeric,L0_S0_F4,0,0,L0_S0,F,4
train_numeric,train,numeric,L0_S0_F6,0,0,L0_S0,F,6
train_numeric,train,numeric,L0_S0_F8,0,0,L0_S0,F,8
train_numeric,train,numeric,L0_S0_F10,0,0,L0_S0,F,10
train_numeric,train,numeric,L0_S0_F12,0,0,L0_S0,F,12
train_numeric,train,numeric,L0_S0_F14,0,0,L0_S0,F,14
train_numeric,train,numeric,L0_S0_F16,0,0,L0_S0,F,16
train_numeric,train,numeric,L0_S0_F18,0,0,L0_S0,F,18
train_numeric,train,numeric,L0_S0_F20,0,0,L0_S0,F,20
train_numeric,train,numeric,L0_S0_F22,0,0,L0_S0,F,22
train_numeric,train,numeric,L0_S1_F24,0,1,L0_S1,F,24
train_numeric,train,numeric,L0_S1_F28,0,1,L0_S1,F,28
train_numeric,train,numeric,L0_S2_F32,0,2,L0_S2,F,32
train_numeric,train,numeric,L0_S2_F36,0,2,L0_S2,F,36
train_numeric,train,numeric,L0_S2_F40,0,2,L0_S2,F,40
train_numeric,train,numeric,L0_S2_F44,0,2,L0_S2,F,44
train_numeric,train,numeric,L0_S2_F48,0,2,L0_S2,F,48
train_numeric,train,numeric,L0_S2_F52,0,2,L0_S2,F,52
train_numeric,train,numeric,L0_S2_F56,0,2,L0_S2,F,56
train_numeric,train,numeric,L0_S2_F60,0,2,L0_S2,F,60
train_numeric,train,numeric,L0_S2_F64,0,2,L0_S2,F,64
train_numeric,train,numeric,L0_S3_F68,0,3,L0_S3,F,68
train_numeric,train,numeric,L0_S3_F72,0,3,L0_S3,F,72
train_numeric,train,numeric,L0_S3_F76,0,3,L0_S3,F,76
train_numeric,train,numeric,L0_S3_F80,0,3,L0_S3,F,80
train_numeric,train,numeric,L0_S3_F84,0,3,L0_S3,F,84
train_numeric,train,numeric,L0_S3_F88,0,3,L0_S3,F,88
train_numeric,train,numeric,L0_S3_F92,0,3,L0_S3,F,92
train_numeric,train,numeric,L0_S3_F96,0,3,L0_S3,F,96
train_numeric,train,numeric,L0_S3_F100,0,3,L0_S3,F,100
train_numeric,train,numeric,L0_S4_F104,0,4,L0_S4,F,104
train_numeric,train,numeric,L0_S4_F109,0,4,L0_S4,F,109
train_numeric,train,numeric,L0_S5_F114,0,5,L0_S5,F,114
train_numeric,train,numeric,L0_S5_F116,0,5,L0_S5,F,116
train_numeric,train,numeric,L0_S6_F118,0,6,L0_S6,F,118
train_numeric,train,numeric,L0_S6_F122,0,6,L0_S6,F,122
train_numeric,train,numeric,L0_S6_F132,0,6,L0_S6,F,132
train_numeric,train,numeric,L0_S7_F136,0,7,L0_S7,F,136
train_numeric,train,numeric,L0_S7_F138,0,7,L0_S7,F,138
train_numeric,train,numeric,L0_S7_F142,0,7,L0_S7,F,142
train_numeric,train,numeric,L0_S8_F144,0,8,L0_S8,F,144
train_numeric,train,numeric,L0_S8_F146,0,8,L0_S8,F,146
train_numeric,train,numeric,L0_S8_F149,0,8,L0_S8,F,149
train_numeric,train,numeric,L0_S9_F155,0,9,L0_S9,F,155
train_numeric,train,numeric,L0_S9_F160,0,9,L0_S9,F,160
train_numeric,train,numeric,L0_S9_F165,0,9,L0_S9,F,165
train_numeric,train,numeric,L0_S9_F170,0,9,L0_S9,F,170
train_numeric,train,numeric,L0_S9_F175,0,9,L0_S9,F,175
train_numeric,train,numeric,L0_S9_F180,0,9,L0_S9,F,180
train_numeric,train,numeric,L0_S9_F185,0,9,L0_S9,F,185
train_numeric,train,numeric,L0_S9_F190,0,9,L0_S9,F,190
train_numeric,train,numeric,L0_S9_F195,0,9,L0_S9,F,195
train_numeric,train,numeric,L0_S9_F200,0,9,L0_S9,F,200
train_numeric,train,numeric,L0_S9_F205,0,9,L0_S9,F,205
train_numeric,train,numeric,L0_S9_F210,0,9,L0_S9,F,210
train_numeric,train,numeric,L0_S10_F219,0,10,L0_S10,F,219
train_numeric,train,numeric,L0_S10_F224,0,10,L0_S10,F,224
train_numeric,train,numeric,L0_S10_F229,0,10,L0_S10,F,229
train_numeric,train,numeric,L0_S10_F234,0,10,L0_S10,F,234
train_numeric,train,numeric,L0_S10_F239,0,10,L0_S10,F,239
train_numeric,train,numeric,L0_S10_F244,0,10,L0_S10,F,244
train_numeric,train,numeric,L0_S10_F249,0,10,L0_S10,F,249
train_numeric,train,numeric,L0_S10_F254,0,10,L0_S10,F,254
train_numeric,train,numeric,L0_S10_F259,0,10,L0_S10,F,259
train_numeric,train,numeric,L0_S10_F264,0,10,L0_S10,F,264
train_numeric,train,numeric,L0_S10_F269,0,10,L0_S10,F,269
train_numeric,train,numeric,L0_S10_F274,0,10,L0_S10,F,274
train_numeric,train,numeric,L0_S11_F282,0,11,L0_S11,F,282
train_numeric,train,numeric,L0_S11_F286,0,11,L0_S11,F,286
train_numeric,train,numeric,L0_S11_F290,0,11,L0_S11,F,290
train_numeric,train,numeric,L0_S11_F294,0,11,L0_S11,F,294
train_numeric,train,numeric,L0_S11_F298,0,11,L0_S11,F,298
train_numeric,train,numeric,L0_S11_F302,0,11,L0_S11,F,302
train_numeric,train,numeric,L0_S11_F306,0,11,L0_S11,F,306
train_numeric,train,numeric,L0_S11_F310,0,11,L0_S11,F,310
train_numeric,train,numeric,L0_S11_F314,0,11,L0_S11,F,314
train_numeric,train,numeric,L0_S11_F318,0,11,L0_S11,F,318
train_numeric,train,numeric,L0_S11_F322,0,11,L0_S11,F,322
train_numeric,train,numeric,L0_S11_F326,0,11,L0_S11,F,326
train_numeric,train,numeric,L0_S12_F330,0,12,L0_S12,F,330
train_numeric,train,numeric,L0_S12_F332,0,12,L0_S12,F,332
train_numeric,train,numeric,L0_S12_F334,0,12,L0_S12,F,334
train_numeric,train,numeric,L0_S12_F336,0,12,L0_S12,F,336
train_numeric,train,numeric,L0_S12_F338,0,12,L0_S12,F,338
train_numeric,train,numeric,L0_S12_F340,0,12,L0_S12,F,340
train_numeric,train,numeric,L0_S12_F342,0,12,L0_S12,F,342
train_numeric,train,numeric,L0_S12_F344,0,12,L0_S12,F,344
train_numeric,train,numeric,L0_S12_F346,0,12,L0_S12,F,346
train_numeric,train,numeric,L0_S12_F348,0,12,L0_S12,F,348
train_numeric,train,numeric,L0_S12_F350,0,12,L0_S12,F,350
train_numeric,train,numeric,L0_S12_F352,0,12,L0_S12,F,352
train_numeric,train,numeric,L0_S13_F354,0,13,L0_S13,F,354
train_numeric,train,numeric,L0_S13_F356,0,13,L0_S13,F,356
train_numeric,train,numeric,L0_S14_F358,0,14,L0_S14,F,358
train_numeric,train,numeric,L0_S14_F362,0,14,L0_S14,F,362
train_numeric,train,numeric,L0_S14_F366,0,14,L0_S14,F,366
train_numeric,train,numeric,L0_S14_F370,0,14,L0_S14,F,370
train_numeric,train,numeric,L0_S14_F374,0,14,L0_S14,F,374
train_numeric,train,numeric,L0_S14_F378,0,14,L0_S14,F,378
train_numeric,train,numeric,L0_S14_F382,0,14,L0_S14,F,382
train_numeric,train,numeric,L0_S14_F386,0,14,L0_S14,F,386
train_numeric,train,numeric,L0_S14_F390,0,14,L0_S14,F,390
train_numeric,train,numeric,L0_S15_F394,0,15,L0_S15,F,394
train_numeric,train,numeric,L0_S15_F397,0,15,L0_S15,F,397
train_numeric,train,numeric,L0_S15_F400,0,15,L0_S15,F,400
train_numeric,train,numeric,L0_S15_F403,0,15,L0_S15,F,403
train_numeric,train,numeric,L0_S15_F406,0,15,L0_S15,F,406
train_numeric,train,numeric,L0_S15_F409,0,15,L0_S15,F,409
train_numeric,train,numeric,L0_S15_F412,0,15,L0_S15,F,412
train_numeric,train,numeric,L0_S15_F415,0,15,L0_S15,F,415
train_numeric,train,numeric,L0_S15_F418,0,15,L0_S15,F,418
train_numeric,train,numeric,L0_S16_F421,0,16,L0_S16,F,421
train_numeric,train,numeric,L0_S16_F426,0,16,L0_S16,F,426
train_numeric,train,numeric,L0_S17_F431,0,17,L0_S17,F,431
train_numeric,train,numeric,L0_S17_F433,0,17,L0_S17,F,433
train_numeric,train,numeric,L0_S18_F435,0,18,L0_S18,F,435
train_numeric,train,numeric,L0_S18_F439,0,18,L0_S18,F,439
train_numeric,train,numeric,L0_S18_F449,0,18,L0_S18,F,449
train_numeric,train,numeric,L0_S19_F453,0,19,L0_S19,F,453
train_numeric,train,numeric,L0_S19_F455,0,19,L0_S19,F,455
train_numeric,train,numeric,L0_S19_F459,0,19,L0_S19,F,459
train_numeric,train,numeric,L0_S20_F461,0,20,L0_S20,F,461
train_numeric,train,numeric,L0_S20_F463,0,20,L0_S20,F,463
train_numeric,train,numeric,L0_S20_F466,0,20,L0_S20,F,466
train_numeric,train,numeric,L0_S21_F472,0,21,L0_S21,F,472
train_numeric,train,numeric,L0_S21_F477,0,21,L0_S21,F,477
train_numeric,train,numeric,L0_S21_F482,0,21,L0_S21,F,482
train_numeric,train,numeric,L0_S21_F487,0,21,L0_S21,F,487
train_numeric,train,numeric,L0_S21_F492,0,21,L0_S21,F,492
train_numeric,train,numeric,L0_S21_F497,0,21,L0_S21,F,497
train_numeric,train,numeric,L0_S21_F502,0,21,L0_S21,F,502
train_numeric,train,numeric,L0_S21_F507,0,21,L0_S21,F,507
train_numeric,train,numeric,L0_S21_F512,0,21,L0_S21,F,512
train_numeric,train,numeric,L0_S21_F517,0,21,L0_S21,F,517
train_numeric,train,numeric,L0_S21_F522,0,21,L0_S21,F,522
train_numeric,train,numeric,L0_S21_F527,0,21,L0_S21,F,527
train_numeric,train,numeric,L0_S21_F532,0,21,L0_S21,F,532
train_numeric,train,numeric,L0_S21_F537,0,21,L0_S21,F,537
train_numeric,train,numeric,L0_S22_F546,0,22,L0_S22,F,546
train_numeric,train,numeric,L0_S22_F551,0,22,L0_S22,F,551
train_numeric,train,numeric,L0_S22_F556,0,22,L0_S22,F,556
train_numeric,train,numeric,L0_S22_F561,0,22,L0_S22,F,561
train_numeric,train,numeric,L0_S22_F566,0,22,L0_S22,F,566
train_numeric,train,numeric,L0_S22_F571,0,22,L0_S22,F,571
train_numeric,train,numeric,L0_S22_F576,0,22,L0_S22,F,576
train_numeric,train,numeric,L0_S22_F581,0,22,L0_S22,F,581
train_numeric,train,numeric,L0_S22_F586,0,22,L0_S22,F,586
train_numeric,train,numeric,L0_S22_F591,0,22,L0_S22,F,591
train_numeric,train,numeric,L0_S22_F596,0,22,L0_S22,F,596
train_numeric,train,numeric,L0_S22_F601,0,22,L0_S22,F,601
train_numeric,train,numeric,L0_S22_F606,0,22,L0_S22,F,606
train_numeric,train,numeric,L0_S22_F611,0,22,L0_S22,F,611
train_numeric,train,numeric,L0_S23_F619,0,23,L0_S23,F,619
train_numeric,train,numeric,L0_S23_F623,0,23,L0_S23,F,623
train_numeric,train,numeric,L0_S23_F627,0,23,L0_S23,F,627
train_numeric,train,numeric,L0_S23_F631,0,23,L0_S23,F,631
train_numeric,train,numeric,L0_S23_F635,0,23,L0_S23,F,635
train_numeric,train,numeric,L0_S23_F639,0,23,L0_S23,F,639
train_numeric,train,numeric,L0_S23_F643,0,23,L0_S23,F,643
train_numeric,train,numeric,L0_S23_F647,0,23,L0_S23,F,647
train_numeric,train,numeric,L0_S23_F651,0,23,L0_S23,F,651
train_numeric,train,numeric,L0_S23_F655,0,23,L0_S23,F,655
train_numeric,train,numeric,L0_S23_F659,0,23,L0_S23,F,659
train_numeric,train,numeric,L0_S23_F663,0,23,L0_S23,F,663
train_numeric,train,numeric,L0_S23_F667,0,23,L0_S23,F,667
train_numeric,train,numeric,L0_S23_F671,0,23,L0_S23,F,671
train_numeric,train,numeric,L1_S24_F679,1,24,L1_S24,F,679
train_numeric,train,numeric,L1_S24_F683,1,24,L1_S24,F,683
train_numeric,train,numeric,L1_S24_F687,1,24,L1_S24,F,687
train_numeric,train,numeric,L1_S24_F691,1,24,L1_S24,F,691
train_numeric,train,numeric,L1_S24_F700,1,24,L1_S24,F,700
train_numeric,train,numeric,L1_S24_F719,1,24,L1_S24,F,719
train_numeric,train,numeric,L1_S24_F728,1,24,L1_S24,F,728
train_numeric,train,numeric,L1_S24_F733,1,24,L1_S24,F,733
train_numeric,train,numeric,L1_S24_F746,1,24,L1_S24,F,746
train_numeric,train,numeric,L1_S24_F751,1,24,L1_S24,F,751
train_numeric,train,numeric,L1_S24_F756,1,24,L1_S24,F,756
train_numeric,train,numeric,L1_S24_F761,1,24,L1_S24,F,761
train_numeric,train,numeric,L1_S24_F766,1,24,L1_S24,F,766
train_numeric,train,numeric,L1_S24_F775,1,24,L1_S24,F,775
train_numeric,train,numeric,L1_S24_F780,1,24,L1_S24,F,780
train_numeric,train,numeric,L1_S24_F785,1,24,L1_S24,F,785
train_numeric,train,numeric,L1_S24_F790,1,24,L1_S24,F,790
train_numeric,train,numeric,L1_S24_F795,1,24,L1_S24,F,795
train_numeric,train,numeric,L1_S24_F800,1,24,L1_S24,F,800
train_numeric,train,numeric,L1_S24_F802,1,24,L1_S24,F,802
train_numeric,train,numeric,L1_S24_F806,1,24,L1_S24,F,806
train_numeric,train,numeric,L1_S24_F808,1,24,L1_S24,F,808
train_numeric,train,numeric,L1_S24_F810,1,24,L1_S24,F,810
train_numeric,train,numeric,L1_S24_F812,1,24,L1_S24,F,812
train_numeric,train,numeric,L1_S24_F814,1,24,L1_S24,F,814
train_numeric,train,numeric,L1_S24_F816,1,24,L1_S24,F,816
train_numeric,train,numeric,L1_S24_F829,1,24,L1_S24,F,829
train_numeric,train,numeric,L1_S24_F834,1,24,L1_S24,F,834
train_numeric,train,numeric,L1_S24_F839,1,24,L1_S24,F,839
train_numeric,train,numeric,L1_S24_F844,1,24,L1_S24,F,844
train_numeric,train,numeric,L1_S24_F857,1,24,L1_S24,F,857
train_numeric,train,numeric,L1_S24_F862,1,24,L1_S24,F,862
train_numeric,train,numeric,L1_S24_F867,1,24,L1_S24,F,867
train_numeric,train,numeric,L1_S24_F872,1,24,L1_S24,F,872
train_numeric,train,numeric,L1_S24_F877,1,24,L1_S24,F,877
train_numeric,train,numeric,L1_S24_F882,1,24,L1_S24,F,882
train_numeric,train,numeric,L1_S24_F887,1,24,L1_S24,F,887
train_numeric,train,numeric,L1_S24_F892,1,24,L1_S24,F,892
train_numeric,train,numeric,L1_S24_F897,1,24,L1_S24,F,897
train_numeric,train,numeric,L1_S24_F902,1,24,L1_S24,F,902
train_numeric,train,numeric,L1_S24_F907,1,24,L1_S24,F,907
train_numeric,train,numeric,L1_S24_F920,1,24,L1_S24,F,920
train_numeric,train,numeric,L1_S24_F925,1,24,L1_S24,F,925
train_numeric,train,numeric,L1_S24_F930,1,24,L1_S24,F,930
train_numeric,train,numeric,L1_S24_F935,1,24,L1_S24,F,935
train_numeric,train,numeric,L1_S24_F948,1,24,L1_S24,F,948
train_numeric,train,numeric,L1_S24_F953,1,24,L1_S24,F,953
train_numeric,train,numeric,L1_S24_F958,1,24,L1_S24,F,958
train_numeric,train,numeric,L1_S24_F963,1,24,L1_S24,F,963
train_numeric,train,numeric,L1_S24_F968,1,24,L1_S24,F,968
train_numeric,train,numeric,L1_S24_F973,1,24,L1_S24,F,973
train_numeric,train,numeric,L1_S24_F978,1,24,L1_S24,F,978
train_numeric,train,numeric,L1_S24_F983,1,24,L1_S24,F,983
train_numeric,train,numeric,L1_S24_F988,1,24,L1_S24,F,988
train_numeric,train,numeric,L1_S24_F993,1,24,L1_S24,F,993
train_numeric,train,numeric,L1_S24_F998,1,24,L1_S24,F,998
train_numeric,train,numeric,L1_S24_F1000,1,24,L1_S24,F,1000
train_numeric,train,numeric,L1_S24_F1002,1,24,L1_S24,F,1002
train_numeric,train,numeric,L1_S24_F1004,1,24,L1_S24,F,1004
train_numeric,train,numeric,L1_S24_F1006,1,24,L1_S24,F,1006
train_numeric,train,numeric,L1_S24_F1008,1,24,L1_S24,F,1008
train_numeric,train,numeric,L1_S24_F1010,1,24,L1_S24,F,1010
train_numeric,train,numeric,L1_S24_F1012,1,24,L1_S24,F,1012
train_numeric,train,numeric,L1_S24_F1014,1,24,L1_S24,F,1014
train_numeric,train,numeric,L1_S24_F1016,1,24,L1_S24,F,1016
train_numeric,train,numeric,L1_S24_F1021,1,24,L1_S24,F,1021
train_numeric,train,numeric,L1_S24_F1026,1,24,L1_S24,F,1026
train_numeric,train,numeric,L1_S24_F1031,1,24,L1_S24,F,1031
train_numeric,train,numeric,L1_S24_F1036,1,24,L1_S24,F,1036
train_numeric,train,numeric,L1_S24_F1041,1,24,L1_S24,F,1041
train_numeric,train,numeric,L1_S24_F1046,1,24,L1_S24,F,1046
train_numeric,train,numeric,L1_S24_F1051,1,24,L1_S24,F,1051
train_numeric,train,numeric,L1_S24_F1056,1,24,L1_S24,F,1056
train_numeric,train,numeric,L1_S24_F1068,1,24,L1_S24,F,1068
train_numeric,train,numeric,L1_S24_F1072,1,24,L1_S24,F,1072
train_numeric,train,numeric,L1_S24_F1079,1,24,L1_S24,F,1079
train_numeric,train,numeric,L1_S24_F1083,1,24,L1_S24,F,1083
train_numeric,train,numeric,L1_S24_F1087,1,24,L1_S24,F,1087
train_numeric,train,numeric,L1_S24_F1094,1,24,L1_S24,F,1094
train_numeric,train,numeric,L1_S24_F1098,1,24,L1_S24,F,1098
train_numeric,train,numeric,L1_S24_F1102,1,24,L1_S24,F,1102
train_numeric,train,numeric,L1_S24_F1106,1,24,L1_S24,F,1106
train_numeric,train,numeric,L1_S24_F1110,1,24,L1_S24,F,1110
train_numeric,train,numeric,L1_S24_F1118,1,24,L1_S24,F,1118
train_numeric,train,numeric,L1_S24_F1122,1,24,L1_S24,F,1122
train_numeric,train,numeric,L1_S24_F1126,1,24,L1_S24,F,1126
train_numeric,train,numeric,L1_S24_F1130,1,24,L1_S24,F,1130
train_numeric,train,numeric,L1_S24_F1134,1,24,L1_S24,F,1134
train_numeric,train,numeric,L1_S24_F1145,1,24,L1_S24,F,1145
train_numeric,train,numeric,L1_S24_F1148,1,24,L1_S24,F,1148
train_numeric,train,numeric,L1_S24_F1161,1,24,L1_S24,F,1161
train_numeric,train,numeric,L1_S24_F1166,1,24,L1_S24,F,1166
train_numeric,train,numeric,L1_S24_F1170,1,24,L1_S24,F,1170
train_numeric,train,numeric,L1_S24_F1172,1,24,L1_S24,F,1172
train_numeric,train,numeric,L1_S24_F1174,1,24,L1_S24,F,1174
train_numeric,train,numeric,L1_S24_F1176,1,24,L1_S24,F,1176
train_numeric,train,numeric,L1_S24_F1180,1,24,L1_S24,F,1180
train_numeric,train,numeric,L1_S24_F1184,1,24,L1_S24,F,1184
train_numeric,train,numeric,L1_S24_F1197,1,24,L1_S24,F,1197
train_numeric,train,numeric,L1_S24_F1202,1,24,L1_S24,F,1202
train_numeric,train,numeric,L1_S24_F1207,1,24,L1_S24,F,1207
train_numeric,train,numeric,L1_S24_F1212,1,24,L1_S24,F,1212
train_numeric,train,numeric,L1_S24_F1225,1,24,L1_S24,F,1225
train_numeric,train,numeric,L1_S24_F1230,1,24,L1_S24,F,1230
train_numeric,train,numeric,L1_S24_F1235,1,24,L1_S24,F,1235
train_numeric,train,numeric,L1_S24_F1240,1,24,L1_S24,F,1240
train_numeric,train,numeric,L1_S24_F1245,1,24,L1_S24,F,1245
train_numeric,train,numeric,L1_S24_F1250,1,24,L1_S24,F,1250
train_numeric,train,numeric,L1_S24_F1255,1,24,L1_S24,F,1255
train_numeric,train,numeric,L1_S24_F1260,1,24,L1_S24,F,1260
train_numeric,train,numeric,L1_S24_F1265,1,24,L1_S24,F,1265
train_numeric,train,numeric,L1_S24_F1270,1,24,L1_S24,F,1270
train_numeric,train,numeric,L1_S24_F1275,1,24,L1_S24,F,1275
train_numeric,train,numeric,L1_S24_F1288,1,24,L1_S24,F,1288
train_numeric,train,numeric,L1_S24_F1293,1,24,L1_S24,F,1293
train_numeric,train,numeric,L1_S24_F1298,1,24,L1_S24,F,1298
train_numeric,train,numeric,L1_S24_F1303,1,24,L1_S24,F,1303
train_numeric,train,numeric,L1_S24_F1316,1,24,L1_S24,F,1316
train_numeric,train,numeric,L1_S24_F1321,1,24,L1_S24,F,1321
train_numeric,train,numeric,L1_S24_F1326,1,24,L1_S24,F,1326
train_numeric,train,numeric,L1_S24_F1331,1,24,L1_S24,F,1331
train_numeric,train,numeric,L1_S24_F1336,1,24,L1_S24,F,1336
train_numeric,train,numeric,L1_S24_F1341,1,24,L1_S24,F,1341
train_numeric,train,numeric,L1_S24_F1346,1,24,L1_S24,F,1346
train_numeric,train,numeric,L1_S24_F1351,1,24,L1_S24,F,1351
train_numeric,train,numeric,L1_S24_F1356,1,24,L1_S24,F,1356
train_numeric,train,numeric,L1_S24_F1361,1,24,L1_S24,F,1361
train_numeric,train,numeric,L1_S24_F1366,1,24,L1_S24,F,1366
train_numeric,train,numeric,L1_S24_F1371,1,24,L1_S24,F,1371
train_numeric,train,numeric,L1_S24_F1376,1,24,L1_S24,F,1376
train_numeric,train,numeric,L1_S24_F1381,1,24,L1_S24,F,1381
train_numeric,train,numeric,L1_S24_F1386,1,24,L1_S24,F,1386
train_numeric,train,numeric,L1_S24_F1391,1,24,L1_S24,F,1391
train_numeric,train,numeric,L1_S24_F1396,1,24,L1_S24,F,1396
train_numeric,train,numeric,L1_S24_F1401,1,24,L1_S24,F,1401
train_numeric,train,numeric,L1_S24_F1406,1,24,L1_S24,F,1406
train_numeric,train,numeric,L1_S24_F1411,1,24,L1_S24,F,1411
train_numeric,train,numeric,L1_S24_F1416,1,24,L1_S24,F,1416
train_numeric,train,numeric,L1_S24_F1421,1,24,L1_S24,F,1421
train_numeric,train,numeric,L1_S24_F1426,1,24,L1_S24,F,1426
train_numeric,train,numeric,L1_S24_F1431,1,24,L1_S24,F,1431
train_numeric,train,numeric,L1_S24_F1436,1,24,L1_S24,F,1436
train_numeric,train,numeric,L1_S24_F1441,1,24,L1_S24,F,1441
train_numeric,train,numeric,L1_S24_F1446,1,24,L1_S24,F,1446
train_numeric,train,numeric,L1_S24_F1451,1,24,L1_S24,F,1451
train_numeric,train,numeric,L1_S24_F1463,1,24,L1_S24,F,1463
train_numeric,train,numeric,L1_S24_F1467,1,24,L1_S24,F,1467
train_numeric,train,numeric,L1_S24_F1474,1,24,L1_S24,F,1474
train_numeric,train,numeric,L1_S24_F1478,1,24,L1_S24,F,1478
train_numeric,train,numeric,L1_S24_F1482,1,24,L1_S24,F,1482
train_numeric,train,numeric,L1_S24_F1486,1,24,L1_S24,F,1486
train_numeric,train,numeric,L1_S24_F1490,1,24,L1_S24,F,1490
train_numeric,train,numeric,L1_S24_F1494,1,24,L1_S24,F,1494
train_numeric,train,numeric,L1_S24_F1498,1,24,L1_S24,F,1498
train_numeric,train,numeric,L1_S24_F1502,1,24,L1_S24,F,1502
train_numeric,train,numeric,L1_S24_F1506,1,24,L1_S24,F,1506
train_numeric,train,numeric,L1_S24_F1512,1,24,L1_S24,F,1512
train_numeric,train,numeric,L1_S24_F1514,1,24,L1_S24,F,1514
train_numeric,train,numeric,L1_S24_F1516,1,24,L1_S24,F,1516
train_numeric,train,numeric,L1_S24_F1518,1,24,L1_S24,F,1518
train_numeric,train,numeric,L1_S24_F1520,1,24,L1_S24,F,1520
train_numeric,train,numeric,L1_S24_F1539,1,24,L1_S24,F,1539
train_numeric,train,numeric,L1_S24_F1544,1,24,L1_S24,F,1544
train_numeric,train,numeric,L1_S24_F1565,1,24,L1_S24,F,1565
train_numeric,train,numeric,L1_S24_F1567,1,24,L1_S24,F,1567
train_numeric,train,numeric,L1_S24_F1569,1,24,L1_S24,F,1569
train_numeric,train,numeric,L1_S24_F1571,1,24,L1_S24,F,1571
train_numeric,train,numeric,L1_S24_F1573,1,24,L1_S24,F,1573
train_numeric,train,numeric,L1_S24_F1575,1,24,L1_S24,F,1575
train_numeric,train,numeric,L1_S24_F1578,1,24,L1_S24,F,1578
train_numeric,train,numeric,L1_S24_F1581,1,24,L1_S24,F,1581
train_numeric,train,numeric,L1_S24_F1594,1,24,L1_S24,F,1594
train_numeric,train,numeric,L1_S24_F1599,1,24,L1_S24,F,1599
train_numeric,train,numeric,L1_S24_F1604,1,24,L1_S24,F,1604
train_numeric,train,numeric,L1_S24_F1609,1,24,L1_S24,F,1609
train_numeric,train,numeric,L1_S24_F1622,1,24,L1_S24,F,1622
train_numeric,train,numeric,L1_S24_F1627,1,24,L1_S24,F,1627
train_numeric,train,numeric,L1_S24_F1632,1,24,L1_S24,F,1632
train_numeric,train,numeric,L1_S24_F1637,1,24,L1_S24,F,1637
train_numeric,train,numeric,L1_S24_F1642,1,24,L1_S24,F,1642
train_numeric,train,numeric,L1_S24_F1647,1,24,L1_S24,F,1647
train_numeric,train,numeric,L1_S24_F1652,1,24,L1_S24,F,1652
train_numeric,train,numeric,L1_S24_F1657,1,24,L1_S24,F,1657
train_numeric,train,numeric,L1_S24_F1662,1,24,L1_S24,F,1662
train_numeric,train,numeric,L1_S24_F1667,1,24,L1_S24,F,1667
train_numeric,train,numeric,L1_S24_F1672,1,24,L1_S24,F,1672
train_numeric,train,numeric,L1_S24_F1685,1,24,L1_S24,F,1685
train_numeric,train,numeric,L1_S24_F1690,1,24,L1_S24,F,1690
train_numeric,train,numeric,L1_S24_F1695,1,24,L1_S24,F,1695
train_numeric,train,numeric,L1_S24_F1700,1,24,L1_S24,F,1700
train_numeric,train,numeric,L1_S24_F1713,1,24,L1_S24,F,1713
train_numeric,train,numeric,L1_S24_F1718,1,24,L1_S24,F,1718
train_numeric,train,numeric,L1_S24_F1723,1,24,L1_S24,F,1723
train_numeric,train,numeric,L1_S24_F1728,1,24,L1_S24,F,1728
train_numeric,train,numeric,L1_S24_F1733,1,24,L1_S24,F,1733
train_numeric,train,numeric,L1_S24_F1738,1,24,L1_S24,F,1738
train_numeric,train,numeric,L1_S24_F1743,1,24,L1_S24,F,1743
train_numeric,train,numeric,L1_S24_F1748,1,24,L1_S24,F,1748
train_numeric,train,numeric,L1_S24_F1753,1,24,L1_S24,F,1753
train_numeric,train,numeric,L1_S24_F1758,1,24,L1_S24,F,1758
train_numeric,train,numeric,L1_S24_F1763,1,24,L1_S24,F,1763
train_numeric,train,numeric,L1_S24_F1768,1,24,L1_S24,F,1768
train_numeric,train,numeric,L1_S24_F1773,1,24,L1_S24,F,1773
train_numeric,train,numeric,L1_S24_F1778,1,24,L1_S24,F,1778
train_numeric,train,numeric,L1_S24_F1783,1,24,L1_S24,F,1783
train_numeric,train,numeric,L1_S24_F1788,1,24,L1_S24,F,1788
train_numeric,train,numeric,L1_S24_F1793,1,24,L1_S24,F,1793
train_numeric,train,numeric,L1_S24_F1798,1,24,L1_S24,F,1798
train_numeric,train,numeric,L1_S24_F1803,1,24,L1_S24,F,1803
train_numeric,train,numeric,L1_S24_F1808,1,24,L1_S24,F,1808
train_numeric,train,numeric,L1_S24_F1810,1,24,L1_S24,F,1810
train_numeric,train,numeric,L1_S24_F1812,1,24,L1_S24,F,1812
train_numeric,train,numeric,L1_S24_F1814,1,24,L1_S24,F,1814
train_numeric,train,numeric,L1_S24_F1816,1,24,L1_S24,F,1816
train_numeric,train,numeric,L1_S24_F1818,1,24,L1_S24,F,1818
train_numeric,train,numeric,L1_S24_F1820,1,24,L1_S24,F,1820
train_numeric,train,numeric,L1_S24_F1822,1,24,L1_S24,F,1822
train_numeric,train,numeric,L1_S24_F1824,1,24,L1_S24,F,1824
train_numeric,train,numeric,L1_S24_F1829,1,24,L1_S24,F,1829
train_numeric,train,numeric,L1_S24_F1831,1,24,L1_S24,F,1831
train_numeric,train,numeric,L1_S24_F1834,1,24,L1_S24,F,1834
train_numeric,train,numeric,L1_S24_F1836,1,24,L1_S24,F,1836
train_numeric,train,numeric,L1_S24_F1838,1,24,L1_S24,F,1838
train_numeric,train,numeric,L1_S24_F1840,1,24,L1_S24,F,1840
train_numeric,train,numeric,L1_S24_F1842,1,24,L1_S24,F,1842
train_numeric,train,numeric,L1_S24_F1844,1,24,L1_S24,F,1844
train_numeric,train,numeric,L1_S24_F1846,1,24,L1_S24,F,1846
train_numeric,train,numeric,L1_S24_F1848,1,24,L1_S24,F,1848
train_numeric,train,numeric,L1_S24_F1850,1,24,L1_S24,F,1850
train_numeric,train,numeric,L1_S25_F1855,1,25,L1_S25,F,1855
train_numeric,train,numeric,L1_S25_F1858,1,25,L1_S25,F,1858
train_numeric,train,numeric,L1_S25_F1865,1,25,L1_S25,F,1865
train_numeric,train,numeric,L1_S25_F1869,1,25,L1_S25,F,1869
train_numeric,train,numeric,L1_S25_F1873,1,25,L1_S25,F,1873
train_numeric,train,numeric,L1_S25_F1877,1,25,L1_S25,F,1877
train_numeric,train,numeric,L1_S25_F1881,1,25,L1_S25,F,1881
train_numeric,train,numeric,L1_S25_F1885,1,25,L1_S25,F,1885
train_numeric,train,numeric,L1_S25_F1890,1,25,L1_S25,F,1890
train_numeric,train,numeric,L1_S25_F1892,1,25,L1_S25,F,1892
train_numeric,train,numeric,L1_S25_F1894,1,25,L1_S25,F,1894
train_numeric,train,numeric,L1_S25_F1896,1,25,L1_S25,F,1896
train_numeric,train,numeric,L1_S25_F1900,1,25,L1_S25,F,1900
train_numeric,train,numeric,L1_S25_F1909,1,25,L1_S25,F,1909
train_numeric,train,numeric,L1_S25_F1914,1,25,L1_S25,F,1914
train_numeric,train,numeric,L1_S25_F1919,1,25,L1_S25,F,1919
train_numeric,train,numeric,L1_S25_F1924,1,25,L1_S25,F,1924
train_numeric,train,numeric,L1_S25_F1929,1,25,L1_S25,F,1929
train_numeric,train,numeric,L1_S25_F1938,1,25,L1_S25,F,1938
train_numeric,train,numeric,L1_S25_F1943,1,25,L1_S25,F,1943
train_numeric,train,numeric,L1_S25_F1948,1,25,L1_S25,F,1948
train_numeric,train,numeric,L1_S25_F1953,1,25,L1_S25,F,1953
train_numeric,train,numeric,L1_S25_F1958,1,25,L1_S25,F,1958
train_numeric,train,numeric,L1_S25_F1963,1,25,L1_S25,F,1963
train_numeric,train,numeric,L1_S25_F1968,1,25,L1_S25,F,1968
train_numeric,train,numeric,L1_S25_F1973,1,25,L1_S25,F,1973
train_numeric,train,numeric,L1_S25_F1978,1,25,L1_S25,F,1978
train_numeric,train,numeric,L1_S25_F1987,1,25,L1_S25,F,1987
train_numeric,train,numeric,L1_S25_F1992,1,25,L1_S25,F,1992
train_numeric,train,numeric,L1_S25_F1997,1,25,L1_S25,F,1997
train_numeric,train,numeric,L1_S25_F2002,1,25,L1_S25,F,2002
train_numeric,train,numeric,L1_S25_F2007,1,25,L1_S25,F,2007
train_numeric,train,numeric,L1_S25_F2016,1,25,L1_S25,F,2016
train_numeric,train,numeric,L1_S25_F2021,1,25,L1_S25,F,2021
train_numeric,train,numeric,L1_S25_F2026,1,25,L1_S25,F,2026
train_numeric,train,numeric,L1_S25_F2031,1,25,L1_S25,F,2031
train_numeric,train,numeric,L1_S25_F2036,1,25,L1_S25,F,2036
train_numeric,train,numeric,L1_S25_F2041,1,25,L1_S25,F,2041
train_numeric,train,numeric,L1_S25_F2046,1,25,L1_S25,F,2046
train_numeric,train,numeric,L1_S25_F2051,1,25,L1_S25,F,2051
train_numeric,train,numeric,L1_S25_F2056,1,25,L1_S25,F,2056
train_numeric,train,numeric,L1_S25_F2061,1,25,L1_S25,F,2061
train_numeric,train,numeric,L1_S25_F2066,1,25,L1_S25,F,2066
train_numeric,train,numeric,L1_S25_F2071,1,25,L1_S25,F,2071
train_numeric,train,numeric,L1_S25_F2076,1,25,L1_S25,F,2076
train_numeric,train,numeric,L1_S25_F2081,1,25,L1_S25,F,2081
train_numeric,train,numeric,L1_S25_F2086,1,25,L1_S25,F,2086
train_numeric,train,numeric,L1_S25_F2091,1,25,L1_S25,F,2091
train_numeric,train,numeric,L1_S25_F2096,1,25,L1_S25,F,2096
train_numeric,train,numeric,L1_S25_F2101,1,25,L1_S25,F,2101
train_numeric,train,numeric,L1_S25_F2106,1,25,L1_S25,F,2106
train_numeric,train,numeric,L1_S25_F2111,1,25,L1_S25,F,2111
train_numeric,train,numeric,L1_S25_F2116,1,25,L1_S25,F,2116
train_numeric,train,numeric,L1_S25_F2121,1,25,L1_S25,F,2121
train_numeric,train,numeric,L1_S25_F2126,1,25,L1_S25,F,2126
train_numeric,train,numeric,L1_S25_F2131,1,25,L1_S25,F,2131
train_numeric,train,numeric,L1_S25_F2136,1,25,L1_S25,F,2136
train_numeric,train,numeric,L1_S25_F2144,1,25,L1_S25,F,2144
train_numeric,train,numeric,L1_S25_F2147,1,25,L1_S25,F,2147
train_numeric,train,numeric,L1_S25_F2152,1,25,L1_S25,F,2152
train_numeric,train,numeric,L1_S25_F2155,1,25,L1_S25,F,2155
train_numeric,train,numeric,L1_S25_F2158,1,25,L1_S25,F,2158
train_numeric,train,numeric,L1_S25_F2161,1,25,L1_S25,F,2161
train_numeric,train,numeric,L1_S25_F2164,1,25,L1_S25,F,2164
train_numeric,train,numeric,L1_S25_F2167,1,25,L1_S25,F,2167
train_numeric,train,numeric,L1_S25_F2170,1,25,L1_S25,F,2170
train_numeric,train,numeric,L1_S25_F2173,1,25,L1_S25,F,2173
train_numeric,train,numeric,L1_S25_F2176,1,25,L1_S25,F,2176
train_numeric,train,numeric,L1_S25_F2181,1,25,L1_S25,F,2181
train_numeric,train,numeric,L1_S25_F2184,1,25,L1_S25,F,2184
train_numeric,train,numeric,L1_S25_F2187,1,25,L1_S25,F,2187
train_numeric,train,numeric,L1_S25_F2190,1,25,L1_S25,F,2190
train_numeric,train,numeric,L1_S25_F2193,1,25,L1_S25,F,2193
train_numeric,train,numeric,L1_S25_F2196,1,25,L1_S25,F,2196
train_numeric,train,numeric,L1_S25_F2199,1,25,L1_S25,F,2199
train_numeric,train,numeric,L1_S25_F2202,1,25,L1_S25,F,2202
train_numeric,train,numeric,L1_S25_F2207,1,25,L1_S25,F,2207
train_numeric,train,numeric,L1_S25_F2210,1,25,L1_S25,F,2210
train_numeric,train,numeric,L1_S25_F2217,1,25,L1_S25,F,2217
train_numeric,train,numeric,L1_S25_F2220,1,25,L1_S25,F,2220
train_numeric,train,numeric,L1_S25_F2223,1,25,L1_S25,F,2223
train_numeric,train,numeric,L1_S25_F2226,1,25,L1_S25,F,2226
train_numeric,train,numeric,L1_S25_F2231,1,25,L1_S25,F,2231
train_numeric,train,numeric,L1_S25_F2233,1,25,L1_S25,F,2233
train_numeric,train,numeric,L1_S25_F2237,1,25,L1_S25,F,2237
train_numeric,train,numeric,L1_S25_F2239,1,25,L1_S25,F,2239
train_numeric,train,numeric,L1_S25_F2241,1,25,L1_S25,F,2241
train_numeric,train,numeric,L1_S25_F2243,1,25,L1_S25,F,2243
train_numeric,train,numeric,L1_S25_F2245,1,25,L1_S25,F,2245
train_numeric,train,numeric,L1_S25_F2247,1,25,L1_S25,F,2247
train_numeric,train,numeric,L1_S25_F2249,1,25,L1_S25,F,2249
train_numeric,train,numeric,L1_S25_F2258,1,25,L1_S25,F,2258
train_numeric,train,numeric,L1_S25_F2263,1,25,L1_S25,F,2263
train_numeric,train,numeric,L1_S25_F2268,1,25,L1_S25,F,2268
train_numeric,train,numeric,L1_S25_F2273,1,25,L1_S25,F,2273
train_numeric,train,numeric,L1_S25_F2278,1,25,L1_S25,F,2278
train_numeric,train,numeric,L1_S25_F2287,1,25,L1_S25,F,2287
train_numeric,train,numeric,L1_S25_F2292,1,25,L1_S25,F,2292
train_numeric,train,numeric,L1_S25_F2297,1,25,L1_S25,F,2297
train_numeric,train,numeric,L1_S25_F2302,1,25,L1_S25,F,2302
train_numeric,train,numeric,L1_S25_F2307,1,25,L1_S25,F,2307
train_numeric,train,numeric,L1_S25_F2312,1,25,L1_S25,F,2312
train_numeric,train,numeric,L1_S25_F2317,1,25,L1_S25,F,2317
train_numeric,train,numeric,L1_S25_F2322,1,25,L1_S25,F,2322
train_numeric,train,numeric,L1_S25_F2327,1,25,L1_S25,F,2327
train_numeric,train,numeric,L1_S25_F2336,1,25,L1_S25,F,2336
train_numeric,train,numeric,L1_S25_F2341,1,25,L1_S25,F,2341
train_numeric,train,numeric,L1_S25_F2346,1,25,L1_S25,F,2346
train_numeric,train,numeric,L1_S25_F2351,1,25,L1_S25,F,2351
train_numeric,train,numeric,L1_S25_F2356,1,25,L1_S25,F,2356
train_numeric,train,numeric,L1_S25_F2365,1,25,L1_S25,F,2365
train_numeric,train,numeric,L1_S25_F2370,1,25,L1_S25,F,2370
train_numeric,train,numeric,L1_S25_F2375,1,25,L1_S25,F,2375
train_numeric,train,numeric,L1_S25_F2380,1,25,L1_S25,F,2380
train_numeric,train,numeric,L1_S25_F2385,1,25,L1_S25,F,2385
train_numeric,train,numeric,L1_S25_F2390,1,25,L1_S25,F,2390
train_numeric,train,numeric,L1_S25_F2395,1,25,L1_S25,F,2395
train_numeric,train,numeric,L1_S25_F2400,1,25,L1_S25,F,2400
train_numeric,train,numeric,L1_S25_F2405,1,25,L1_S25,F,2405
train_numeric,train,numeric,L1_S25_F2408,1,25,L1_S25,F,2408
train_numeric,train,numeric,L1_S25_F2411,1,25,L1_S25,F,2411
train_numeric,train,numeric,L1_S25_F2414,1,25,L1_S25,F,2414
train_numeric,train,numeric,L1_S25_F2417,1,25,L1_S25,F,2417
train_numeric,train,numeric,L1_S25_F2420,1,25,L1_S25,F,2420
train_numeric,train,numeric,L1_S25_F2423,1,25,L1_S25,F,2423
train_numeric,train,numeric,L1_S25_F2426,1,25,L1_S25,F,2426
train_numeric,train,numeric,L1_S25_F2429,1,25,L1_S25,F,2429
train_numeric,train,numeric,L1_S25_F2431,1,25,L1_S25,F,2431
train_numeric,train,numeric,L1_S25_F2433,1,25,L1_S25,F,2433
train_numeric,train,numeric,L1_S25_F2435,1,25,L1_S25,F,2435
train_numeric,train,numeric,L1_S25_F2437,1,25,L1_S25,F,2437
train_numeric,train,numeric,L1_S25_F2439,1,25,L1_S25,F,2439
train_numeric,train,numeric,L1_S25_F2441,1,25,L1_S25,F,2441
train_numeric,train,numeric,L1_S25_F2443,1,25,L1_S25,F,2443
train_numeric,train,numeric,L1_S25_F2449,1,25,L1_S25,F,2449
train_numeric,train,numeric,L1_S25_F2451,1,25,L1_S25,F,2451
train_numeric,train,numeric,L1_S25_F2454,1,25,L1_S25,F,2454
train_numeric,train,numeric,L1_S25_F2456,1,25,L1_S25,F,2456
train_numeric,train,numeric,L1_S25_F2458,1,25,L1_S25,F,2458
train_numeric,train,numeric,L1_S25_F2460,1,25,L1_S25,F,2460
train_numeric,train,numeric,L1_S25_F2462,1,25,L1_S25,F,2462
train_numeric,train,numeric,L1_S25_F2464,1,25,L1_S25,F,2464
train_numeric,train,numeric,L1_S25_F2466,1,25,L1_S25,F,2466
train_numeric,train,numeric,L1_S25_F2468,1,25,L1_S25,F,2468
train_numeric,train,numeric,L1_S25_F2472,1,25,L1_S25,F,2472
train_numeric,train,numeric,L1_S25_F2475,1,25,L1_S25,F,2475
train_numeric,train,numeric,L1_S25_F2478,1,25,L1_S25,F,2478
train_numeric,train,numeric,L1_S25_F2481,1,25,L1_S25,F,2481
train_numeric,train,numeric,L1_S25_F2484,1,25,L1_S25,F,2484
train_numeric,train,numeric,L1_S25_F2487,1,25,L1_S25,F,2487
train_numeric,train,numeric,L1_S25_F2490,1,25,L1_S25,F,2490
train_numeric,train,numeric,L1_S25_F2493,1,25,L1_S25,F,2493
train_numeric,train,numeric,L1_S25_F2498,1,25,L1_S25,F,2498
train_numeric,train,numeric,L1_S25_F2500,1,25,L1_S25,F,2500
train_numeric,train,numeric,L1_S25_F2504,1,25,L1_S25,F,2504
train_numeric,train,numeric,L1_S25_F2506,1,25,L1_S25,F,2506
train_numeric,train,numeric,L1_S25_F2508,1,25,L1_S25,F,2508
train_numeric,train,numeric,L1_S25_F2510,1,25,L1_S25,F,2510
train_numeric,train,numeric,L1_S25_F2512,1,25,L1_S25,F,2512
train_numeric,train,numeric,L1_S25_F2514,1,25,L1_S25,F,2514
train_numeric,train,numeric,L1_S25_F2516,1,25,L1_S25,F,2516
train_numeric,train,numeric,L1_S25_F2525,1,25,L1_S25,F,2525
train_numeric,train,numeric,L1_S25_F2530,1,25,L1_S25,F,2530
train_numeric,train,numeric,L1_S25_F2535,1,25,L1_S25,F,2535
train_numeric,train,numeric,L1_S25_F2540,1,25,L1_S25,F,2540
train_numeric,train,numeric,L1_S25_F2545,1,25,L1_S25,F,2545
train_numeric,train,numeric,L1_S25_F2554,1,25,L1_S25,F,2554
train_numeric,train,numeric,L1_S25_F2559,1,25,L1_S25,F,2559
train_numeric,train,numeric,L1_S25_F2564,1,25,L1_S25,F,2564
train_numeric,train,numeric,L1_S25_F2569,1,25,L1_S25,F,2569
train_numeric,train,numeric,L1_S25_F2574,1,25,L1_S25,F,2574
train_numeric,train,numeric,L1_S25_F2579,1,25,L1_S25,F,2579
train_numeric,train,numeric,L1_S25_F2584,1,25,L1_S25,F,2584
train_numeric,train,numeric,L1_S25_F2589,1,25,L1_S25,F,2589
train_numeric,train,numeric,L1_S25_F2594,1,25,L1_S25,F,2594
train_numeric,train,numeric,L1_S25_F2603,1,25,L1_S25,F,2603
train_numeric,train,numeric,L1_S25_F2608,1,25,L1_S25,F,2608
train_numeric,train,numeric,L1_S25_F2613,1,25,L1_S25,F,2613
train_numeric,train,numeric,L1_S25_F2618,1,25,L1_S25,F,2618
train_numeric,train,numeric,L1_S25_F2623,1,25,L1_S25,F,2623
train_numeric,train,numeric,L1_S25_F2632,1,25,L1_S25,F,2632
train_numeric,train,numeric,L1_S25_F2637,1,25,L1_S25,F,2637
train_numeric,train,numeric,L1_S25_F2642,1,25,L1_S25,F,2642
train_numeric,train,numeric,L1_S25_F2647,1,25,L1_S25,F,2647
train_numeric,train,numeric,L1_S25_F2652,1,25,L1_S25,F,2652
train_numeric,train,numeric,L1_S25_F2657,1,25,L1_S25,F,2657
train_numeric,train,numeric,L1_S25_F2662,1,25,L1_S25,F,2662
train_numeric,train,numeric,L1_S25_F2667,1,25,L1_S25,F,2667
train_numeric,train,numeric,L1_S25_F2672,1,25,L1_S25,F,2672
train_numeric,train,numeric,L1_S25_F2677,1,25,L1_S25,F,2677
train_numeric,train,numeric,L1_S25_F2682,1,25,L1_S25,F,2682
train_numeric,train,numeric,L1_S25_F2687,1,25,L1_S25,F,2687
train_numeric,train,numeric,L1_S25_F2692,1,25,L1_S25,F,2692
train_numeric,train,numeric,L1_S25_F2697,1,25,L1_S25,F,2697
train_numeric,train,numeric,L1_S25_F2702,1,25,L1_S25,F,2702
train_numeric,train,numeric,L1_S25_F2707,1,25,L1_S25,F,2707
train_numeric,train,numeric,L1_S25_F2712,1,25,L1_S25,F,2712
train_numeric,train,numeric,L1_S25_F2714,1,25,L1_S25,F,2714
train_numeric,train,numeric,L1_S25_F2716,1,25,L1_S25,F,2716
train_numeric,train,numeric,L1_S25_F2718,1,25,L1_S25,F,2718
train_numeric,train,numeric,L1_S25_F2720,1,25,L1_S25,F,2720
train_numeric,train,numeric,L1_S25_F2722,1,25,L1_S25,F,2722
train_numeric,train,numeric,L1_S25_F2724,1,25,L1_S25,F,2724
train_numeric,train,numeric,L1_S25_F2726,1,25,L1_S25,F,2726
train_numeric,train,numeric,L1_S25_F2732,1,25,L1_S25,F,2732
train_numeric,train,numeric,L1_S25_F2734,1,25,L1_S25,F,2734
train_numeric,train,numeric,L1_S25_F2737,1,25,L1_S25,F,2737
train_numeric,train,numeric,L1_S25_F2739,1,25,L1_S25,F,2739
train_numeric,train,numeric,L1_S25_F2741,1,25,L1_S25,F,2741
train_numeric,train,numeric,L1_S25_F2743,1,25,L1_S25,F,2743
train_numeric,train,numeric,L1_S25_F2745,1,25,L1_S25,F,2745
train_numeric,train,numeric,L1_S25_F2747,1,25,L1_S25,F,2747
train_numeric,train,numeric,L1_S25_F2749,1,25,L1_S25,F,2749
train_numeric,train,numeric,L1_S25_F2751,1,25,L1_S25,F,2751
train_numeric,train,numeric,L1_S25_F2755,1,25,L1_S25,F,2755
train_numeric,train,numeric,L1_S25_F2758,1,25,L1_S25,F,2758
train_numeric,train,numeric,L1_S25_F2761,1,25,L1_S25,F,2761
train_numeric,train,numeric,L1_S25_F2764,1,25,L1_S25,F,2764
train_numeric,train,numeric,L1_S25_F2767,1,25,L1_S25,F,2767
train_numeric,train,numeric,L1_S25_F2770,1,25,L1_S25,F,2770
train_numeric,train,numeric,L1_S25_F2773,1,25,L1_S25,F,2773
train_numeric,train,numeric,L1_S25_F2776,1,25,L1_S25,F,2776
train_numeric,train,numeric,L1_S25_F2781,1,25,L1_S25,F,2781
train_numeric,train,numeric,L1_S25_F2783,1,25,L1_S25,F,2783
train_numeric,train,numeric,L1_S25_F2787,1,25,L1_S25,F,2787
train_numeric,train,numeric,L1_S25_F2789,1,25,L1_S25,F,2789
train_numeric,train,numeric,L1_S25_F2791,1,25,L1_S25,F,2791
train_numeric,train,numeric,L1_S25_F2793,1,25,L1_S25,F,2793
train_numeric,train,numeric,L1_S25_F2795,1,25,L1_S25,F,2795
train_numeric,train,numeric,L1_S25_F2797,1,25,L1_S25,F,2797
train_numeric,train,numeric,L1_S25_F2799,1,25,L1_S25,F,2799
train_numeric,train,numeric,L1_S25_F2808,1,25,L1_S25,F,2808
train_numeric,train,numeric,L1_S25_F2813,1,25,L1_S25,F,2813
train_numeric,train,numeric,L1_S25_F2818,1,25,L1_S25,F,2818
train_numeric,train,numeric,L1_S25_F2823,1,25,L1_S25,F,2823
train_numeric,train,numeric,L1_S25_F2828,1,25,L1_S25,F,2828
train_numeric,train,numeric,L1_S25_F2837,1,25,L1_S25,F,2837
train_numeric,train,numeric,L1_S25_F2842,1,25,L1_S25,F,2842
train_numeric,train,numeric,L1_S25_F2847,1,25,L1_S25,F,2847
train_numeric,train,numeric,L1_S25_F2852,1,25,L1_S25,F,2852
train_numeric,train,numeric,L1_S25_F2857,1,25,L1_S25,F,2857
train_numeric,train,numeric,L1_S25_F2862,1,25,L1_S25,F,2862
train_numeric,train,numeric,L1_S25_F2867,1,25,L1_S25,F,2867
train_numeric,train,numeric,L1_S25_F2872,1,25,L1_S25,F,2872
train_numeric,train,numeric,L1_S25_F2877,1,25,L1_S25,F,2877
train_numeric,train,numeric,L1_S25_F2886,1,25,L1_S25,F,2886
train_numeric,train,numeric,L1_S25_F2891,1,25,L1_S25,F,2891
train_numeric,train,numeric,L1_S25_F2896,1,25,L1_S25,F,2896
train_numeric,train,numeric,L1_S25_F2901,1,25,L1_S25,F,2901
train_numeric,train,numeric,L1_S25_F2906,1,25,L1_S25,F,2906
train_numeric,train,numeric,L1_S25_F2915,1,25,L1_S25,F,2915
train_numeric,train,numeric,L1_S25_F2920,1,25,L1_S25,F,2920
train_numeric,train,numeric,L1_S25_F2925,1,25,L1_S25,F,2925
train_numeric,train,numeric,L1_S25_F2930,1,25,L1_S25,F,2930
train_numeric,train,numeric,L1_S25_F2935,1,25,L1_S25,F,2935
train_numeric,train,numeric,L1_S25_F2940,1,25,L1_S25,F,2940
train_numeric,train,numeric,L1_S25_F2945,1,25,L1_S25,F,2945
train_numeric,train,numeric,L1_S25_F2950,1,25,L1_S25,F,2950
train_numeric,train,numeric,L1_S25_F2955,1,25,L1_S25,F,2955
train_numeric,train,numeric,L1_S25_F2960,1,25,L1_S25,F,2960
train_numeric,train,numeric,L1_S25_F2965,1,25,L1_S25,F,2965
train_numeric,train,numeric,L1_S25_F2970,1,25,L1_S25,F,2970
train_numeric,train,numeric,L1_S25_F2975,1,25,L1_S25,F,2975
train_numeric,train,numeric,L1_S25_F2980,1,25,L1_S25,F,2980
train_numeric,train,numeric,L1_S25_F2985,1,25,L1_S25,F,2985
train_numeric,train,numeric,L1_S25_F2990,1,25,L1_S25,F,2990
train_numeric,train,numeric,L1_S25_F2995,1,25,L1_S25,F,2995
train_numeric,train,numeric,L1_S25_F2997,1,25,L1_S25,F,2997
train_numeric,train,numeric,L1_S25_F2999,1,25,L1_S25,F,2999
train_numeric,train,numeric,L1_S25_F3001,1,25,L1_S25,F,3001
train_numeric,train,numeric,L1_S25_F3003,1,25,L1_S25,F,3003
train_numeric,train,numeric,L1_S25_F3005,1,25,L1_S25,F,3005
train_numeric,train,numeric,L1_S25_F3007,1,25,L1_S25,F,3007
train_numeric,train,numeric,L1_S25_F3009,1,25,L1_S25,F,3009
train_numeric,train,numeric,L1_S25_F3015,1,25,L1_S25,F,3015
train_numeric,train,numeric,L1_S25_F3017,1,25,L1_S25,F,3017
train_numeric,train,numeric,L1_S25_F3020,1,25,L1_S25,F,3020
train_numeric,train,numeric,L1_S25_F3022,1,25,L1_S25,F,3022
train_numeric,train,numeric,L1_S25_F3024,1,25,L1_S25,F,3024
train_numeric,train,numeric,L1_S25_F3026,1,25,L1_S25,F,3026
train_numeric,train,numeric,L1_S25_F3028,1,25,L1_S25,F,3028
train_numeric,train,numeric,L1_S25_F3030,1,25,L1_S25,F,3030
train_numeric,train,numeric,L1_S25_F3032,1,25,L1_S25,F,3032
train_numeric,train,numeric,L1_S25_F3034,1,25,L1_S25,F,3034
train_numeric,train,numeric,L2_S26_F3036,2,26,L2_S26,F,3036
train_numeric,train,numeric,L2_S26_F3040,2,26,L2_S26,F,3040
train_numeric,train,numeric,L2_S26_F3047,2,26,L2_S26,F,3047
train_numeric,train,numeric,L2_S26_F3051,2,26,L2_S26,F,3051
train_numeric,train,numeric,L2_S26_F3055,2,26,L2_S26,F,3055
train_numeric,train,numeric,L2_S26_F3062,2,26,L2_S26,F,3062
train_numeric,train,numeric,L2_S26_F3069,2,26,L2_S26,F,3069
train_numeric,train,numeric,L2_S26_F3073,2,26,L2_S26,F,3073
train_numeric,train,numeric,L2_S26_F3077,2,26,L2_S26,F,3077
train_numeric,train,numeric,L2_S26_F3106,2,26,L2_S26,F,3106
train_numeric,train,numeric,L2_S26_F3113,2,26,L2_S26,F,3113
train_numeric,train,numeric,L2_S26_F3117,2,26,L2_S26,F,3117
train_numeric,train,numeric,L2_S26_F3121,2,26,L2_S26,F,3121
train_numeric,train,numeric,L2_S26_F3125,2,26,L2_S26,F,3125
train_numeric,train,numeric,L2_S27_F3129,2,27,L2_S27,F,3129
train_numeric,train,numeric,L2_S27_F3133,2,27,L2_S27,F,3133
train_numeric,train,numeric,L2_S27_F3140,2,27,L2_S27,F,3140
train_numeric,train,numeric,L2_S27_F3144,2,27,L2_S27,F,3144
train_numeric,train,numeric,L2_S27_F3148,2,27,L2_S27,F,3148
train_numeric,train,numeric,L2_S27_F3155,2,27,L2_S27,F,3155
train_numeric,train,numeric,L2_S27_F3162,2,27,L2_S27,F,3162
train_numeric,train,numeric,L2_S27_F3166,2,27,L2_S27,F,3166
train_numeric,train,numeric,L2_S27_F3170,2,27,L2_S27,F,3170
train_numeric,train,numeric,L2_S27_F3199,2,27,L2_S27,F,3199
train_numeric,train,numeric,L2_S27_F3206,2,27,L2_S27,F,3206
train_numeric,train,numeric,L2_S27_F3210,2,27,L2_S27,F,3210
train_numeric,train,numeric,L2_S27_F3214,2,27,L2_S27,F,3214
train_numeric,train,numeric,L2_S27_F3218,2,27,L2_S27,F,3218
train_numeric,train,numeric,L2_S28_F3222,2,28,L2_S28,F,3222
train_numeric,train,numeric,L2_S28_F3226,2,28,L2_S28,F,3226
train_numeric,train,numeric,L2_S28_F3233,2,28,L2_S28,F,3233
train_numeric,train,numeric,L2_S28_F3237,2,28,L2_S28,F,3237
train_numeric,train,numeric,L2_S28_F3241,2,28,L2_S28,F,3241
train_numeric,train,numeric,L2_S28_F3248,2,28,L2_S28,F,3248
train_numeric,train,numeric,L2_S28_F3255,2,28,L2_S28,F,3255
train_numeric,train,numeric,L2_S28_F3259,2,28,L2_S28,F,3259
train_numeric,train,numeric,L2_S28_F3263,2,28,L2_S28,F,3263
train_numeric,train,numeric,L2_S28_F3292,2,28,L2_S28,F,3292
train_numeric,train,numeric,L2_S28_F3299,2,28,L2_S28,F,3299
train_numeric,train,numeric,L2_S28_F3303,2,28,L2_S28,F,3303
train_numeric,train,numeric,L2_S28_F3307,2,28,L2_S28,F,3307
train_numeric,train,numeric,L2_S28_F3311,2,28,L2_S28,F,3311
train_numeric,train,numeric,L3_S29_F3315,3,29,L3_S29,F,3315
train_numeric,train,numeric,L3_S29_F3318,3,29,L3_S29,F,3318
train_numeric,train,numeric,L3_S29_F3321,3,29,L3_S29,F,3321
train_numeric,train,numeric,L3_S29_F3324,3,29,L3_S29,F,3324
train_numeric,train,numeric,L3_S29_F3327,3,29,L3_S29,F,3327
train_numeric,train,numeric,L3_S29_F3330,3,29,L3_S29,F,3330
train_numeric,train,numeric,L3_S29_F3333,3,29,L3_S29,F,3333
train_numeric,train,numeric,L3_S29_F3336,3,29,L3_S29,F,3336
train_numeric,train,numeric,L3_S29_F3339,3,29,L3_S29,F,3339
train_numeric,train,numeric,L3_S29_F3342,3,29,L3_S29,F,3342
train_numeric,train,numeric,L3_S29_F3345,3,29,L3_S29,F,3345
train_numeric,train,numeric,L3_S29_F3348,3,29,L3_S29,F,3348
train_numeric,train,numeric,L3_S29_F3351,3,29,L3_S29,F,3351
train_numeric,train,numeric,L3_S29_F3354,3,29,L3_S29,F,3354
train_numeric,train,numeric,L3_S29_F3357,3,29,L3_S29,F,3357
train_numeric,train,numeric,L3_S29_F3360,3,29,L3_S29,F,3360
train_numeric,train,numeric,L3_S29_F3367,3,29,L3_S29,F,3367
train_numeric,train,numeric,L3_S29_F3370,3,29,L3_S29,F,3370
train_numeric,train,numeric,L3_S29_F3373,3,29,L3_S29,F,3373
train_numeric,train,numeric,L3_S29_F3376,3,29,L3_S29,F,3376
train_numeric,train,numeric,L3_S29_F3379,3,29,L3_S29,F,3379
train_numeric,train,numeric,L3_S29_F3382,3,29,L3_S29,F,3382
train_numeric,train,numeric,L3_S29_F3385,3,29,L3_S29,F,3385
train_numeric,train,numeric,L3_S29_F3388,3,29,L3_S29,F,3388
train_numeric,train,numeric,L3_S29_F3395,3,29,L3_S29,F,3395
train_numeric,train,numeric,L3_S29_F3398,3,29,L3_S29,F,3398
train_numeric,train,numeric,L3_S29_F3401,3,29,L3_S29,F,3401
train_numeric,train,numeric,L3_S29_F3404,3,29,L3_S29,F,3404
train_numeric,train,numeric,L3_S29_F3407,3,29,L3_S29,F,3407
train_numeric,train,numeric,L3_S29_F3412,3,29,L3_S29,F,3412
train_numeric,train,numeric,L3_S29_F3421,3,29,L3_S29,F,3421
train_numeric,train,numeric,L3_S29_F3424,3,29,L3_S29,F,3424
train_numeric,train,numeric,L3_S29_F3427,3,29,L3_S29,F,3427
train_numeric,train,numeric,L3_S29_F3430,3,29,L3_S29,F,3430
train_numeric,train,numeric,L3_S29_F3433,3,29,L3_S29,F,3433
train_numeric,train,numeric,L3_S29_F3436,3,29,L3_S29,F,3436
train_numeric,train,numeric,L3_S29_F3439,3,29,L3_S29,F,3439
train_numeric,train,numeric,L3_S29_F3442,3,29,L3_S29,F,3442
train_numeric,train,numeric,L3_S29_F3449,3,29,L3_S29,F,3449
train_numeric,train,numeric,L3_S29_F3452,3,29,L3_S29,F,3452
train_numeric,train,numeric,L3_S29_F3455,3,29,L3_S29,F,3455
train_numeric,train,numeric,L3_S29_F3458,3,29,L3_S29,F,3458
train_numeric,train,numeric,L3_S29_F3461,3,29,L3_S29,F,3461
train_numeric,train,numeric,L3_S29_F3464,3,29,L3_S29,F,3464
train_numeric,train,numeric,L3_S29_F3467,3,29,L3_S29,F,3467
train_numeric,train,numeric,L3_S29_F3470,3,29,L3_S29,F,3470
train_numeric,train,numeric,L3_S29_F3473,3,29,L3_S29,F,3473
train_numeric,train,numeric,L3_S29_F3476,3,29,L3_S29,F,3476
train_numeric,train,numeric,L3_S29_F3479,3,29,L3_S29,F,3479
train_numeric,train,numeric,L3_S29_F3482,3,29,L3_S29,F,3482
train_numeric,train,numeric,L3_S29_F3485,3,29,L3_S29,F,3485
train_numeric,train,numeric,L3_S29_F3488,3,29,L3_S29,F,3488
train_numeric,train,numeric,L3_S29_F3491,3,29,L3_S29,F,3491
train_numeric,train,numeric,L3_S30_F3494,3,30,L3_S30,F,3494
train_numeric,train,numeric,L3_S30_F3499,3,30,L3_S30,F,3499
train_numeric,train,numeric,L3_S30_F3504,3,30,L3_S30,F,3504
train_numeric,train,numeric,L3_S30_F3509,3,30,L3_S30,F,3509
train_numeric,train,numeric,L3_S30_F3514,3,30,L3_S30,F,3514
train_numeric,train,numeric,L3_S30_F3519,3,30,L3_S30,F,3519
train_numeric,train,numeric,L3_S30_F3524,3,30,L3_S30,F,3524
train_numeric,train,numeric,L3_S30_F3529,3,30,L3_S30,F,3529
train_numeric,train,numeric,L3_S30_F3534,3,30,L3_S30,F,3534
train_numeric,train,numeric,L3_S30_F3539,3,30,L3_S30,F,3539
train_numeric,train,numeric,L3_S30_F3544,3,30,L3_S30,F,3544
train_numeric,train,numeric,L3_S30_F3549,3,30,L3_S30,F,3549
train_numeric,train,numeric,L3_S30_F3554,3,30,L3_S30,F,3554
train_numeric,train,numeric,L3_S30_F3559,3,30,L3_S30,F,3559
train_numeric,train,numeric,L3_S30_F3564,3,30,L3_S30,F,3564
train_numeric,train,numeric,L3_S30_F3569,3,30,L3_S30,F,3569
train_numeric,train,numeric,L3_S30_F3574,3,30,L3_S30,F,3574
train_numeric,train,numeric,L3_S30_F3579,3,30,L3_S30,F,3579
train_numeric,train,numeric,L3_S30_F3584,3,30,L3_S30,F,3584
train_numeric,train,numeric,L3_S30_F3589,3,30,L3_S30,F,3589
train_numeric,train,numeric,L3_S30_F3594,3,30,L3_S30,F,3594
train_numeric,train,numeric,L3_S30_F3599,3,30,L3_S30,F,3599
train_numeric,train,numeric,L3_S30_F3604,3,30,L3_S30,F,3604
train_numeric,train,numeric,L3_S30_F3609,3,30,L3_S30,F,3609
train_numeric,train,numeric,L3_S30_F3614,3,30,L3_S30,F,3614
train_numeric,train,numeric,L3_S30_F3619,3,30,L3_S30,F,3619
train_numeric,train,numeric,L3_S30_F3624,3,30,L3_S30,F,3624
train_numeric,train,numeric,L3_S30_F3629,3,30,L3_S30,F,3629
train_numeric,train,numeric,L3_S30_F3634,3,30,L3_S30,F,3634
train_numeric,train,numeric,L3_S30_F3639,3,30,L3_S30,F,3639
train_numeric,train,numeric,L3_S30_F3644,3,30,L3_S30,F,3644
train_numeric,train,numeric,L3_S30_F3649,3,30,L3_S30,F,3649
train_numeric,train,numeric,L3_S30_F3654,3,30,L3_S30,F,3654
train_numeric,train,numeric,L3_S30_F3659,3,30,L3_S30,F,3659
train_numeric,train,numeric,L3_S30_F3664,3,30,L3_S30,F,3664
train_numeric,train,numeric,L3_S30_F3669,3,30,L3_S30,F,3669
train_numeric,train,numeric,L3_S30_F3674,3,30,L3_S30,F,3674
train_numeric,train,numeric,L3_S30_F3679,3,30,L3_S30,F,3679
train_numeric,train,numeric,L3_S30_F3684,3,30,L3_S30,F,3684
train_numeric,train,numeric,L3_S30_F3689,3,30,L3_S30,F,3689
train_numeric,train,numeric,L3_S30_F3694,3,30,L3_S30,F,3694
train_numeric,train,numeric,L3_S30_F3699,3,30,L3_S30,F,3699
train_numeric,train,numeric,L3_S30_F3704,3,30,L3_S30,F,3704
train_numeric,train,numeric,L3_S30_F3709,3,30,L3_S30,F,3709
train_numeric,train,numeric,L3_S30_F3714,3,30,L3_S30,F,3714
train_numeric,train,numeric,L3_S30_F3719,3,30,L3_S30,F,3719
train_numeric,train,numeric,L3_S30_F3724,3,30,L3_S30,F,3724
train_numeric,train,numeric,L3_S30_F3729,3,30,L3_S30,F,3729
train_numeric,train,numeric,L3_S30_F3734,3,30,L3_S30,F,3734
train_numeric,train,numeric,L3_S30_F3739,3,30,L3_S30,F,3739
train_numeric,train,numeric,L3_S30_F3744,3,30,L3_S30,F,3744
train_numeric,train,numeric,L3_S30_F3749,3,30,L3_S30,F,3749
train_numeric,train,numeric,L3_S30_F3754,3,30,L3_S30,F,3754
train_numeric,train,numeric,L3_S30_F3759,3,30,L3_S30,F,3759
train_numeric,train,numeric,L3_S30_F3764,3,30,L3_S30,F,3764
train_numeric,train,numeric,L3_S30_F3769,3,30,L3_S30,F,3769
train_numeric,train,numeric,L3_S30_F3774,3,30,L3_S30,F,3774
train_numeric,train,numeric,L3_S30_F3779,3,30,L3_S30,F,3779
train_numeric,train,numeric,L3_S30_F3784,3,30,L3_S30,F,3784
train_numeric,train,numeric,L3_S30_F3789,3,30,L3_S30,F,3789
train_numeric,train,numeric,L3_S30_F3794,3,30,L3_S30,F,3794
train_numeric,train,numeric,L3_S30_F3799,3,30,L3_S30,F,3799
train_numeric,train,numeric,L3_S30_F3804,3,30,L3_S30,F,3804
train_numeric,train,numeric,L3_S30_F3809,3,30,L3_S30,F,3809
train_numeric,train,numeric,L3_S30_F3814,3,30,L3_S30,F,3814
train_numeric,train,numeric,L3_S30_F3819,3,30,L3_S30,F,3819
train_numeric,train,numeric,L3_S30_F3824,3,30,L3_S30,F,3824
train_numeric,train,numeric,L3_S30_F3829,3,30,L3_S30,F,3829
train_numeric,train,numeric,L3_S31_F3834,3,31,L3_S31,F,3834
train_numeric,train,numeric,L3_S31_F3838,3,31,L3_S31,F,3838
train_numeric,train,numeric,L3_S31_F3842,3,31,L3_S31,F,3842
train_numeric,train,numeric,L3_S31_F3846,3,31,L3_S31,F,3846
train_numeric,train,numeric,L3_S32_F3850,3,32,L3_S32,F,3850
train_numeric,train,numeric,L3_S33_F3855,3,33,L3_S33,F,3855
train_numeric,train,numeric,L3_S33_F3857,3,33,L3_S33,F,3857
train_numeric,train,numeric,L3_S33_F3859,3,33,L3_S33,F,3859
train_numeric,train,numeric,L3_S33_F3861,3,33,L3_S33,F,3861
train_numeric,train,numeric,L3_S33_F3863,3,33,L3_S33,F,3863
train_numeric,train,numeric,L3_S33_F3865,3,33,L3_S33,F,3865
train_numeric,train,numeric,L3_S33_F3867,3,33,L3_S33,F,3867
train_numeric,train,numeric,L3_S33_F3869,3,33,L3_S33,F,3869
train_numeric,train,numeric,L3_S33_F3871,3,33,L3_S33,F,3871
train_numeric,train,numeric,L3_S33_F3873,3,33,L3_S33,F,3873
train_numeric,train,numeric,L3_S34_F3876,3,34,L3_S34,F,3876
train_numeric,train,numeric,L3_S34_F3878,3,34,L3_S34,F,3878
train_numeric,train,numeric,L3_S34_F3880,3,34,L3_S34,F,3880
train_numeric,train,numeric,L3_S34_F3882,3,34,L3_S34,F,3882
train_numeric,train,numeric,L3_S35_F3884,3,35,L3_S35,F,3884
train_numeric,train,numeric,L3_S35_F3889,3,35,L3_S35,F,3889
train_numeric,train,numeric,L3_S35_F3894,3,35,L3_S35,F,3894
train_numeric,train,numeric,L3_S35_F3896,3,35,L3_S35,F,3896
train_numeric,train,numeric,L3_S35_F3898,3,35,L3_S35,F,3898
train_numeric,train,numeric,L3_S35_F3903,3,35,L3_S35,F,3903
train_numeric,train,numeric,L3_S35_F3908,3,35,L3_S35,F,3908
train_numeric,train,numeric,L3_S35_F3913,3,35,L3_S35,F,3913
train_numeric,train,numeric,L3_S36_F3918,3,36,L3_S36,F,3918
train_numeric,train,numeric,L3_S36_F3920,3,36,L3_S36,F,3920
train_numeric,train,numeric,L3_S36_F3922,3,36,L3_S36,F,3922
train_numeric,train,numeric,L3_S36_F3924,3,36,L3_S36,F,3924
train_numeric,train,numeric,L3_S36_F3926,3,36,L3_S36,F,3926
train_numeric,train,numeric,L3_S36_F3930,3,36,L3_S36,F,3930
train_numeric,train,numeric,L3_S36_F3934,3,36,L3_S36,F,3934
train_numeric,train,numeric,L3_S36_F3938,3,36,L3_S36,F,3938
train_numeric,train,numeric,L3_S37_F3944,3,37,L3_S37,F,3944
train_numeric,train,numeric,L3_S37_F3946,3,37,L3_S37,F,3946
train_numeric,train,numeric,L3_S37_F3948,3,37,L3_S37,F,3948
train_numeric,train,numeric,L3_S37_F3950,3,37,L3_S37,F,3950
train_numeric,train,numeric,L3_S38_F3952,3,38,L3_S38,F,3952
train_numeric,train,numeric,L3_S38_F3956,3,38,L3_S38,F,3956
train_numeric,train,numeric,L3_S38_F3960,3,38,L3_S38,F,3960
train_numeric,train,numeric,L3_S39_F3964,3,39,L3_S39,F,3964
train_numeric,train,numeric,L3_S39_F3968,3,39,L3_S39,F,3968
train_numeric,train,numeric,L3_S39_F3972,3,39,L3_S39,F,3972
train_numeric,train,numeric,L3_S39_F3976,3,39,L3_S39,F,3976
train_numeric,train,numeric,L3_S40_F3980,3,40,L3_S40,F,3980
train_numeric,train,numeric,L3_S40_F3982,3,40,L3_S40,F,3982
train_numeric,train,numeric,L3_S40_F3984,3,40,L3_S40,F,3984
train_numeric,train,numeric,L3_S40_F3986,3,40,L3_S40,F,3986
train_numeric,train,numeric,L3_S40_F3988,3,40,L3_S40,F,3988
train_numeric,train,numeric,L3_S40_F3990,3,40,L3_S40,F,3990
train_numeric,train,numeric,L3_S40_F3992,3,40,L3_S40,F,3992
train_numeric,train,numeric,L3_S40_F3994,3,40,L3_S40,F,3994
train_numeric,train,numeric,L3_S41_F3996,3,41,L3_S41,F,3996
train_numeric,train,numeric,L3_S41_F3998,3,41,L3_S41,F,3998
train_numeric,train,numeric,L3_S41_F4000,3,41,L3_S41,F,4000
train_numeric,train,numeric,L3_S41_F4002,3,41,L3_S41,F,4002
train_numeric,train,numeric,L3_S41_F4004,3,41,L3_S41,F,4004
train_numeric,train,numeric,L3_S41_F4006,3,41,L3_S41,F,4006
train_numeric,train,numeric,L3_S41_F4008,3,41,L3_S41,F,4008
train_numeric,train,numeric,L3_S41_F4011,3,41,L3_S41,F,4011
train_numeric,train,numeric,L3_S41_F4014,3,41,L3_S41,F,4014
train_numeric,train,numeric,L3_S41_F4016,3,41,L3_S41,F,4016
train_numeric,train,numeric,L3_S41_F4018,3,41,L3_S41,F,4018
train_numeric,train,numeric,L3_S41_F4020,3,41,L3_S41,F,4020
train_numeric,train,numeric,L3_S41_F4023,3,41,L3_S41,F,4023
train_numeric,train,numeric,L3_S41_F4026,3,41,L3_S41,F,4026
train_numeric,train,numeric,L3_S43_F4060,3,43,L3_S43,F,4060
train_numeric,train,numeric,L3_S43_F4065,3,43,L3_S43,F,4065
train_numeric,train,numeric,L3_S43_F4070,3,43,L3_S43,F,4070
train_numeric,train,numeric,L3_S43_F4075,3,43,L3_S43,F,4075
train_numeric,train,numeric,L3_S43_F4080,3,43,L3_S43,F,4080
train_numeric,train,numeric,L3_S43_F4085,3,43,L3_S43,F,4085
train_numeric,train,numeric,L3_S43_F4090,3,43,L3_S43,F,4090
train_numeric,train,numeric,L3_S43_F4095,3,43,L3_S43,F,4095
train_numeric,train,numeric,L3_S44_F4100,3,44,L3_S44,F,4100
train_numeric,train,numeric,L3_S44_F4103,3,44,L3_S44,F,4103
train_numeric,train,numeric,L3_S44_F4106,3,44,L3_S44,F,4106
train_numeric,train,numeric,L3_S44_F4109,3,44,L3_S44,F,4109
train_numeric,train,numeric,L3_S44_F4112,3,44,L3_S44,F,4112
train_numeric,train,numeric,L3_S44_F4115,3,44,L3_S44,F,4115
train_numeric,train,numeric,L3_S44_F4118,3,44,L3_S44,F,4118
train_numeric,train,numeric,L3_S44_F4121,3,44,L3_S44,F,4121
train_numeric,train,numeric,L3_S45_F4124,3,45,L3_S45,F,4124
train_numeric,train,numeric,L3_S45_F4126,3,45,L3_S45,F,4126
train_numeric,train,numeric,L3_S45_F4128,3,45,L3_S45,F,4128
train_numeric,train,numeric,L3_S45_F4130,3,45,L3_S45,F,4130
train_numeric,train,numeric,L3_S45_F4132,3,45,L3_S45,F,4132
train_numeric,train,numeric,L3_S47_F4138,3,47,L3_S47,F,4138
train_numeric,train,numeric,L3_S47_F4143,3,47,L3_S47,F,4143
train_numeric,train,numeric,L3_S47_F4148,3,47,L3_S47,F,4148
train_numeric,train,numeric,L3_S47_F4153,3,47,L3_S47,F,4153
train_numeric,train,numeric,L3_S47_F4158,3,47,L3_S47,F,4158
train_numeric,train,numeric,L3_S47_F4163,3,47,L3_S47,F,4163
train_numeric,train,numeric,L3_S47_F4168,3,47,L3_S47,F,4168
train_numeric,train,numeric,L3_S47_F4173,3,47,L3_S47,F,4173
train_numeric,train,numeric,L3_S47_F4178,3,47,L3_S47,F,4178
train_numeric,train,numeric,L3_S47_F4183,3,47,L3_S47,F,4183
train_numeric,train,numeric,L3_S47_F4188,3,47,L3_S47,F,4188
train_numeric,train,numeric,L3_S48_F4193,3,48,L3_S48,F,4193
train_numeric,train,numeric,L3_S48_F4196,3,48,L3_S48,F,4196
train_numeric,train,numeric,L3_S48_F4198,3,48,L3_S48,F,4198
train_numeric,train,numeric,L3_S48_F4200,3,48,L3_S48,F,4200
train_numeric,train,numeric,L3_S48_F4202,3,48,L3_S48,F,4202
train_numeric,train,numeric,L3_S48_F4204,3,48,L3_S48,F,4204
train_numeric,train,numeric,L3_S49_F4206,3,49,L3_S49,F,4206
train_numeric,train,numeric,L3_S49_F4211,3,49,L3_S49,F,4211
train_numeric,train,numeric,L3_S49_F4216,3,49,L3_S49,F,4216
train_numeric,train,numeric,L3_S49_F4221,3,49,L3_S49,F,4221
train_numeric,train,numeric,L3_S49_F4226,3,49,L3_S49,F,4226
train_numeric,train,numeric,L3_S49_F4231,3,49,L3_S49,F,4231
train_numeric,train,numeric,L3_S49_F4236,3,49,L3_S49,F,4236
train_numeric,train,numeric,L3_S50_F4241,3,50,L3_S50,F,4241
train_numeric,train,numeric,L3_S50_F4243,3,50,L3_S50,F,4243
train_numeric,train,numeric,L3_S50_F4245,3,50,L3_S50,F,4245
train_numeric,train,numeric,L3_S50_F4247,3,50,L3_S50,F,4247
train_numeric,train,numeric,L3_S50_F4249,3,50,L3_S50,F,4249
train_numeric,train,numeric,L3_S50_F4251,3,50,L3_S50,F,4251
train_numeric,train,numeric,L3_S50_F4253,3,50,L3_S50,F,4253
train_numeric,train,numeric,L3_S51_F4256,3,51,L3_S51,F,4256
train_numeric,train,numeric,L3_S51_F4258,3,51,L3_S51,F,4258
train_numeric,train,numeric,L3_S51_F4260,3,51,L3_S51,F,4260
train_numeric,train,numeric,L3_S51_F4262,3,51,L3_S51,F,4262
train_categorical,train,categorical,L0_S1_F25,0,1,L0_S1,F,25
train_categorical,train,categorical,L0_S1_F27,0,1,L0_S1,F,27
train_categorical,train,categorical,L0_S1_F29,0,1,L0_S1,F,29
train_categorical,train,categorical,L0_S1_F31,0,1,L0_S1,F,31
train_categorical,train,categorical,L0_S2_F33,0,2,L0_S2,F,33
train_categorical,train,categorical,L0_S2_F35,0,2,L0_S2,F,35
train_categorical,train,categorical,L0_S2_F37,0,2,L0_S2,F,37
train_categorical,train,categorical,L0_S2_F39,0,2,L0_S2,F,39
train_categorical,train,categorical,L0_S2_F41,0,2,L0_S2,F,41
train_categorical,train,categorical,L0_S2_F43,0,2,L0_S2,F,43
train_categorical,train,categorical,L0_S2_F45,0,2,L0_S2,F,45
train_categorical,train,categorical,L0_S2_F47,0,2,L0_S2,F,47
train_categorical,train,categorical,L0_S2_F49,0,2,L0_S2,F,49
train_categorical,train,categorical,L0_S2_F51,0,2,L0_S2,F,51
train_categorical,train,categorical,L0_S2_F53,0,2,L0_S2,F,53
train_categorical,train,categorical,L0_S2_F55,0,2,L0_S2,F,55
train_categorical,train,categorical,L0_S2_F57,0,2,L0_S2,F,57
train_categorical,train,categorical,L0_S2_F59,0,2,L0_S2,F,59
train_categorical,train,categorical,L0_S2_F61,0,2,L0_S2,F,61
train_categorical,train,categorical,L0_S2_F63,0,2,L0_S2,F,63
train_categorical,train,categorical,L0_S2_F65,0,2,L0_S2,F,65
train_categorical,train,categorical,L0_S2_F67,0,2,L0_S2,F,67
train_categorical,train,categorical,L0_S3_F69,0,3,L0_S3,F,69
train_categorical,train,categorical,L0_S3_F71,0,3,L0_S3,F,71
train_categorical,train,categorical,L0_S3_F73,0,3,L0_S3,F,73
train_categorical,train,categorical,L0_S3_F75,0,3,L0_S3,F,75
train_categorical,train,categorical,L0_S3_F77,0,3,L0_S3,F,77
train_categorical,train,categorical,L0_S3_F79,0,3,L0_S3,F,79
train_categorical,train,categorical,L0_S3_F81,0,3,L0_S3,F,81
train_categorical,train,categorical,L0_S3_F83,0,3,L0_S3,F,83
train_categorical,train,categorical,L0_S3_F85,0,3,L0_S3,F,85
train_categorical,train,categorical,L0_S3_F87,0,3,L0_S3,F,87
train_categorical,train,categorical,L0_S3_F89,0,3,L0_S3,F,89
train_categorical,train,categorical,L0_S3_F91,0,3,L0_S3,F,91
train_categorical,train,categorical,L0_S3_F93,0,3,L0_S3,F,93
train_categorical,train,categorical,L0_S3_F95,0,3,L0_S3,F,95
train_categorical,train,categorical,L0_S3_F97,0,3,L0_S3,F,97
train_categorical,train,categorical,L0_S3_F99,0,3,L0_S3,F,99
train_categorical,train,categorical,L0_S3_F101,0,3,L0_S3,F,101
train_categorical,train,categorical,L0_S3_F103,0,3,L0_S3,F,103
train_categorical,train,categorical,L0_S4_F105,0,4,L0_S4,F,105
train_categorical,train,categorical,L0_S4_F107,0,4,L0_S4,F,107
train_categorical,train,categorical,L0_S4_F108,0,4,L0_S4,F,108
train_categorical,train,categorical,L0_S4_F110,0,4,L0_S4,F,110
train_categorical,train,categorical,L0_S4_F112,0,4,L0_S4,F,112
train_categorical,train,categorical,L0_S4_F113,0,4,L0_S4,F,113
train_categorical,train,categorical,L0_S6_F119,0,6,L0_S6,F,119
train_categorical,train,categorical,L0_S6_F121,0,6,L0_S6,F,121
train_categorical,train,categorical,L0_S6_F123,0,6,L0_S6,F,123
train_categorical,train,categorical,L0_S6_F125,0,6,L0_S6,F,125
train_categorical,train,categorical,L0_S6_F126,0,6,L0_S6,F,126
train_categorical,train,categorical,L0_S6_F128,0,6,L0_S6,F,128
train_categorical,train,categorical,L0_S6_F129,0,6,L0_S6,F,129
train_categorical,train,categorical,L0_S6_F131,0,6,L0_S6,F,131
train_categorical,train,categorical,L0_S6_F133,0,6,L0_S6,F,133
train_categorical,train,categorical,L0_S6_F135,0,6,L0_S6,F,135
train_categorical,train,categorical,L0_S9_F151,0,9,L0_S9,F,151
train_categorical,train,categorical,L0_S9_F153,0,9,L0_S9,F,153
train_categorical,train,categorical,L0_S9_F154,0,9,L0_S9,F,154
train_categorical,train,categorical,L0_S9_F156,0,9,L0_S9,F,156
train_categorical,train,categorical,L0_S9_F158,0,9,L0_S9,F,158
train_categorical,train,categorical,L0_S9_F159,0,9,L0_S9,F,159
train_categorical,train,categorical,L0_S9_F161,0,9,L0_S9,F,161
train_categorical,train,categorical,L0_S9_F163,0,9,L0_S9,F,163
train_categorical,train,categorical,L0_S9_F164,0,9,L0_S9,F,164
train_categorical,train,categorical,L0_S9_F166,0,9,L0_S9,F,166
train_categorical,train,categorical,L0_S9_F168,0,9,L0_S9,F,168
train_categorical,train,categorical,L0_S9_F169,0,9,L0_S9,F,169
train_categorical,train,categorical,L0_S9_F171,0,9,L0_S9,F,171
train_categorical,train,categorical,L0_S9_F173,0,9,L0_S9,F,173
train_categorical,train,categorical,L0_S9_F174,0,9,L0_S9,F,174
train_categorical,train,categorical,L0_S9_F176,0,9,L0_S9,F,176
train_categorical,train,categorical,L0_S9_F178,0,9,L0_S9,F,178
train_categorical,train,categorical,L0_S9_F179,0,9,L0_S9,F,179
train_categorical,train,categorical,L0_S9_F181,0,9,L0_S9,F,181
train_categorical,train,categorical,L0_S9_F183,0,9,L0_S9,F,183
train_categorical,train,categorical,L0_S9_F184,0,9,L0_S9,F,184
train_categorical,train,categorical,L0_S9_F186,0,9,L0_S9,F,186
train_categorical,train,categorical,L0_S9_F188,0,9,L0_S9,F,188
train_categorical,train,categorical,L0_S9_F189,0,9,L0_S9,F,189
train_categorical,train,categorical,L0_S9_F191,0,9,L0_S9,F,191
train_categorical,train,categorical,L0_S9_F193,0,9,L0_S9,F,193
train_categorical,train,categorical,L0_S9_F194,0,9,L0_S9,F,194
train_categorical,train,categorical,L0_S9_F196,0,9,L0_S9,F,196
train_categorical,train,categorical,L0_S9_F198,0,9,L0_S9,F,198
train_categorical,train,categorical,L0_S9_F199,0,9,L0_S9,F,199
train_categorical,train,categorical,L0_S9_F201,0,9,L0_S9,F,201
train_categorical,train,categorical,L0_S9_F203,0,9,L0_S9,F,203
train_categorical,train,categorical,L0_S9_F204,0,9,L0_S9,F,204
train_categorical,train,categorical,L0_S9_F206,0,9,L0_S9,F,206
train_categorical,train,categorical,L0_S9_F208,0,9,L0_S9,F,208
train_categorical,train,categorical,L0_S9_F209,0,9,L0_S9,F,209
train_categorical,train,categorical,L0_S9_F211,0,9,L0_S9,F,211
train_categorical,train,categorical,L0_S9_F213,0,9,L0_S9,F,213
train_categorical,train,categorical,L0_S9_F214,0,9,L0_S9,F,214
train_categorical,train,categorical,L0_S10_F215,0,10,L0_S10,F,215
train_categorical,train,categorical,L0_S10_F217,0,10,L0_S10,F,217
train_categorical,train,categorical,L0_S10_F218,0,10,L0_S10,F,218
train_categorical,train,categorical,L0_S10_F220,0,10,L0_S10,F,220
train_categorical,train,categorical,L0_S10_F222,0,10,L0_S10,F,222
train_categorical,train,categorical,L0_S10_F223,0,10,L0_S10,F,223
train_categorical,train,categorical,L0_S10_F225,0,10,L0_S10,F,225
train_categorical,train,categorical,L0_S10_F227,0,10,L0_S10,F,227
train_categorical,train,categorical,L0_S10_F228,0,10,L0_S10,F,228
train_categorical,train,categorical,L0_S10_F230,0,10,L0_S10,F,230
train_categorical,train,categorical,L0_S10_F232,0,10,L0_S10,F,232
train_categorical,train,categorical,L0_S10_F233,0,10,L0_S10,F,233
train_categorical,train,categorical,L0_S10_F235,0,10,L0_S10,F,235
train_categorical,train,categorical,L0_S10_F237,0,10,L0_S10,F,237
train_categorical,train,categorical,L0_S10_F238,0,10,L0_S10,F,238
train_categorical,train,categorical,L0_S10_F240,0,10,L0_S10,F,240
train_categorical,train,categorical,L0_S10_F242,0,10,L0_S10,F,242
train_categorical,train,categorical,L0_S10_F243,0,10,L0_S10,F,243
train_categorical,train,categorical,L0_S10_F245,0,10,L0_S10,F,245
train_categorical,train,categorical,L0_S10_F247,0,10,L0_S10,F,247
train_categorical,train,categorical,L0_S10_F248,0,10,L0_S10,F,248
train_categorical,train,categorical,L0_S10_F250,0,10,L0_S10,F,250
train_categorical,train,categorical,L0_S10_F252,0,10,L0_S10,F,252
train_categorical,train,categorical,L0_S10_F253,0,10,L0_S10,F,253
train_categorical,train,categorical,L0_S10_F255,0,10,L0_S10,F,255
train_categorical,train,categorical,L0_S10_F257,0,10,L0_S10,F,257
train_categorical,train,categorical,L0_S10_F258,0,10,L0_S10,F,258
train_categorical,train,categorical,L0_S10_F260,0,10,L0_S10,F,260
train_categorical,train,categorical,L0_S10_F262,0,10,L0_S10,F,262
train_categorical,train,categorical,L0_S10_F263,0,10,L0_S10,F,263
train_categorical,train,categorical,L0_S10_F265,0,10,L0_S10,F,265
train_categorical,train,categorical,L0_S10_F267,0,10,L0_S10,F,267
train_categorical,train,categorical,L0_S10_F268,0,10,L0_S10,F,268
train_categorical,train,categorical,L0_S10_F270,0,10,L0_S10,F,270
train_categorical,train,categorical,L0_S10_F272,0,10,L0_S10,F,272
train_categorical,train,categorical,L0_S10_F273,0,10,L0_S10,F,273
train_categorical,train,categorical,L0_S10_F275,0,10,L0_S10,F,275
train_categorical,train,categorical,L0_S10_F277,0,10,L0_S10,F,277
train_categorical,train,categorical,L0_S10_F278,0,10,L0_S10,F,278
train_categorical,train,categorical,L0_S11_F279,0,11,L0_S11,F,279
train_categorical,train,categorical,L0_S11_F281,0,11,L0_S11,F,281
train_categorical,train,categorical,L0_S11_F283,0,11,L0_S11,F,283
train_categorical,train,categorical,L0_S11_F285,0,11,L0_S11,F,285
train_categorical,train,categorical,L0_S11_F287,0,11,L0_S11,F,287
train_categorical,train,categorical,L0_S11_F289,0,11,L0_S11,F,289
train_categorical,train,categorical,L0_S11_F291,0,11,L0_S11,F,291
train_categorical,train,categorical,L0_S11_F293,0,11,L0_S11,F,293
train_categorical,train,categorical,L0_S11_F295,0,11,L0_S11,F,295
train_categorical,train,categorical,L0_S11_F297,0,11,L0_S11,F,297
train_categorical,train,categorical,L0_S11_F299,0,11,L0_S11,F,299
train_categorical,train,categorical,L0_S11_F301,0,11,L0_S11,F,301
train_categorical,train,categorical,L0_S11_F303,0,11,L0_S11,F,303
train_categorical,train,categorical,L0_S11_F305,0,11,L0_S11,F,305
train_categorical,train,categorical,L0_S11_F307,0,11,L0_S11,F,307
train_categorical,train,categorical,L0_S11_F309,0,11,L0_S11,F,309
train_categorical,train,categorical,L0_S11_F311,0,11,L0_S11,F,311
train_categorical,train,categorical,L0_S11_F313,0,11,L0_S11,F,313
train_categorical,train,categorical,L0_S11_F315,0,11,L0_S11,F,315
train_categorical,train,categorical,L0_S11_F317,0,11,L0_S11,F,317
train_categorical,train,categorical,L0_S11_F319,0,11,L0_S11,F,319
train_categorical,train,categorical,L0_S11_F321,0,11,L0_S11,F,321
train_categorical,train,categorical,L0_S11_F323,0,11,L0_S11,F,323
train_categorical,train,categorical,L0_S11_F325,0,11,L0_S11,F,325
train_categorical,train,categorical,L0_S11_F327,0,11,L0_S11,F,327
train_categorical,train,categorical,L0_S11_F329,0,11,L0_S11,F,329
train_categorical,train,categorical,L0_S14_F359,0,14,L0_S14,F,359
train_categorical,train,categorical,L0_S14_F361,0,14,L0_S14,F,361
train_categorical,train,categorical,L0_S14_F363,0,14,L0_S14,F,363
train_categorical,train,categorical,L0_S14_F365,0,14,L0_S14,F,365
train_categorical,train,categorical,L0_S14_F367,0,14,L0_S14,F,367
train_categorical,train,categorical,L0_S14_F369,0,14,L0_S14,F,369
train_categorical,train,categorical,L0_S14_F371,0,14,L0_S14,F,371
train_categorical,train,categorical,L0_S14_F373,0,14,L0_S14,F,373
train_categorical,train,categorical,L0_S14_F375,0,14,L0_S14,F,375
train_categorical,train,categorical,L0_S14_F377,0,14,L0_S14,F,377
train_categorical,train,categorical,L0_S14_F379,0,14,L0_S14,F,379
train_categorical,train,categorical,L0_S14_F381,0,14,L0_S14,F,381
train_categorical,train,categorical,L0_S14_F383,0,14,L0_S14,F,383
train_categorical,train,categorical,L0_S14_F385,0,14,L0_S14,F,385
train_categorical,train,categorical,L0_S14_F387,0,14,L0_S14,F,387
train_categorical,train,categorical,L0_S14_F389,0,14,L0_S14,F,389
train_categorical,train,categorical,L0_S14_F391,0,14,L0_S14,F,391
train_categorical,train,categorical,L0_S14_F393,0,14,L0_S14,F,393
train_categorical,train,categorical,L0_S15_F396,0,15,L0_S15,F,396
train_categorical,train,categorical,L0_S15_F399,0,15,L0_S15,F,399
train_categorical,train,categorical,L0_S15_F402,0,15,L0_S15,F,402
train_categorical,train,categorical,L0_S15_F405,0,15,L0_S15,F,405
train_categorical,train,categorical,L0_S15_F408,0,15,L0_S15,F,408
train_categorical,train,categorical,L0_S15_F411,0,15,L0_S15,F,411
train_categorical,train,categorical,L0_S15_F414,0,15,L0_S15,F,414
train_categorical,train,categorical,L0_S15_F417,0,15,L0_S15,F,417
train_categorical,train,categorical,L0_S15_F420,0,15,L0_S15,F,420
train_categorical,train,categorical,L0_S16_F422,0,16,L0_S16,F,422
train_categorical,train,categorical,L0_S16_F424,0,16,L0_S16,F,424
train_categorical,train,categorical,L0_S16_F425,0,16,L0_S16,F,425
train_categorical,train,categorical,L0_S16_F427,0,16,L0_S16,F,427
train_categorical,train,categorical,L0_S16_F429,0,16,L0_S16,F,429
train_categorical,train,categorical,L0_S16_F430,0,16,L0_S16,F,430
train_categorical,train,categorical,L0_S18_F436,0,18,L0_S18,F,436
train_categorical,train,categorical,L0_S18_F438,0,18,L0_S18,F,438
train_categorical,train,categorical,L0_S18_F440,0,18,L0_S18,F,440
train_categorical,train,categorical,L0_S18_F442,0,18,L0_S18,F,442
train_categorical,train,categorical,L0_S18_F443,0,18,L0_S18,F,443
train_categorical,train,categorical,L0_S18_F445,0,18,L0_S18,F,445
train_categorical,train,categorical,L0_S18_F446,0,18,L0_S18,F,446
train_categorical,train,categorical,L0_S18_F448,0,18,L0_S18,F,448
train_categorical,train,categorical,L0_S18_F450,0,18,L0_S18,F,450
train_categorical,train,categorical,L0_S18_F452,0,18,L0_S18,F,452
train_categorical,train,categorical,L0_S21_F468,0,21,L0_S21,F,468
train_categorical,train,categorical,L0_S21_F470,0,21,L0_S21,F,470
train_categorical,train,categorical,L0_S21_F471,0,21,L0_S21,F,471
train_categorical,train,categorical,L0_S21_F473,0,21,L0_S21,F,473
train_categorical,train,categorical,L0_S21_F475,0,21,L0_S21,F,475
train_categorical,train,categorical,L0_S21_F476,0,21,L0_S21,F,476
train_categorical,train,categorical,L0_S21_F478,0,21,L0_S21,F,478
train_categorical,train,categorical,L0_S21_F480,0,21,L0_S21,F,480
train_categorical,train,categorical,L0_S21_F481,0,21,L0_S21,F,481
train_categorical,train,categorical,L0_S21_F483,0,21,L0_S21,F,483
train_categorical,train,categorical,L0_S21_F485,0,21,L0_S21,F,485
train_categorical,train,categorical,L0_S21_F486,0,21,L0_S21,F,486
train_categorical,train,categorical,L0_S21_F488,0,21,L0_S21,F,488
train_categorical,train,categorical,L0_S21_F490,0,21,L0_S21,F,490
train_categorical,train,categorical,L0_S21_F491,0,21,L0_S21,F,491
train_categorical,train,categorical,L0_S21_F493,0,21,L0_S21,F,493
train_categorical,train,categorical,L0_S21_F495,0,21,L0_S21,F,495
train_categorical,train,categorical,L0_S21_F496,0,21,L0_S21,F,496
train_categorical,train,categorical,L0_S21_F498,0,21,L0_S21,F,498
train_categorical,train,categorical,L0_S21_F500,0,21,L0_S21,F,500
train_categorical,train,categorical,L0_S21_F501,0,21,L0_S21,F,501
train_categorical,train,categorical,L0_S21_F503,0,21,L0_S21,F,503
train_categorical,train,categorical,L0_S21_F505,0,21,L0_S21,F,505
train_categorical,train,categorical,L0_S21_F506,0,21,L0_S21,F,506
train_categorical,train,categorical,L0_S21_F508,0,21,L0_S21,F,508
train_categorical,train,categorical,L0_S21_F510,0,21,L0_S21,F,510
train_categorical,train,categorical,L0_S21_F511,0,21,L0_S21,F,511
train_categorical,train,categorical,L0_S21_F513,0,21,L0_S21,F,513
train_categorical,train,categorical,L0_S21_F515,0,21,L0_S21,F,515
train_categorical,train,categorical,L0_S21_F516,0,21,L0_S21,F,516
train_categorical,train,categorical,L0_S21_F518,0,21,L0_S21,F,518
train_categorical,train,categorical,L0_S21_F520,0,21,L0_S21,F,520
train_categorical,train,categorical,L0_S21_F521,0,21,L0_S21,F,521
train_categorical,train,categorical,L0_S21_F523,0,21,L0_S21,F,523
train_categorical,train,categorical,L0_S21_F525,0,21,L0_S21,F,525
train_categorical,train,categorical,L0_S21_F526,0,21,L0_S21,F,526
train_categorical,train,categorical,L0_S21_F528,0,21,L0_S21,F,528
train_categorical,train,categorical,L0_S21_F530,0,21,L0_S21,F,530
train_categorical,train,categorical,L0_S21_F531,0,21,L0_S21,F,531
train_categorical,train,categorical,L0_S21_F533,0,21,L0_S21,F,533
train_categorical,train,categorical,L0_S21_F535,0,21,L0_S21,F,535
train_categorical,train,categorical,L0_S21_F536,0,21,L0_S21,F,536
train_categorical,train,categorical,L0_S21_F538,0,21,L0_S21,F,538
train_categorical,train,categorical,L0_S21_F540,0,21,L0_S21,F,540
train_categorical,train,categorical,L0_S21_F541,0,21,L0_S21,F,541
train_categorical,train,categorical,L0_S22_F542,0,22,L0_S22,F,542
train_categorical,train,categorical,L0_S22_F544,0,22,L0_S22,F,544
train_categorical,train,categorical,L0_S22_F545,0,22,L0_S22,F,545
train_categorical,train,categorical,L0_S22_F547,0,22,L0_S22,F,547
train_categorical,train,categorical,L0_S22_F549,0,22,L0_S22,F,549
train_categorical,train,categorical,L0_S22_F550,0,22,L0_S22,F,550
train_categorical,train,categorical,L0_S22_F552,0,22,L0_S22,F,552
train_categorical,train,categorical,L0_S22_F554,0,22,L0_S22,F,554
train_categorical,train,categorical,L0_S22_F555,0,22,L0_S22,F,555
train_categorical,train,categorical,L0_S22_F557,0,22,L0_S22,F,557
train_categorical,train,categorical,L0_S22_F559,0,22,L0_S22,F,559
train_categorical,train,categorical,L0_S22_F560,0,22,L0_S22,F,560
train_categorical,train,categorical,L0_S22_F562,0,22,L0_S22,F,562
train_categorical,train,categorical,L0_S22_F564,0,22,L0_S22,F,564
train_categorical,train,categorical,L0_S22_F565,0,22,L0_S22,F,565
train_categorical,train,categorical,L0_S22_F567,0,22,L0_S22,F,567
train_categorical,train,categorical,L0_S22_F569,0,22,L0_S22,F,569
train_categorical,train,categorical,L0_S22_F570,0,22,L0_S22,F,570
train_categorical,train,categorical,L0_S22_F572,0,22,L0_S22,F,572
train_categorical,train,categorical,L0_S22_F574,0,22,L0_S22,F,574
train_categorical,train,categorical,L0_S22_F575,0,22,L0_S22,F,575
train_categorical,train,categorical,L0_S22_F577,0,22,L0_S22,F,577
train_categorical,train,categorical,L0_S22_F579,0,22,L0_S22,F,579
train_categorical,train,categorical,L0_S22_F580,0,22,L0_S22,F,580
train_categorical,train,categorical,L0_S22_F582,0,22,L0_S22,F,582
train_categorical,train,categorical,L0_S22_F584,0,22,L0_S22,F,584
train_categorical,train,categorical,L0_S22_F585,0,22,L0_S22,F,585
train_categorical,train,categorical,L0_S22_F587,0,22,L0_S22,F,587
train_categorical,train,categorical,L0_S22_F589,0,22,L0_S22,F,589
train_categorical,train,categorical,L0_S22_F590,0,22,L0_S22,F,590
train_categorical,train,categorical,L0_S22_F592,0,22,L0_S22,F,592
train_categorical,train,categorical,L0_S22_F594,0,22,L0_S22,F,594
train_categorical,train,categorical,L0_S22_F595,0,22,L0_S22,F,595
train_categorical,train,categorical,L0_S22_F597,0,22,L0_S22,F,597
train_categorical,train,categorical,L0_S22_F599,0,22,L0_S22,F,599
train_categorical,train,categorical,L0_S22_F600,0,22,L0_S22,F,600
train_categorical,train,categorical,L0_S22_F602,0,22,L0_S22,F,602
train_categorical,train,categorical,L0_S22_F604,0,22,L0_S22,F,604
train_categorical,train,categorical,L0_S22_F605,0,22,L0_S22,F,605
train_categorical,train,categorical,L0_S22_F607,0,22,L0_S22,F,607
train_categorical,train,categorical,L0_S22_F609,0,22,L0_S22,F,609
train_categorical,train,categorical,L0_S22_F610,0,22,L0_S22,F,610
train_categorical,train,categorical,L0_S22_F612,0,22,L0_S22,F,612
train_categorical,train,categorical,L0_S22_F614,0,22,L0_S22,F,614
train_categorical,train,categorical,L0_S22_F615,0,22,L0_S22,F,615
train_categorical,train,categorical,L0_S23_F616,0,23,L0_S23,F,616
train_categorical,train,categorical,L0_S23_F618,0,23,L0_S23,F,618
train_categorical,train,categorical,L0_S23_F620,0,23,L0_S23,F,620
train_categorical,train,categorical,L0_S23_F622,0,23,L0_S23,F,622
train_categorical,train,categorical,L0_S23_F624,0,23,L0_S23,F,624
train_categorical,train,categorical,L0_S23_F626,0,23,L0_S23,F,626
train_categorical,train,categorical,L0_S23_F628,0,23,L0_S23,F,628
train_categorical,train,categorical,L0_S23_F630,0,23,L0_S23,F,630
train_categorical,train,categorical,L0_S23_F632,0,23,L0_S23,F,632
train_categorical,train,categorical,L0_S23_F634,0,23,L0_S23,F,634
train_categorical,train,categorical,L0_S23_F636,0,23,L0_S23,F,636
train_categorical,train,categorical,L0_S23_F638,0,23,L0_S23,F,638
train_categorical,train,categorical,L0_S23_F640,0,23,L0_S23,F,640
train_categorical,train,categorical,L0_S23_F642,0,23,L0_S23,F,642
train_categorical,train,categorical,L0_S23_F644,0,23,L0_S23,F,644
train_categorical,train,categorical,L0_S23_F646,0,23,L0_S23,F,646
train_categorical,train,categorical,L0_S23_F648,0,23,L0_S23,F,648
train_categorical,train,categorical,L0_S23_F650,0,23,L0_S23,F,650
train_categorical,train,categorical,L0_S23_F652,0,23,L0_S23,F,652
train_categorical,train,categorical,L0_S23_F654,0,23,L0_S23,F,654
train_categorical,train,categorical,L0_S23_F656,0,23,L0_S23,F,656
train_categorical,train,categorical,L0_S23_F658,0,23,L0_S23,F,658
train_categorical,train,categorical,L0_S23_F660,0,23,L0_S23,F,660
train_categorical,train,categorical,L0_S23_F662,0,23,L0_S23,F,662
train_categorical,train,categorical,L0_S23_F664,0,23,L0_S23,F,664
train_categorical,train,categorical,L0_S23_F666,0,23,L0_S23,F,666
train_categorical,train,categorical,L0_S23_F668,0,23,L0_S23,F,668
train_categorical,train,categorical,L0_S23_F670,0,23,L0_S23,F,670
train_categorical,train,categorical,L0_S23_F672,0,23,L0_S23,F,672
train_categorical,train,categorical,L0_S23_F674,0,23,L0_S23,F,674
train_categorical,train,categorical,L1_S24_F675,1,24,L1_S24,F,675
train_categorical,train,categorical,L1_S24_F676,1,24,L1_S24,F,676
train_categorical,train,categorical,L1_S24_F678,1,24,L1_S24,F,678
train_categorical,train,categorical,L1_S24_F680,1,24,L1_S24,F,680
train_categorical,train,categorical,L1_S24_F682,1,24,L1_S24,F,682
train_categorical,train,categorical,L1_S24_F684,1,24,L1_S24,F,684
train_categorical,train,categorical,L1_S24_F686,1,24,L1_S24,F,686
train_categorical,train,categorical,L1_S24_F688,1,24,L1_S24,F,688
train_categorical,train,categorical,L1_S24_F690,1,24,L1_S24,F,690
train_categorical,train,categorical,L1_S24_F692,1,24,L1_S24,F,692
train_categorical,train,categorical,L1_S24_F694,1,24,L1_S24,F,694
train_categorical,train,categorical,L1_S24_F695,1,24,L1_S24,F,695
train_categorical,train,categorical,L1_S24_F696,1,24,L1_S24,F,696
train_categorical,train,categorical,L1_S24_F698,1,24,L1_S24,F,698
train_categorical,train,categorical,L1_S24_F699,1,24,L1_S24,F,699
train_categorical,train,categorical,L1_S24_F701,1,24,L1_S24,F,701
train_categorical,train,categorical,L1_S24_F703,1,24,L1_S24,F,703
train_categorical,train,categorical,L1_S24_F704,1,24,L1_S24,F,704
train_categorical,train,categorical,L1_S24_F705,1,24,L1_S24,F,705
train_categorical,train,categorical,L1_S24_F706,1,24,L1_S24,F,706
train_categorical,train,categorical,L1_S24_F708,1,24,L1_S24,F,708
train_categorical,train,categorical,L1_S24_F709,1,24,L1_S24,F,709
train_categorical,train,categorical,L1_S24_F710,1,24,L1_S24,F,710
train_categorical,train,categorical,L1_S24_F711,1,24,L1_S24,F,711
train_categorical,train,categorical,L1_S24_F713,1,24,L1_S24,F,713
train_categorical,train,categorical,L1_S24_F714,1,24,L1_S24,F,714
train_categorical,train,categorical,L1_S24_F715,1,24,L1_S24,F,715
train_categorical,train,categorical,L1_S24_F717,1,24,L1_S24,F,717
train_categorical,train,categorical,L1_S24_F718,1,24,L1_S24,F,718
train_categorical,train,categorical,L1_S24_F720,1,24,L1_S24,F,720
train_categorical,train,categorical,L1_S24_F722,1,24,L1_S24,F,722
train_categorical,train,categorical,L1_S24_F723,1,24,L1_S24,F,723
train_categorical,train,categorical,L1_S24_F724,1,24,L1_S24,F,724
train_categorical,train,categorical,L1_S24_F726,1,24,L1_S24,F,726
train_categorical,train,categorical,L1_S24_F727,1,24,L1_S24,F,727
train_categorical,train,categorical,L1_S24_F729,1,24,L1_S24,F,729
train_categorical,train,categorical,L1_S24_F731,1,24,L1_S24,F,731
train_categorical,train,categorical,L1_S24_F732,1,24,L1_S24,F,732
train_categorical,train,categorical,L1_S24_F734,1,24,L1_S24,F,734
train_categorical,train,categorical,L1_S24_F736,1,24,L1_S24,F,736
train_categorical,train,categorical,L1_S24_F737,1,24,L1_S24,F,737
train_categorical,train,categorical,L1_S24_F738,1,24,L1_S24,F,738
train_categorical,train,categorical,L1_S24_F740,1,24,L1_S24,F,740
train_categorical,train,categorical,L1_S24_F741,1,24,L1_S24,F,741
train_categorical,train,categorical,L1_S24_F742,1,24,L1_S24,F,742
train_categorical,train,categorical,L1_S24_F744,1,24,L1_S24,F,744
train_categorical,train,categorical,L1_S24_F745,1,24,L1_S24,F,745
train_categorical,train,categorical,L1_S24_F747,1,24,L1_S24,F,747
train_categorical,train,categorical,L1_S24_F749,1,24,L1_S24,F,749
train_categorical,train,categorical,L1_S24_F750,1,24,L1_S24,F,750
train_categorical,train,categorical,L1_S24_F752,1,24,L1_S24,F,752
train_categorical,train,categorical,L1_S24_F754,1,24,L1_S24,F,754
train_categorical,train,categorical,L1_S24_F755,1,24,L1_S24,F,755
train_categorical,train,categorical,L1_S24_F757,1,24,L1_S24,F,757
train_categorical,train,categorical,L1_S24_F759,1,24,L1_S24,F,759
train_categorical,train,categorical,L1_S24_F760,1,24,L1_S24,F,760
train_categorical,train,categorical,L1_S24_F762,1,24,L1_S24,F,762
train_categorical,train,categorical,L1_S24_F764,1,24,L1_S24,F,764
train_categorical,train,categorical,L1_S24_F765,1,24,L1_S24,F,765
train_categorical,train,categorical,L1_S24_F767,1,24,L1_S24,F,767
train_categorical,train,categorical,L1_S24_F769,1,24,L1_S24,F,769
train_categorical,train,categorical,L1_S24_F770,1,24,L1_S24,F,770
train_categorical,train,categorical,L1_S24_F771,1,24,L1_S24,F,771
train_categorical,train,categorical,L1_S24_F773,1,24,L1_S24,F,773
train_categorical,train,categorical,L1_S24_F774,1,24,L1_S24,F,774
train_categorical,train,categorical,L1_S24_F776,1,24,L1_S24,F,776
train_categorical,train,categorical,L1_S24_F778,1,24,L1_S24,F,778
train_categorical,train,categorical,L1_S24_F779,1,24,L1_S24,F,779
train_categorical,train,categorical,L1_S24_F781,1,24,L1_S24,F,781
train_categorical,train,categorical,L1_S24_F783,1,24,L1_S24,F,783
train_categorical,train,categorical,L1_S24_F784,1,24,L1_S24,F,784
train_categorical,train,categorical,L1_S24_F786,1,24,L1_S24,F,786
train_categorical,train,categorical,L1_S24_F788,1,24,L1_S24,F,788
train_categorical,train,categorical,L1_S24_F789,1,24,L1_S24,F,789
train_categorical,train,categorical,L1_S24_F791,1,24,L1_S24,F,791
train_categorical,train,categorical,L1_S24_F793,1,24,L1_S24,F,793
train_categorical,train,categorical,L1_S24_F794,1,24,L1_S24,F,794
train_categorical,train,categorical,L1_S24_F796,1,24,L1_S24,F,796
train_categorical,train,categorical,L1_S24_F798,1,24,L1_S24,F,798
train_categorical,train,categorical,L1_S24_F799,1,24,L1_S24,F,799
train_categorical,train,categorical,L1_S24_F803,1,24,L1_S24,F,803
train_categorical,train,categorical,L1_S24_F805,1,24,L1_S24,F,805
train_categorical,train,categorical,L1_S24_F817,1,24,L1_S24,F,817
train_categorical,train,categorical,L1_S24_F819,1,24,L1_S24,F,819
train_categorical,train,categorical,L1_S24_F820,1,24,L1_S24,F,820
train_categorical,train,categorical,L1_S24_F821,1,24,L1_S24,F,821
train_categorical,train,categorical,L1_S24_F823,1,24,L1_S24,F,823
train_categorical,train,categorical,L1_S24_F824,1,24,L1_S24,F,824
train_categorical,train,categorical,L1_S24_F825,1,24,L1_S24,F,825
train_categorical,train,categorical,L1_S24_F827,1,24,L1_S24,F,827
train_categorical,train,categorical,L1_S24_F828,1,24,L1_S24,F,828
train_categorical,train,categorical,L1_S24_F830,1,24,L1_S24,F,830
train_categorical,train,categorical,L1_S24_F832,1,24,L1_S24,F,832
train_categorical,train,categorical,L1_S24_F833,1,24,L1_S24,F,833
train_categorical,train,categorical,L1_S24_F835,1,24,L1_S24,F,835
train_categorical,train,categorical,L1_S24_F837,1,24,L1_S24,F,837
train_categorical,train,categorical,L1_S24_F838,1,24,L1_S24,F,838
train_categorical,train,categorical,L1_S24_F840,1,24,L1_S24,F,840
train_categorical,train,categorical,L1_S24_F842,1,24,L1_S24,F,842
train_categorical,train,categorical,L1_S24_F843,1,24,L1_S24,F,843
train_categorical,train,categorical,L1_S24_F845,1,24,L1_S24,F,845
train_categorical,train,categorical,L1_S24_F847,1,24,L1_S24,F,847
train_categorical,train,categorical,L1_S24_F848,1,24,L1_S24,F,848
train_categorical,train,categorical,L1_S24_F849,1,24,L1_S24,F,849
train_categorical,train,categorical,L1_S24_F851,1,24,L1_S24,F,851
train_categorical,train,categorical,L1_S24_F852,1,24,L1_S24,F,852
train_categorical,train,categorical,L1_S24_F853,1,24,L1_S24,F,853
train_categorical,train,categorical,L1_S24_F855,1,24,L1_S24,F,855
train_categorical,train,categorical,L1_S24_F856,1,24,L1_S24,F,856
train_categorical,train,categorical,L1_S24_F858,1,24,L1_S24,F,858
train_categorical,train,categorical,L1_S24_F860,1,24,L1_S24,F,860
train_categorical,train,categorical,L1_S24_F861,1,24,L1_S24,F,861
train_categorical,train,categorical,L1_S24_F863,1,24,L1_S24,F,863
train_categorical,train,categorical,L1_S24_F865,1,24,L1_S24,F,865
train_categorical,train,categorical,L1_S24_F866,1,24,L1_S24,F,866
train_categorical,train,categorical,L1_S24_F868,1,24,L1_S24,F,868
train_categorical,train,categorical,L1_S24_F870,1,24,L1_S24,F,870
train_categorical,train,categorical,L1_S24_F871,1,24,L1_S24,F,871
train_categorical,train,categorical,L1_S24_F873,1,24,L1_S24,F,873
train_categorical,train,categorical,L1_S24_F875,1,24,L1_S24,F,875
train_categorical,train,categorical,L1_S24_F876,1,24,L1_S24,F,876
train_categorical,train,categorical,L1_S24_F878,1,24,L1_S24,F,878
train_categorical,train,categorical,L1_S24_F880,1,24,L1_S24,F,880
train_categorical,train,categorical,L1_S24_F881,1,24,L1_S24,F,881
train_categorical,train,categorical,L1_S24_F883,1,24,L1_S24,F,883
train_categorical,train,categorical,L1_S24_F885,1,24,L1_S24,F,885
train_categorical,train,categorical,L1_S24_F886,1,24,L1_S24,F,886
train_categorical,train,categorical,L1_S24_F888,1,24,L1_S24,F,888
train_categorical,train,categorical,L1_S24_F890,1,24,L1_S24,F,890
train_categorical,train,categorical,L1_S24_F891,1,24,L1_S24,F,891
train_categorical,train,categorical,L1_S24_F893,1,24,L1_S24,F,893
train_categorical,train,categorical,L1_S24_F895,1,24,L1_S24,F,895
train_categorical,train,categorical,L1_S24_F896,1,24,L1_S24,F,896
train_categorical,train,categorical,L1_S24_F898,1,24,L1_S24,F,898
train_categorical,train,categorical,L1_S24_F900,1,24,L1_S24,F,900
train_categorical,train,categorical,L1_S24_F901,1,24,L1_S24,F,901
train_categorical,train,categorical,L1_S24_F903,1,24,L1_S24,F,903
train_categorical,train,categorical,L1_S24_F905,1,24,L1_S24,F,905
train_categorical,train,categorical,L1_S24_F906,1,24,L1_S24,F,906
train_categorical,train,categorical,L1_S24_F908,1,24,L1_S24,F,908
train_categorical,train,categorical,L1_S24_F910,1,24,L1_S24,F,910
train_categorical,train,categorical,L1_S24_F911,1,24,L1_S24,F,911
train_categorical,train,categorical,L1_S24_F912,1,24,L1_S24,F,912
train_categorical,train,categorical,L1_S24_F914,1,24,L1_S24,F,914
train_categorical,train,categorical,L1_S24_F915,1,24,L1_S24,F,915
train_categorical,train,categorical,L1_S24_F916,1,24,L1_S24,F,916
train_categorical,train,categorical,L1_S24_F918,1,24,L1_S24,F,918
train_categorical,train,categorical,L1_S24_F919,1,24,L1_S24,F,919
train_categorical,train,categorical,L1_S24_F921,1,24,L1_S24,F,921
train_categorical,train,categorical,L1_S24_F923,1,24,L1_S24,F,923
train_categorical,train,categorical,L1_S24_F924,1,24,L1_S24,F,924
train_categorical,train,categorical,L1_S24_F926,1,24,L1_S24,F,926
train_categorical,train,categorical,L1_S24_F928,1,24,L1_S24,F,928
train_categorical,train,categorical,L1_S24_F929,1,24,L1_S24,F,929
train_categorical,train,categorical,L1_S24_F931,1,24,L1_S24,F,931
train_categorical,train,categorical,L1_S24_F933,1,24,L1_S24,F,933
train_categorical,train,categorical,L1_S24_F934,1,24,L1_S24,F,934
train_categorical,train,categorical,L1_S24_F936,1,24,L1_S24,F,936
train_categorical,train,categorical,L1_S24_F938,1,24,L1_S24,F,938
train_categorical,train,categorical,L1_S24_F939,1,24,L1_S24,F,939
train_categorical,train,categorical,L1_S24_F940,1,24,L1_S24,F,940
train_categorical,train,categorical,L1_S24_F942,1,24,L1_S24,F,942
train_categorical,train,categorical,L1_S24_F943,1,24,L1_S24,F,943
train_categorical,train,categorical,L1_S24_F944,1,24,L1_S24,F,944
train_categorical,train,categorical,L1_S24_F946,1,24,L1_S24,F,946
train_categorical,train,categorical,L1_S24_F947,1,24,L1_S24,F,947
train_categorical,train,categorical,L1_S24_F949,1,24,L1_S24,F,949
train_categorical,train,categorical,L1_S24_F951,1,24,L1_S24,F,951
train_categorical,train,categorical,L1_S24_F952,1,24,L1_S24,F,952
train_categorical,train,categorical,L1_S24_F954,1,24,L1_S24,F,954
train_categorical,train,categorical,L1_S24_F956,1,24,L1_S24,F,956
train_categorical,train,categorical,L1_S24_F957,1,24,L1_S24,F,957
train_categorical,train,categorical,L1_S24_F959,1,24,L1_S24,F,959
train_categorical,train,categorical,L1_S24_F961,1,24,L1_S24,F,961
train_categorical,train,categorical,L1_S24_F962,1,24,L1_S24,F,962
train_categorical,train,categorical,L1_S24_F964,1,24,L1_S24,F,964
train_categorical,train,categorical,L1_S24_F966,1,24,L1_S24,F,966
train_categorical,train,categorical,L1_S24_F967,1,24,L1_S24,F,967
train_categorical,train,categorical,L1_S24_F969,1,24,L1_S24,F,969
train_categorical,train,categorical,L1_S24_F971,1,24,L1_S24,F,971
train_categorical,train,categorical,L1_S24_F972,1,24,L1_S24,F,972
train_categorical,train,categorical,L1_S24_F974,1,24,L1_S24,F,974
train_categorical,train,categorical,L1_S24_F976,1,24,L1_S24,F,976
train_categorical,train,categorical,L1_S24_F977,1,24,L1_S24,F,977
train_categorical,train,categorical,L1_S24_F979,1,24,L1_S24,F,979
train_categorical,train,categorical,L1_S24_F981,1,24,L1_S24,F,981
train_categorical,train,categorical,L1_S24_F982,1,24,L1_S24,F,982
train_categorical,train,categorical,L1_S24_F984,1,24,L1_S24,F,984
train_categorical,train,categorical,L1_S24_F986,1,24,L1_S24,F,986
train_categorical,train,categorical,L1_S24_F987,1,24,L1_S24,F,987
train_categorical,train,categorical,L1_S24_F989,1,24,L1_S24,F,989
train_categorical,train,categorical,L1_S24_F991,1,24,L1_S24,F,991
train_categorical,train,categorical,L1_S24_F992,1,24,L1_S24,F,992
train_categorical,train,categorical,L1_S24_F994,1,24,L1_S24,F,994
train_categorical,train,categorical,L1_S24_F996,1,24,L1_S24,F,996
train_categorical,train,categorical,L1_S24_F997,1,24,L1_S24,F,997
train_categorical,train,categorical,L1_S24_F1017,1,24,L1_S24,F,1017
train_categorical,train,categorical,L1_S24_F1019,1,24,L1_S24,F,1019
train_categorical,train,categorical,L1_S24_F1020,1,24,L1_S24,F,1020
train_categorical,train,categorical,L1_S24_F1022,1,24,L1_S24,F,1022
train_categorical,train,categorical,L1_S24_F1024,1,24,L1_S24,F,1024
train_categorical,train,categorical,L1_S24_F1025,1,24,L1_S24,F,1025
train_categorical,train,categorical,L1_S24_F1027,1,24,L1_S24,F,1027
train_categorical,train,categorical,L1_S24_F1029,1,24,L1_S24,F,1029
train_categorical,train,categorical,L1_S24_F1030,1,24,L1_S24,F,1030
train_categorical,train,categorical,L1_S24_F1032,1,24,L1_S24,F,1032
train_categorical,train,categorical,L1_S24_F1034,1,24,L1_S24,F,1034
train_categorical,train,categorical,L1_S24_F1035,1,24,L1_S24,F,1035
train_categorical,train,categorical,L1_S24_F1037,1,24,L1_S24,F,1037
train_categorical,train,categorical,L1_S24_F1039,1,24,L1_S24,F,1039
train_categorical,train,categorical,L1_S24_F1040,1,24,L1_S24,F,1040
train_categorical,train,categorical,L1_S24_F1042,1,24,L1_S24,F,1042
train_categorical,train,categorical,L1_S24_F1044,1,24,L1_S24,F,1044
train_categorical,train,categorical,L1_S24_F1045,1,24,L1_S24,F,1045
train_categorical,train,categorical,L1_S24_F1047,1,24,L1_S24,F,1047
train_categorical,train,categorical,L1_S24_F1049,1,24,L1_S24,F,1049
train_categorical,train,categorical,L1_S24_F1050,1,24,L1_S24,F,1050
train_categorical,train,categorical,L1_S24_F1052,1,24,L1_S24,F,1052
train_categorical,train,categorical,L1_S24_F1054,1,24,L1_S24,F,1054
train_categorical,train,categorical,L1_S24_F1055,1,24,L1_S24,F,1055
train_categorical,train,categorical,L1_S24_F1057,1,24,L1_S24,F,1057
train_categorical,train,categorical,L1_S24_F1059,1,24,L1_S24,F,1059
train_categorical,train,categorical,L1_S24_F1060,1,24,L1_S24,F,1060
train_categorical,train,categorical,L1_S24_F1061,1,24,L1_S24,F,1061
train_categorical,train,categorical,L1_S24_F1063,1,24,L1_S24,F,1063
train_categorical,train,categorical,L1_S24_F1064,1,24,L1_S24,F,1064
train_categorical,train,categorical,L1_S24_F1065,1,24,L1_S24,F,1065
train_categorical,train,categorical,L1_S24_F1067,1,24,L1_S24,F,1067
train_categorical,train,categorical,L1_S24_F1069,1,24,L1_S24,F,1069
train_categorical,train,categorical,L1_S24_F1071,1,24,L1_S24,F,1071
train_categorical,train,categorical,L1_S24_F1073,1,24,L1_S24,F,1073
train_categorical,train,categorical,L1_S24_F1075,1,24,L1_S24,F,1075
train_categorical,train,categorical,L1_S24_F1076,1,24,L1_S24,F,1076
train_categorical,train,categorical,L1_S24_F1078,1,24,L1_S24,F,1078
train_categorical,train,categorical,L1_S24_F1080,1,24,L1_S24,F,1080
train_categorical,train,categorical,L1_S24_F1082,1,24,L1_S24,F,1082
train_categorical,train,categorical,L1_S24_F1084,1,24,L1_S24,F,1084
train_categorical,train,categorical,L1_S24_F1086,1,24,L1_S24,F,1086
train_categorical,train,categorical,L1_S24_F1088,1,24,L1_S24,F,1088
train_categorical,train,categorical,L1_S24_F1090,1,24,L1_S24,F,1090
train_categorical,train,categorical,L1_S24_F1091,1,24,L1_S24,F,1091
train_categorical,train,categorical,L1_S24_F1093,1,24,L1_S24,F,1093
train_categorical,train,categorical,L1_S24_F1095,1,24,L1_S24,F,1095
train_categorical,train,categorical,L1_S24_F1097,1,24,L1_S24,F,1097
train_categorical,train,categorical,L1_S24_F1099,1,24,L1_S24,F,1099
train_categorical,train,categorical,L1_S24_F1101,1,24,L1_S24,F,1101
train_categorical,train,categorical,L1_S24_F1103,1,24,L1_S24,F,1103
train_categorical,train,categorical,L1_S24_F1105,1,24,L1_S24,F,1105
train_categorical,train,categorical,L1_S24_F1107,1,24,L1_S24,F,1107
train_categorical,train,categorical,L1_S24_F1109,1,24,L1_S24,F,1109
train_categorical,train,categorical,L1_S24_F1111,1,24,L1_S24,F,1111
train_categorical,train,categorical,L1_S24_F1113,1,24,L1_S24,F,1113
train_categorical,train,categorical,L1_S24_F1114,1,24,L1_S24,F,1114
train_categorical,train,categorical,L1_S24_F1115,1,24,L1_S24,F,1115
train_categorical,train,categorical,L1_S24_F1117,1,24,L1_S24,F,1117
train_categorical,train,categorical,L1_S24_F1119,1,24,L1_S24,F,1119
train_categorical,train,categorical,L1_S24_F1121,1,24,L1_S24,F,1121
train_categorical,train,categorical,L1_S24_F1123,1,24,L1_S24,F,1123
train_categorical,train,categorical,L1_S24_F1125,1,24,L1_S24,F,1125
train_categorical,train,categorical,L1_S24_F1127,1,24,L1_S24,F,1127
train_categorical,train,categorical,L1_S24_F1129,1,24,L1_S24,F,1129
train_categorical,train,categorical,L1_S24_F1131,1,24,L1_S24,F,1131
train_categorical,train,categorical,L1_S24_F1133,1,24,L1_S24,F,1133
train_categorical,train,categorical,L1_S24_F1136,1,24,L1_S24,F,1136
train_categorical,train,categorical,L1_S24_F1137,1,24,L1_S24,F,1137
train_categorical,train,categorical,L1_S24_F1139,1,24,L1_S24,F,1139
train_categorical,train,categorical,L1_S24_F1140,1,24,L1_S24,F,1140
train_categorical,train,categorical,L1_S24_F1142,1,24,L1_S24,F,1142
train_categorical,train,categorical,L1_S24_F1144,1,24,L1_S24,F,1144
train_categorical,train,categorical,L1_S24_F1147,1,24,L1_S24,F,1147
train_categorical,train,categorical,L1_S24_F1150,1,24,L1_S24,F,1150
train_categorical,train,categorical,L1_S24_F1152,1,24,L1_S24,F,1152
train_categorical,train,categorical,L1_S24_F1154,1,24,L1_S24,F,1154
train_categorical,train,categorical,L1_S24_F1156,1,24,L1_S24,F,1156
train_categorical,train,categorical,L1_S24_F1157,1,24,L1_S24,F,1157
train_categorical,train,categorical,L1_S24_F1159,1,24,L1_S24,F,1159
train_categorical,train,categorical,L1_S24_F1160,1,24,L1_S24,F,1160
train_categorical,train,categorical,L1_S24_F1162,1,24,L1_S24,F,1162
train_categorical,train,categorical,L1_S24_F1164,1,24,L1_S24,F,1164
train_categorical,train,categorical,L1_S24_F1165,1,24,L1_S24,F,1165
train_categorical,train,categorical,L1_S24_F1167,1,24,L1_S24,F,1167
train_categorical,train,categorical,L1_S24_F1169,1,24,L1_S24,F,1169
train_categorical,train,categorical,L1_S24_F1177,1,24,L1_S24,F,1177
train_categorical,train,categorical,L1_S24_F1179,1,24,L1_S24,F,1179
train_categorical,train,categorical,L1_S24_F1181,1,24,L1_S24,F,1181
train_categorical,train,categorical,L1_S24_F1183,1,24,L1_S24,F,1183
train_categorical,train,categorical,L1_S24_F1185,1,24,L1_S24,F,1185
train_categorical,train,categorical,L1_S24_F1187,1,24,L1_S24,F,1187
train_categorical,train,categorical,L1_S24_F1188,1,24,L1_S24,F,1188
train_categorical,train,categorical,L1_S24_F1189,1,24,L1_S24,F,1189
train_categorical,train,categorical,L1_S24_F1191,1,24,L1_S24,F,1191
train_categorical,train,categorical,L1_S24_F1192,1,24,L1_S24,F,1192
train_categorical,train,categorical,L1_S24_F1193,1,24,L1_S24,F,1193
train_categorical,train,categorical,L1_S24_F1195,1,24,L1_S24,F,1195
train_categorical,train,categorical,L1_S24_F1196,1,24,L1_S24,F,1196
train_categorical,train,categorical,L1_S24_F1198,1,24,L1_S24,F,1198
train_categorical,train,categorical,L1_S24_F1200,1,24,L1_S24,F,1200
train_categorical,train,categorical,L1_S24_F1201,1,24,L1_S24,F,1201
train_categorical,train,categorical,L1_S24_F1203,1,24,L1_S24,F,1203
train_categorical,train,categorical,L1_S24_F1205,1,24,L1_S24,F,1205
train_categorical,train,categorical,L1_S24_F1206,1,24,L1_S24,F,1206
train_categorical,train,categorical,L1_S24_F1208,1,24,L1_S24,F,1208
train_categorical,train,categorical,L1_S24_F1210,1,24,L1_S24,F,1210
train_categorical,train,categorical,L1_S24_F1211,1,24,L1_S24,F,1211
train_categorical,train,categorical,L1_S24_F1213,1,24,L1_S24,F,1213
train_categorical,train,categorical,L1_S24_F1215,1,24,L1_S24,F,1215
train_categorical,train,categorical,L1_S24_F1216,1,24,L1_S24,F,1216
train_categorical,train,categorical,L1_S24_F1217,1,24,L1_S24,F,1217
train_categorical,train,categorical,L1_S24_F1219,1,24,L1_S24,F,1219
train_categorical,train,categorical,L1_S24_F1220,1,24,L1_S24,F,1220
train_categorical,train,categorical,L1_S24_F1221,1,24,L1_S24,F,1221
train_categorical,train,categorical,L1_S24_F1223,1,24,L1_S24,F,1223
train_categorical,train,categorical,L1_S24_F1224,1,24,L1_S24,F,1224
train_categorical,train,categorical,L1_S24_F1226,1,24,L1_S24,F,1226
train_categorical,train,categorical,L1_S24_F1228,1,24,L1_S24,F,1228
train_categorical,train,categorical,L1_S24_F1229,1,24,L1_S24,F,1229
train_categorical,train,categorical,L1_S24_F1231,1,24,L1_S24,F,1231
train_categorical,train,categorical,L1_S24_F1233,1,24,L1_S24,F,1233
train_categorical,train,categorical,L1_S24_F1234,1,24,L1_S24,F,1234
train_categorical,train,categorical,L1_S24_F1236,1,24,L1_S24,F,1236
train_categorical,train,categorical,L1_S24_F1238,1,24,L1_S24,F,1238
train_categorical,train,categorical,L1_S24_F1239,1,24,L1_S24,F,1239
train_categorical,train,categorical,L1_S24_F1241,1,24,L1_S24,F,1241
train_categorical,train,categorical,L1_S24_F1243,1,24,L1_S24,F,1243
train_categorical,train,categorical,L1_S24_F1244,1,24,L1_S24,F,1244
train_categorical,train,categorical,L1_S24_F1246,1,24,L1_S24,F,1246
train_categorical,train,categorical,L1_S24_F1248,1,24,L1_S24,F,1248
train_categorical,train,categorical,L1_S24_F1249,1,24,L1_S24,F,1249
train_categorical,train,categorical,L1_S24_F1251,1,24,L1_S24,F,1251
train_categorical,train,categorical,L1_S24_F1253,1,24,L1_S24,F,1253
train_categorical,train,categorical,L1_S24_F1254,1,24,L1_S24,F,1254
train_categorical,train,categorical,L1_S24_F1256,1,24,L1_S24,F,1256
train_categorical,train,categorical,L1_S24_F1258,1,24,L1_S24,F,1258
train_categorical,train,categorical,L1_S24_F1259,1,24,L1_S24,F,1259
train_categorical,train,categorical,L1_S24_F1261,1,24,L1_S24,F,1261
train_categorical,train,categorical,L1_S24_F1263,1,24,L1_S24,F,1263
train_categorical,train,categorical,L1_S24_F1264,1,24,L1_S24,F,1264
train_categorical,train,categorical,L1_S24_F1266,1,24,L1_S24,F,1266
train_categorical,train,categorical,L1_S24_F1268,1,24,L1_S24,F,1268
train_categorical,train,categorical,L1_S24_F1269,1,24,L1_S24,F,1269
train_categorical,train,categorical,L1_S24_F1271,1,24,L1_S24,F,1271
train_categorical,train,categorical,L1_S24_F1273,1,24,L1_S24,F,1273
train_categorical,train,categorical,L1_S24_F1274,1,24,L1_S24,F,1274
train_categorical,train,categorical,L1_S24_F1276,1,24,L1_S24,F,1276
train_categorical,train,categorical,L1_S24_F1278,1,24,L1_S24,F,1278
train_categorical,train,categorical,L1_S24_F1279,1,24,L1_S24,F,1279
train_categorical,train,categorical,L1_S24_F1280,1,24,L1_S24,F,1280
train_categorical,train,categorical,L1_S24_F1282,1,24,L1_S24,F,1282
train_categorical,train,categorical,L1_S24_F1283,1,24,L1_S24,F,1283
train_categorical,train,categorical,L1_S24_F1284,1,24,L1_S24,F,1284
train_categorical,train,categorical,L1_S24_F1286,1,24,L1_S24,F,1286
train_categorical,train,categorical,L1_S24_F1287,1,24,L1_S24,F,1287
train_categorical,train,categorical,L1_S24_F1289,1,24,L1_S24,F,1289
train_categorical,train,categorical,L1_S24_F1291,1,24,L1_S24,F,1291
train_categorical,train,categorical,L1_S24_F1292,1,24,L1_S24,F,1292
train_categorical,train,categorical,L1_S24_F1294,1,24,L1_S24,F,1294
train_categorical,train,categorical,L1_S24_F1296,1,24,L1_S24,F,1296
train_categorical,train,categorical,L1_S24_F1297,1,24,L1_S24,F,1297
train_categorical,train,categorical,L1_S24_F1299,1,24,L1_S24,F,1299
train_categorical,train,categorical,L1_S24_F1301,1,24,L1_S24,F,1301
train_categorical,train,categorical,L1_S24_F1302,1,24,L1_S24,F,1302
train_categorical,train,categorical,L1_S24_F1304,1,24,L1_S24,F,1304
train_categorical,train,categorical,L1_S24_F1306,1,24,L1_S24,F,1306
train_categorical,train,categorical,L1_S24_F1307,1,24,L1_S24,F,1307
train_categorical,train,categorical,L1_S24_F1308,1,24,L1_S24,F,1308
train_categorical,train,categorical,L1_S24_F1310,1,24,L1_S24,F,1310
train_categorical,train,categorical,L1_S24_F1311,1,24,L1_S24,F,1311
train_categorical,train,categorical,L1_S24_F1312,1,24,L1_S24,F,1312
train_categorical,train,categorical,L1_S24_F1314,1,24,L1_S24,F,1314
train_categorical,train,categorical,L1_S24_F1315,1,24,L1_S24,F,1315
train_categorical,train,categorical,L1_S24_F1317,1,24,L1_S24,F,1317
train_categorical,train,categorical,L1_S24_F1319,1,24,L1_S24,F,1319
train_categorical,train,categorical,L1_S24_F1320,1,24,L1_S24,F,1320
train_categorical,train,categorical,L1_S24_F1322,1,24,L1_S24,F,1322
train_categorical,train,categorical,L1_S24_F1324,1,24,L1_S24,F,1324
train_categorical,train,categorical,L1_S24_F1325,1,24,L1_S24,F,1325
train_categorical,train,categorical,L1_S24_F1327,1,24,L1_S24,F,1327
train_categorical,train,categorical,L1_S24_F1329,1,24,L1_S24,F,1329
train_categorical,train,categorical,L1_S24_F1330,1,24,L1_S24,F,1330
train_categorical,train,categorical,L1_S24_F1332,1,24,L1_S24,F,1332
train_categorical,train,categorical,L1_S24_F1334,1,24,L1_S24,F,1334
train_categorical,train,categorical,L1_S24_F1335,1,24,L1_S24,F,1335
train_categorical,train,categorical,L1_S24_F1337,1,24,L1_S24,F,1337
train_categorical,train,categorical,L1_S24_F1339,1,24,L1_S24,F,1339
train_categorical,train,categorical,L1_S24_F1340,1,24,L1_S24,F,1340
train_categorical,train,categorical,L1_S24_F1342,1,24,L1_S24,F,1342
train_categorical,train,categorical,L1_S24_F1344,1,24,L1_S24,F,1344
train_categorical,train,categorical,L1_S24_F1345,1,24,L1_S24,F,1345
train_categorical,train,categorical,L1_S24_F1347,1,24,L1_S24,F,1347
train_categorical,train,categorical,L1_S24_F1349,1,24,L1_S24,F,1349
train_categorical,train,categorical,L1_S24_F1350,1,24,L1_S24,F,1350
train_categorical,train,categorical,L1_S24_F1352,1,24,L1_S24,F,1352
train_categorical,train,categorical,L1_S24_F1354,1,24,L1_S24,F,1354
train_categorical,train,categorical,L1_S24_F1355,1,24,L1_S24,F,1355
train_categorical,train,categorical,L1_S24_F1357,1,24,L1_S24,F,1357
train_categorical,train,categorical,L1_S24_F1359,1,24,L1_S24,F,1359
train_categorical,train,categorical,L1_S24_F1360,1,24,L1_S24,F,1360
train_categorical,train,categorical,L1_S24_F1362,1,24,L1_S24,F,1362
train_categorical,train,categorical,L1_S24_F1364,1,24,L1_S24,F,1364
train_categorical,train,categorical,L1_S24_F1365,1,24,L1_S24,F,1365
train_categorical,train,categorical,L1_S24_F1367,1,24,L1_S24,F,1367
train_categorical,train,categorical,L1_S24_F1369,1,24,L1_S24,F,1369
train_categorical,train,categorical,L1_S24_F1370,1,24,L1_S24,F,1370
train_categorical,train,categorical,L1_S24_F1372,1,24,L1_S24,F,1372
train_categorical,train,categorical,L1_S24_F1374,1,24,L1_S24,F,1374
train_categorical,train,categorical,L1_S24_F1375,1,24,L1_S24,F,1375
train_categorical,train,categorical,L1_S24_F1377,1,24,L1_S24,F,1377
train_categorical,train,categorical,L1_S24_F1379,1,24,L1_S24,F,1379
train_categorical,train,categorical,L1_S24_F1380,1,24,L1_S24,F,1380
train_categorical,train,categorical,L1_S24_F1382,1,24,L1_S24,F,1382
train_categorical,train,categorical,L1_S24_F1384,1,24,L1_S24,F,1384
train_categorical,train,categorical,L1_S24_F1385,1,24,L1_S24,F,1385
train_categorical,train,categorical,L1_S24_F1387,1,24,L1_S24,F,1387
train_categorical,train,categorical,L1_S24_F1389,1,24,L1_S24,F,1389
train_categorical,train,categorical,L1_S24_F1390,1,24,L1_S24,F,1390
train_categorical,train,categorical,L1_S24_F1392,1,24,L1_S24,F,1392
train_categorical,train,categorical,L1_S24_F1394,1,24,L1_S24,F,1394
train_categorical,train,categorical,L1_S24_F1395,1,24,L1_S24,F,1395
train_categorical,train,categorical,L1_S24_F1397,1,24,L1_S24,F,1397
train_categorical,train,categorical,L1_S24_F1399,1,24,L1_S24,F,1399
train_categorical,train,categorical,L1_S24_F1400,1,24,L1_S24,F,1400
train_categorical,train,categorical,L1_S24_F1402,1,24,L1_S24,F,1402
train_categorical,train,categorical,L1_S24_F1404,1,24,L1_S24,F,1404
train_categorical,train,categorical,L1_S24_F1405,1,24,L1_S24,F,1405
train_categorical,train,categorical,L1_S24_F1407,1,24,L1_S24,F,1407
train_categorical,train,categorical,L1_S24_F1409,1,24,L1_S24,F,1409
train_categorical,train,categorical,L1_S24_F1410,1,24,L1_S24,F,1410
train_categorical,train,categorical,L1_S24_F1412,1,24,L1_S24,F,1412
train_categorical,train,categorical,L1_S24_F1414,1,24,L1_S24,F,1414
train_categorical,train,categorical,L1_S24_F1415,1,24,L1_S24,F,1415
train_categorical,train,categorical,L1_S24_F1417,1,24,L1_S24,F,1417
train_categorical,train,categorical,L1_S24_F1419,1,24,L1_S24,F,1419
train_categorical,train,categorical,L1_S24_F1420,1,24,L1_S24,F,1420
train_categorical,train,categorical,L1_S24_F1422,1,24,L1_S24,F,1422
train_categorical,train,categorical,L1_S24_F1424,1,24,L1_S24,F,1424
train_categorical,train,categorical,L1_S24_F1425,1,24,L1_S24,F,1425
train_categorical,train,categorical,L1_S24_F1427,1,24,L1_S24,F,1427
train_categorical,train,categorical,L1_S24_F1429,1,24,L1_S24,F,1429
train_categorical,train,categorical,L1_S24_F1430,1,24,L1_S24,F,1430
train_categorical,train,categorical,L1_S24_F1432,1,24,L1_S24,F,1432
train_categorical,train,categorical,L1_S24_F1434,1,24,L1_S24,F,1434
train_categorical,train,categorical,L1_S24_F1435,1,24,L1_S24,F,1435
train_categorical,train,categorical,L1_S24_F1437,1,24,L1_S24,F,1437
train_categorical,train,categorical,L1_S24_F1439,1,24,L1_S24,F,1439
train_categorical,train,categorical,L1_S24_F1440,1,24,L1_S24,F,1440
train_categorical,train,categorical,L1_S24_F1442,1,24,L1_S24,F,1442
train_categorical,train,categorical,L1_S24_F1444,1,24,L1_S24,F,1444
train_categorical,train,categorical,L1_S24_F1445,1,24,L1_S24,F,1445
train_categorical,train,categorical,L1_S24_F1447,1,24,L1_S24,F,1447
train_categorical,train,categorical,L1_S24_F1449,1,24,L1_S24,F,1449
train_categorical,train,categorical,L1_S24_F1450,1,24,L1_S24,F,1450
train_categorical,train,categorical,L1_S24_F1452,1,24,L1_S24,F,1452
train_categorical,train,categorical,L1_S24_F1454,1,24,L1_S24,F,1454
train_categorical,train,categorical,L1_S24_F1455,1,24,L1_S24,F,1455
train_categorical,train,categorical,L1_S24_F1456,1,24,L1_S24,F,1456
train_categorical,train,categorical,L1_S24_F1458,1,24,L1_S24,F,1458
train_categorical,train,categorical,L1_S24_F1459,1,24,L1_S24,F,1459
train_categorical,train,categorical,L1_S24_F1460,1,24,L1_S24,F,1460
train_categorical,train,categorical,L1_S24_F1462,1,24,L1_S24,F,1462
train_categorical,train,categorical,L1_S24_F1464,1,24,L1_S24,F,1464
train_categorical,train,categorical,L1_S24_F1466,1,24,L1_S24,F,1466
train_categorical,train,categorical,L1_S24_F1468,1,24,L1_S24,F,1468
train_categorical,train,categorical,L1_S24_F1470,1,24,L1_S24,F,1470
train_categorical,train,categorical,L1_S24_F1471,1,24,L1_S24,F,1471
train_categorical,train,categorical,L1_S24_F1473,1,24,L1_S24,F,1473
train_categorical,train,categorical,L1_S24_F1475,1,24,L1_S24,F,1475
train_categorical,train,categorical,L1_S24_F1477,1,24,L1_S24,F,1477
train_categorical,train,categorical,L1_S24_F1479,1,24,L1_S24,F,1479
train_categorical,train,categorical,L1_S24_F1481,1,24,L1_S24,F,1481
train_categorical,train,categorical,L1_S24_F1483,1,24,L1_S24,F,1483
train_categorical,train,categorical,L1_S24_F1485,1,24,L1_S24,F,1485
train_categorical,train,categorical,L1_S24_F1487,1,24,L1_S24,F,1487
train_categorical,train,categorical,L1_S24_F1489,1,24,L1_S24,F,1489
train_categorical,train,categorical,L1_S24_F1491,1,24,L1_S24,F,1491
train_categorical,train,categorical,L1_S24_F1493,1,24,L1_S24,F,1493
train_categorical,train,categorical,L1_S24_F1495,1,24,L1_S24,F,1495
train_categorical,train,categorical,L1_S24_F1497,1,24,L1_S24,F,1497
train_categorical,train,categorical,L1_S24_F1499,1,24,L1_S24,F,1499
train_categorical,train,categorical,L1_S24_F1501,1,24,L1_S24,F,1501
train_categorical,train,categorical,L1_S24_F1503,1,24,L1_S24,F,1503
train_categorical,train,categorical,L1_S24_F1505,1,24,L1_S24,F,1505
train_categorical,train,categorical,L1_S24_F1507,1,24,L1_S24,F,1507
train_categorical,train,categorical,L1_S24_F1509,1,24,L1_S24,F,1509
train_categorical,train,categorical,L1_S24_F1510,1,24,L1_S24,F,1510
train_categorical,train,categorical,L1_S24_F1521,1,24,L1_S24,F,1521
train_categorical,train,categorical,L1_S24_F1523,1,24,L1_S24,F,1523
train_categorical,train,categorical,L1_S24_F1524,1,24,L1_S24,F,1524
train_categorical,train,categorical,L1_S24_F1525,1,24,L1_S24,F,1525
train_categorical,train,categorical,L1_S24_F1526,1,24,L1_S24,F,1526
train_categorical,train,categorical,L1_S24_F1528,1,24,L1_S24,F,1528
train_categorical,train,categorical,L1_S24_F1529,1,24,L1_S24,F,1529
train_categorical,train,categorical,L1_S24_F1530,1,24,L1_S24,F,1530
train_categorical,train,categorical,L1_S24_F1531,1,24,L1_S24,F,1531
train_categorical,train,categorical,L1_S24_F1533,1,24,L1_S24,F,1533
train_categorical,train,categorical,L1_S24_F1534,1,24,L1_S24,F,1534
train_categorical,train,categorical,L1_S24_F1535,1,24,L1_S24,F,1535
train_categorical,train,categorical,L1_S24_F1537,1,24,L1_S24,F,1537
train_categorical,train,categorical,L1_S24_F1538,1,24,L1_S24,F,1538
train_categorical,train,categorical,L1_S24_F1540,1,24,L1_S24,F,1540
train_categorical,train,categorical,L1_S24_F1542,1,24,L1_S24,F,1542
train_categorical,train,categorical,L1_S24_F1543,1,24,L1_S24,F,1543
train_categorical,train,categorical,L1_S24_F1545,1,24,L1_S24,F,1545
train_categorical,train,categorical,L1_S24_F1547,1,24,L1_S24,F,1547
train_categorical,train,categorical,L1_S24_F1548,1,24,L1_S24,F,1548
train_categorical,train,categorical,L1_S24_F1549,1,24,L1_S24,F,1549
train_categorical,train,categorical,L1_S24_F1551,1,24,L1_S24,F,1551
train_categorical,train,categorical,L1_S24_F1552,1,24,L1_S24,F,1552
train_categorical,train,categorical,L1_S24_F1553,1,24,L1_S24,F,1553
train_categorical,train,categorical,L1_S24_F1555,1,24,L1_S24,F,1555
train_categorical,train,categorical,L1_S24_F1556,1,24,L1_S24,F,1556
train_categorical,train,categorical,L1_S24_F1557,1,24,L1_S24,F,1557
train_categorical,train,categorical,L1_S24_F1559,1,24,L1_S24,F,1559
train_categorical,train,categorical,L1_S24_F1560,1,24,L1_S24,F,1560
train_categorical,train,categorical,L1_S24_F1561,1,24,L1_S24,F,1561
train_categorical,train,categorical,L1_S24_F1563,1,24,L1_S24,F,1563
train_categorical,train,categorical,L1_S24_F1564,1,24,L1_S24,F,1564
train_categorical,train,categorical,L1_S24_F1577,1,24,L1_S24,F,1577
train_categorical,train,categorical,L1_S24_F1580,1,24,L1_S24,F,1580
train_categorical,train,categorical,L1_S24_F1582,1,24,L1_S24,F,1582
train_categorical,train,categorical,L1_S24_F1584,1,24,L1_S24,F,1584
train_categorical,train,categorical,L1_S24_F1585,1,24,L1_S24,F,1585
train_categorical,train,categorical,L1_S24_F1586,1,24,L1_S24,F,1586
train_categorical,train,categorical,L1_S24_F1588,1,24,L1_S24,F,1588
train_categorical,train,categorical,L1_S24_F1589,1,24,L1_S24,F,1589
train_categorical,train,categorical,L1_S24_F1590,1,24,L1_S24,F,1590
train_categorical,train,categorical,L1_S24_F1592,1,24,L1_S24,F,1592
train_categorical,train,categorical,L1_S24_F1593,1,24,L1_S24,F,1593
train_categorical,train,categorical,L1_S24_F1595,1,24,L1_S24,F,1595
train_categorical,train,categorical,L1_S24_F1597,1,24,L1_S24,F,1597
train_categorical,train,categorical,L1_S24_F1598,1,24,L1_S24,F,1598
train_categorical,train,categorical,L1_S24_F1600,1,24,L1_S24,F,1600
train_categorical,train,categorical,L1_S24_F1602,1,24,L1_S24,F,1602
train_categorical,train,categorical,L1_S24_F1603,1,24,L1_S24,F,1603
train_categorical,train,categorical,L1_S24_F1605,1,24,L1_S24,F,1605
train_categorical,train,categorical,L1_S24_F1607,1,24,L1_S24,F,1607
train_categorical,train,categorical,L1_S24_F1608,1,24,L1_S24,F,1608
train_categorical,train,categorical,L1_S24_F1610,1,24,L1_S24,F,1610
train_categorical,train,categorical,L1_S24_F1612,1,24,L1_S24,F,1612
train_categorical,train,categorical,L1_S24_F1613,1,24,L1_S24,F,1613
train_categorical,train,categorical,L1_S24_F1614,1,24,L1_S24,F,1614
train_categorical,train,categorical,L1_S24_F1616,1,24,L1_S24,F,1616
train_categorical,train,categorical,L1_S24_F1617,1,24,L1_S24,F,1617
train_categorical,train,categorical,L1_S24_F1618,1,24,L1_S24,F,1618
train_categorical,train,categorical,L1_S24_F1620,1,24,L1_S24,F,1620
train_categorical,train,categorical,L1_S24_F1621,1,24,L1_S24,F,1621
train_categorical,train,categorical,L1_S24_F1623,1,24,L1_S24,F,1623
train_categorical,train,categorical,L1_S24_F1625,1,24,L1_S24,F,1625
train_categorical,train,categorical,L1_S24_F1626,1,24,L1_S24,F,1626
train_categorical,train,categorical,L1_S24_F1628,1,24,L1_S24,F,1628
train_categorical,train,categorical,L1_S24_F1630,1,24,L1_S24,F,1630
train_categorical,train,categorical,L1_S24_F1631,1,24,L1_S24,F,1631
train_categorical,train,categorical,L1_S24_F1633,1,24,L1_S24,F,1633
train_categorical,train,categorical,L1_S24_F1635,1,24,L1_S24,F,1635
train_categorical,train,categorical,L1_S24_F1636,1,24,L1_S24,F,1636
train_categorical,train,categorical,L1_S24_F1638,1,24,L1_S24,F,1638
train_categorical,train,categorical,L1_S24_F1640,1,24,L1_S24,F,1640
train_categorical,train,categorical,L1_S24_F1641,1,24,L1_S24,F,1641
train_categorical,train,categorical,L1_S24_F1643,1,24,L1_S24,F,1643
train_categorical,train,categorical,L1_S24_F1645,1,24,L1_S24,F,1645
train_categorical,train,categorical,L1_S24_F1646,1,24,L1_S24,F,1646
train_categorical,train,categorical,L1_S24_F1648,1,24,L1_S24,F,1648
train_categorical,train,categorical,L1_S24_F1650,1,24,L1_S24,F,1650
train_categorical,train,categorical,L1_S24_F1651,1,24,L1_S24,F,1651
train_categorical,train,categorical,L1_S24_F1653,1,24,L1_S24,F,1653
train_categorical,train,categorical,L1_S24_F1655,1,24,L1_S24,F,1655
train_categorical,train,categorical,L1_S24_F1656,1,24,L1_S24,F,1656
train_categorical,train,categorical,L1_S24_F1658,1,24,L1_S24,F,1658
train_categorical,train,categorical,L1_S24_F1660,1,24,L1_S24,F,1660
train_categorical,train,categorical,L1_S24_F1661,1,24,L1_S24,F,1661
train_categorical,train,categorical,L1_S24_F1663,1,24,L1_S24,F,1663
train_categorical,train,categorical,L1_S24_F1665,1,24,L1_S24,F,1665
train_categorical,train,categorical,L1_S24_F1666,1,24,L1_S24,F,1666
train_categorical,train,categorical,L1_S24_F1668,1,24,L1_S24,F,1668
train_categorical,train,categorical,L1_S24_F1670,1,24,L1_S24,F,1670
train_categorical,train,categorical,L1_S24_F1671,1,24,L1_S24,F,1671
train_categorical,train,categorical,L1_S24_F1673,1,24,L1_S24,F,1673
train_categorical,train,categorical,L1_S24_F1675,1,24,L1_S24,F,1675
train_categorical,train,categorical,L1_S24_F1676,1,24,L1_S24,F,1676
train_categorical,train,categorical,L1_S24_F1677,1,24,L1_S24,F,1677
train_categorical,train,categorical,L1_S24_F1679,1,24,L1_S24,F,1679
train_categorical,train,categorical,L1_S24_F1680,1,24,L1_S24,F,1680
train_categorical,train,categorical,L1_S24_F1681,1,24,L1_S24,F,1681
train_categorical,train,categorical,L1_S24_F1683,1,24,L1_S24,F,1683
train_categorical,train,categorical,L1_S24_F1684,1,24,L1_S24,F,1684
train_categorical,train,categorical,L1_S24_F1686,1,24,L1_S24,F,1686
train_categorical,train,categorical,L1_S24_F1688,1,24,L1_S24,F,1688
train_categorical,train,categorical,L1_S24_F1689,1,24,L1_S24,F,1689
train_categorical,train,categorical,L1_S24_F1691,1,24,L1_S24,F,1691
train_categorical,train,categorical,L1_S24_F1693,1,24,L1_S24,F,1693
train_categorical,train,categorical,L1_S24_F1694,1,24,L1_S24,F,1694
train_categorical,train,categorical,L1_S24_F1696,1,24,L1_S24,F,1696
train_categorical,train,categorical,L1_S24_F1698,1,24,L1_S24,F,1698
train_categorical,train,categorical,L1_S24_F1699,1,24,L1_S24,F,1699
train_categorical,train,categorical,L1_S24_F1701,1,24,L1_S24,F,1701
train_categorical,train,categorical,L1_S24_F1703,1,24,L1_S24,F,1703
train_categorical,train,categorical,L1_S24_F1704,1,24,L1_S24,F,1704
train_categorical,train,categorical,L1_S24_F1705,1,24,L1_S24,F,1705
train_categorical,train,categorical,L1_S24_F1707,1,24,L1_S24,F,1707
train_categorical,train,categorical,L1_S24_F1708,1,24,L1_S24,F,1708
train_categorical,train,categorical,L1_S24_F1709,1,24,L1_S24,F,1709
train_categorical,train,categorical,L1_S24_F1711,1,24,L1_S24,F,1711
train_categorical,train,categorical,L1_S24_F1712,1,24,L1_S24,F,1712
train_categorical,train,categorical,L1_S24_F1714,1,24,L1_S24,F,1714
train_categorical,train,categorical,L1_S24_F1716,1,24,L1_S24,F,1716
train_categorical,train,categorical,L1_S24_F1717,1,24,L1_S24,F,1717
train_categorical,train,categorical,L1_S24_F1719,1,24,L1_S24,F,1719
train_categorical,train,categorical,L1_S24_F1721,1,24,L1_S24,F,1721
train_categorical,train,categorical,L1_S24_F1722,1,24,L1_S24,F,1722
train_categorical,train,categorical,L1_S24_F1724,1,24,L1_S24,F,1724
train_categorical,train,categorical,L1_S24_F1726,1,24,L1_S24,F,1726
train_categorical,train,categorical,L1_S24_F1727,1,24,L1_S24,F,1727
train_categorical,train,categorical,L1_S24_F1729,1,24,L1_S24,F,1729
train_categorical,train,categorical,L1_S24_F1731,1,24,L1_S24,F,1731
train_categorical,train,categorical,L1_S24_F1732,1,24,L1_S24,F,1732
train_categorical,train,categorical,L1_S24_F1734,1,24,L1_S24,F,1734
train_categorical,train,categorical,L1_S24_F1736,1,24,L1_S24,F,1736
train_categorical,train,categorical,L1_S24_F1737,1,24,L1_S24,F,1737
train_categorical,train,categorical,L1_S24_F1739,1,24,L1_S24,F,1739
train_categorical,train,categorical,L1_S24_F1741,1,24,L1_S24,F,1741
train_categorical,train,categorical,L1_S24_F1742,1,24,L1_S24,F,1742
train_categorical,train,categorical,L1_S24_F1744,1,24,L1_S24,F,1744
train_categorical,train,categorical,L1_S24_F1746,1,24,L1_S24,F,1746
train_categorical,train,categorical,L1_S24_F1747,1,24,L1_S24,F,1747
train_categorical,train,categorical,L1_S24_F1749,1,24,L1_S24,F,1749
train_categorical,train,categorical,L1_S24_F1751,1,24,L1_S24,F,1751
train_categorical,train,categorical,L1_S24_F1752,1,24,L1_S24,F,1752
train_categorical,train,categorical,L1_S24_F1754,1,24,L1_S24,F,1754
train_categorical,train,categorical,L1_S24_F1756,1,24,L1_S24,F,1756
train_categorical,train,categorical,L1_S24_F1757,1,24,L1_S24,F,1757
train_categorical,train,categorical,L1_S24_F1759,1,24,L1_S24,F,1759
train_categorical,train,categorical,L1_S24_F1761,1,24,L1_S24,F,1761
train_categorical,train,categorical,L1_S24_F1762,1,24,L1_S24,F,1762
train_categorical,train,categorical,L1_S24_F1764,1,24,L1_S24,F,1764
train_categorical,train,categorical,L1_S24_F1766,1,24,L1_S24,F,1766
train_categorical,train,categorical,L1_S24_F1767,1,24,L1_S24,F,1767
train_categorical,train,categorical,L1_S24_F1769,1,24,L1_S24,F,1769
train_categorical,train,categorical,L1_S24_F1771,1,24,L1_S24,F,1771
train_categorical,train,categorical,L1_S24_F1772,1,24,L1_S24,F,1772
train_categorical,train,categorical,L1_S24_F1774,1,24,L1_S24,F,1774
train_categorical,train,categorical,L1_S24_F1776,1,24,L1_S24,F,1776
train_categorical,train,categorical,L1_S24_F1777,1,24,L1_S24,F,1777
train_categorical,train,categorical,L1_S24_F1779,1,24,L1_S24,F,1779
train_categorical,train,categorical,L1_S24_F1781,1,24,L1_S24,F,1781
train_categorical,train,categorical,L1_S24_F1782,1,24,L1_S24,F,1782
train_categorical,train,categorical,L1_S24_F1784,1,24,L1_S24,F,1784
train_categorical,train,categorical,L1_S24_F1786,1,24,L1_S24,F,1786
train_categorical,train,categorical,L1_S24_F1787,1,24,L1_S24,F,1787
train_categorical,train,categorical,L1_S24_F1789,1,24,L1_S24,F,1789
train_categorical,train,categorical,L1_S24_F1791,1,24,L1_S24,F,1791
train_categorical,train,categorical,L1_S24_F1792,1,24,L1_S24,F,1792
train_categorical,train,categorical,L1_S24_F1794,1,24,L1_S24,F,1794
train_categorical,train,categorical,L1_S24_F1796,1,24,L1_S24,F,1796
train_categorical,train,categorical,L1_S24_F1797,1,24,L1_S24,F,1797
train_categorical,train,categorical,L1_S24_F1799,1,24,L1_S24,F,1799
train_categorical,train,categorical,L1_S24_F1801,1,24,L1_S24,F,1801
train_categorical,train,categorical,L1_S24_F1802,1,24,L1_S24,F,1802
train_categorical,train,categorical,L1_S24_F1804,1,24,L1_S24,F,1804
train_categorical,train,categorical,L1_S24_F1806,1,24,L1_S24,F,1806
train_categorical,train,categorical,L1_S24_F1807,1,24,L1_S24,F,1807
train_categorical,train,categorical,L1_S24_F1827,1,24,L1_S24,F,1827
train_categorical,train,categorical,L1_S25_F1852,1,25,L1_S25,F,1852
train_categorical,train,categorical,L1_S25_F1853,1,25,L1_S25,F,1853
train_categorical,train,categorical,L1_S25_F1856,1,25,L1_S25,F,1856
train_categorical,train,categorical,L1_S25_F1859,1,25,L1_S25,F,1859
train_categorical,train,categorical,L1_S25_F1861,1,25,L1_S25,F,1861
train_categorical,train,categorical,L1_S25_F1863,1,25,L1_S25,F,1863
train_categorical,train,categorical,L1_S25_F1866,1,25,L1_S25,F,1866
train_categorical,train,categorical,L1_S25_F1868,1,25,L1_S25,F,1868
train_categorical,train,categorical,L1_S25_F1870,1,25,L1_S25,F,1870
train_categorical,train,categorical,L1_S25_F1872,1,25,L1_S25,F,1872
train_categorical,train,categorical,L1_S25_F1874,1,25,L1_S25,F,1874
train_categorical,train,categorical,L1_S25_F1876,1,25,L1_S25,F,1876
train_categorical,train,categorical,L1_S25_F1878,1,25,L1_S25,F,1878
train_categorical,train,categorical,L1_S25_F1880,1,25,L1_S25,F,1880
train_categorical,train,categorical,L1_S25_F1882,1,25,L1_S25,F,1882
train_categorical,train,categorical,L1_S25_F1884,1,25,L1_S25,F,1884
train_categorical,train,categorical,L1_S25_F1886,1,25,L1_S25,F,1886
train_categorical,train,categorical,L1_S25_F1888,1,25,L1_S25,F,1888
train_categorical,train,categorical,L1_S25_F1889,1,25,L1_S25,F,1889
train_categorical,train,categorical,L1_S25_F1897,1,25,L1_S25,F,1897
train_categorical,train,categorical,L1_S25_F1899,1,25,L1_S25,F,1899
train_categorical,train,categorical,L1_S25_F1901,1,25,L1_S25,F,1901
train_categorical,train,categorical,L1_S25_F1903,1,25,L1_S25,F,1903
train_categorical,train,categorical,L1_S25_F1904,1,25,L1_S25,F,1904
train_categorical,train,categorical,L1_S25_F1905,1,25,L1_S25,F,1905
train_categorical,train,categorical,L1_S25_F1907,1,25,L1_S25,F,1907
train_categorical,train,categorical,L1_S25_F1908,1,25,L1_S25,F,1908
train_categorical,train,categorical,L1_S25_F1910,1,25,L1_S25,F,1910
train_categorical,train,categorical,L1_S25_F1912,1,25,L1_S25,F,1912
train_categorical,train,categorical,L1_S25_F1913,1,25,L1_S25,F,1913
train_categorical,train,categorical,L1_S25_F1915,1,25,L1_S25,F,1915
train_categorical,train,categorical,L1_S25_F1917,1,25,L1_S25,F,1917
train_categorical,train,categorical,L1_S25_F1918,1,25,L1_S25,F,1918
train_categorical,train,categorical,L1_S25_F1920,1,25,L1_S25,F,1920
train_categorical,train,categorical,L1_S25_F1922,1,25,L1_S25,F,1922
train_categorical,train,categorical,L1_S25_F1923,1,25,L1_S25,F,1923
train_categorical,train,categorical,L1_S25_F1925,1,25,L1_S25,F,1925
train_categorical,train,categorical,L1_S25_F1927,1,25,L1_S25,F,1927
train_categorical,train,categorical,L1_S25_F1928,1,25,L1_S25,F,1928
train_categorical,train,categorical,L1_S25_F1930,1,25,L1_S25,F,1930
train_categorical,train,categorical,L1_S25_F1932,1,25,L1_S25,F,1932
train_categorical,train,categorical,L1_S25_F1933,1,25,L1_S25,F,1933
train_categorical,train,categorical,L1_S25_F1934,1,25,L1_S25,F,1934
train_categorical,train,categorical,L1_S25_F1936,1,25,L1_S25,F,1936
train_categorical,train,categorical,L1_S25_F1937,1,25,L1_S25,F,1937
train_categorical,train,categorical,L1_S25_F1939,1,25,L1_S25,F,1939
train_categorical,train,categorical,L1_S25_F1941,1,25,L1_S25,F,1941
train_categorical,train,categorical,L1_S25_F1942,1,25,L1_S25,F,1942
train_categorical,train,categorical,L1_S25_F1944,1,25,L1_S25,F,1944
train_categorical,train,categorical,L1_S25_F1946,1,25,L1_S25,F,1946
train_categorical,train,categorical,L1_S25_F1947,1,25,L1_S25,F,1947
train_categorical,train,categorical,L1_S25_F1949,1,25,L1_S25,F,1949
train_categorical,train,categorical,L1_S25_F1951,1,25,L1_S25,F,1951
train_categorical,train,categorical,L1_S25_F1952,1,25,L1_S25,F,1952
train_categorical,train,categorical,L1_S25_F1954,1,25,L1_S25,F,1954
train_categorical,train,categorical,L1_S25_F1956,1,25,L1_S25,F,1956
train_categorical,train,categorical,L1_S25_F1957,1,25,L1_S25,F,1957
train_categorical,train,categorical,L1_S25_F1959,1,25,L1_S25,F,1959
train_categorical,train,categorical,L1_S25_F1961,1,25,L1_S25,F,1961
train_categorical,train,categorical,L1_S25_F1962,1,25,L1_S25,F,1962
train_categorical,train,categorical,L1_S25_F1964,1,25,L1_S25,F,1964
train_categorical,train,categorical,L1_S25_F1966,1,25,L1_S25,F,1966
train_categorical,train,categorical,L1_S25_F1967,1,25,L1_S25,F,1967
train_categorical,train,categorical,L1_S25_F1969,1,25,L1_S25,F,1969
train_categorical,train,categorical,L1_S25_F1971,1,25,L1_S25,F,1971
train_categorical,train,categorical,L1_S25_F1972,1,25,L1_S25,F,1972
train_categorical,train,categorical,L1_S25_F1974,1,25,L1_S25,F,1974
train_categorical,train,categorical,L1_S25_F1976,1,25,L1_S25,F,1976
train_categorical,train,categorical,L1_S25_F1977,1,25,L1_S25,F,1977
train_categorical,train,categorical,L1_S25_F1979,1,25,L1_S25,F,1979
train_categorical,train,categorical,L1_S25_F1981,1,25,L1_S25,F,1981
train_categorical,train,categorical,L1_S25_F1982,1,25,L1_S25,F,1982
train_categorical,train,categorical,L1_S25_F1983,1,25,L1_S25,F,1983
train_categorical,train,categorical,L1_S25_F1985,1,25,L1_S25,F,1985
train_categorical,train,categorical,L1_S25_F1986,1,25,L1_S25,F,1986
train_categorical,train,categorical,L1_S25_F1988,1,25,L1_S25,F,1988
train_categorical,train,categorical,L1_S25_F1990,1,25,L1_S25,F,1990
train_categorical,train,categorical,L1_S25_F1991,1,25,L1_S25,F,1991
train_categorical,train,categorical,L1_S25_F1993,1,25,L1_S25,F,1993
train_categorical,train,categorical,L1_S25_F1995,1,25,L1_S25,F,1995
train_categorical,train,categorical,L1_S25_F1996,1,25,L1_S25,F,1996
train_categorical,train,categorical,L1_S25_F1998,1,25,L1_S25,F,1998
train_categorical,train,categorical,L1_S25_F2000,1,25,L1_S25,F,2000
train_categorical,train,categorical,L1_S25_F2001,1,25,L1_S25,F,2001
train_categorical,train,categorical,L1_S25_F2003,1,25,L1_S25,F,2003
train_categorical,train,categorical,L1_S25_F2005,1,25,L1_S25,F,2005
train_categorical,train,categorical,L1_S25_F2006,1,25,L1_S25,F,2006
train_categorical,train,categorical,L1_S25_F2008,1,25,L1_S25,F,2008
train_categorical,train,categorical,L1_S25_F2010,1,25,L1_S25,F,2010
train_categorical,train,categorical,L1_S25_F2011,1,25,L1_S25,F,2011
train_categorical,train,categorical,L1_S25_F2012,1,25,L1_S25,F,2012
train_categorical,train,categorical,L1_S25_F2014,1,25,L1_S25,F,2014
train_categorical,train,categorical,L1_S25_F2015,1,25,L1_S25,F,2015
train_categorical,train,categorical,L1_S25_F2017,1,25,L1_S25,F,2017
train_categorical,train,categorical,L1_S25_F2019,1,25,L1_S25,F,2019
train_categorical,train,categorical,L1_S25_F2020,1,25,L1_S25,F,2020
train_categorical,train,categorical,L1_S25_F2022,1,25,L1_S25,F,2022
train_categorical,train,categorical,L1_S25_F2024,1,25,L1_S25,F,2024
train_categorical,train,categorical,L1_S25_F2025,1,25,L1_S25,F,2025
train_categorical,train,categorical,L1_S25_F2027,1,25,L1_S25,F,2027
train_categorical,train,categorical,L1_S25_F2029,1,25,L1_S25,F,2029
train_categorical,train,categorical,L1_S25_F2030,1,25,L1_S25,F,2030
train_categorical,train,categorical,L1_S25_F2032,1,25,L1_S25,F,2032
train_categorical,train,categorical,L1_S25_F2034,1,25,L1_S25,F,2034
train_categorical,train,categorical,L1_S25_F2035,1,25,L1_S25,F,2035
train_categorical,train,categorical,L1_S25_F2037,1,25,L1_S25,F,2037
train_categorical,train,categorical,L1_S25_F2039,1,25,L1_S25,F,2039
train_categorical,train,categorical,L1_S25_F2040,1,25,L1_S25,F,2040
train_categorical,train,categorical,L1_S25_F2042,1,25,L1_S25,F,2042
train_categorical,train,categorical,L1_S25_F2044,1,25,L1_S25,F,2044
train_categorical,train,categorical,L1_S25_F2045,1,25,L1_S25,F,2045
train_categorical,train,categorical,L1_S25_F2047,1,25,L1_S25,F,2047
train_categorical,train,categorical,L1_S25_F2049,1,25,L1_S25,F,2049
train_categorical,train,categorical,L1_S25_F2050,1,25,L1_S25,F,2050
train_categorical,train,categorical,L1_S25_F2052,1,25,L1_S25,F,2052
train_categorical,train,categorical,L1_S25_F2054,1,25,L1_S25,F,2054
train_categorical,train,categorical,L1_S25_F2055,1,25,L1_S25,F,2055
train_categorical,train,categorical,L1_S25_F2057,1,25,L1_S25,F,2057
train_categorical,train,categorical,L1_S25_F2059,1,25,L1_S25,F,2059
train_categorical,train,categorical,L1_S25_F2060,1,25,L1_S25,F,2060
train_categorical,train,categorical,L1_S25_F2062,1,25,L1_S25,F,2062
train_categorical,train,categorical,L1_S25_F2064,1,25,L1_S25,F,2064
train_categorical,train,categorical,L1_S25_F2065,1,25,L1_S25,F,2065
train_categorical,train,categorical,L1_S25_F2067,1,25,L1_S25,F,2067
train_categorical,train,categorical,L1_S25_F2069,1,25,L1_S25,F,2069
train_categorical,train,categorical,L1_S25_F2070,1,25,L1_S25,F,2070
train_categorical,train,categorical,L1_S25_F2072,1,25,L1_S25,F,2072
train_categorical,train,categorical,L1_S25_F2074,1,25,L1_S25,F,2074
train_categorical,train,categorical,L1_S25_F2075,1,25,L1_S25,F,2075
train_categorical,train,categorical,L1_S25_F2077,1,25,L1_S25,F,2077
train_categorical,train,categorical,L1_S25_F2079,1,25,L1_S25,F,2079
train_categorical,train,categorical,L1_S25_F2080,1,25,L1_S25,F,2080
train_categorical,train,categorical,L1_S25_F2082,1,25,L1_S25,F,2082
train_categorical,train,categorical,L1_S25_F2084,1,25,L1_S25,F,2084
train_categorical,train,categorical,L1_S25_F2085,1,25,L1_S25,F,2085
train_categorical,train,categorical,L1_S25_F2087,1,25,L1_S25,F,2087
train_categorical,train,categorical,L1_S25_F2089,1,25,L1_S25,F,2089
train_categorical,train,categorical,L1_S25_F2090,1,25,L1_S25,F,2090
train_categorical,train,categorical,L1_S25_F2092,1,25,L1_S25,F,2092
train_categorical,train,categorical,L1_S25_F2094,1,25,L1_S25,F,2094
train_categorical,train,categorical,L1_S25_F2095,1,25,L1_S25,F,2095
train_categorical,train,categorical,L1_S25_F2097,1,25,L1_S25,F,2097
train_categorical,train,categorical,L1_S25_F2099,1,25,L1_S25,F,2099
train_categorical,train,categorical,L1_S25_F2100,1,25,L1_S25,F,2100
train_categorical,train,categorical,L1_S25_F2102,1,25,L1_S25,F,2102
train_categorical,train,categorical,L1_S25_F2104,1,25,L1_S25,F,2104
train_categorical,train,categorical,L1_S25_F2105,1,25,L1_S25,F,2105
train_categorical,train,categorical,L1_S25_F2107,1,25,L1_S25,F,2107
train_categorical,train,categorical,L1_S25_F2109,1,25,L1_S25,F,2109
train_categorical,train,categorical,L1_S25_F2110,1,25,L1_S25,F,2110
train_categorical,train,categorical,L1_S25_F2112,1,25,L1_S25,F,2112
train_categorical,train,categorical,L1_S25_F2114,1,25,L1_S25,F,2114
train_categorical,train,categorical,L1_S25_F2115,1,25,L1_S25,F,2115
train_categorical,train,categorical,L1_S25_F2117,1,25,L1_S25,F,2117
train_categorical,train,categorical,L1_S25_F2119,1,25,L1_S25,F,2119
train_categorical,train,categorical,L1_S25_F2120,1,25,L1_S25,F,2120
train_categorical,train,categorical,L1_S25_F2122,1,25,L1_S25,F,2122
train_categorical,train,categorical,L1_S25_F2124,1,25,L1_S25,F,2124
train_categorical,train,categorical,L1_S25_F2125,1,25,L1_S25,F,2125
train_categorical,train,categorical,L1_S25_F2127,1,25,L1_S25,F,2127
train_categorical,train,categorical,L1_S25_F2129,1,25,L1_S25,F,2129
train_categorical,train,categorical,L1_S25_F2130,1,25,L1_S25,F,2130
train_categorical,train,categorical,L1_S25_F2132,1,25,L1_S25,F,2132
train_categorical,train,categorical,L1_S25_F2134,1,25,L1_S25,F,2134
train_categorical,train,categorical,L1_S25_F2135,1,25,L1_S25,F,2135
train_categorical,train,categorical,L1_S25_F2137,1,25,L1_S25,F,2137
train_categorical,train,categorical,L1_S25_F2139,1,25,L1_S25,F,2139
train_categorical,train,categorical,L1_S25_F2141,1,25,L1_S25,F,2141
train_categorical,train,categorical,L1_S25_F2142,1,25,L1_S25,F,2142
train_categorical,train,categorical,L1_S25_F2145,1,25,L1_S25,F,2145
train_categorical,train,categorical,L1_S25_F2148,1,25,L1_S25,F,2148
train_categorical,train,categorical,L1_S25_F2150,1,25,L1_S25,F,2150
train_categorical,train,categorical,L1_S25_F2153,1,25,L1_S25,F,2153
train_categorical,train,categorical,L1_S25_F2156,1,25,L1_S25,F,2156
train_categorical,train,categorical,L1_S25_F2159,1,25,L1_S25,F,2159
train_categorical,train,categorical,L1_S25_F2162,1,25,L1_S25,F,2162
train_categorical,train,categorical,L1_S25_F2165,1,25,L1_S25,F,2165
train_categorical,train,categorical,L1_S25_F2168,1,25,L1_S25,F,2168
train_categorical,train,categorical,L1_S25_F2171,1,25,L1_S25,F,2171
train_categorical,train,categorical,L1_S25_F2174,1,25,L1_S25,F,2174
train_categorical,train,categorical,L1_S25_F2177,1,25,L1_S25,F,2177
train_categorical,train,categorical,L1_S25_F2179,1,25,L1_S25,F,2179
train_categorical,train,categorical,L1_S25_F2182,1,25,L1_S25,F,2182
train_categorical,train,categorical,L1_S25_F2185,1,25,L1_S25,F,2185
train_categorical,train,categorical,L1_S25_F2188,1,25,L1_S25,F,2188
train_categorical,train,categorical,L1_S25_F2191,1,25,L1_S25,F,2191
train_categorical,train,categorical,L1_S25_F2194,1,25,L1_S25,F,2194
train_categorical,train,categorical,L1_S25_F2197,1,25,L1_S25,F,2197
train_categorical,train,categorical,L1_S25_F2200,1,25,L1_S25,F,2200
train_categorical,train,categorical,L1_S25_F2203,1,25,L1_S25,F,2203
train_categorical,train,categorical,L1_S25_F2205,1,25,L1_S25,F,2205
train_categorical,train,categorical,L1_S25_F2208,1,25,L1_S25,F,2208
train_categorical,train,categorical,L1_S25_F2211,1,25,L1_S25,F,2211
train_categorical,train,categorical,L1_S25_F2213,1,25,L1_S25,F,2213
train_categorical,train,categorical,L1_S25_F2215,1,25,L1_S25,F,2215
train_categorical,train,categorical,L1_S25_F2218,1,25,L1_S25,F,2218
train_categorical,train,categorical,L1_S25_F2221,1,25,L1_S25,F,2221
train_categorical,train,categorical,L1_S25_F2224,1,25,L1_S25,F,2224
train_categorical,train,categorical,L1_S25_F2227,1,25,L1_S25,F,2227
train_categorical,train,categorical,L1_S25_F2229,1,25,L1_S25,F,2229
train_categorical,train,categorical,L1_S25_F2250,1,25,L1_S25,F,2250
train_categorical,train,categorical,L1_S25_F2252,1,25,L1_S25,F,2252
train_categorical,train,categorical,L1_S25_F2253,1,25,L1_S25,F,2253
train_categorical,train,categorical,L1_S25_F2254,1,25,L1_S25,F,2254
train_categorical,train,categorical,L1_S25_F2256,1,25,L1_S25,F,2256
train_categorical,train,categorical,L1_S25_F2257,1,25,L1_S25,F,2257
train_categorical,train,categorical,L1_S25_F2259,1,25,L1_S25,F,2259
train_categorical,train,categorical,L1_S25_F2261,1,25,L1_S25,F,2261
train_categorical,train,categorical,L1_S25_F2262,1,25,L1_S25,F,2262
train_categorical,train,categorical,L1_S25_F2264,1,25,L1_S25,F,2264
train_categorical,train,categorical,L1_S25_F2266,1,25,L1_S25,F,2266
train_categorical,train,categorical,L1_S25_F2267,1,25,L1_S25,F,2267
train_categorical,train,categorical,L1_S25_F2269,1,25,L1_S25,F,2269
train_categorical,train,categorical,L1_S25_F2271,1,25,L1_S25,F,2271
train_categorical,train,categorical,L1_S25_F2272,1,25,L1_S25,F,2272
train_categorical,train,categorical,L1_S25_F2274,1,25,L1_S25,F,2274
train_categorical,train,categorical,L1_S25_F2276,1,25,L1_S25,F,2276
train_categorical,train,categorical,L1_S25_F2277,1,25,L1_S25,F,2277
train_categorical,train,categorical,L1_S25_F2279,1,25,L1_S25,F,2279
train_categorical,train,categorical,L1_S25_F2281,1,25,L1_S25,F,2281
train_categorical,train,categorical,L1_S25_F2282,1,25,L1_S25,F,2282
train_categorical,train,categorical,L1_S25_F2283,1,25,L1_S25,F,2283
train_categorical,train,categorical,L1_S25_F2285,1,25,L1_S25,F,2285
train_categorical,train,categorical,L1_S25_F2286,1,25,L1_S25,F,2286
train_categorical,train,categorical,L1_S25_F2288,1,25,L1_S25,F,2288
train_categorical,train,categorical,L1_S25_F2290,1,25,L1_S25,F,2290
train_categorical,train,categorical,L1_S25_F2291,1,25,L1_S25,F,2291
train_categorical,train,categorical,L1_S25_F2293,1,25,L1_S25,F,2293
train_categorical,train,categorical,L1_S25_F2295,1,25,L1_S25,F,2295
train_categorical,train,categorical,L1_S25_F2296,1,25,L1_S25,F,2296
train_categorical,train,categorical,L1_S25_F2298,1,25,L1_S25,F,2298
train_categorical,train,categorical,L1_S25_F2300,1,25,L1_S25,F,2300
train_categorical,train,categorical,L1_S25_F2301,1,25,L1_S25,F,2301
train_categorical,train,categorical,L1_S25_F2303,1,25,L1_S25,F,2303
train_categorical,train,categorical,L1_S25_F2305,1,25,L1_S25,F,2305
train_categorical,train,categorical,L1_S25_F2306,1,25,L1_S25,F,2306
train_categorical,train,categorical,L1_S25_F2308,1,25,L1_S25,F,2308
train_categorical,train,categorical,L1_S25_F2310,1,25,L1_S25,F,2310
train_categorical,train,categorical,L1_S25_F2311,1,25,L1_S25,F,2311
train_categorical,train,categorical,L1_S25_F2313,1,25,L1_S25,F,2313
train_categorical,train,categorical,L1_S25_F2315,1,25,L1_S25,F,2315
train_categorical,train,categorical,L1_S25_F2316,1,25,L1_S25,F,2316
train_categorical,train,categorical,L1_S25_F2318,1,25,L1_S25,F,2318
train_categorical,train,categorical,L1_S25_F2320,1,25,L1_S25,F,2320
train_categorical,train,categorical,L1_S25_F2321,1,25,L1_S25,F,2321
train_categorical,train,categorical,L1_S25_F2323,1,25,L1_S25,F,2323
train_categorical,train,categorical,L1_S25_F2325,1,25,L1_S25,F,2325
train_categorical,train,categorical,L1_S25_F2326,1,25,L1_S25,F,2326
train_categorical,train,categorical,L1_S25_F2328,1,25,L1_S25,F,2328
train_categorical,train,categorical,L1_S25_F2330,1,25,L1_S25,F,2330
train_categorical,train,categorical,L1_S25_F2331,1,25,L1_S25,F,2331
train_categorical,train,categorical,L1_S25_F2332,1,25,L1_S25,F,2332
train_categorical,train,categorical,L1_S25_F2334,1,25,L1_S25,F,2334
train_categorical,train,categorical,L1_S25_F2335,1,25,L1_S25,F,2335
train_categorical,train,categorical,L1_S25_F2337,1,25,L1_S25,F,2337
train_categorical,train,categorical,L1_S25_F2339,1,25,L1_S25,F,2339
train_categorical,train,categorical,L1_S25_F2340,1,25,L1_S25,F,2340
train_categorical,train,categorical,L1_S25_F2342,1,25,L1_S25,F,2342
train_categorical,train,categorical,L1_S25_F2344,1,25,L1_S25,F,2344
train_categorical,train,categorical,L1_S25_F2345,1,25,L1_S25,F,2345
train_categorical,train,categorical,L1_S25_F2347,1,25,L1_S25,F,2347
train_categorical,train,categorical,L1_S25_F2349,1,25,L1_S25,F,2349
train_categorical,train,categorical,L1_S25_F2350,1,25,L1_S25,F,2350
train_categorical,train,categorical,L1_S25_F2352,1,25,L1_S25,F,2352
train_categorical,train,categorical,L1_S25_F2354,1,25,L1_S25,F,2354
train_categorical,train,categorical,L1_S25_F2355,1,25,L1_S25,F,2355
train_categorical,train,categorical,L1_S25_F2357,1,25,L1_S25,F,2357
train_categorical,train,categorical,L1_S25_F2359,1,25,L1_S25,F,2359
train_categorical,train,categorical,L1_S25_F2360,1,25,L1_S25,F,2360
train_categorical,train,categorical,L1_S25_F2361,1,25,L1_S25,F,2361
train_categorical,train,categorical,L1_S25_F2363,1,25,L1_S25,F,2363
train_categorical,train,categorical,L1_S25_F2364,1,25,L1_S25,F,2364
train_categorical,train,categorical,L1_S25_F2366,1,25,L1_S25,F,2366
train_categorical,train,categorical,L1_S25_F2368,1,25,L1_S25,F,2368
train_categorical,train,categorical,L1_S25_F2369,1,25,L1_S25,F,2369
train_categorical,train,categorical,L1_S25_F2371,1,25,L1_S25,F,2371
train_categorical,train,categorical,L1_S25_F2373,1,25,L1_S25,F,2373
train_categorical,train,categorical,L1_S25_F2374,1,25,L1_S25,F,2374
train_categorical,train,categorical,L1_S25_F2376,1,25,L1_S25,F,2376
train_categorical,train,categorical,L1_S25_F2378,1,25,L1_S25,F,2378
train_categorical,train,categorical,L1_S25_F2379,1,25,L1_S25,F,2379
train_categorical,train,categorical,L1_S25_F2381,1,25,L1_S25,F,2381
train_categorical,train,categorical,L1_S25_F2383,1,25,L1_S25,F,2383
train_categorical,train,categorical,L1_S25_F2384,1,25,L1_S25,F,2384
train_categorical,train,categorical,L1_S25_F2386,1,25,L1_S25,F,2386
train_categorical,train,categorical,L1_S25_F2388,1,25,L1_S25,F,2388
train_categorical,train,categorical,L1_S25_F2389,1,25,L1_S25,F,2389
train_categorical,train,categorical,L1_S25_F2391,1,25,L1_S25,F,2391
train_categorical,train,categorical,L1_S25_F2393,1,25,L1_S25,F,2393
train_categorical,train,categorical,L1_S25_F2394,1,25,L1_S25,F,2394
train_categorical,train,categorical,L1_S25_F2396,1,25,L1_S25,F,2396
train_categorical,train,categorical,L1_S25_F2398,1,25,L1_S25,F,2398
train_categorical,train,categorical,L1_S25_F2399,1,25,L1_S25,F,2399
train_categorical,train,categorical,L1_S25_F2401,1,25,L1_S25,F,2401
train_categorical,train,categorical,L1_S25_F2403,1,25,L1_S25,F,2403
train_categorical,train,categorical,L1_S25_F2404,1,25,L1_S25,F,2404
train_categorical,train,categorical,L1_S25_F2407,1,25,L1_S25,F,2407
train_categorical,train,categorical,L1_S25_F2410,1,25,L1_S25,F,2410
train_categorical,train,categorical,L1_S25_F2413,1,25,L1_S25,F,2413
train_categorical,train,categorical,L1_S25_F2416,1,25,L1_S25,F,2416
train_categorical,train,categorical,L1_S25_F2419,1,25,L1_S25,F,2419
train_categorical,train,categorical,L1_S25_F2422,1,25,L1_S25,F,2422
train_categorical,train,categorical,L1_S25_F2425,1,25,L1_S25,F,2425
train_categorical,train,categorical,L1_S25_F2428,1,25,L1_S25,F,2428
train_categorical,train,categorical,L1_S25_F2447,1,25,L1_S25,F,2447
train_categorical,train,categorical,L1_S25_F2470,1,25,L1_S25,F,2470
train_categorical,train,categorical,L1_S25_F2473,1,25,L1_S25,F,2473
train_categorical,train,categorical,L1_S25_F2476,1,25,L1_S25,F,2476
train_categorical,train,categorical,L1_S25_F2479,1,25,L1_S25,F,2479
train_categorical,train,categorical,L1_S25_F2482,1,25,L1_S25,F,2482
train_categorical,train,categorical,L1_S25_F2485,1,25,L1_S25,F,2485
train_categorical,train,categorical,L1_S25_F2488,1,25,L1_S25,F,2488
train_categorical,train,categorical,L1_S25_F2491,1,25,L1_S25,F,2491
train_categorical,train,categorical,L1_S25_F2494,1,25,L1_S25,F,2494
train_categorical,train,categorical,L1_S25_F2496,1,25,L1_S25,F,2496
train_categorical,train,categorical,L1_S25_F2517,1,25,L1_S25,F,2517
train_categorical,train,categorical,L1_S25_F2519,1,25,L1_S25,F,2519
train_categorical,train,categorical,L1_S25_F2520,1,25,L1_S25,F,2520
train_categorical,train,categorical,L1_S25_F2521,1,25,L1_S25,F,2521
train_categorical,train,categorical,L1_S25_F2523,1,25,L1_S25,F,2523
train_categorical,train,categorical,L1_S25_F2524,1,25,L1_S25,F,2524
train_categorical,train,categorical,L1_S25_F2526,1,25,L1_S25,F,2526
train_categorical,train,categorical,L1_S25_F2528,1,25,L1_S25,F,2528
train_categorical,train,categorical,L1_S25_F2529,1,25,L1_S25,F,2529
train_categorical,train,categorical,L1_S25_F2531,1,25,L1_S25,F,2531
train_categorical,train,categorical,L1_S25_F2533,1,25,L1_S25,F,2533
train_categorical,train,categorical,L1_S25_F2534,1,25,L1_S25,F,2534
train_categorical,train,categorical,L1_S25_F2536,1,25,L1_S25,F,2536
train_categorical,train,categorical,L1_S25_F2538,1,25,L1_S25,F,2538
train_categorical,train,categorical,L1_S25_F2539,1,25,L1_S25,F,2539
train_categorical,train,categorical,L1_S25_F2541,1,25,L1_S25,F,2541
train_categorical,train,categorical,L1_S25_F2543,1,25,L1_S25,F,2543
train_categorical,train,categorical,L1_S25_F2544,1,25,L1_S25,F,2544
train_categorical,train,categorical,L1_S25_F2546,1,25,L1_S25,F,2546
train_categorical,train,categorical,L1_S25_F2548,1,25,L1_S25,F,2548
train_categorical,train,categorical,L1_S25_F2549,1,25,L1_S25,F,2549
train_categorical,train,categorical,L1_S25_F2550,1,25,L1_S25,F,2550
train_categorical,train,categorical,L1_S25_F2552,1,25,L1_S25,F,2552
train_categorical,train,categorical,L1_S25_F2553,1,25,L1_S25,F,2553
train_categorical,train,categorical,L1_S25_F2555,1,25,L1_S25,F,2555
train_categorical,train,categorical,L1_S25_F2557,1,25,L1_S25,F,2557
train_categorical,train,categorical,L1_S25_F2558,1,25,L1_S25,F,2558
train_categorical,train,categorical,L1_S25_F2560,1,25,L1_S25,F,2560
train_categorical,train,categorical,L1_S25_F2562,1,25,L1_S25,F,2562
train_categorical,train,categorical,L1_S25_F2563,1,25,L1_S25,F,2563
train_categorical,train,categorical,L1_S25_F2565,1,25,L1_S25,F,2565
train_categorical,train,categorical,L1_S25_F2567,1,25,L1_S25,F,2567
train_categorical,train,categorical,L1_S25_F2568,1,25,L1_S25,F,2568
train_categorical,train,categorical,L1_S25_F2570,1,25,L1_S25,F,2570
train_categorical,train,categorical,L1_S25_F2572,1,25,L1_S25,F,2572
train_categorical,train,categorical,L1_S25_F2573,1,25,L1_S25,F,2573
train_categorical,train,categorical,L1_S25_F2575,1,25,L1_S25,F,2575
train_categorical,train,categorical,L1_S25_F2577,1,25,L1_S25,F,2577
train_categorical,train,categorical,L1_S25_F2578,1,25,L1_S25,F,2578
train_categorical,train,categorical,L1_S25_F2580,1,25,L1_S25,F,2580
train_categorical,train,categorical,L1_S25_F2582,1,25,L1_S25,F,2582
train_categorical,train,categorical,L1_S25_F2583,1,25,L1_S25,F,2583
train_categorical,train,categorical,L1_S25_F2585,1,25,L1_S25,F,2585
train_categorical,train,categorical,L1_S25_F2587,1,25,L1_S25,F,2587
train_categorical,train,categorical,L1_S25_F2588,1,25,L1_S25,F,2588
train_categorical,train,categorical,L1_S25_F2590,1,25,L1_S25,F,2590
train_categorical,train,categorical,L1_S25_F2592,1,25,L1_S25,F,2592
train_categorical,train,categorical,L1_S25_F2593,1,25,L1_S25,F,2593
train_categorical,train,categorical,L1_S25_F2595,1,25,L1_S25,F,2595
train_categorical,train,categorical,L1_S25_F2597,1,25,L1_S25,F,2597
train_categorical,train,categorical,L1_S25_F2598,1,25,L1_S25,F,2598
train_categorical,train,categorical,L1_S25_F2599,1,25,L1_S25,F,2599
train_categorical,train,categorical,L1_S25_F2601,1,25,L1_S25,F,2601
train_categorical,train,categorical,L1_S25_F2602,1,25,L1_S25,F,2602
train_categorical,train,categorical,L1_S25_F2604,1,25,L1_S25,F,2604
train_categorical,train,categorical,L1_S25_F2606,1,25,L1_S25,F,2606
train_categorical,train,categorical,L1_S25_F2607,1,25,L1_S25,F,2607
train_categorical,train,categorical,L1_S25_F2609,1,25,L1_S25,F,2609
train_categorical,train,categorical,L1_S25_F2611,1,25,L1_S25,F,2611
train_categorical,train,categorical,L1_S25_F2612,1,25,L1_S25,F,2612
train_categorical,train,categorical,L1_S25_F2614,1,25,L1_S25,F,2614
train_categorical,train,categorical,L1_S25_F2616,1,25,L1_S25,F,2616
train_categorical,train,categorical,L1_S25_F2617,1,25,L1_S25,F,2617
train_categorical,train,categorical,L1_S25_F2619,1,25,L1_S25,F,2619
train_categorical,train,categorical,L1_S25_F2621,1,25,L1_S25,F,2621
train_categorical,train,categorical,L1_S25_F2622,1,25,L1_S25,F,2622
train_categorical,train,categorical,L1_S25_F2624,1,25,L1_S25,F,2624
train_categorical,train,categorical,L1_S25_F2626,1,25,L1_S25,F,2626
train_categorical,train,categorical,L1_S25_F2627,1,25,L1_S25,F,2627
train_categorical,train,categorical,L1_S25_F2628,1,25,L1_S25,F,2628
train_categorical,train,categorical,L1_S25_F2630,1,25,L1_S25,F,2630
train_categorical,train,categorical,L1_S25_F2631,1,25,L1_S25,F,2631
train_categorical,train,categorical,L1_S25_F2633,1,25,L1_S25,F,2633
train_categorical,train,categorical,L1_S25_F2635,1,25,L1_S25,F,2635
train_categorical,train,categorical,L1_S25_F2636,1,25,L1_S25,F,2636
train_categorical,train,categorical,L1_S25_F2638,1,25,L1_S25,F,2638
train_categorical,train,categorical,L1_S25_F2640,1,25,L1_S25,F,2640
train_categorical,train,categorical,L1_S25_F2641,1,25,L1_S25,F,2641
train_categorical,train,categorical,L1_S25_F2643,1,25,L1_S25,F,2643
train_categorical,train,categorical,L1_S25_F2645,1,25,L1_S25,F,2645
train_categorical,train,categorical,L1_S25_F2646,1,25,L1_S25,F,2646
train_categorical,train,categorical,L1_S25_F2648,1,25,L1_S25,F,2648
train_categorical,train,categorical,L1_S25_F2650,1,25,L1_S25,F,2650
train_categorical,train,categorical,L1_S25_F2651,1,25,L1_S25,F,2651
train_categorical,train,categorical,L1_S25_F2653,1,25,L1_S25,F,2653
train_categorical,train,categorical,L1_S25_F2655,1,25,L1_S25,F,2655
train_categorical,train,categorical,L1_S25_F2656,1,25,L1_S25,F,2656
train_categorical,train,categorical,L1_S25_F2658,1,25,L1_S25,F,2658
train_categorical,train,categorical,L1_S25_F2660,1,25,L1_S25,F,2660
train_categorical,train,categorical,L1_S25_F2661,1,25,L1_S25,F,2661
train_categorical,train,categorical,L1_S25_F2663,1,25,L1_S25,F,2663
train_categorical,train,categorical,L1_S25_F2665,1,25,L1_S25,F,2665
train_categorical,train,categorical,L1_S25_F2666,1,25,L1_S25,F,2666
train_categorical,train,categorical,L1_S25_F2668,1,25,L1_S25,F,2668
train_categorical,train,categorical,L1_S25_F2670,1,25,L1_S25,F,2670
train_categorical,train,categorical,L1_S25_F2671,1,25,L1_S25,F,2671
train_categorical,train,categorical,L1_S25_F2673,1,25,L1_S25,F,2673
train_categorical,train,categorical,L1_S25_F2675,1,25,L1_S25,F,2675
train_categorical,train,categorical,L1_S25_F2676,1,25,L1_S25,F,2676
train_categorical,train,categorical,L1_S25_F2678,1,25,L1_S25,F,2678
train_categorical,train,categorical,L1_S25_F2680,1,25,L1_S25,F,2680
train_categorical,train,categorical,L1_S25_F2681,1,25,L1_S25,F,2681
train_categorical,train,categorical,L1_S25_F2683,1,25,L1_S25,F,2683
train_categorical,train,categorical,L1_S25_F2685,1,25,L1_S25,F,2685
train_categorical,train,categorical,L1_S25_F2686,1,25,L1_S25,F,2686
train_categorical,train,categorical,L1_S25_F2688,1,25,L1_S25,F,2688
train_categorical,train,categorical,L1_S25_F2690,1,25,L1_S25,F,2690
train_categorical,train,categorical,L1_S25_F2691,1,25,L1_S25,F,2691
train_categorical,train,categorical,L1_S25_F2693,1,25,L1_S25,F,2693
train_categorical,train,categorical,L1_S25_F2695,1,25,L1_S25,F,2695
train_categorical,train,categorical,L1_S25_F2696,1,25,L1_S25,F,2696
train_categorical,train,categorical,L1_S25_F2698,1,25,L1_S25,F,2698
train_categorical,train,categorical,L1_S25_F2700,1,25,L1_S25,F,2700
train_categorical,train,categorical,L1_S25_F2701,1,25,L1_S25,F,2701
train_categorical,train,categorical,L1_S25_F2703,1,25,L1_S25,F,2703
train_categorical,train,categorical,L1_S25_F2705,1,25,L1_S25,F,2705
train_categorical,train,categorical,L1_S25_F2706,1,25,L1_S25,F,2706
train_categorical,train,categorical,L1_S25_F2708,1,25,L1_S25,F,2708
train_categorical,train,categorical,L1_S25_F2710,1,25,L1_S25,F,2710
train_categorical,train,categorical,L1_S25_F2711,1,25,L1_S25,F,2711
train_categorical,train,categorical,L1_S25_F2730,1,25,L1_S25,F,2730
train_categorical,train,categorical,L1_S25_F2753,1,25,L1_S25,F,2753
train_categorical,train,categorical,L1_S25_F2756,1,25,L1_S25,F,2756
train_categorical,train,categorical,L1_S25_F2759,1,25,L1_S25,F,2759
train_categorical,train,categorical,L1_S25_F2762,1,25,L1_S25,F,2762
train_categorical,train,categorical,L1_S25_F2765,1,25,L1_S25,F,2765
train_categorical,train,categorical,L1_S25_F2768,1,25,L1_S25,F,2768
train_categorical,train,categorical,L1_S25_F2771,1,25,L1_S25,F,2771
train_categorical,train,categorical,L1_S25_F2774,1,25,L1_S25,F,2774
train_categorical,train,categorical,L1_S25_F2777,1,25,L1_S25,F,2777
train_categorical,train,categorical,L1_S25_F2779,1,25,L1_S25,F,2779
train_categorical,train,categorical,L1_S25_F2800,1,25,L1_S25,F,2800
train_categorical,train,categorical,L1_S25_F2802,1,25,L1_S25,F,2802
train_categorical,train,categorical,L1_S25_F2803,1,25,L1_S25,F,2803
train_categorical,train,categorical,L1_S25_F2804,1,25,L1_S25,F,2804
train_categorical,train,categorical,L1_S25_F2806,1,25,L1_S25,F,2806
train_categorical,train,categorical,L1_S25_F2807,1,25,L1_S25,F,2807
train_categorical,train,categorical,L1_S25_F2809,1,25,L1_S25,F,2809
train_categorical,train,categorical,L1_S25_F2811,1,25,L1_S25,F,2811
train_categorical,train,categorical,L1_S25_F2812,1,25,L1_S25,F,2812
train_categorical,train,categorical,L1_S25_F2814,1,25,L1_S25,F,2814
train_categorical,train,categorical,L1_S25_F2816,1,25,L1_S25,F,2816
train_categorical,train,categorical,L1_S25_F2817,1,25,L1_S25,F,2817
train_categorical,train,categorical,L1_S25_F2819,1,25,L1_S25,F,2819
train_categorical,train,categorical,L1_S25_F2821,1,25,L1_S25,F,2821
train_categorical,train,categorical,L1_S25_F2822,1,25,L1_S25,F,2822
train_categorical,train,categorical,L1_S25_F2824,1,25,L1_S25,F,2824
train_categorical,train,categorical,L1_S25_F2826,1,25,L1_S25,F,2826
train_categorical,train,categorical,L1_S25_F2827,1,25,L1_S25,F,2827
train_categorical,train,categorical,L1_S25_F2829,1,25,L1_S25,F,2829
train_categorical,train,categorical,L1_S25_F2831,1,25,L1_S25,F,2831
train_categorical,train,categorical,L1_S25_F2832,1,25,L1_S25,F,2832
train_categorical,train,categorical,L1_S25_F2833,1,25,L1_S25,F,2833
train_categorical,train,categorical,L1_S25_F2835,1,25,L1_S25,F,2835
train_categorical,train,categorical,L1_S25_F2836,1,25,L1_S25,F,2836
train_categorical,train,categorical,L1_S25_F2838,1,25,L1_S25,F,2838
train_categorical,train,categorical,L1_S25_F2840,1,25,L1_S25,F,2840
train_categorical,train,categorical,L1_S25_F2841,1,25,L1_S25,F,2841
train_categorical,train,categorical,L1_S25_F2843,1,25,L1_S25,F,2843
train_categorical,train,categorical,L1_S25_F2845,1,25,L1_S25,F,2845
train_categorical,train,categorical,L1_S25_F2846,1,25,L1_S25,F,2846
train_categorical,train,categorical,L1_S25_F2848,1,25,L1_S25,F,2848
train_categorical,train,categorical,L1_S25_F2850,1,25,L1_S25,F,2850
train_categorical,train,categorical,L1_S25_F2851,1,25,L1_S25,F,2851
train_categorical,train,categorical,L1_S25_F2853,1,25,L1_S25,F,2853
train_categorical,train,categorical,L1_S25_F2855,1,25,L1_S25,F,2855
train_categorical,train,categorical,L1_S25_F2856,1,25,L1_S25,F,2856
train_categorical,train,categorical,L1_S25_F2858,1,25,L1_S25,F,2858
train_categorical,train,categorical,L1_S25_F2860,1,25,L1_S25,F,2860
train_categorical,train,categorical,L1_S25_F2861,1,25,L1_S25,F,2861
train_categorical,train,categorical,L1_S25_F2863,1,25,L1_S25,F,2863
train_categorical,train,categorical,L1_S25_F2865,1,25,L1_S25,F,2865
train_categorical,train,categorical,L1_S25_F2866,1,25,L1_S25,F,2866
train_categorical,train,categorical,L1_S25_F2868,1,25,L1_S25,F,2868
train_categorical,train,categorical,L1_S25_F2870,1,25,L1_S25,F,2870
train_categorical,train,categorical,L1_S25_F2871,1,25,L1_S25,F,2871
train_categorical,train,categorical,L1_S25_F2873,1,25,L1_S25,F,2873
train_categorical,train,categorical,L1_S25_F2875,1,25,L1_S25,F,2875
train_categorical,train,categorical,L1_S25_F2876,1,25,L1_S25,F,2876
train_categorical,train,categorical,L1_S25_F2878,1,25,L1_S25,F,2878
train_categorical,train,categorical,L1_S25_F2880,1,25,L1_S25,F,2880
train_categorical,train,categorical,L1_S25_F2881,1,25,L1_S25,F,2881
train_categorical,train,categorical,L1_S25_F2882,1,25,L1_S25,F,2882
train_categorical,train,categorical,L1_S25_F2884,1,25,L1_S25,F,2884
train_categorical,train,categorical,L1_S25_F2885,1,25,L1_S25,F,2885
train_categorical,train,categorical,L1_S25_F2887,1,25,L1_S25,F,2887
train_categorical,train,categorical,L1_S25_F2889,1,25,L1_S25,F,2889
train_categorical,train,categorical,L1_S25_F2890,1,25,L1_S25,F,2890
train_categorical,train,categorical,L1_S25_F2892,1,25,L1_S25,F,2892
train_categorical,train,categorical,L1_S25_F2894,1,25,L1_S25,F,2894
train_categorical,train,categorical,L1_S25_F2895,1,25,L1_S25,F,2895
train_categorical,train,categorical,L1_S25_F2897,1,25,L1_S25,F,2897
train_categorical,train,categorical,L1_S25_F2899,1,25,L1_S25,F,2899
train_categorical,train,categorical,L1_S25_F2900,1,25,L1_S25,F,2900
train_categorical,train,categorical,L1_S25_F2902,1,25,L1_S25,F,2902
train_categorical,train,categorical,L1_S25_F2904,1,25,L1_S25,F,2904
train_categorical,train,categorical,L1_S25_F2905,1,25,L1_S25,F,2905
train_categorical,train,categorical,L1_S25_F2907,1,25,L1_S25,F,2907
train_categorical,train,categorical,L1_S25_F2909,1,25,L1_S25,F,2909
train_categorical,train,categorical,L1_S25_F2910,1,25,L1_S25,F,2910
train_categorical,train,categorical,L1_S25_F2911,1,25,L1_S25,F,2911
train_categorical,train,categorical,L1_S25_F2913,1,25,L1_S25,F,2913
train_categorical,train,categorical,L1_S25_F2914,1,25,L1_S25,F,2914
train_categorical,train,categorical,L1_S25_F2916,1,25,L1_S25,F,2916
train_categorical,train,categorical,L1_S25_F2918,1,25,L1_S25,F,2918
train_categorical,train,categorical,L1_S25_F2919,1,25,L1_S25,F,2919
train_categorical,train,categorical,L1_S25_F2921,1,25,L1_S25,F,2921
train_categorical,train,categorical,L1_S25_F2923,1,25,L1_S25,F,2923
train_categorical,train,categorical,L1_S25_F2924,1,25,L1_S25,F,2924
train_categorical,train,categorical,L1_S25_F2926,1,25,L1_S25,F,2926
train_categorical,train,categorical,L1_S25_F2928,1,25,L1_S25,F,2928
train_categorical,train,categorical,L1_S25_F2929,1,25,L1_S25,F,2929
train_categorical,train,categorical,L1_S25_F2931,1,25,L1_S25,F,2931
train_categorical,train,categorical,L1_S25_F2933,1,25,L1_S25,F,2933
train_categorical,train,categorical,L1_S25_F2934,1,25,L1_S25,F,2934
train_categorical,train,categorical,L1_S25_F2936,1,25,L1_S25,F,2936
train_categorical,train,categorical,L1_S25_F2938,1,25,L1_S25,F,2938
train_categorical,train,categorical,L1_S25_F2939,1,25,L1_S25,F,2939
train_categorical,train,categorical,L1_S25_F2941,1,25,L1_S25,F,2941
train_categorical,train,categorical,L1_S25_F2943,1,25,L1_S25,F,2943
train_categorical,train,categorical,L1_S25_F2944,1,25,L1_S25,F,2944
train_categorical,train,categorical,L1_S25_F2946,1,25,L1_S25,F,2946
train_categorical,train,categorical,L1_S25_F2948,1,25,L1_S25,F,2948
train_categorical,train,categorical,L1_S25_F2949,1,25,L1_S25,F,2949
train_categorical,train,categorical,L1_S25_F2951,1,25,L1_S25,F,2951
train_categorical,train,categorical,L1_S25_F2953,1,25,L1_S25,F,2953
train_categorical,train,categorical,L1_S25_F2954,1,25,L1_S25,F,2954
train_categorical,train,categorical,L1_S25_F2956,1,25,L1_S25,F,2956
train_categorical,train,categorical,L1_S25_F2958,1,25,L1_S25,F,2958
train_categorical,train,categorical,L1_S25_F2959,1,25,L1_S25,F,2959
train_categorical,train,categorical,L1_S25_F2961,1,25,L1_S25,F,2961
train_categorical,train,categorical,L1_S25_F2963,1,25,L1_S25,F,2963
train_categorical,train,categorical,L1_S25_F2964,1,25,L1_S25,F,2964
train_categorical,train,categorical,L1_S25_F2966,1,25,L1_S25,F,2966
train_categorical,train,categorical,L1_S25_F2968,1,25,L1_S25,F,2968
train_categorical,train,categorical,L1_S25_F2969,1,25,L1_S25,F,2969
train_categorical,train,categorical,L1_S25_F2971,1,25,L1_S25,F,2971
train_categorical,train,categorical,L1_S25_F2973,1,25,L1_S25,F,2973
train_categorical,train,categorical,L1_S25_F2974,1,25,L1_S25,F,2974
train_categorical,train,categorical,L1_S25_F2976,1,25,L1_S25,F,2976
train_categorical,train,categorical,L1_S25_F2978,1,25,L1_S25,F,2978
train_categorical,train,categorical,L1_S25_F2979,1,25,L1_S25,F,2979
train_categorical,train,categorical,L1_S25_F2981,1,25,L1_S25,F,2981
train_categorical,train,categorical,L1_S25_F2983,1,25,L1_S25,F,2983
train_categorical,train,categorical,L1_S25_F2984,1,25,L1_S25,F,2984
train_categorical,train,categorical,L1_S25_F2986,1,25,L1_S25,F,2986
train_categorical,train,categorical,L1_S25_F2988,1,25,L1_S25,F,2988
train_categorical,train,categorical,L1_S25_F2989,1,25,L1_S25,F,2989
train_categorical,train,categorical,L1_S25_F2991,1,25,L1_S25,F,2991
train_categorical,train,categorical,L1_S25_F2993,1,25,L1_S25,F,2993
train_categorical,train,categorical,L1_S25_F2994,1,25,L1_S25,F,2994
train_categorical,train,categorical,L1_S25_F3013,1,25,L1_S25,F,3013
train_categorical,train,categorical,L2_S26_F3038,2,26,L2_S26,F,3038
train_categorical,train,categorical,L2_S26_F3039,2,26,L2_S26,F,3039
train_categorical,train,categorical,L2_S26_F3042,2,26,L2_S26,F,3042
train_categorical,train,categorical,L2_S26_F3043,2,26,L2_S26,F,3043
train_categorical,train,categorical,L2_S26_F3045,2,26,L2_S26,F,3045
train_categorical,train,categorical,L2_S26_F3046,2,26,L2_S26,F,3046
train_categorical,train,categorical,L2_S26_F3049,2,26,L2_S26,F,3049
train_categorical,train,categorical,L2_S26_F3050,2,26,L2_S26,F,3050
train_categorical,train,categorical,L2_S26_F3053,2,26,L2_S26,F,3053
train_categorical,train,categorical,L2_S26_F3054,2,26,L2_S26,F,3054
train_categorical,train,categorical,L2_S26_F3057,2,26,L2_S26,F,3057
train_categorical,train,categorical,L2_S26_F3058,2,26,L2_S26,F,3058
train_categorical,train,categorical,L2_S26_F3060,2,26,L2_S26,F,3060
train_categorical,train,categorical,L2_S26_F3061,2,26,L2_S26,F,3061
train_categorical,train,categorical,L2_S26_F3064,2,26,L2_S26,F,3064
train_categorical,train,categorical,L2_S26_F3065,2,26,L2_S26,F,3065
train_categorical,train,categorical,L2_S26_F3067,2,26,L2_S26,F,3067
train_categorical,train,categorical,L2_S26_F3068,2,26,L2_S26,F,3068
train_categorical,train,categorical,L2_S26_F3071,2,26,L2_S26,F,3071
train_categorical,train,categorical,L2_S26_F3072,2,26,L2_S26,F,3072
train_categorical,train,categorical,L2_S26_F3075,2,26,L2_S26,F,3075
train_categorical,train,categorical,L2_S26_F3076,2,26,L2_S26,F,3076
train_categorical,train,categorical,L2_S26_F3079,2,26,L2_S26,F,3079
train_categorical,train,categorical,L2_S26_F3080,2,26,L2_S26,F,3080
train_categorical,train,categorical,L2_S26_F3082,2,26,L2_S26,F,3082
train_categorical,train,categorical,L2_S26_F3083,2,26,L2_S26,F,3083
train_categorical,train,categorical,L2_S26_F3085,2,26,L2_S26,F,3085
train_categorical,train,categorical,L2_S26_F3086,2,26,L2_S26,F,3086
train_categorical,train,categorical,L2_S26_F3088,2,26,L2_S26,F,3088
train_categorical,train,categorical,L2_S26_F3089,2,26,L2_S26,F,3089
train_categorical,train,categorical,L2_S26_F3091,2,26,L2_S26,F,3091
train_categorical,train,categorical,L2_S26_F3092,2,26,L2_S26,F,3092
train_categorical,train,categorical,L2_S26_F3094,2,26,L2_S26,F,3094
train_categorical,train,categorical,L2_S26_F3095,2,26,L2_S26,F,3095
train_categorical,train,categorical,L2_S26_F3097,2,26,L2_S26,F,3097
train_categorical,train,categorical,L2_S26_F3098,2,26,L2_S26,F,3098
train_categorical,train,categorical,L2_S26_F3099,2,26,L2_S26,F,3099
train_categorical,train,categorical,L2_S26_F3101,2,26,L2_S26,F,3101
train_categorical,train,categorical,L2_S26_F3102,2,26,L2_S26,F,3102
train_categorical,train,categorical,L2_S26_F3104,2,26,L2_S26,F,3104
train_categorical,train,categorical,L2_S26_F3105,2,26,L2_S26,F,3105
train_categorical,train,categorical,L2_S26_F3108,2,26,L2_S26,F,3108
train_categorical,train,categorical,L2_S26_F3109,2,26,L2_S26,F,3109
train_categorical,train,categorical,L2_S26_F3111,2,26,L2_S26,F,3111
train_categorical,train,categorical,L2_S26_F3112,2,26,L2_S26,F,3112
train_categorical,train,categorical,L2_S26_F3115,2,26,L2_S26,F,3115
train_categorical,train,categorical,L2_S26_F3116,2,26,L2_S26,F,3116
train_categorical,train,categorical,L2_S26_F3119,2,26,L2_S26,F,3119
train_categorical,train,categorical,L2_S26_F3120,2,26,L2_S26,F,3120
train_categorical,train,categorical,L2_S26_F3123,2,26,L2_S26,F,3123
train_categorical,train,categorical,L2_S26_F3124,2,26,L2_S26,F,3124
train_categorical,train,categorical,L2_S26_F3127,2,26,L2_S26,F,3127
train_categorical,train,categorical,L2_S26_F3128,2,26,L2_S26,F,3128
train_categorical,train,categorical,L2_S27_F3131,2,27,L2_S27,F,3131
train_categorical,train,categorical,L2_S27_F3132,2,27,L2_S27,F,3132
train_categorical,train,categorical,L2_S27_F3135,2,27,L2_S27,F,3135
train_categorical,train,categorical,L2_S27_F3136,2,27,L2_S27,F,3136
train_categorical,train,categorical,L2_S27_F3138,2,27,L2_S27,F,3138
train_categorical,train,categorical,L2_S27_F3139,2,27,L2_S27,F,3139
train_categorical,train,categorical,L2_S27_F3142,2,27,L2_S27,F,3142
train_categorical,train,categorical,L2_S27_F3143,2,27,L2_S27,F,3143
train_categorical,train,categorical,L2_S27_F3146,2,27,L2_S27,F,3146
train_categorical,train,categorical,L2_S27_F3147,2,27,L2_S27,F,3147
train_categorical,train,categorical,L2_S27_F3150,2,27,L2_S27,F,3150
train_categorical,train,categorical,L2_S27_F3151,2,27,L2_S27,F,3151
train_categorical,train,categorical,L2_S27_F3153,2,27,L2_S27,F,3153
train_categorical,train,categorical,L2_S27_F3154,2,27,L2_S27,F,3154
train_categorical,train,categorical,L2_S27_F3157,2,27,L2_S27,F,3157
train_categorical,train,categorical,L2_S27_F3158,2,27,L2_S27,F,3158
train_categorical,train,categorical,L2_S27_F3160,2,27,L2_S27,F,3160
train_categorical,train,categorical,L2_S27_F3161,2,27,L2_S27,F,3161
train_categorical,train,categorical,L2_S27_F3164,2,27,L2_S27,F,3164
train_categorical,train,categorical,L2_S27_F3165,2,27,L2_S27,F,3165
train_categorical,train,categorical,L2_S27_F3168,2,27,L2_S27,F,3168
train_categorical,train,categorical,L2_S27_F3169,2,27,L2_S27,F,3169
train_categorical,train,categorical,L2_S27_F3172,2,27,L2_S27,F,3172
train_categorical,train,categorical,L2_S27_F3173,2,27,L2_S27,F,3173
train_categorical,train,categorical,L2_S27_F3175,2,27,L2_S27,F,3175
train_categorical,train,categorical,L2_S27_F3176,2,27,L2_S27,F,3176
train_categorical,train,categorical,L2_S27_F3178,2,27,L2_S27,F,3178
train_categorical,train,categorical,L2_S27_F3179,2,27,L2_S27,F,3179
train_categorical,train,categorical,L2_S27_F3181,2,27,L2_S27,F,3181
train_categorical,train,categorical,L2_S27_F3182,2,27,L2_S27,F,3182
train_categorical,train,categorical,L2_S27_F3184,2,27,L2_S27,F,3184
train_categorical,train,categorical,L2_S27_F3185,2,27,L2_S27,F,3185
train_categorical,train,categorical,L2_S27_F3187,2,27,L2_S27,F,3187
train_categorical,train,categorical,L2_S27_F3188,2,27,L2_S27,F,3188
train_categorical,train,categorical,L2_S27_F3190,2,27,L2_S27,F,3190
train_categorical,train,categorical,L2_S27_F3191,2,27,L2_S27,F,3191
train_categorical,train,categorical,L2_S27_F3192,2,27,L2_S27,F,3192
train_categorical,train,categorical,L2_S27_F3194,2,27,L2_S27,F,3194
train_categorical,train,categorical,L2_S27_F3195,2,27,L2_S27,F,3195
train_categorical,train,categorical,L2_S27_F3197,2,27,L2_S27,F,3197
train_categorical,train,categorical,L2_S27_F3198,2,27,L2_S27,F,3198
train_categorical,train,categorical,L2_S27_F3201,2,27,L2_S27,F,3201
train_categorical,train,categorical,L2_S27_F3202,2,27,L2_S27,F,3202
train_categorical,train,categorical,L2_S27_F3204,2,27,L2_S27,F,3204
train_categorical,train,categorical,L2_S27_F3205,2,27,L2_S27,F,3205
train_categorical,train,categorical,L2_S27_F3208,2,27,L2_S27,F,3208
train_categorical,train,categorical,L2_S27_F3209,2,27,L2_S27,F,3209
train_categorical,train,categorical,L2_S27_F3212,2,27,L2_S27,F,3212
train_categorical,train,categorical,L2_S27_F3213,2,27,L2_S27,F,3213
train_categorical,train,categorical,L2_S27_F3216,2,27,L2_S27,F,3216
train_categorical,train,categorical,L2_S27_F3217,2,27,L2_S27,F,3217
train_categorical,train,categorical,L2_S27_F3220,2,27,L2_S27,F,3220
train_categorical,train,categorical,L2_S27_F3221,2,27,L2_S27,F,3221
train_categorical,train,categorical,L2_S28_F3224,2,28,L2_S28,F,3224
train_categorical,train,categorical,L2_S28_F3225,2,28,L2_S28,F,3225
train_categorical,train,categorical,L2_S28_F3228,2,28,L2_S28,F,3228
train_categorical,train,categorical,L2_S28_F3229,2,28,L2_S28,F,3229
train_categorical,train,categorical,L2_S28_F3231,2,28,L2_S28,F,3231
train_categorical,train,categorical,L2_S28_F3232,2,28,L2_S28,F,3232
train_categorical,train,categorical,L2_S28_F3235,2,28,L2_S28,F,3235
train_categorical,train,categorical,L2_S28_F3236,2,28,L2_S28,F,3236
train_categorical,train,categorical,L2_S28_F3239,2,28,L2_S28,F,3239
train_categorical,train,categorical,L2_S28_F3240,2,28,L2_S28,F,3240
train_categorical,train,categorical,L2_S28_F3243,2,28,L2_S28,F,3243
train_categorical,train,categorical,L2_S28_F3244,2,28,L2_S28,F,3244
train_categorical,train,categorical,L2_S28_F3246,2,28,L2_S28,F,3246
train_categorical,train,categorical,L2_S28_F3247,2,28,L2_S28,F,3247
train_categorical,train,categorical,L2_S28_F3250,2,28,L2_S28,F,3250
train_categorical,train,categorical,L2_S28_F3251,2,28,L2_S28,F,3251
train_categorical,train,categorical,L2_S28_F3253,2,28,L2_S28,F,3253
train_categorical,train,categorical,L2_S28_F3254,2,28,L2_S28,F,3254
train_categorical,train,categorical,L2_S28_F3257,2,28,L2_S28,F,3257
train_categorical,train,categorical,L2_S28_F3258,2,28,L2_S28,F,3258
train_categorical,train,categorical,L2_S28_F3261,2,28,L2_S28,F,3261
train_categorical,train,categorical,L2_S28_F3262,2,28,L2_S28,F,3262
train_categorical,train,categorical,L2_S28_F3265,2,28,L2_S28,F,3265
train_categorical,train,categorical,L2_S28_F3266,2,28,L2_S28,F,3266
train_categorical,train,categorical,L2_S28_F3268,2,28,L2_S28,F,3268
train_categorical,train,categorical,L2_S28_F3269,2,28,L2_S28,F,3269
train_categorical,train,categorical,L2_S28_F3271,2,28,L2_S28,F,3271
train_categorical,train,categorical,L2_S28_F3272,2,28,L2_S28,F,3272
train_categorical,train,categorical,L2_S28_F3274,2,28,L2_S28,F,3274
train_categorical,train,categorical,L2_S28_F3275,2,28,L2_S28,F,3275
train_categorical,train,categorical,L2_S28_F3277,2,28,L2_S28,F,3277
train_categorical,train,categorical,L2_S28_F3278,2,28,L2_S28,F,3278
train_categorical,train,categorical,L2_S28_F3280,2,28,L2_S28,F,3280
train_categorical,train,categorical,L2_S28_F3281,2,28,L2_S28,F,3281
train_categorical,train,categorical,L2_S28_F3283,2,28,L2_S28,F,3283
train_categorical,train,categorical,L2_S28_F3284,2,28,L2_S28,F,3284
train_categorical,train,categorical,L2_S28_F3285,2,28,L2_S28,F,3285
train_categorical,train,categorical,L2_S28_F3287,2,28,L2_S28,F,3287
train_categorical,train,categorical,L2_S28_F3288,2,28,L2_S28,F,3288
train_categorical,train,categorical,L2_S28_F3290,2,28,L2_S28,F,3290
train_categorical,train,categorical,L2_S28_F3291,2,28,L2_S28,F,3291
train_categorical,train,categorical,L2_S28_F3294,2,28,L2_S28,F,3294
train_categorical,train,categorical,L2_S28_F3295,2,28,L2_S28,F,3295
train_categorical,train,categorical,L2_S28_F3297,2,28,L2_S28,F,3297
train_categorical,train,categorical,L2_S28_F3298,2,28,L2_S28,F,3298
train_categorical,train,categorical,L2_S28_F3301,2,28,L2_S28,F,3301
train_categorical,train,categorical,L2_S28_F3302,2,28,L2_S28,F,3302
train_categorical,train,categorical,L2_S28_F3305,2,28,L2_S28,F,3305
train_categorical,train,categorical,L2_S28_F3306,2,28,L2_S28,F,3306
train_categorical,train,categorical,L2_S28_F3309,2,28,L2_S28,F,3309
train_categorical,train,categorical,L2_S28_F3310,2,28,L2_S28,F,3310
train_categorical,train,categorical,L2_S28_F3313,2,28,L2_S28,F,3313
train_categorical,train,categorical,L2_S28_F3314,2,28,L2_S28,F,3314
train_categorical,train,categorical,L3_S29_F3317,3,29,L3_S29,F,3317
train_categorical,train,categorical,L3_S29_F3320,3,29,L3_S29,F,3320
train_categorical,train,categorical,L3_S29_F3323,3,29,L3_S29,F,3323
train_categorical,train,categorical,L3_S29_F3326,3,29,L3_S29,F,3326
train_categorical,train,categorical,L3_S29_F3329,3,29,L3_S29,F,3329
train_categorical,train,categorical,L3_S29_F3332,3,29,L3_S29,F,3332
train_categorical,train,categorical,L3_S29_F3335,3,29,L3_S29,F,3335
train_categorical,train,categorical,L3_S29_F3338,3,29,L3_S29,F,3338
train_categorical,train,categorical,L3_S29_F3341,3,29,L3_S29,F,3341
train_categorical,train,categorical,L3_S29_F3344,3,29,L3_S29,F,3344
train_categorical,train,categorical,L3_S29_F3347,3,29,L3_S29,F,3347
train_categorical,train,categorical,L3_S29_F3350,3,29,L3_S29,F,3350
train_categorical,train,categorical,L3_S29_F3353,3,29,L3_S29,F,3353
train_categorical,train,categorical,L3_S29_F3356,3,29,L3_S29,F,3356
train_categorical,train,categorical,L3_S29_F3359,3,29,L3_S29,F,3359
train_categorical,train,categorical,L3_S29_F3362,3,29,L3_S29,F,3362
train_categorical,train,categorical,L3_S29_F3364,3,29,L3_S29,F,3364
train_categorical,train,categorical,L3_S29_F3366,3,29,L3_S29,F,3366
train_categorical,train,categorical,L3_S29_F3369,3,29,L3_S29,F,3369
train_categorical,train,categorical,L3_S29_F3372,3,29,L3_S29,F,3372
train_categorical,train,categorical,L3_S29_F3375,3,29,L3_S29,F,3375
train_categorical,train,categorical,L3_S29_F3378,3,29,L3_S29,F,3378
train_categorical,train,categorical,L3_S29_F3381,3,29,L3_S29,F,3381
train_categorical,train,categorical,L3_S29_F3384,3,29,L3_S29,F,3384
train_categorical,train,categorical,L3_S29_F3387,3,29,L3_S29,F,3387
train_categorical,train,categorical,L3_S29_F3390,3,29,L3_S29,F,3390
train_categorical,train,categorical,L3_S29_F3392,3,29,L3_S29,F,3392
train_categorical,train,categorical,L3_S29_F3394,3,29,L3_S29,F,3394
train_categorical,train,categorical,L3_S29_F3397,3,29,L3_S29,F,3397
train_categorical,train,categorical,L3_S29_F3400,3,29,L3_S29,F,3400
train_categorical,train,categorical,L3_S29_F3403,3,29,L3_S29,F,3403
train_categorical,train,categorical,L3_S29_F3406,3,29,L3_S29,F,3406
train_categorical,train,categorical,L3_S29_F3409,3,29,L3_S29,F,3409
train_categorical,train,categorical,L3_S29_F3411,3,29,L3_S29,F,3411
train_categorical,train,categorical,L3_S29_F3414,3,29,L3_S29,F,3414
train_categorical,train,categorical,L3_S29_F3416,3,29,L3_S29,F,3416
train_categorical,train,categorical,L3_S29_F3418,3,29,L3_S29,F,3418
train_categorical,train,categorical,L3_S29_F3420,3,29,L3_S29,F,3420
train_categorical,train,categorical,L3_S29_F3423,3,29,L3_S29,F,3423
train_categorical,train,categorical,L3_S29_F3426,3,29,L3_S29,F,3426
train_categorical,train,categorical,L3_S29_F3429,3,29,L3_S29,F,3429
train_categorical,train,categorical,L3_S29_F3432,3,29,L3_S29,F,3432
train_categorical,train,categorical,L3_S29_F3435,3,29,L3_S29,F,3435
train_categorical,train,categorical,L3_S29_F3438,3,29,L3_S29,F,3438
train_categorical,train,categorical,L3_S29_F3441,3,29,L3_S29,F,3441
train_categorical,train,categorical,L3_S29_F3444,3,29,L3_S29,F,3444
train_categorical,train,categorical,L3_S29_F3446,3,29,L3_S29,F,3446
train_categorical,train,categorical,L3_S29_F3448,3,29,L3_S29,F,3448
train_categorical,train,categorical,L3_S29_F3451,3,29,L3_S29,F,3451
train_categorical,train,categorical,L3_S29_F3454,3,29,L3_S29,F,3454
train_categorical,train,categorical,L3_S29_F3457,3,29,L3_S29,F,3457
train_categorical,train,categorical,L3_S29_F3460,3,29,L3_S29,F,3460
train_categorical,train,categorical,L3_S29_F3463,3,29,L3_S29,F,3463
train_categorical,train,categorical,L3_S29_F3466,3,29,L3_S29,F,3466
train_categorical,train,categorical,L3_S29_F3469,3,29,L3_S29,F,3469
train_categorical,train,categorical,L3_S29_F3472,3,29,L3_S29,F,3472
train_categorical,train,categorical,L3_S29_F3475,3,29,L3_S29,F,3475
train_categorical,train,categorical,L3_S29_F3478,3,29,L3_S29,F,3478
train_categorical,train,categorical,L3_S29_F3481,3,29,L3_S29,F,3481
train_categorical,train,categorical,L3_S29_F3484,3,29,L3_S29,F,3484
train_categorical,train,categorical,L3_S29_F3487,3,29,L3_S29,F,3487
train_categorical,train,categorical,L3_S29_F3490,3,29,L3_S29,F,3490
train_categorical,train,categorical,L3_S29_F3493,3,29,L3_S29,F,3493
train_categorical,train,categorical,L3_S30_F3495,3,30,L3_S30,F,3495
train_categorical,train,categorical,L3_S30_F3497,3,30,L3_S30,F,3497
train_categorical,train,categorical,L3_S30_F3498,3,30,L3_S30,F,3498
train_categorical,train,categorical,L3_S30_F3500,3,30,L3_S30,F,3500
train_categorical,train,categorical,L3_S30_F3502,3,30,L3_S30,F,3502
train_categorical,train,categorical,L3_S30_F3503,3,30,L3_S30,F,3503
train_categorical,train,categorical,L3_S30_F3505,3,30,L3_S30,F,3505
train_categorical,train,categorical,L3_S30_F3507,3,30,L3_S30,F,3507
train_categorical,train,categorical,L3_S30_F3508,3,30,L3_S30,F,3508
train_categorical,train,categorical,L3_S30_F3510,3,30,L3_S30,F,3510
train_categorical,train,categorical,L3_S30_F3512,3,30,L3_S30,F,3512
train_categorical,train,categorical,L3_S30_F3513,3,30,L3_S30,F,3513
train_categorical,train,categorical,L3_S30_F3515,3,30,L3_S30,F,3515
train_categorical,train,categorical,L3_S30_F3517,3,30,L3_S30,F,3517
train_categorical,train,categorical,L3_S30_F3518,3,30,L3_S30,F,3518
train_categorical,train,categorical,L3_S30_F3520,3,30,L3_S30,F,3520
train_categorical,train,categorical,L3_S30_F3522,3,30,L3_S30,F,3522
train_categorical,train,categorical,L3_S30_F3523,3,30,L3_S30,F,3523
train_categorical,train,categorical,L3_S30_F3525,3,30,L3_S30,F,3525
train_categorical,train,categorical,L3_S30_F3527,3,30,L3_S30,F,3527
train_categorical,train,categorical,L3_S30_F3528,3,30,L3_S30,F,3528
train_categorical,train,categorical,L3_S30_F3530,3,30,L3_S30,F,3530
train_categorical,train,categorical,L3_S30_F3532,3,30,L3_S30,F,3532
train_categorical,train,categorical,L3_S30_F3533,3,30,L3_S30,F,3533
train_categorical,train,categorical,L3_S30_F3535,3,30,L3_S30,F,3535
train_categorical,train,categorical,L3_S30_F3537,3,30,L3_S30,F,3537
train_categorical,train,categorical,L3_S30_F3538,3,30,L3_S30,F,3538
train_categorical,train,categorical,L3_S30_F3540,3,30,L3_S30,F,3540
train_categorical,train,categorical,L3_S30_F3542,3,30,L3_S30,F,3542
train_categorical,train,categorical,L3_S30_F3543,3,30,L3_S30,F,3543
train_categorical,train,categorical,L3_S30_F3545,3,30,L3_S30,F,3545
train_categorical,train,categorical,L3_S30_F3547,3,30,L3_S30,F,3547
train_categorical,train,categorical,L3_S30_F3548,3,30,L3_S30,F,3548
train_categorical,train,categorical,L3_S30_F3550,3,30,L3_S30,F,3550
train_categorical,train,categorical,L3_S30_F3552,3,30,L3_S30,F,3552
train_categorical,train,categorical,L3_S30_F3553,3,30,L3_S30,F,3553
train_categorical,train,categorical,L3_S30_F3555,3,30,L3_S30,F,3555
train_categorical,train,categorical,L3_S30_F3557,3,30,L3_S30,F,3557
train_categorical,train,categorical,L3_S30_F3558,3,30,L3_S30,F,3558
train_categorical,train,categorical,L3_S30_F3560,3,30,L3_S30,F,3560
train_categorical,train,categorical,L3_S30_F3562,3,30,L3_S30,F,3562
train_categorical,train,categorical,L3_S30_F3563,3,30,L3_S30,F,3563
train_categorical,train,categorical,L3_S30_F3565,3,30,L3_S30,F,3565
train_categorical,train,categorical,L3_S30_F3567,3,30,L3_S30,F,3567
train_categorical,train,categorical,L3_S30_F3568,3,30,L3_S30,F,3568
train_categorical,train,categorical,L3_S30_F3570,3,30,L3_S30,F,3570
train_categorical,train,categorical,L3_S30_F3572,3,30,L3_S30,F,3572
train_categorical,train,categorical,L3_S30_F3573,3,30,L3_S30,F,3573
train_categorical,train,categorical,L3_S30_F3575,3,30,L3_S30,F,3575
train_categorical,train,categorical,L3_S30_F3577,3,30,L3_S30,F,3577
train_categorical,train,categorical,L3_S30_F3578,3,30,L3_S30,F,3578
train_categorical,train,categorical,L3_S30_F3580,3,30,L3_S30,F,3580
train_categorical,train,categorical,L3_S30_F3582,3,30,L3_S30,F,3582
train_categorical,train,categorical,L3_S30_F3583,3,30,L3_S30,F,3583
train_categorical,train,categorical,L3_S30_F3585,3,30,L3_S30,F,3585
train_categorical,train,categorical,L3_S30_F3587,3,30,L3_S30,F,3587
train_categorical,train,categorical,L3_S30_F3588,3,30,L3_S30,F,3588
train_categorical,train,categorical,L3_S30_F3590,3,30,L3_S30,F,3590
train_categorical,train,categorical,L3_S30_F3592,3,30,L3_S30,F,3592
train_categorical,train,categorical,L3_S30_F3593,3,30,L3_S30,F,3593
train_categorical,train,categorical,L3_S30_F3595,3,30,L3_S30,F,3595
train_categorical,train,categorical,L3_S30_F3597,3,30,L3_S30,F,3597
train_categorical,train,categorical,L3_S30_F3598,3,30,L3_S30,F,3598
train_categorical,train,categorical,L3_S30_F3600,3,30,L3_S30,F,3600
train_categorical,train,categorical,L3_S30_F3602,3,30,L3_S30,F,3602
train_categorical,train,categorical,L3_S30_F3603,3,30,L3_S30,F,3603
train_categorical,train,categorical,L3_S30_F3605,3,30,L3_S30,F,3605
train_categorical,train,categorical,L3_S30_F3607,3,30,L3_S30,F,3607
train_categorical,train,categorical,L3_S30_F3608,3,30,L3_S30,F,3608
train_categorical,train,categorical,L3_S30_F3610,3,30,L3_S30,F,3610
train_categorical,train,categorical,L3_S30_F3612,3,30,L3_S30,F,3612
train_categorical,train,categorical,L3_S30_F3613,3,30,L3_S30,F,3613
train_categorical,train,categorical,L3_S30_F3615,3,30,L3_S30,F,3615
train_categorical,train,categorical,L3_S30_F3617,3,30,L3_S30,F,3617
train_categorical,train,categorical,L3_S30_F3618,3,30,L3_S30,F,3618
train_categorical,train,categorical,L3_S30_F3620,3,30,L3_S30,F,3620
train_categorical,train,categorical,L3_S30_F3622,3,30,L3_S30,F,3622
train_categorical,train,categorical,L3_S30_F3623,3,30,L3_S30,F,3623
train_categorical,train,categorical,L3_S30_F3625,3,30,L3_S30,F,3625
train_categorical,train,categorical,L3_S30_F3627,3,30,L3_S30,F,3627
train_categorical,train,categorical,L3_S30_F3628,3,30,L3_S30,F,3628
train_categorical,train,categorical,L3_S30_F3630,3,30,L3_S30,F,3630
train_categorical,train,categorical,L3_S30_F3632,3,30,L3_S30,F,3632
train_categorical,train,categorical,L3_S30_F3633,3,30,L3_S30,F,3633
train_categorical,train,categorical,L3_S30_F3635,3,30,L3_S30,F,3635
train_categorical,train,categorical,L3_S30_F3637,3,30,L3_S30,F,3637
train_categorical,train,categorical,L3_S30_F3638,3,30,L3_S30,F,3638
train_categorical,train,categorical,L3_S30_F3640,3,30,L3_S30,F,3640
train_categorical,train,categorical,L3_S30_F3642,3,30,L3_S30,F,3642
train_categorical,train,categorical,L3_S30_F3643,3,30,L3_S30,F,3643
train_categorical,train,categorical,L3_S30_F3645,3,30,L3_S30,F,3645
train_categorical,train,categorical,L3_S30_F3647,3,30,L3_S30,F,3647
train_categorical,train,categorical,L3_S30_F3648,3,30,L3_S30,F,3648
train_categorical,train,categorical,L3_S30_F3650,3,30,L3_S30,F,3650
train_categorical,train,categorical,L3_S30_F3652,3,30,L3_S30,F,3652
train_categorical,train,categorical,L3_S30_F3653,3,30,L3_S30,F,3653
train_categorical,train,categorical,L3_S30_F3655,3,30,L3_S30,F,3655
train_categorical,train,categorical,L3_S30_F3657,3,30,L3_S30,F,3657
train_categorical,train,categorical,L3_S30_F3658,3,30,L3_S30,F,3658
train_categorical,train,categorical,L3_S30_F3660,3,30,L3_S30,F,3660
train_categorical,train,categorical,L3_S30_F3662,3,30,L3_S30,F,3662
train_categorical,train,categorical,L3_S30_F3663,3,30,L3_S30,F,3663
train_categorical,train,categorical,L3_S30_F3665,3,30,L3_S30,F,3665
train_categorical,train,categorical,L3_S30_F3667,3,30,L3_S30,F,3667
train_categorical,train,categorical,L3_S30_F3668,3,30,L3_S30,F,3668
train_categorical,train,categorical,L3_S30_F3670,3,30,L3_S30,F,3670
train_categorical,train,categorical,L3_S30_F3672,3,30,L3_S30,F,3672
train_categorical,train,categorical,L3_S30_F3673,3,30,L3_S30,F,3673
train_categorical,train,categorical,L3_S30_F3675,3,30,L3_S30,F,3675
train_categorical,train,categorical,L3_S30_F3677,3,30,L3_S30,F,3677
train_categorical,train,categorical,L3_S30_F3678,3,30,L3_S30,F,3678
train_categorical,train,categorical,L3_S30_F3680,3,30,L3_S30,F,3680
train_categorical,train,categorical,L3_S30_F3682,3,30,L3_S30,F,3682
train_categorical,train,categorical,L3_S30_F3683,3,30,L3_S30,F,3683
train_categorical,train,categorical,L3_S30_F3685,3,30,L3_S30,F,3685
train_categorical,train,categorical,L3_S30_F3687,3,30,L3_S30,F,3687
train_categorical,train,categorical,L3_S30_F3688,3,30,L3_S30,F,3688
train_categorical,train,categorical,L3_S30_F3690,3,30,L3_S30,F,3690
train_categorical,train,categorical,L3_S30_F3692,3,30,L3_S30,F,3692
train_categorical,train,categorical,L3_S30_F3693,3,30,L3_S30,F,3693
train_categorical,train,categorical,L3_S30_F3695,3,30,L3_S30,F,3695
train_categorical,train,categorical,L3_S30_F3697,3,30,L3_S30,F,3697
train_categorical,train,categorical,L3_S30_F3698,3,30,L3_S30,F,3698
train_categorical,train,categorical,L3_S30_F3700,3,30,L3_S30,F,3700
train_categorical,train,categorical,L3_S30_F3702,3,30,L3_S30,F,3702
train_categorical,train,categorical,L3_S30_F3703,3,30,L3_S30,F,3703
train_categorical,train,categorical,L3_S30_F3705,3,30,L3_S30,F,3705
train_categorical,train,categorical,L3_S30_F3707,3,30,L3_S30,F,3707
train_categorical,train,categorical,L3_S30_F3708,3,30,L3_S30,F,3708
train_categorical,train,categorical,L3_S30_F3710,3,30,L3_S30,F,3710
train_categorical,train,categorical,L3_S30_F3712,3,30,L3_S30,F,3712
train_categorical,train,categorical,L3_S30_F3713,3,30,L3_S30,F,3713
train_categorical,train,categorical,L3_S30_F3715,3,30,L3_S30,F,3715
train_categorical,train,categorical,L3_S30_F3717,3,30,L3_S30,F,3717
train_categorical,train,categorical,L3_S30_F3718,3,30,L3_S30,F,3718
train_categorical,train,categorical,L3_S30_F3720,3,30,L3_S30,F,3720
train_categorical,train,categorical,L3_S30_F3722,3,30,L3_S30,F,3722
train_categorical,train,categorical,L3_S30_F3723,3,30,L3_S30,F,3723
train_categorical,train,categorical,L3_S30_F3725,3,30,L3_S30,F,3725
train_categorical,train,categorical,L3_S30_F3727,3,30,L3_S30,F,3727
train_categorical,train,categorical,L3_S30_F3728,3,30,L3_S30,F,3728
train_categorical,train,categorical,L3_S30_F3730,3,30,L3_S30,F,3730
train_categorical,train,categorical,L3_S30_F3732,3,30,L3_S30,F,3732
train_categorical,train,categorical,L3_S30_F3733,3,30,L3_S30,F,3733
train_categorical,train,categorical,L3_S30_F3735,3,30,L3_S30,F,3735
train_categorical,train,categorical,L3_S30_F3737,3,30,L3_S30,F,3737
train_categorical,train,categorical,L3_S30_F3738,3,30,L3_S30,F,3738
train_categorical,train,categorical,L3_S30_F3740,3,30,L3_S30,F,3740
train_categorical,train,categorical,L3_S30_F3742,3,30,L3_S30,F,3742
train_categorical,train,categorical,L3_S30_F3743,3,30,L3_S30,F,3743
train_categorical,train,categorical,L3_S30_F3745,3,30,L3_S30,F,3745
train_categorical,train,categorical,L3_S30_F3747,3,30,L3_S30,F,3747
train_categorical,train,categorical,L3_S30_F3748,3,30,L3_S30,F,3748
train_categorical,train,categorical,L3_S30_F3750,3,30,L3_S30,F,3750
train_categorical,train,categorical,L3_S30_F3752,3,30,L3_S30,F,3752
train_categorical,train,categorical,L3_S30_F3753,3,30,L3_S30,F,3753
train_categorical,train,categorical,L3_S30_F3755,3,30,L3_S30,F,3755
train_categorical,train,categorical,L3_S30_F3757,3,30,L3_S30,F,3757
train_categorical,train,categorical,L3_S30_F3758,3,30,L3_S30,F,3758
train_categorical,train,categorical,L3_S30_F3760,3,30,L3_S30,F,3760
train_categorical,train,categorical,L3_S30_F3762,3,30,L3_S30,F,3762
train_categorical,train,categorical,L3_S30_F3763,3,30,L3_S30,F,3763
train_categorical,train,categorical,L3_S30_F3765,3,30,L3_S30,F,3765
train_categorical,train,categorical,L3_S30_F3767,3,30,L3_S30,F,3767
train_categorical,train,categorical,L3_S30_F3768,3,30,L3_S30,F,3768
train_categorical,train,categorical,L3_S30_F3770,3,30,L3_S30,F,3770
train_categorical,train,categorical,L3_S30_F3772,3,30,L3_S30,F,3772
train_categorical,train,categorical,L3_S30_F3773,3,30,L3_S30,F,3773
train_categorical,train,categorical,L3_S30_F3775,3,30,L3_S30,F,3775
train_categorical,train,categorical,L3_S30_F3777,3,30,L3_S30,F,3777
train_categorical,train,categorical,L3_S30_F3778,3,30,L3_S30,F,3778
train_categorical,train,categorical,L3_S30_F3780,3,30,L3_S30,F,3780
train_categorical,train,categorical,L3_S30_F3782,3,30,L3_S30,F,3782
train_categorical,train,categorical,L3_S30_F3783,3,30,L3_S30,F,3783
train_categorical,train,categorical,L3_S30_F3785,3,30,L3_S30,F,3785
train_categorical,train,categorical,L3_S30_F3787,3,30,L3_S30,F,3787
train_categorical,train,categorical,L3_S30_F3788,3,30,L3_S30,F,3788
train_categorical,train,categorical,L3_S30_F3790,3,30,L3_S30,F,3790
train_categorical,train,categorical,L3_S30_F3792,3,30,L3_S30,F,3792
train_categorical,train,categorical,L3_S30_F3793,3,30,L3_S30,F,3793
train_categorical,train,categorical,L3_S30_F3795,3,30,L3_S30,F,3795
train_categorical,train,categorical,L3_S30_F3797,3,30,L3_S30,F,3797
train_categorical,train,categorical,L3_S30_F3798,3,30,L3_S30,F,3798
train_categorical,train,categorical,L3_S30_F3800,3,30,L3_S30,F,3800
train_categorical,train,categorical,L3_S30_F3802,3,30,L3_S30,F,3802
train_categorical,train,categorical,L3_S30_F3803,3,30,L3_S30,F,3803
train_categorical,train,categorical,L3_S30_F3805,3,30,L3_S30,F,3805
train_categorical,train,categorical,L3_S30_F3807,3,30,L3_S30,F,3807
train_categorical,train,categorical,L3_S30_F3808,3,30,L3_S30,F,3808
train_categorical,train,categorical,L3_S30_F3810,3,30,L3_S30,F,3810
train_categorical,train,categorical,L3_S30_F3812,3,30,L3_S30,F,3812
train_categorical,train,categorical,L3_S30_F3813,3,30,L3_S30,F,3813
train_categorical,train,categorical,L3_S30_F3815,3,30,L3_S30,F,3815
train_categorical,train,categorical,L3_S30_F3817,3,30,L3_S30,F,3817
train_categorical,train,categorical,L3_S30_F3818,3,30,L3_S30,F,3818
train_categorical,train,categorical,L3_S30_F3820,3,30,L3_S30,F,3820
train_categorical,train,categorical,L3_S30_F3822,3,30,L3_S30,F,3822
train_categorical,train,categorical,L3_S30_F3823,3,30,L3_S30,F,3823
train_categorical,train,categorical,L3_S30_F3825,3,30,L3_S30,F,3825
train_categorical,train,categorical,L3_S30_F3827,3,30,L3_S30,F,3827
train_categorical,train,categorical,L3_S30_F3828,3,30,L3_S30,F,3828
train_categorical,train,categorical,L3_S30_F3830,3,30,L3_S30,F,3830
train_categorical,train,categorical,L3_S30_F3832,3,30,L3_S30,F,3832
train_categorical,train,categorical,L3_S30_F3833,3,30,L3_S30,F,3833
train_categorical,train,categorical,L3_S31_F3835,3,31,L3_S31,F,3835
train_categorical,train,categorical,L3_S31_F3837,3,31,L3_S31,F,3837
train_categorical,train,categorical,L3_S31_F3839,3,31,L3_S31,F,3839
train_categorical,train,categorical,L3_S31_F3841,3,31,L3_S31,F,3841
train_categorical,train,categorical,L3_S31_F3843,3,31,L3_S31,F,3843
train_categorical,train,categorical,L3_S31_F3845,3,31,L3_S31,F,3845
train_categorical,train,categorical,L3_S31_F3847,3,31,L3_S31,F,3847
train_categorical,train,categorical,L3_S31_F3849,3,31,L3_S31,F,3849
train_categorical,train,categorical,L3_S32_F3851,3,32,L3_S32,F,3851
train_categorical,train,categorical,L3_S32_F3853,3,32,L3_S32,F,3853
train_categorical,train,categorical,L3_S32_F3854,3,32,L3_S32,F,3854
train_categorical,train,categorical,L3_S35_F3885,3,35,L3_S35,F,3885
train_categorical,train,categorical,L3_S35_F3887,3,35,L3_S35,F,3887
train_categorical,train,categorical,L3_S35_F3888,3,35,L3_S35,F,3888
train_categorical,train,categorical,L3_S35_F3890,3,35,L3_S35,F,3890
train_categorical,train,categorical,L3_S35_F3892,3,35,L3_S35,F,3892
train_categorical,train,categorical,L3_S35_F3893,3,35,L3_S35,F,3893
train_categorical,train,categorical,L3_S35_F3899,3,35,L3_S35,F,3899
train_categorical,train,categorical,L3_S35_F3901,3,35,L3_S35,F,3901
train_categorical,train,categorical,L3_S35_F3902,3,35,L3_S35,F,3902
train_categorical,train,categorical,L3_S35_F3904,3,35,L3_S35,F,3904
train_categorical,train,categorical,L3_S35_F3906,3,35,L3_S35,F,3906
train_categorical,train,categorical,L3_S35_F3907,3,35,L3_S35,F,3907
train_categorical,train,categorical,L3_S35_F3909,3,35,L3_S35,F,3909
train_categorical,train,categorical,L3_S35_F3911,3,35,L3_S35,F,3911
train_categorical,train,categorical,L3_S35_F3912,3,35,L3_S35,F,3912
train_categorical,train,categorical,L3_S35_F3914,3,35,L3_S35,F,3914
train_categorical,train,categorical,L3_S35_F3916,3,35,L3_S35,F,3916
train_categorical,train,categorical,L3_S35_F3917,3,35,L3_S35,F,3917
train_categorical,train,categorical,L3_S36_F3927,3,36,L3_S36,F,3927
train_categorical,train,categorical,L3_S36_F3929,3,36,L3_S36,F,3929
train_categorical,train,categorical,L3_S36_F3931,3,36,L3_S36,F,3931
train_categorical,train,categorical,L3_S36_F3933,3,36,L3_S36,F,3933
train_categorical,train,categorical,L3_S36_F3935,3,36,L3_S36,F,3935
train_categorical,train,categorical,L3_S36_F3937,3,36,L3_S36,F,3937
train_categorical,train,categorical,L3_S36_F3939,3,36,L3_S36,F,3939
train_categorical,train,categorical,L3_S36_F3941,3,36,L3_S36,F,3941
train_categorical,train,categorical,L3_S38_F3954,3,38,L3_S38,F,3954
train_categorical,train,categorical,L3_S38_F3955,3,38,L3_S38,F,3955
train_categorical,train,categorical,L3_S38_F3958,3,38,L3_S38,F,3958
train_categorical,train,categorical,L3_S38_F3959,3,38,L3_S38,F,3959
train_categorical,train,categorical,L3_S38_F3962,3,38,L3_S38,F,3962
train_categorical,train,categorical,L3_S38_F3963,3,38,L3_S38,F,3963
train_categorical,train,categorical,L3_S39_F3965,3,39,L3_S39,F,3965
train_categorical,train,categorical,L3_S39_F3967,3,39,L3_S39,F,3967
train_categorical,train,categorical,L3_S39_F3969,3,39,L3_S39,F,3969
train_categorical,train,categorical,L3_S39_F3971,3,39,L3_S39,F,3971
train_categorical,train,categorical,L3_S39_F3973,3,39,L3_S39,F,3973
train_categorical,train,categorical,L3_S39_F3975,3,39,L3_S39,F,3975
train_categorical,train,categorical,L3_S39_F3977,3,39,L3_S39,F,3977
train_categorical,train,categorical,L3_S39_F3979,3,39,L3_S39,F,3979
train_categorical,train,categorical,L3_S42_F4028,3,42,L3_S42,F,4028
train_categorical,train,categorical,L3_S42_F4030,3,42,L3_S42,F,4030
train_categorical,train,categorical,L3_S42_F4031,3,42,L3_S42,F,4031
train_categorical,train,categorical,L3_S42_F4032,3,42,L3_S42,F,4032
train_categorical,train,categorical,L3_S42_F4034,3,42,L3_S42,F,4034
train_categorical,train,categorical,L3_S42_F4035,3,42,L3_S42,F,4035
train_categorical,train,categorical,L3_S42_F4036,3,42,L3_S42,F,4036
train_categorical,train,categorical,L3_S42_F4038,3,42,L3_S42,F,4038
train_categorical,train,categorical,L3_S42_F4039,3,42,L3_S42,F,4039
train_categorical,train,categorical,L3_S42_F4040,3,42,L3_S42,F,4040
train_categorical,train,categorical,L3_S42_F4042,3,42,L3_S42,F,4042
train_categorical,train,categorical,L3_S42_F4043,3,42,L3_S42,F,4043
train_categorical,train,categorical,L3_S42_F4044,3,42,L3_S42,F,4044
train_categorical,train,categorical,L3_S42_F4046,3,42,L3_S42,F,4046
train_categorical,train,categorical,L3_S42_F4047,3,42,L3_S42,F,4047
train_categorical,train,categorical,L3_S42_F4048,3,42,L3_S42,F,4048
train_categorical,train,categorical,L3_S42_F4050,3,42,L3_S42,F,4050
train_categorical,train,categorical,L3_S42_F4051,3,42,L3_S42,F,4051
train_categorical,train,categorical,L3_S42_F4052,3,42,L3_S42,F,4052
train_categorical,train,categorical,L3_S42_F4054,3,42,L3_S42,F,4054
train_categorical,train,categorical,L3_S42_F4055,3,42,L3_S42,F,4055
train_categorical,train,categorical,L3_S42_F4056,3,42,L3_S42,F,4056
train_categorical,train,categorical,L3_S42_F4058,3,42,L3_S42,F,4058
train_categorical,train,categorical,L3_S42_F4059,3,42,L3_S42,F,4059
train_categorical,train,categorical,L3_S43_F4061,3,43,L3_S43,F,4061
train_categorical,train,categorical,L3_S43_F4063,3,43,L3_S43,F,4063
train_categorical,train,categorical,L3_S43_F4064,3,43,L3_S43,F,4064
train_categorical,train,categorical,L3_S43_F4066,3,43,L3_S43,F,4066
train_categorical,train,categorical,L3_S43_F4068,3,43,L3_S43,F,4068
train_categorical,train,categorical,L3_S43_F4069,3,43,L3_S43,F,4069
train_categorical,train,categorical,L3_S43_F4071,3,43,L3_S43,F,4071
train_categorical,train,categorical,L3_S43_F4073,3,43,L3_S43,F,4073
train_categorical,train,categorical,L3_S43_F4074,3,43,L3_S43,F,4074
train_categorical,train,categorical,L3_S43_F4076,3,43,L3_S43,F,4076
train_categorical,train,categorical,L3_S43_F4078,3,43,L3_S43,F,4078
train_categorical,train,categorical,L3_S43_F4079,3,43,L3_S43,F,4079
train_categorical,train,categorical,L3_S43_F4081,3,43,L3_S43,F,4081
train_categorical,train,categorical,L3_S43_F4083,3,43,L3_S43,F,4083
train_categorical,train,categorical,L3_S43_F4084,3,43,L3_S43,F,4084
train_categorical,train,categorical,L3_S43_F4086,3,43,L3_S43,F,4086
train_categorical,train,categorical,L3_S43_F4088,3,43,L3_S43,F,4088
train_categorical,train,categorical,L3_S43_F4089,3,43,L3_S43,F,4089
train_categorical,train,categorical,L3_S43_F4091,3,43,L3_S43,F,4091
train_categorical,train,categorical,L3_S43_F4093,3,43,L3_S43,F,4093
train_categorical,train,categorical,L3_S43_F4094,3,43,L3_S43,F,4094
train_categorical,train,categorical,L3_S43_F4096,3,43,L3_S43,F,4096
train_categorical,train,categorical,L3_S43_F4098,3,43,L3_S43,F,4098
train_categorical,train,categorical,L3_S43_F4099,3,43,L3_S43,F,4099
train_categorical,train,categorical,L3_S44_F4102,3,44,L3_S44,F,4102
train_categorical,train,categorical,L3_S44_F4105,3,44,L3_S44,F,4105
train_categorical,train,categorical,L3_S44_F4108,3,44,L3_S44,F,4108
train_categorical,train,categorical,L3_S44_F4111,3,44,L3_S44,F,4111
train_categorical,train,categorical,L3_S44_F4114,3,44,L3_S44,F,4114
train_categorical,train,categorical,L3_S44_F4117,3,44,L3_S44,F,4117
train_categorical,train,categorical,L3_S44_F4120,3,44,L3_S44,F,4120
train_categorical,train,categorical,L3_S44_F4123,3,44,L3_S44,F,4123
train_categorical,train,categorical,L3_S46_F4134,3,46,L3_S46,F,4134
train_categorical,train,categorical,L3_S46_F4136,3,46,L3_S46,F,4136
train_categorical,train,categorical,L3_S46_F4137,3,46,L3_S46,F,4137
train_categorical,train,categorical,L3_S47_F4139,3,47,L3_S47,F,4139
train_categorical,train,categorical,L3_S47_F4141,3,47,L3_S47,F,4141
train_categorical,train,categorical,L3_S47_F4142,3,47,L3_S47,F,4142
train_categorical,train,categorical,L3_S47_F4144,3,47,L3_S47,F,4144
train_categorical,train,categorical,L3_S47_F4146,3,47,L3_S47,F,4146
train_categorical,train,categorical,L3_S47_F4147,3,47,L3_S47,F,4147
train_categorical,train,categorical,L3_S47_F4149,3,47,L3_S47,F,4149
train_categorical,train,categorical,L3_S47_F4151,3,47,L3_S47,F,4151
train_categorical,train,categorical,L3_S47_F4152,3,47,L3_S47,F,4152
train_categorical,train,categorical,L3_S47_F4154,3,47,L3_S47,F,4154
train_categorical,train,categorical,L3_S47_F4156,3,47,L3_S47,F,4156
train_categorical,train,categorical,L3_S47_F4157,3,47,L3_S47,F,4157
train_categorical,train,categorical,L3_S47_F4159,3,47,L3_S47,F,4159
train_categorical,train,categorical,L3_S47_F4161,3,47,L3_S47,F,4161
train_categorical,train,categorical,L3_S47_F4162,3,47,L3_S47,F,4162
train_categorical,train,categorical,L3_S47_F4164,3,47,L3_S47,F,4164
train_categorical,train,categorical,L3_S47_F4166,3,47,L3_S47,F,4166
train_categorical,train,categorical,L3_S47_F4167,3,47,L3_S47,F,4167
train_categorical,train,categorical,L3_S47_F4169,3,47,L3_S47,F,4169
train_categorical,train,categorical,L3_S47_F4171,3,47,L3_S47,F,4171
train_categorical,train,categorical,L3_S47_F4172,3,47,L3_S47,F,4172
train_categorical,train,categorical,L3_S47_F4174,3,47,L3_S47,F,4174
train_categorical,train,categorical,L3_S47_F4176,3,47,L3_S47,F,4176
train_categorical,train,categorical,L3_S47_F4177,3,47,L3_S47,F,4177
train_categorical,train,categorical,L3_S47_F4179,3,47,L3_S47,F,4179
train_categorical,train,categorical,L3_S47_F4181,3,47,L3_S47,F,4181
train_categorical,train,categorical,L3_S47_F4182,3,47,L3_S47,F,4182
train_categorical,train,categorical,L3_S47_F4184,3,47,L3_S47,F,4184
train_categorical,train,categorical,L3_S47_F4186,3,47,L3_S47,F,4186
train_categorical,train,categorical,L3_S47_F4187,3,47,L3_S47,F,4187
train_categorical,train,categorical,L3_S47_F4189,3,47,L3_S47,F,4189
train_categorical,train,categorical,L3_S47_F4191,3,47,L3_S47,F,4191
train_categorical,train,categorical,L3_S47_F4192,3,47,L3_S47,F,4192
train_categorical,train,categorical,L3_S49_F4207,3,49,L3_S49,F,4207
train_categorical,train,categorical,L3_S49_F4209,3,49,L3_S49,F,4209
train_categorical,train,categorical,L3_S49_F4210,3,49,L3_S49,F,4210
train_categorical,train,categorical,L3_S49_F4212,3,49,L3_S49,F,4212
train_categorical,train,categorical,L3_S49_F4214,3,49,L3_S49,F,4214
train_categorical,train,categorical,L3_S49_F4215,3,49,L3_S49,F,4215
train_categorical,train,categorical,L3_S49_F4217,3,49,L3_S49,F,4217
train_categorical,train,categorical,L3_S49_F4219,3,49,L3_S49,F,4219
train_categorical,train,categorical,L3_S49_F4220,3,49,L3_S49,F,4220
train_categorical,train,categorical,L3_S49_F4222,3,49,L3_S49,F,4222
train_categorical,train,categorical,L3_S49_F4224,3,49,L3_S49,F,4224
train_categorical,train,categorical,L3_S49_F4225,3,49,L3_S49,F,4225
train_categorical,train,categorical,L3_S49_F4227,3,49,L3_S49,F,4227
train_categorical,train,categorical,L3_S49_F4229,3,49,L3_S49,F,4229
train_categorical,train,categorical,L3_S49_F4230,3,49,L3_S49,F,4230
train_categorical,train,categorical,L3_S49_F4232,3,49,L3_S49,F,4232
train_categorical,train,categorical,L3_S49_F4234,3,49,L3_S49,F,4234
train_categorical,train,categorical,L3_S49_F4235,3,49,L3_S49,F,4235
train_categorical,train,categorical,L3_S49_F4237,3,49,L3_S49,F,4237
train_categorical,train,categorical,L3_S49_F4239,3,49,L3_S49,F,4239
train_categorical,train,categorical,L3_S49_F4240,3,49,L3_S49,F,4240
train_date,train,date,L0_S0_D1,0,0,L0_S0,D,1
train_date,train,date,L0_S0_D3,0,0,L0_S0,D,3
train_date,train,date,L0_S0_D5,0,0,L0_S0,D,5
train_date,train,date,L0_S0_D7,0,0,L0_S0,D,7
train_date,train,date,L0_S0_D9,0,0,L0_S0,D,9
train_date,train,date,L0_S0_D11,0,0,L0_S0,D,11
train_date,train,date,L0_S0_D13,0,0,L0_S0,D,13
train_date,train,date,L0_S0_D15,0,0,L0_S0,D,15
train_date,train,date,L0_S0_D17,0,0,L0_S0,D,17
train_date,train,date,L0_S0_D19,0,0,L0_S0,D,19
train_date,train,date,L0_S0_D21,0,0,L0_S0,D,21
train_date,train,date,L0_S0_D23,0,0,L0_S0,D,23
train_date,train,date,L0_S1_D26,0,1,L0_S1,D,26
train_date,train,date,L0_S1_D30,0,1,L0_S1,D,30
train_date,train,date,L0_S2_D34,0,2,L0_S2,D,34
train_date,train,date,L0_S2_D38,0,2,L0_S2,D,38
train_date,train,date,L0_S2_D42,0,2,L0_S2,D,42
train_date,train,date,L0_S2_D46,0,2,L0_S2,D,46
train_date,train,date,L0_S2_D50,0,2,L0_S2,D,50
train_date,train,date,L0_S2_D54,0,2,L0_S2,D,54
train_date,train,date,L0_S2_D58,0,2,L0_S2,D,58
train_date,train,date,L0_S2_D62,0,2,L0_S2,D,62
train_date,train,date,L0_S2_D66,0,2,L0_S2,D,66
train_date,train,date,L0_S3_D70,0,3,L0_S3,D,70
train_date,train,date,L0_S3_D74,0,3,L0_S3,D,74
train_date,train,date,L0_S3_D78,0,3,L0_S3,D,78
train_date,train,date,L0_S3_D82,0,3,L0_S3,D,82
train_date,train,date,L0_S3_D86,0,3,L0_S3,D,86
train_date,train,date,L0_S3_D90,0,3,L0_S3,D,90
train_date,train,date,L0_S3_D94,0,3,L0_S3,D,94
train_date,train,date,L0_S3_D98,0,3,L0_S3,D,98
train_date,train,date,L0_S3_D102,0,3,L0_S3,D,102
train_date,train,date,L0_S4_D106,0,4,L0_S4,D,106
train_date,train,date,L0_S4_D111,0,4,L0_S4,D,111
train_date,train,date,L0_S5_D115,0,5,L0_S5,D,115
train_date,train,date,L0_S5_D117,0,5,L0_S5,D,117
train_date,train,date,L0_S6_D120,0,6,L0_S6,D,120
train_date,train,date,L0_S6_D124,0,6,L0_S6,D,124
train_date,train,date,L0_S6_D127,0,6,L0_S6,D,127
train_date,train,date,L0_S6_D130,0,6,L0_S6,D,130
train_date,train,date,L0_S6_D134,0,6,L0_S6,D,134
train_date,train,date,L0_S7_D137,0,7,L0_S7,D,137
train_date,train,date,L0_S7_D139,0,7,L0_S7,D,139
train_date,train,date,L0_S7_D140,0,7,L0_S7,D,140
train_date,train,date,L0_S7_D141,0,7,L0_S7,D,141
train_date,train,date,L0_S7_D143,0,7,L0_S7,D,143
train_date,train,date,L0_S8_D145,0,8,L0_S8,D,145
train_date,train,date,L0_S8_D147,0,8,L0_S8,D,147
train_date,train,date,L0_S8_D148,0,8,L0_S8,D,148
train_date,train,date,L0_S8_D150,0,8,L0_S8,D,150
train_date,train,date,L0_S9_D152,0,9,L0_S9,D,152
train_date,train,date,L0_S9_D157,0,9,L0_S9,D,157
train_date,train,date,L0_S9_D162,0,9,L0_S9,D,162
train_date,train,date,L0_S9_D167,0,9,L0_S9,D,167
train_date,train,date,L0_S9_D172,0,9,L0_S9,D,172
train_date,train,date,L0_S9_D177,0,9,L0_S9,D,177
train_date,train,date,L0_S9_D182,0,9,L0_S9,D,182
train_date,train,date,L0_S9_D187,0,9,L0_S9,D,187
train_date,train,date,L0_S9_D192,0,9,L0_S9,D,192
train_date,train,date,L0_S9_D197,0,9,L0_S9,D,197
train_date,train,date,L0_S9_D202,0,9,L0_S9,D,202
train_date,train,date,L0_S9_D207,0,9,L0_S9,D,207
train_date,train,date,L0_S9_D212,0,9,L0_S9,D,212
train_date,train,date,L0_S10_D216,0,10,L0_S10,D,216
train_date,train,date,L0_S10_D221,0,10,L0_S10,D,221
train_date,train,date,L0_S10_D226,0,10,L0_S10,D,226
train_date,train,date,L0_S10_D231,0,10,L0_S10,D,231
train_date,train,date,L0_S10_D236,0,10,L0_S10,D,236
train_date,train,date,L0_S10_D241,0,10,L0_S10,D,241
train_date,train,date,L0_S10_D246,0,10,L0_S10,D,246
train_date,train,date,L0_S10_D251,0,10,L0_S10,D,251
train_date,train,date,L0_S10_D256,0,10,L0_S10,D,256
train_date,train,date,L0_S10_D261,0,10,L0_S10,D,261
train_date,train,date,L0_S10_D266,0,10,L0_S10,D,266
train_date,train,date,L0_S10_D271,0,10,L0_S10,D,271
train_date,train,date,L0_S10_D276,0,10,L0_S10,D,276
train_date,train,date,L0_S11_D280,0,11,L0_S11,D,280
train_date,train,date,L0_S11_D284,0,11,L0_S11,D,284
train_date,train,date,L0_S11_D288,0,11,L0_S11,D,288
train_date,train,date,L0_S11_D292,0,11,L0_S11,D,292
train_date,train,date,L0_S11_D296,0,11,L0_S11,D,296
train_date,train,date,L0_S11_D300,0,11,L0_S11,D,300
train_date,train,date,L0_S11_D304,0,11,L0_S11,D,304
train_date,train,date,L0_S11_D308,0,11,L0_S11,D,308
train_date,train,date,L0_S11_D312,0,11,L0_S11,D,312
train_date,train,date,L0_S11_D316,0,11,L0_S11,D,316
train_date,train,date,L0_S11_D320,0,11,L0_S11,D,320
train_date,train,date,L0_S11_D324,0,11,L0_S11,D,324
train_date,train,date,L0_S11_D328,0,11,L0_S11,D,328
train_date,train,date,L0_S12_D331,0,12,L0_S12,D,331
train_date,train,date,L0_S12_D333,0,12,L0_S12,D,333
train_date,train,date,L0_S12_D335,0,12,L0_S12,D,335
train_date,train,date,L0_S12_D337,0,12,L0_S12,D,337
train_date,train,date,L0_S12_D339,0,12,L0_S12,D,339
train_date,train,date,L0_S12_D341,0,12,L0_S12,D,341
train_date,train,date,L0_S12_D343,0,12,L0_S12,D,343
train_date,train,date,L0_S12_D345,0,12,L0_S12,D,345
train_date,train,date,L0_S12_D347,0,12,L0_S12,D,347
train_date,train,date,L0_S12_D349,0,12,L0_S12,D,349
train_date,train,date,L0_S12_D351,0,12,L0_S12,D,351
train_date,train,date,L0_S12_D353,0,12,L0_S12,D,353
train_date,train,date,L0_S13_D355,0,13,L0_S13,D,355
train_date,train,date,L0_S13_D357,0,13,L0_S13,D,357
train_date,train,date,L0_S14_D360,0,14,L0_S14,D,360
train_date,train,date,L0_S14_D364,0,14,L0_S14,D,364
train_date,train,date,L0_S14_D368,0,14,L0_S14,D,368
train_date,train,date,L0_S14_D372,0,14,L0_S14,D,372
train_date,train,date,L0_S14_D376,0,14,L0_S14,D,376
train_date,train,date,L0_S14_D380,0,14,L0_S14,D,380
train_date,train,date,L0_S14_D384,0,14,L0_S14,D,384
train_date,train,date,L0_S14_D388,0,14,L0_S14,D,388
train_date,train,date,L0_S14_D392,0,14,L0_S14,D,392
train_date,train,date,L0_S15_D395,0,15,L0_S15,D,395
train_date,train,date,L0_S15_D398,0,15,L0_S15,D,398
train_date,train,date,L0_S15_D401,0,15,L0_S15,D,401
train_date,train,date,L0_S15_D404,0,15,L0_S15,D,404
train_date,train,date,L0_S15_D407,0,15,L0_S15,D,407
train_date,train,date,L0_S15_D410,0,15,L0_S15,D,410
train_date,train,date,L0_S15_D413,0,15,L0_S15,D,413
train_date,train,date,L0_S15_D416,0,15,L0_S15,D,416
train_date,train,date,L0_S15_D419,0,15,L0_S15,D,419
train_date,train,date,L0_S16_D423,0,16,L0_S16,D,423
train_date,train,date,L0_S16_D428,0,16,L0_S16,D,428
train_date,train,date,L0_S17_D432,0,17,L0_S17,D,432
train_date,train,date,L0_S17_D434,0,17,L0_S17,D,434
train_date,train,date,L0_S18_D437,0,18,L0_S18,D,437
train_date,train,date,L0_S18_D441,0,18,L0_S18,D,441
train_date,train,date,L0_S18_D444,0,18,L0_S18,D,444
train_date,train,date,L0_S18_D447,0,18,L0_S18,D,447
train_date,train,date,L0_S18_D451,0,18,L0_S18,D,451
train_date,train,date,L0_S19_D454,0,19,L0_S19,D,454
train_date,train,date,L0_S19_D456,0,19,L0_S19,D,456
train_date,train,date,L0_S19_D457,0,19,L0_S19,D,457
train_date,train,date,L0_S19_D458,0,19,L0_S19,D,458
train_date,train,date,L0_S19_D460,0,19,L0_S19,D,460
train_date,train,date,L0_S20_D462,0,20,L0_S20,D,462
train_date,train,date,L0_S20_D464,0,20,L0_S20,D,464
train_date,train,date,L0_S20_D465,0,20,L0_S20,D,465
train_date,train,date,L0_S20_D467,0,20,L0_S20,D,467
train_date,train,date,L0_S21_D469,0,21,L0_S21,D,469
train_date,train,date,L0_S21_D474,0,21,L0_S21,D,474
train_date,train,date,L0_S21_D479,0,21,L0_S21,D,479
train_date,train,date,L0_S21_D484,0,21,L0_S21,D,484
train_date,train,date,L0_S21_D489,0,21,L0_S21,D,489
train_date,train,date,L0_S21_D494,0,21,L0_S21,D,494
train_date,train,date,L0_S21_D499,0,21,L0_S21,D,499
train_date,train,date,L0_S21_D504,0,21,L0_S21,D,504
train_date,train,date,L0_S21_D509,0,21,L0_S21,D,509
train_date,train,date,L0_S21_D514,0,21,L0_S21,D,514
train_date,train,date,L0_S21_D519,0,21,L0_S21,D,519
train_date,train,date,L0_S21_D524,0,21,L0_S21,D,524
train_date,train,date,L0_S21_D529,0,21,L0_S21,D,529
train_date,train,date,L0_S21_D534,0,21,L0_S21,D,534
train_date,train,date,L0_S21_D539,0,21,L0_S21,D,539
train_date,train,date,L0_S22_D543,0,22,L0_S22,D,543
train_date,train,date,L0_S22_D548,0,22,L0_S22,D,548
train_date,train,date,L0_S22_D553,0,22,L0_S22,D,553
train_date,train,date,L0_S22_D558,0,22,L0_S22,D,558
train_date,train,date,L0_S22_D563,0,22,L0_S22,D,563
train_date,train,date,L0_S22_D568,0,22,L0_S22,D,568
train_date,train,date,L0_S22_D573,0,22,L0_S22,D,573
train_date,train,date,L0_S22_D578,0,22,L0_S22,D,578
train_date,train,date,L0_S22_D583,0,22,L0_S22,D,583
train_date,train,date,L0_S22_D588,0,22,L0_S22,D,588
train_date,train,date,L0_S22_D593,0,22,L0_S22,D,593
train_date,train,date,L0_S22_D598,0,22,L0_S22,D,598
train_date,train,date,L0_S22_D603,0,22,L0_S22,D,603
train_date,train,date,L0_S22_D608,0,22,L0_S22,D,608
train_date,train,date,L0_S22_D613,0,22,L0_S22,D,613
train_date,train,date,L0_S23_D617,0,23,L0_S23,D,617
train_date,train,date,L0_S23_D621,0,23,L0_S23,D,621
train_date,train,date,L0_S23_D625,0,23,L0_S23,D,625
train_date,train,date,L0_S23_D629,0,23,L0_S23,D,629
train_date,train,date,L0_S23_D633,0,23,L0_S23,D,633
train_date,train,date,L0_S23_D637,0,23,L0_S23,D,637
train_date,train,date,L0_S23_D641,0,23,L0_S23,D,641
train_date,train,date,L0_S23_D645,0,23,L0_S23,D,645
train_date,train,date,L0_S23_D649,0,23,L0_S23,D,649
train_date,train,date,L0_S23_D653,0,23,L0_S23,D,653
train_date,train,date,L0_S23_D657,0,23,L0_S23,D,657
train_date,train,date,L0_S23_D661,0,23,L0_S23,D,661
train_date,train,date,L0_S23_D665,0,23,L0_S23,D,665
train_date,train,date,L0_S23_D669,0,23,L0_S23,D,669
train_date,train,date,L0_S23_D673,0,23,L0_S23,D,673
train_date,train,date,L1_S24_D677,1,24,L1_S24,D,677
train_date,train,date,L1_S24_D681,1,24,L1_S24,D,681
train_date,train,date,L1_S24_D685,1,24,L1_S24,D,685
train_date,train,date,L1_S24_D689,1,24,L1_S24,D,689
train_date,train,date,L1_S24_D693,1,24,L1_S24,D,693
train_date,train,date,L1_S24_D697,1,24,L1_S24,D,697
train_date,train,date,L1_S24_D702,1,24,L1_S24,D,702
train_date,train,date,L1_S24_D707,1,24,L1_S24,D,707
train_date,train,date,L1_S24_D712,1,24,L1_S24,D,712
train_date,train,date,L1_S24_D716,1,24,L1_S24,D,716
train_date,train,date,L1_S24_D721,1,24,L1_S24,D,721
train_date,train,date,L1_S24_D725,1,24,L1_S24,D,725
train_date,train,date,L1_S24_D730,1,24,L1_S24,D,730
train_date,train,date,L1_S24_D735,1,24,L1_S24,D,735
train_date,train,date,L1_S24_D739,1,24,L1_S24,D,739
train_date,train,date,L1_S24_D743,1,24,L1_S24,D,743
train_date,train,date,L1_S24_D748,1,24,L1_S24,D,748
train_date,train,date,L1_S24_D753,1,24,L1_S24,D,753
train_date,train,date,L1_S24_D758,1,24,L1_S24,D,758
train_date,train,date,L1_S24_D763,1,24,L1_S24,D,763
train_date,train,date,L1_S24_D768,1,24,L1_S24,D,768
train_date,train,date,L1_S24_D772,1,24,L1_S24,D,772
train_date,train,date,L1_S24_D777,1,24,L1_S24,D,777
train_date,train,date,L1_S24_D782,1,24,L1_S24,D,782
train_date,train,date,L1_S24_D787,1,24,L1_S24,D,787
train_date,train,date,L1_S24_D792,1,24,L1_S24,D,792
train_date,train,date,L1_S24_D797,1,24,L1_S24,D,797
train_date,train,date,L1_S24_D801,1,24,L1_S24,D,801
train_date,train,date,L1_S24_D804,1,24,L1_S24,D,804
train_date,train,date,L1_S24_D807,1,24,L1_S24,D,807
train_date,train,date,L1_S24_D809,1,24,L1_S24,D,809
train_date,train,date,L1_S24_D811,1,24,L1_S24,D,811
train_date,train,date,L1_S24_D813,1,24,L1_S24,D,813
train_date,train,date,L1_S24_D815,1,24,L1_S24,D,815
train_date,train,date,L1_S24_D818,1,24,L1_S24,D,818
train_date,train,date,L1_S24_D822,1,24,L1_S24,D,822
train_date,train,date,L1_S24_D826,1,24,L1_S24,D,826
train_date,train,date,L1_S24_D831,1,24,L1_S24,D,831
train_date,train,date,L1_S24_D836,1,24,L1_S24,D,836
train_date,train,date,L1_S24_D841,1,24,L1_S24,D,841
train_date,train,date,L1_S24_D846,1,24,L1_S24,D,846
train_date,train,date,L1_S24_D850,1,24,L1_S24,D,850
train_date,train,date,L1_S24_D854,1,24,L1_S24,D,854
train_date,train,date,L1_S24_D859,1,24,L1_S24,D,859
train_date,train,date,L1_S24_D864,1,24,L1_S24,D,864
train_date,train,date,L1_S24_D869,1,24,L1_S24,D,869
train_date,train,date,L1_S24_D874,1,24,L1_S24,D,874
train_date,train,date,L1_S24_D879,1,24,L1_S24,D,879
train_date,train,date,L1_S24_D884,1,24,L1_S24,D,884
train_date,train,date,L1_S24_D889,1,24,L1_S24,D,889
train_date,train,date,L1_S24_D894,1,24,L1_S24,D,894
train_date,train,date,L1_S24_D899,1,24,L1_S24,D,899
train_date,train,date,L1_S24_D904,1,24,L1_S24,D,904
train_date,train,date,L1_S24_D909,1,24,L1_S24,D,909
train_date,train,date,L1_S24_D913,1,24,L1_S24,D,913
train_date,train,date,L1_S24_D917,1,24,L1_S24,D,917
train_date,train,date,L1_S24_D922,1,24,L1_S24,D,922
train_date,train,date,L1_S24_D927,1,24,L1_S24,D,927
train_date,train,date,L1_S24_D932,1,24,L1_S24,D,932
train_date,train,date,L1_S24_D937,1,24,L1_S24,D,937
train_date,train,date,L1_S24_D941,1,24,L1_S24,D,941
train_date,train,date,L1_S24_D945,1,24,L1_S24,D,945
train_date,train,date,L1_S24_D950,1,24,L1_S24,D,950
train_date,train,date,L1_S24_D955,1,24,L1_S24,D,955
train_date,train,date,L1_S24_D960,1,24,L1_S24,D,960
train_date,train,date,L1_S24_D965,1,24,L1_S24,D,965
train_date,train,date,L1_S24_D970,1,24,L1_S24,D,970
train_date,train,date,L1_S24_D975,1,24,L1_S24,D,975
train_date,train,date,L1_S24_D980,1,24,L1_S24,D,980
train_date,train,date,L1_S24_D985,1,24,L1_S24,D,985
train_date,train,date,L1_S24_D990,1,24,L1_S24,D,990
train_date,train,date,L1_S24_D995,1,24,L1_S24,D,995
train_date,train,date,L1_S24_D999,1,24,L1_S24,D,999
train_date,train,date,L1_S24_D1001,1,24,L1_S24,D,1001
train_date,train,date,L1_S24_D1003,1,24,L1_S24,D,1003
train_date,train,date,L1_S24_D1005,1,24,L1_S24,D,1005
train_date,train,date,L1_S24_D1007,1,24,L1_S24,D,1007
train_date,train,date,L1_S24_D1009,1,24,L1_S24,D,1009
train_date,train,date,L1_S24_D1011,1,24,L1_S24,D,1011
train_date,train,date,L1_S24_D1013,1,24,L1_S24,D,1013
train_date,train,date,L1_S24_D1015,1,24,L1_S24,D,1015
train_date,train,date,L1_S24_D1018,1,24,L1_S24,D,1018
train_date,train,date,L1_S24_D1023,1,24,L1_S24,D,1023
train_date,train,date,L1_S24_D1028,1,24,L1_S24,D,1028
train_date,train,date,L1_S24_D1033,1,24,L1_S24,D,1033
train_date,train,date,L1_S24_D1038,1,24,L1_S24,D,1038
train_date,train,date,L1_S24_D1043,1,24,L1_S24,D,1043
train_date,train,date,L1_S24_D1048,1,24,L1_S24,D,1048
train_date,train,date,L1_S24_D1053,1,24,L1_S24,D,1053
train_date,train,date,L1_S24_D1058,1,24,L1_S24,D,1058
train_date,train,date,L1_S24_D1062,1,24,L1_S24,D,1062
train_date,train,date,L1_S24_D1066,1,24,L1_S24,D,1066
train_date,train,date,L1_S24_D1070,1,24,L1_S24,D,1070
train_date,train,date,L1_S24_D1074,1,24,L1_S24,D,1074
train_date,train,date,L1_S24_D1077,1,24,L1_S24,D,1077
train_date,train,date,L1_S24_D1081,1,24,L1_S24,D,1081
train_date,train,date,L1_S24_D1085,1,24,L1_S24,D,1085
train_date,train,date,L1_S24_D1089,1,24,L1_S24,D,1089
train_date,train,date,L1_S24_D1092,1,24,L1_S24,D,1092
train_date,train,date,L1_S24_D1096,1,24,L1_S24,D,1096
train_date,train,date,L1_S24_D1100,1,24,L1_S24,D,1100
train_date,train,date,L1_S24_D1104,1,24,L1_S24,D,1104
train_date,train,date,L1_S24_D1108,1,24,L1_S24,D,1108
train_date,train,date,L1_S24_D1112,1,24,L1_S24,D,1112
train_date,train,date,L1_S24_D1116,1,24,L1_S24,D,1116
train_date,train,date,L1_S24_D1120,1,24,L1_S24,D,1120
train_date,train,date,L1_S24_D1124,1,24,L1_S24,D,1124
train_date,train,date,L1_S24_D1128,1,24,L1_S24,D,1128
train_date,train,date,L1_S24_D1132,1,24,L1_S24,D,1132
train_date,train,date,L1_S24_D1135,1,24,L1_S24,D,1135
train_date,train,date,L1_S24_D1138,1,24,L1_S24,D,1138
train_date,train,date,L1_S24_D1141,1,24,L1_S24,D,1141
train_date,train,date,L1_S24_D1143,1,24,L1_S24,D,1143
train_date,train,date,L1_S24_D1146,1,24,L1_S24,D,1146
train_date,train,date,L1_S24_D1149,1,24,L1_S24,D,1149
train_date,train,date,L1_S24_D1151,1,24,L1_S24,D,1151
train_date,train,date,L1_S24_D1153,1,24,L1_S24,D,1153
train_date,train,date,L1_S24_D1155,1,24,L1_S24,D,1155
train_date,train,date,L1_S24_D1158,1,24,L1_S24,D,1158
train_date,train,date,L1_S24_D1163,1,24,L1_S24,D,1163
train_date,train,date,L1_S24_D1168,1,24,L1_S24,D,1168
train_date,train,date,L1_S24_D1171,1,24,L1_S24,D,1171
train_date,train,date,L1_S24_D1173,1,24,L1_S24,D,1173
train_date,train,date,L1_S24_D1175,1,24,L1_S24,D,1175
train_date,train,date,L1_S24_D1178,1,24,L1_S24,D,1178
train_date,train,date,L1_S24_D1182,1,24,L1_S24,D,1182
train_date,train,date,L1_S24_D1186,1,24,L1_S24,D,1186
train_date,train,date,L1_S24_D1190,1,24,L1_S24,D,1190
train_date,train,date,L1_S24_D1194,1,24,L1_S24,D,1194
train_date,train,date,L1_S24_D1199,1,24,L1_S24,D,1199
train_date,train,date,L1_S24_D1204,1,24,L1_S24,D,1204
train_date,train,date,L1_S24_D1209,1,24,L1_S24,D,1209
train_date,train,date,L1_S24_D1214,1,24,L1_S24,D,1214
train_date,train,date,L1_S24_D1218,1,24,L1_S24,D,1218
train_date,train,date,L1_S24_D1222,1,24,L1_S24,D,1222
train_date,train,date,L1_S24_D1227,1,24,L1_S24,D,1227
train_date,train,date,L1_S24_D1232,1,24,L1_S24,D,1232
train_date,train,date,L1_S24_D1237,1,24,L1_S24,D,1237
train_date,train,date,L1_S24_D1242,1,24,L1_S24,D,1242
train_date,train,date,L1_S24_D1247,1,24,L1_S24,D,1247
train_date,train,date,L1_S24_D1252,1,24,L1_S24,D,1252
train_date,train,date,L1_S24_D1257,1,24,L1_S24,D,1257
train_date,train,date,L1_S24_D1262,1,24,L1_S24,D,1262
train_date,train,date,L1_S24_D1267,1,24,L1_S24,D,1267
train_date,train,date,L1_S24_D1272,1,24,L1_S24,D,1272
train_date,train,date,L1_S24_D1277,1,24,L1_S24,D,1277
train_date,train,date,L1_S24_D1281,1,24,L1_S24,D,1281
train_date,train,date,L1_S24_D1285,1,24,L1_S24,D,1285
train_date,train,date,L1_S24_D1290,1,24,L1_S24,D,1290
train_date,train,date,L1_S24_D1295,1,24,L1_S24,D,1295
train_date,train,date,L1_S24_D1300,1,24,L1_S24,D,1300
train_date,train,date,L1_S24_D1305,1,24,L1_S24,D,1305
train_date,train,date,L1_S24_D1309,1,24,L1_S24,D,1309
train_date,train,date,L1_S24_D1313,1,24,L1_S24,D,1313
train_date,train,date,L1_S24_D1318,1,24,L1_S24,D,1318
train_date,train,date,L1_S24_D1323,1,24,L1_S24,D,1323
train_date,train,date,L1_S24_D1328,1,24,L1_S24,D,1328
train_date,train,date,L1_S24_D1333,1,24,L1_S24,D,1333
train_date,train,date,L1_S24_D1338,1,24,L1_S24,D,1338
train_date,train,date,L1_S24_D1343,1,24,L1_S24,D,1343
train_date,train,date,L1_S24_D1348,1,24,L1_S24,D,1348
train_date,train,date,L1_S24_D1353,1,24,L1_S24,D,1353
train_date,train,date,L1_S24_D1358,1,24,L1_S24,D,1358
train_date,train,date,L1_S24_D1363,1,24,L1_S24,D,1363
train_date,train,date,L1_S24_D1368,1,24,L1_S24,D,1368
train_date,train,date,L1_S24_D1373,1,24,L1_S24,D,1373
train_date,train,date,L1_S24_D1378,1,24,L1_S24,D,1378
train_date,train,date,L1_S24_D1383,1,24,L1_S24,D,1383
train_date,train,date,L1_S24_D1388,1,24,L1_S24,D,1388
train_date,train,date,L1_S24_D1393,1,24,L1_S24,D,1393
train_date,train,date,L1_S24_D1398,1,24,L1_S24,D,1398
train_date,train,date,L1_S24_D1403,1,24,L1_S24,D,1403
train_date,train,date,L1_S24_D1408,1,24,L1_S24,D,1408
train_date,train,date,L1_S24_D1413,1,24,L1_S24,D,1413
train_date,train,date,L1_S24_D1418,1,24,L1_S24,D,1418
train_date,train,date,L1_S24_D1423,1,24,L1_S24,D,1423
train_date,train,date,L1_S24_D1428,1,24,L1_S24,D,1428
train_date,train,date,L1_S24_D1433,1,24,L1_S24,D,1433
train_date,train,date,L1_S24_D1438,1,24,L1_S24,D,1438
train_date,train,date,L1_S24_D1443,1,24,L1_S24,D,1443
train_date,train,date,L1_S24_D1448,1,24,L1_S24,D,1448
train_date,train,date,L1_S24_D1453,1,24,L1_S24,D,1453
train_date,train,date,L1_S24_D1457,1,24,L1_S24,D,1457
train_date,train,date,L1_S24_D1461,1,24,L1_S24,D,1461
train_date,train,date,L1_S24_D1465,1,24,L1_S24,D,1465
train_date,train,date,L1_S24_D1469,1,24,L1_S24,D,1469
train_date,train,date,L1_S24_D1472,1,24,L1_S24,D,1472
train_date,train,date,L1_S24_D1476,1,24,L1_S24,D,1476
train_date,train,date,L1_S24_D1480,1,24,L1_S24,D,1480
train_date,train,date,L1_S24_D1484,1,24,L1_S24,D,1484
train_date,train,date,L1_S24_D1488,1,24,L1_S24,D,1488
train_date,train,date,L1_S24_D1492,1,24,L1_S24,D,1492
train_date,train,date,L1_S24_D1496,1,24,L1_S24,D,1496
train_date,train,date,L1_S24_D1500,1,24,L1_S24,D,1500
train_date,train,date,L1_S24_D1504,1,24,L1_S24,D,1504
train_date,train,date,L1_S24_D1508,1,24,L1_S24,D,1508
train_date,train,date,L1_S24_D1511,1,24,L1_S24,D,1511
train_date,train,date,L1_S24_D1513,1,24,L1_S24,D,1513
train_date,train,date,L1_S24_D1515,1,24,L1_S24,D,1515
train_date,train,date,L1_S24_D1517,1,24,L1_S24,D,1517
train_date,train,date,L1_S24_D1519,1,24,L1_S24,D,1519
train_date,train,date,L1_S24_D1522,1,24,L1_S24,D,1522
train_date,train,date,L1_S24_D1527,1,24,L1_S24,D,1527
train_date,train,date,L1_S24_D1532,1,24,L1_S24,D,1532
train_date,train,date,L1_S24_D1536,1,24,L1_S24,D,1536
train_date,train,date,L1_S24_D1541,1,24,L1_S24,D,1541
train_date,train,date,L1_S24_D1546,1,24,L1_S24,D,1546
train_date,train,date,L1_S24_D1550,1,24,L1_S24,D,1550
train_date,train,date,L1_S24_D1554,1,24,L1_S24,D,1554
train_date,train,date,L1_S24_D1558,1,24,L1_S24,D,1558
train_date,train,date,L1_S24_D1562,1,24,L1_S24,D,1562
train_date,train,date,L1_S24_D1566,1,24,L1_S24,D,1566
train_date,train,date,L1_S24_D1568,1,24,L1_S24,D,1568
train_date,train,date,L1_S24_D1570,1,24,L1_S24,D,1570
train_date,train,date,L1_S24_D1572,1,24,L1_S24,D,1572
train_date,train,date,L1_S24_D1574,1,24,L1_S24,D,1574
train_date,train,date,L1_S24_D1576,1,24,L1_S24,D,1576
train_date,train,date,L1_S24_D1579,1,24,L1_S24,D,1579
train_date,train,date,L1_S24_D1583,1,24,L1_S24,D,1583
train_date,train,date,L1_S24_D1587,1,24,L1_S24,D,1587
train_date,train,date,L1_S24_D1591,1,24,L1_S24,D,1591
train_date,train,date,L1_S24_D1596,1,24,L1_S24,D,1596
train_date,train,date,L1_S24_D1601,1,24,L1_S24,D,1601
train_date,train,date,L1_S24_D1606,1,24,L1_S24,D,1606
train_date,train,date,L1_S24_D1611,1,24,L1_S24,D,1611
train_date,train,date,L1_S24_D1615,1,24,L1_S24,D,1615
train_date,train,date,L1_S24_D1619,1,24,L1_S24,D,1619
train_date,train,date,L1_S24_D1624,1,24,L1_S24,D,1624
train_date,train,date,L1_S24_D1629,1,24,L1_S24,D,1629
train_date,train,date,L1_S24_D1634,1,24,L1_S24,D,1634
train_date,train,date,L1_S24_D1639,1,24,L1_S24,D,1639
train_date,train,date,L1_S24_D1644,1,24,L1_S24,D,1644
train_date,train,date,L1_S24_D1649,1,24,L1_S24,D,1649
train_date,train,date,L1_S24_D1654,1,24,L1_S24,D,1654
train_date,train,date,L1_S24_D1659,1,24,L1_S24,D,1659
train_date,train,date,L1_S24_D1664,1,24,L1_S24,D,1664
train_date,train,date,L1_S24_D1669,1,24,L1_S24,D,1669
train_date,train,date,L1_S24_D1674,1,24,L1_S24,D,1674
train_date,train,date,L1_S24_D1678,1,24,L1_S24,D,1678
train_date,train,date,L1_S24_D1682,1,24,L1_S24,D,1682
train_date,train,date,L1_S24_D1687,1,24,L1_S24,D,1687
train_date,train,date,L1_S24_D1692,1,24,L1_S24,D,1692
train_date,train,date,L1_S24_D1697,1,24,L1_S24,D,1697
train_date,train,date,L1_S24_D1702,1,24,L1_S24,D,1702
train_date,train,date,L1_S24_D1706,1,24,L1_S24,D,1706
train_date,train,date,L1_S24_D1710,1,24,L1_S24,D,1710
train_date,train,date,L1_S24_D1715,1,24,L1_S24,D,1715
train_date,train,date,L1_S24_D1720,1,24,L1_S24,D,1720
train_date,train,date,L1_S24_D1725,1,24,L1_S24,D,1725
train_date,train,date,L1_S24_D1730,1,24,L1_S24,D,1730
train_date,train,date,L1_S24_D1735,1,24,L1_S24,D,1735
train_date,train,date,L1_S24_D1740,1,24,L1_S24,D,1740
train_date,train,date,L1_S24_D1745,1,24,L1_S24,D,1745
train_date,train,date,L1_S24_D1750,1,24,L1_S24,D,1750
train_date,train,date,L1_S24_D1755,1,24,L1_S24,D,1755
train_date,train,date,L1_S24_D1760,1,24,L1_S24,D,1760
train_date,train,date,L1_S24_D1765,1,24,L1_S24,D,1765
train_date,train,date,L1_S24_D1770,1,24,L1_S24,D,1770
train_date,train,date,L1_S24_D1775,1,24,L1_S24,D,1775
train_date,train,date,L1_S24_D1780,1,24,L1_S24,D,1780
train_date,train,date,L1_S24_D1785,1,24,L1_S24,D,1785
train_date,train,date,L1_S24_D1790,1,24,L1_S24,D,1790
train_date,train,date,L1_S24_D1795,1,24,L1_S24,D,1795
train_date,train,date,L1_S24_D1800,1,24,L1_S24,D,1800
train_date,train,date,L1_S24_D1805,1,24,L1_S24,D,1805
train_date,train,date,L1_S24_D1809,1,24,L1_S24,D,1809
train_date,train,date,L1_S24_D1811,1,24,L1_S24,D,1811
train_date,train,date,L1_S24_D1813,1,24,L1_S24,D,1813
train_date,train,date,L1_S24_D1815,1,24,L1_S24,D,1815
train_date,train,date,L1_S24_D1817,1,24,L1_S24,D,1817
train_date,train,date,L1_S24_D1819,1,24,L1_S24,D,1819
train_date,train,date,L1_S24_D1821,1,24,L1_S24,D,1821
train_date,train,date,L1_S24_D1823,1,24,L1_S24,D,1823
train_date,train,date,L1_S24_D1825,1,24,L1_S24,D,1825
train_date,train,date,L1_S24_D1826,1,24,L1_S24,D,1826
train_date,train,date,L1_S24_D1828,1,24,L1_S24,D,1828
train_date,train,date,L1_S24_D1830,1,24,L1_S24,D,1830
train_date,train,date,L1_S24_D1832,1,24,L1_S24,D,1832
train_date,train,date,L1_S24_D1833,1,24,L1_S24,D,1833
train_date,train,date,L1_S24_D1835,1,24,L1_S24,D,1835
train_date,train,date,L1_S24_D1837,1,24,L1_S24,D,1837
train_date,train,date,L1_S24_D1839,1,24,L1_S24,D,1839
train_date,train,date,L1_S24_D1841,1,24,L1_S24,D,1841
train_date,train,date,L1_S24_D1843,1,24,L1_S24,D,1843
train_date,train,date,L1_S24_D1845,1,24,L1_S24,D,1845
train_date,train,date,L1_S24_D1847,1,24,L1_S24,D,1847
train_date,train,date,L1_S24_D1849,1,24,L1_S24,D,1849
train_date,train,date,L1_S24_D1851,1,24,L1_S24,D,1851
train_date,train,date,L1_S25_D1854,1,25,L1_S25,D,1854
train_date,train,date,L1_S25_D1857,1,25,L1_S25,D,1857
train_date,train,date,L1_S25_D1860,1,25,L1_S25,D,1860
train_date,train,date,L1_S25_D1862,1,25,L1_S25,D,1862
train_date,train,date,L1_S25_D1864,1,25,L1_S25,D,1864
train_date,train,date,L1_S25_D1867,1,25,L1_S25,D,1867
train_date,train,date,L1_S25_D1871,1,25,L1_S25,D,1871
train_date,train,date,L1_S25_D1875,1,25,L1_S25,D,1875
train_date,train,date,L1_S25_D1879,1,25,L1_S25,D,1879
train_date,train,date,L1_S25_D1883,1,25,L1_S25,D,1883
train_date,train,date,L1_S25_D1887,1,25,L1_S25,D,1887
train_date,train,date,L1_S25_D1891,1,25,L1_S25,D,1891
train_date,train,date,L1_S25_D1893,1,25,L1_S25,D,1893
train_date,train,date,L1_S25_D1895,1,25,L1_S25,D,1895
train_date,train,date,L1_S25_D1898,1,25,L1_S25,D,1898
train_date,train,date,L1_S25_D1902,1,25,L1_S25,D,1902
train_date,train,date,L1_S25_D1906,1,25,L1_S25,D,1906
train_date,train,date,L1_S25_D1911,1,25,L1_S25,D,1911
train_date,train,date,L1_S25_D1916,1,25,L1_S25,D,1916
train_date,train,date,L1_S25_D1921,1,25,L1_S25,D,1921
train_date,train,date,L1_S25_D1926,1,25,L1_S25,D,1926
train_date,train,date,L1_S25_D1931,1,25,L1_S25,D,1931
train_date,train,date,L1_S25_D1935,1,25,L1_S25,D,1935
train_date,train,date,L1_S25_D1940,1,25,L1_S25,D,1940
train_date,train,date,L1_S25_D1945,1,25,L1_S25,D,1945
train_date,train,date,L1_S25_D1950,1,25,L1_S25,D,1950
train_date,train,date,L1_S25_D1955,1,25,L1_S25,D,1955
train_date,train,date,L1_S25_D1960,1,25,L1_S25,D,1960
train_date,train,date,L1_S25_D1965,1,25,L1_S25,D,1965
train_date,train,date,L1_S25_D1970,1,25,L1_S25,D,1970
train_date,train,date,L1_S25_D1975,1,25,L1_S25,D,1975
train_date,train,date,L1_S25_D1980,1,25,L1_S25,D,1980
train_date,train,date,L1_S25_D1984,1,25,L1_S25,D,1984
train_date,train,date,L1_S25_D1989,1,25,L1_S25,D,1989
train_date,train,date,L1_S25_D1994,1,25,L1_S25,D,1994
train_date,train,date,L1_S25_D1999,1,25,L1_S25,D,1999
train_date,train,date,L1_S25_D2004,1,25,L1_S25,D,2004
train_date,train,date,L1_S25_D2009,1,25,L1_S25,D,2009
train_date,train,date,L1_S25_D2013,1,25,L1_S25,D,2013
train_date,train,date,L1_S25_D2018,1,25,L1_S25,D,2018
train_date,train,date,L1_S25_D2023,1,25,L1_S25,D,2023
train_date,train,date,L1_S25_D2028,1,25,L1_S25,D,2028
train_date,train,date,L1_S25_D2033,1,25,L1_S25,D,2033
train_date,train,date,L1_S25_D2038,1,25,L1_S25,D,2038
train_date,train,date,L1_S25_D2043,1,25,L1_S25,D,2043
train_date,train,date,L1_S25_D2048,1,25,L1_S25,D,2048
train_date,train,date,L1_S25_D2053,1,25,L1_S25,D,2053
train_date,train,date,L1_S25_D2058,1,25,L1_S25,D,2058
train_date,train,date,L1_S25_D2063,1,25,L1_S25,D,2063
train_date,train,date,L1_S25_D2068,1,25,L1_S25,D,2068
train_date,train,date,L1_S25_D2073,1,25,L1_S25,D,2073
train_date,train,date,L1_S25_D2078,1,25,L1_S25,D,2078
train_date,train,date,L1_S25_D2083,1,25,L1_S25,D,2083
train_date,train,date,L1_S25_D2088,1,25,L1_S25,D,2088
train_date,train,date,L1_S25_D2093,1,25,L1_S25,D,2093
train_date,train,date,L1_S25_D2098,1,25,L1_S25,D,2098
train_date,train,date,L1_S25_D2103,1,25,L1_S25,D,2103
train_date,train,date,L1_S25_D2108,1,25,L1_S25,D,2108
train_date,train,date,L1_S25_D2113,1,25,L1_S25,D,2113
train_date,train,date,L1_S25_D2118,1,25,L1_S25,D,2118
train_date,train,date,L1_S25_D2123,1,25,L1_S25,D,2123
train_date,train,date,L1_S25_D2128,1,25,L1_S25,D,2128
train_date,train,date,L1_S25_D2133,1,25,L1_S25,D,2133
train_date,train,date,L1_S25_D2138,1,25,L1_S25,D,2138
train_date,train,date,L1_S25_D2140,1,25,L1_S25,D,2140
train_date,train,date,L1_S25_D2143,1,25,L1_S25,D,2143
train_date,train,date,L1_S25_D2146,1,25,L1_S25,D,2146
train_date,train,date,L1_S25_D2149,1,25,L1_S25,D,2149
train_date,train,date,L1_S25_D2151,1,25,L1_S25,D,2151
train_date,train,date,L1_S25_D2154,1,25,L1_S25,D,2154
train_date,train,date,L1_S25_D2157,1,25,L1_S25,D,2157
train_date,train,date,L1_S25_D2160,1,25,L1_S25,D,2160
train_date,train,date,L1_S25_D2163,1,25,L1_S25,D,2163
train_date,train,date,L1_S25_D2166,1,25,L1_S25,D,2166
train_date,train,date,L1_S25_D2169,1,25,L1_S25,D,2169
train_date,train,date,L1_S25_D2172,1,25,L1_S25,D,2172
train_date,train,date,L1_S25_D2175,1,25,L1_S25,D,2175
train_date,train,date,L1_S25_D2178,1,25,L1_S25,D,2178
train_date,train,date,L1_S25_D2180,1,25,L1_S25,D,2180
train_date,train,date,L1_S25_D2183,1,25,L1_S25,D,2183
train_date,train,date,L1_S25_D2186,1,25,L1_S25,D,2186
train_date,train,date,L1_S25_D2189,1,25,L1_S25,D,2189
train_date,train,date,L1_S25_D2192,1,25,L1_S25,D,2192
train_date,train,date,L1_S25_D2195,1,25,L1_S25,D,2195
train_date,train,date,L1_S25_D2198,1,25,L1_S25,D,2198
train_date,train,date,L1_S25_D2201,1,25,L1_S25,D,2201
train_date,train,date,L1_S25_D2204,1,25,L1_S25,D,2204
train_date,train,date,L1_S25_D2206,1,25,L1_S25,D,2206
train_date,train,date,L1_S25_D2209,1,25,L1_S25,D,2209
train_date,train,date,L1_S25_D2212,1,25,L1_S25,D,2212
train_date,train,date,L1_S25_D2214,1,25,L1_S25,D,2214
train_date,train,date,L1_S25_D2216,1,25,L1_S25,D,2216
train_date,train,date,L1_S25_D2219,1,25,L1_S25,D,2219
train_date,train,date,L1_S25_D2222,1,25,L1_S25,D,2222
train_date,train,date,L1_S25_D2225,1,25,L1_S25,D,2225
train_date,train,date,L1_S25_D2228,1,25,L1_S25,D,2228
train_date,train,date,L1_S25_D2230,1,25,L1_S25,D,2230
train_date,train,date,L1_S25_D2232,1,25,L1_S25,D,2232
train_date,train,date,L1_S25_D2234,1,25,L1_S25,D,2234
train_date,train,date,L1_S25_D2235,1,25,L1_S25,D,2235
train_date,train,date,L1_S25_D2236,1,25,L1_S25,D,2236
train_date,train,date,L1_S25_D2238,1,25,L1_S25,D,2238
train_date,train,date,L1_S25_D2240,1,25,L1_S25,D,2240
train_date,train,date,L1_S25_D2242,1,25,L1_S25,D,2242
train_date,train,date,L1_S25_D2244,1,25,L1_S25,D,2244
train_date,train,date,L1_S25_D2246,1,25,L1_S25,D,2246
train_date,train,date,L1_S25_D2248,1,25,L1_S25,D,2248
train_date,train,date,L1_S25_D2251,1,25,L1_S25,D,2251
train_date,train,date,L1_S25_D2255,1,25,L1_S25,D,2255
train_date,train,date,L1_S25_D2260,1,25,L1_S25,D,2260
train_date,train,date,L1_S25_D2265,1,25,L1_S25,D,2265
train_date,train,date,L1_S25_D2270,1,25,L1_S25,D,2270
train_date,train,date,L1_S25_D2275,1,25,L1_S25,D,2275
train_date,train,date,L1_S25_D2280,1,25,L1_S25,D,2280
train_date,train,date,L1_S25_D2284,1,25,L1_S25,D,2284
train_date,train,date,L1_S25_D2289,1,25,L1_S25,D,2289
train_date,train,date,L1_S25_D2294,1,25,L1_S25,D,2294
train_date,train,date,L1_S25_D2299,1,25,L1_S25,D,2299
train_date,train,date,L1_S25_D2304,1,25,L1_S25,D,2304
train_date,train,date,L1_S25_D2309,1,25,L1_S25,D,2309
train_date,train,date,L1_S25_D2314,1,25,L1_S25,D,2314
train_date,train,date,L1_S25_D2319,1,25,L1_S25,D,2319
train_date,train,date,L1_S25_D2324,1,25,L1_S25,D,2324
train_date,train,date,L1_S25_D2329,1,25,L1_S25,D,2329
train_date,train,date,L1_S25_D2333,1,25,L1_S25,D,2333
train_date,train,date,L1_S25_D2338,1,25,L1_S25,D,2338
train_date,train,date,L1_S25_D2343,1,25,L1_S25,D,2343
train_date,train,date,L1_S25_D2348,1,25,L1_S25,D,2348
train_date,train,date,L1_S25_D2353,1,25,L1_S25,D,2353
train_date,train,date,L1_S25_D2358,1,25,L1_S25,D,2358
train_date,train,date,L1_S25_D2362,1,25,L1_S25,D,2362
train_date,train,date,L1_S25_D2367,1,25,L1_S25,D,2367
train_date,train,date,L1_S25_D2372,1,25,L1_S25,D,2372
train_date,train,date,L1_S25_D2377,1,25,L1_S25,D,2377
train_date,train,date,L1_S25_D2382,1,25,L1_S25,D,2382
train_date,train,date,L1_S25_D2387,1,25,L1_S25,D,2387
train_date,train,date,L1_S25_D2392,1,25,L1_S25,D,2392
train_date,train,date,L1_S25_D2397,1,25,L1_S25,D,2397
train_date,train,date,L1_S25_D2402,1,25,L1_S25,D,2402
train_date,train,date,L1_S25_D2406,1,25,L1_S25,D,2406
train_date,train,date,L1_S25_D2409,1,25,L1_S25,D,2409
train_date,train,date,L1_S25_D2412,1,25,L1_S25,D,2412
train_date,train,date,L1_S25_D2415,1,25,L1_S25,D,2415
train_date,train,date,L1_S25_D2418,1,25,L1_S25,D,2418
train_date,train,date,L1_S25_D2421,1,25,L1_S25,D,2421
train_date,train,date,L1_S25_D2424,1,25,L1_S25,D,2424
train_date,train,date,L1_S25_D2427,1,25,L1_S25,D,2427
train_date,train,date,L1_S25_D2430,1,25,L1_S25,D,2430
train_date,train,date,L1_S25_D2432,1,25,L1_S25,D,2432
train_date,train,date,L1_S25_D2434,1,25,L1_S25,D,2434
train_date,train,date,L1_S25_D2436,1,25,L1_S25,D,2436
train_date,train,date,L1_S25_D2438,1,25,L1_S25,D,2438
train_date,train,date,L1_S25_D2440,1,25,L1_S25,D,2440
train_date,train,date,L1_S25_D2442,1,25,L1_S25,D,2442
train_date,train,date,L1_S25_D2444,1,25,L1_S25,D,2444
train_date,train,date,L1_S25_D2445,1,25,L1_S25,D,2445
train_date,train,date,L1_S25_D2446,1,25,L1_S25,D,2446
train_date,train,date,L1_S25_D2448,1,25,L1_S25,D,2448
train_date,train,date,L1_S25_D2450,1,25,L1_S25,D,2450
train_date,train,date,L1_S25_D2452,1,25,L1_S25,D,2452
train_date,train,date,L1_S25_D2453,1,25,L1_S25,D,2453
train_date,train,date,L1_S25_D2455,1,25,L1_S25,D,2455
train_date,train,date,L1_S25_D2457,1,25,L1_S25,D,2457
train_date,train,date,L1_S25_D2459,1,25,L1_S25,D,2459
train_date,train,date,L1_S25_D2461,1,25,L1_S25,D,2461
train_date,train,date,L1_S25_D2463,1,25,L1_S25,D,2463
train_date,train,date,L1_S25_D2465,1,25,L1_S25,D,2465
train_date,train,date,L1_S25_D2467,1,25,L1_S25,D,2467
train_date,train,date,L1_S25_D2469,1,25,L1_S25,D,2469
train_date,train,date,L1_S25_D2471,1,25,L1_S25,D,2471
train_date,train,date,L1_S25_D2474,1,25,L1_S25,D,2474
train_date,train,date,L1_S25_D2477,1,25,L1_S25,D,2477
train_date,train,date,L1_S25_D2480,1,25,L1_S25,D,2480
train_date,train,date,L1_S25_D2483,1,25,L1_S25,D,2483
train_date,train,date,L1_S25_D2486,1,25,L1_S25,D,2486
train_date,train,date,L1_S25_D2489,1,25,L1_S25,D,2489
train_date,train,date,L1_S25_D2492,1,25,L1_S25,D,2492
train_date,train,date,L1_S25_D2495,1,25,L1_S25,D,2495
train_date,train,date,L1_S25_D2497,1,25,L1_S25,D,2497
train_date,train,date,L1_S25_D2499,1,25,L1_S25,D,2499
train_date,train,date,L1_S25_D2501,1,25,L1_S25,D,2501
train_date,train,date,L1_S25_D2502,1,25,L1_S25,D,2502
train_date,train,date,L1_S25_D2503,1,25,L1_S25,D,2503
train_date,train,date,L1_S25_D2505,1,25,L1_S25,D,2505
train_date,train,date,L1_S25_D2507,1,25,L1_S25,D,2507
train_date,train,date,L1_S25_D2509,1,25,L1_S25,D,2509
train_date,train,date,L1_S25_D2511,1,25,L1_S25,D,2511
train_date,train,date,L1_S25_D2513,1,25,L1_S25,D,2513
train_date,train,date,L1_S25_D2515,1,25,L1_S25,D,2515
train_date,train,date,L1_S25_D2518,1,25,L1_S25,D,2518
train_date,train,date,L1_S25_D2522,1,25,L1_S25,D,2522
train_date,train,date,L1_S25_D2527,1,25,L1_S25,D,2527
train_date,train,date,L1_S25_D2532,1,25,L1_S25,D,2532
train_date,train,date,L1_S25_D2537,1,25,L1_S25,D,2537
train_date,train,date,L1_S25_D2542,1,25,L1_S25,D,2542
train_date,train,date,L1_S25_D2547,1,25,L1_S25,D,2547
train_date,train,date,L1_S25_D2551,1,25,L1_S25,D,2551
train_date,train,date,L1_S25_D2556,1,25,L1_S25,D,2556
train_date,train,date,L1_S25_D2561,1,25,L1_S25,D,2561
train_date,train,date,L1_S25_D2566,1,25,L1_S25,D,2566
train_date,train,date,L1_S25_D2571,1,25,L1_S25,D,2571
train_date,train,date,L1_S25_D2576,1,25,L1_S25,D,2576
train_date,train,date,L1_S25_D2581,1,25,L1_S25,D,2581
train_date,train,date,L1_S25_D2586,1,25,L1_S25,D,2586
train_date,train,date,L1_S25_D2591,1,25,L1_S25,D,2591
train_date,train,date,L1_S25_D2596,1,25,L1_S25,D,2596
train_date,train,date,L1_S25_D2600,1,25,L1_S25,D,2600
train_date,train,date,L1_S25_D2605,1,25,L1_S25,D,2605
train_date,train,date,L1_S25_D2610,1,25,L1_S25,D,2610
train_date,train,date,L1_S25_D2615,1,25,L1_S25,D,2615
train_date,train,date,L1_S25_D2620,1,25,L1_S25,D,2620
train_date,train,date,L1_S25_D2625,1,25,L1_S25,D,2625
train_date,train,date,L1_S25_D2629,1,25,L1_S25,D,2629
train_date,train,date,L1_S25_D2634,1,25,L1_S25,D,2634
train_date,train,date,L1_S25_D2639,1,25,L1_S25,D,2639
train_date,train,date,L1_S25_D2644,1,25,L1_S25,D,2644
train_date,train,date,L1_S25_D2649,1,25,L1_S25,D,2649
train_date,train,date,L1_S25_D2654,1,25,L1_S25,D,2654
train_date,train,date,L1_S25_D2659,1,25,L1_S25,D,2659
train_date,train,date,L1_S25_D2664,1,25,L1_S25,D,2664
train_date,train,date,L1_S25_D2669,1,25,L1_S25,D,2669
train_date,train,date,L1_S25_D2674,1,25,L1_S25,D,2674
train_date,train,date,L1_S25_D2679,1,25,L1_S25,D,2679
train_date,train,date,L1_S25_D2684,1,25,L1_S25,D,2684
train_date,train,date,L1_S25_D2689,1,25,L1_S25,D,2689
train_date,train,date,L1_S25_D2694,1,25,L1_S25,D,2694
train_date,train,date,L1_S25_D2699,1,25,L1_S25,D,2699
train_date,train,date,L1_S25_D2704,1,25,L1_S25,D,2704
train_date,train,date,L1_S25_D2709,1,25,L1_S25,D,2709
train_date,train,date,L1_S25_D2713,1,25,L1_S25,D,2713
train_date,train,date,L1_S25_D2715,1,25,L1_S25,D,2715
train_date,train,date,L1_S25_D2717,1,25,L1_S25,D,2717
train_date,train,date,L1_S25_D2719,1,25,L1_S25,D,2719
train_date,train,date,L1_S25_D2721,1,25,L1_S25,D,2721
train_date,train,date,L1_S25_D2723,1,25,L1_S25,D,2723
train_date,train,date,L1_S25_D2725,1,25,L1_S25,D,2725
train_date,train,date,L1_S25_D2727,1,25,L1_S25,D,2727
train_date,train,date,L1_S25_D2728,1,25,L1_S25,D,2728
train_date,train,date,L1_S25_D2729,1,25,L1_S25,D,2729
train_date,train,date,L1_S25_D2731,1,25,L1_S25,D,2731
train_date,train,date,L1_S25_D2733,1,25,L1_S25,D,2733
train_date,train,date,L1_S25_D2735,1,25,L1_S25,D,2735
train_date,train,date,L1_S25_D2736,1,25,L1_S25,D,2736
train_date,train,date,L1_S25_D2738,1,25,L1_S25,D,2738
train_date,train,date,L1_S25_D2740,1,25,L1_S25,D,2740
train_date,train,date,L1_S25_D2742,1,25,L1_S25,D,2742
train_date,train,date,L1_S25_D2744,1,25,L1_S25,D,2744
train_date,train,date,L1_S25_D2746,1,25,L1_S25,D,2746
train_date,train,date,L1_S25_D2748,1,25,L1_S25,D,2748
train_date,train,date,L1_S25_D2750,1,25,L1_S25,D,2750
train_date,train,date,L1_S25_D2752,1,25,L1_S25,D,2752
train_date,train,date,L1_S25_D2754,1,25,L1_S25,D,2754
train_date,train,date,L1_S25_D2757,1,25,L1_S25,D,2757
train_date,train,date,L1_S25_D2760,1,25,L1_S25,D,2760
train_date,train,date,L1_S25_D2763,1,25,L1_S25,D,2763
train_date,train,date,L1_S25_D2766,1,25,L1_S25,D,2766
train_date,train,date,L1_S25_D2769,1,25,L1_S25,D,2769
train_date,train,date,L1_S25_D2772,1,25,L1_S25,D,2772
train_date,train,date,L1_S25_D2775,1,25,L1_S25,D,2775
train_date,train,date,L1_S25_D2778,1,25,L1_S25,D,2778
train_date,train,date,L1_S25_D2780,1,25,L1_S25,D,2780
train_date,train,date,L1_S25_D2782,1,25,L1_S25,D,2782
train_date,train,date,L1_S25_D2784,1,25,L1_S25,D,2784
train_date,train,date,L1_S25_D2785,1,25,L1_S25,D,2785
train_date,train,date,L1_S25_D2786,1,25,L1_S25,D,2786
train_date,train,date,L1_S25_D2788,1,25,L1_S25,D,2788
train_date,train,date,L1_S25_D2790,1,25,L1_S25,D,2790
train_date,train,date,L1_S25_D2792,1,25,L1_S25,D,2792
train_date,train,date,L1_S25_D2794,1,25,L1_S25,D,2794
train_date,train,date,L1_S25_D2796,1,25,L1_S25,D,2796
train_date,train,date,L1_S25_D2798,1,25,L1_S25,D,2798
train_date,train,date,L1_S25_D2801,1,25,L1_S25,D,2801
train_date,train,date,L1_S25_D2805,1,25,L1_S25,D,2805
train_date,train,date,L1_S25_D2810,1,25,L1_S25,D,2810
train_date,train,date,L1_S25_D2815,1,25,L1_S25,D,2815
train_date,train,date,L1_S25_D2820,1,25,L1_S25,D,2820
train_date,train,date,L1_S25_D2825,1,25,L1_S25,D,2825
train_date,train,date,L1_S25_D2830,1,25,L1_S25,D,2830
train_date,train,date,L1_S25_D2834,1,25,L1_S25,D,2834
train_date,train,date,L1_S25_D2839,1,25,L1_S25,D,2839
train_date,train,date,L1_S25_D2844,1,25,L1_S25,D,2844
train_date,train,date,L1_S25_D2849,1,25,L1_S25,D,2849
train_date,train,date,L1_S25_D2854,1,25,L1_S25,D,2854
train_date,train,date,L1_S25_D2859,1,25,L1_S25,D,2859
train_date,train,date,L1_S25_D2864,1,25,L1_S25,D,2864
train_date,train,date,L1_S25_D2869,1,25,L1_S25,D,2869
train_date,train,date,L1_S25_D2874,1,25,L1_S25,D,2874
train_date,train,date,L1_S25_D2879,1,25,L1_S25,D,2879
train_date,train,date,L1_S25_D2883,1,25,L1_S25,D,2883
train_date,train,date,L1_S25_D2888,1,25,L1_S25,D,2888
train_date,train,date,L1_S25_D2893,1,25,L1_S25,D,2893
train_date,train,date,L1_S25_D2898,1,25,L1_S25,D,2898
train_date,train,date,L1_S25_D2903,1,25,L1_S25,D,2903
train_date,train,date,L1_S25_D2908,1,25,L1_S25,D,2908
train_date,train,date,L1_S25_D2912,1,25,L1_S25,D,2912
train_date,train,date,L1_S25_D2917,1,25,L1_S25,D,2917
train_date,train,date,L1_S25_D2922,1,25,L1_S25,D,2922
train_date,train,date,L1_S25_D2927,1,25,L1_S25,D,2927
train_date,train,date,L1_S25_D2932,1,25,L1_S25,D,2932
train_date,train,date,L1_S25_D2937,1,25,L1_S25,D,2937
train_date,train,date,L1_S25_D2942,1,25,L1_S25,D,2942
train_date,train,date,L1_S25_D2947,1,25,L1_S25,D,2947
train_date,train,date,L1_S25_D2952,1,25,L1_S25,D,2952
train_date,train,date,L1_S25_D2957,1,25,L1_S25,D,2957
train_date,train,date,L1_S25_D2962,1,25,L1_S25,D,2962
train_date,train,date,L1_S25_D2967,1,25,L1_S25,D,2967
train_date,train,date,L1_S25_D2972,1,25,L1_S25,D,2972
train_date,train,date,L1_S25_D2977,1,25,L1_S25,D,2977
train_date,train,date,L1_S25_D2982,1,25,L1_S25,D,2982
train_date,train,date,L1_S25_D2987,1,25,L1_S25,D,2987
train_date,train,date,L1_S25_D2992,1,25,L1_S25,D,2992
train_date,train,date,L1_S25_D2996,1,25,L1_S25,D,2996
train_date,train,date,L1_S25_D2998,1,25,L1_S25,D,2998
train_date,train,date,L1_S25_D3000,1,25,L1_S25,D,3000
train_date,train,date,L1_S25_D3002,1,25,L1_S25,D,3002
train_date,train,date,L1_S25_D3004,1,25,L1_S25,D,3004
train_date,train,date,L1_S25_D3006,1,25,L1_S25,D,3006
train_date,train,date,L1_S25_D3008,1,25,L1_S25,D,3008
train_date,train,date,L1_S25_D3010,1,25,L1_S25,D,3010
train_date,train,date,L1_S25_D3011,1,25,L1_S25,D,3011
train_date,train,date,L1_S25_D3012,1,25,L1_S25,D,3012
train_date,train,date,L1_S25_D3014,1,25,L1_S25,D,3014
train_date,train,date,L1_S25_D3016,1,25,L1_S25,D,3016
train_date,train,date,L1_S25_D3018,1,25,L1_S25,D,3018
train_date,train,date,L1_S25_D3019,1,25,L1_S25,D,3019
train_date,train,date,L1_S25_D3021,1,25,L1_S25,D,3021
train_date,train,date,L1_S25_D3023,1,25,L1_S25,D,3023
train_date,train,date,L1_S25_D3025,1,25,L1_S25,D,3025
train_date,train,date,L1_S25_D3027,1,25,L1_S25,D,3027
train_date,train,date,L1_S25_D3029,1,25,L1_S25,D,3029
train_date,train,date,L1_S25_D3031,1,25,L1_S25,D,3031
train_date,train,date,L1_S25_D3033,1,25,L1_S25,D,3033
train_date,train,date,L1_S25_D3035,1,25,L1_S25,D,3035
train_date,train,date,L2_S26_D3037,2,26,L2_S26,D,3037
train_date,train,date,L2_S26_D3041,2,26,L2_S26,D,3041
train_date,train,date,L2_S26_D3044,2,26,L2_S26,D,3044
train_date,train,date,L2_S26_D3048,2,26,L2_S26,D,3048
train_date,train,date,L2_S26_D3052,2,26,L2_S26,D,3052
train_date,train,date,L2_S26_D3056,2,26,L2_S26,D,3056
train_date,train,date,L2_S26_D3059,2,26,L2_S26,D,3059
train_date,train,date,L2_S26_D3063,2,26,L2_S26,D,3063
train_date,train,date,L2_S26_D3066,2,26,L2_S26,D,3066
train_date,train,date,L2_S26_D3070,2,26,L2_S26,D,3070
train_date,train,date,L2_S26_D3074,2,26,L2_S26,D,3074
train_date,train,date,L2_S26_D3078,2,26,L2_S26,D,3078
train_date,train,date,L2_S26_D3081,2,26,L2_S26,D,3081
train_date,train,date,L2_S26_D3084,2,26,L2_S26,D,3084
train_date,train,date,L2_S26_D3087,2,26,L2_S26,D,3087
train_date,train,date,L2_S26_D3090,2,26,L2_S26,D,3090
train_date,train,date,L2_S26_D3093,2,26,L2_S26,D,3093
train_date,train,date,L2_S26_D3096,2,26,L2_S26,D,3096
train_date,train,date,L2_S26_D3100,2,26,L2_S26,D,3100
train_date,train,date,L2_S26_D3103,2,26,L2_S26,D,3103
train_date,train,date,L2_S26_D3107,2,26,L2_S26,D,3107
train_date,train,date,L2_S26_D3110,2,26,L2_S26,D,3110
train_date,train,date,L2_S26_D3114,2,26,L2_S26,D,3114
train_date,train,date,L2_S26_D3118,2,26,L2_S26,D,3118
train_date,train,date,L2_S26_D3122,2,26,L2_S26,D,3122
train_date,train,date,L2_S26_D3126,2,26,L2_S26,D,3126
train_date,train,date,L2_S27_D3130,2,27,L2_S27,D,3130
train_date,train,date,L2_S27_D3134,2,27,L2_S27,D,3134
train_date,train,date,L2_S27_D3137,2,27,L2_S27,D,3137
train_date,train,date,L2_S27_D3141,2,27,L2_S27,D,3141
train_date,train,date,L2_S27_D3145,2,27,L2_S27,D,3145
train_date,train,date,L2_S27_D3149,2,27,L2_S27,D,3149
train_date,train,date,L2_S27_D3152,2,27,L2_S27,D,3152
train_date,train,date,L2_S27_D3156,2,27,L2_S27,D,3156
train_date,train,date,L2_S27_D3159,2,27,L2_S27,D,3159
train_date,train,date,L2_S27_D3163,2,27,L2_S27,D,3163
train_date,train,date,L2_S27_D3167,2,27,L2_S27,D,3167
train_date,train,date,L2_S27_D3171,2,27,L2_S27,D,3171
train_date,train,date,L2_S27_D3174,2,27,L2_S27,D,3174
train_date,train,date,L2_S27_D3177,2,27,L2_S27,D,3177
train_date,train,date,L2_S27_D3180,2,27,L2_S27,D,3180
train_date,train,date,L2_S27_D3183,2,27,L2_S27,D,3183
train_date,train,date,L2_S27_D3186,2,27,L2_S27,D,3186
train_date,train,date,L2_S27_D3189,2,27,L2_S27,D,3189
train_date,train,date,L2_S27_D3193,2,27,L2_S27,D,3193
train_date,train,date,L2_S27_D3196,2,27,L2_S27,D,3196
train_date,train,date,L2_S27_D3200,2,27,L2_S27,D,3200
train_date,train,date,L2_S27_D3203,2,27,L2_S27,D,3203
train_date,train,date,L2_S27_D3207,2,27,L2_S27,D,3207
train_date,train,date,L2_S27_D3211,2,27,L2_S27,D,3211
train_date,train,date,L2_S27_D3215,2,27,L2_S27,D,3215
train_date,train,date,L2_S27_D3219,2,27,L2_S27,D,3219
train_date,train,date,L2_S28_D3223,2,28,L2_S28,D,3223
train_date,train,date,L2_S28_D3227,2,28,L2_S28,D,3227
train_date,train,date,L2_S28_D3230,2,28,L2_S28,D,3230
train_date,train,date,L2_S28_D3234,2,28,L2_S28,D,3234
train_date,train,date,L2_S28_D3238,2,28,L2_S28,D,3238
train_date,train,date,L2_S28_D3242,2,28,L2_S28,D,3242
train_date,train,date,L2_S28_D3245,2,28,L2_S28,D,3245
train_date,train,date,L2_S28_D3249,2,28,L2_S28,D,3249
train_date,train,date,L2_S28_D3252,2,28,L2_S28,D,3252
train_date,train,date,L2_S28_D3256,2,28,L2_S28,D,3256
train_date,train,date,L2_S28_D3260,2,28,L2_S28,D,3260
train_date,train,date,L2_S28_D3264,2,28,L2_S28,D,3264
train_date,train,date,L2_S28_D3267,2,28,L2_S28,D,3267
train_date,train,date,L2_S28_D3270,2,28,L2_S28,D,3270
train_date,train,date,L2_S28_D3273,2,28,L2_S28,D,3273
train_date,train,date,L2_S28_D3276,2,28,L2_S28,D,3276
train_date,train,date,L2_S28_D3279,2,28,L2_S28,D,3279
train_date,train,date,L2_S28_D3282,2,28,L2_S28,D,3282
train_date,train,date,L2_S28_D3286,2,28,L2_S28,D,3286
train_date,train,date,L2_S28_D3289,2,28,L2_S28,D,3289
train_date,train,date,L2_S28_D3293,2,28,L2_S28,D,3293
train_date,train,date,L2_S28_D3296,2,28,L2_S28,D,3296
train_date,train,date,L2_S28_D3300,2,28,L2_S28,D,3300
train_date,train,date,L2_S28_D3304,2,28,L2_S28,D,3304
train_date,train,date,L2_S28_D3308,2,28,L2_S28,D,3308
train_date,train,date,L2_S28_D3312,2,28,L2_S28,D,3312
train_date,train,date,L3_S29_D3316,3,29,L3_S29,D,3316
train_date,train,date,L3_S29_D3319,3,29,L3_S29,D,3319
train_date,train,date,L3_S29_D3322,3,29,L3_S29,D,3322
train_date,train,date,L3_S29_D3325,3,29,L3_S29,D,3325
train_date,train,date,L3_S29_D3328,3,29,L3_S29,D,3328
train_date,train,date,L3_S29_D3331,3,29,L3_S29,D,3331
train_date,train,date,L3_S29_D3334,3,29,L3_S29,D,3334
train_date,train,date,L3_S29_D3337,3,29,L3_S29,D,3337
train_date,train,date,L3_S29_D3340,3,29,L3_S29,D,3340
train_date,train,date,L3_S29_D3343,3,29,L3_S29,D,3343
train_date,train,date,L3_S29_D3346,3,29,L3_S29,D,3346
train_date,train,date,L3_S29_D3349,3,29,L3_S29,D,3349
train_date,train,date,L3_S29_D3352,3,29,L3_S29,D,3352
train_date,train,date,L3_S29_D3355,3,29,L3_S29,D,3355
train_date,train,date,L3_S29_D3358,3,29,L3_S29,D,3358
train_date,train,date,L3_S29_D3361,3,29,L3_S29,D,3361
train_date,train,date,L3_S29_D3363,3,29,L3_S29,D,3363
train_date,train,date,L3_S29_D3365,3,29,L3_S29,D,3365
train_date,train,date,L3_S29_D3368,3,29,L3_S29,D,3368
train_date,train,date,L3_S29_D3371,3,29,L3_S29,D,3371
train_date,train,date,L3_S29_D3374,3,29,L3_S29,D,3374
train_date,train,date,L3_S29_D3377,3,29,L3_S29,D,3377
train_date,train,date,L3_S29_D3380,3,29,L3_S29,D,3380
train_date,train,date,L3_S29_D3383,3,29,L3_S29,D,3383
train_date,train,date,L3_S29_D3386,3,29,L3_S29,D,3386
train_date,train,date,L3_S29_D3389,3,29,L3_S29,D,3389
train_date,train,date,L3_S29_D3391,3,29,L3_S29,D,3391
train_date,train,date,L3_S29_D3393,3,29,L3_S29,D,3393
train_date,train,date,L3_S29_D3396,3,29,L3_S29,D,3396
train_date,train,date,L3_S29_D3399,3,29,L3_S29,D,3399
train_date,train,date,L3_S29_D3402,3,29,L3_S29,D,3402
train_date,train,date,L3_S29_D3405,3,29,L3_S29,D,3405
train_date,train,date,L3_S29_D3408,3,29,L3_S29,D,3408
train_date,train,date,L3_S29_D3410,3,29,L3_S29,D,3410
train_date,train,date,L3_S29_D3413,3,29,L3_S29,D,3413
train_date,train,date,L3_S29_D3415,3,29,L3_S29,D,3415
train_date,train,date,L3_S29_D3417,3,29,L3_S29,D,3417
train_date,train,date,L3_S29_D3419,3,29,L3_S29,D,3419
train_date,train,date,L3_S29_D3422,3,29,L3_S29,D,3422
train_date,train,date,L3_S29_D3425,3,29,L3_S29,D,3425
train_date,train,date,L3_S29_D3428,3,29,L3_S29,D,3428
train_date,train,date,L3_S29_D3431,3,29,L3_S29,D,3431
train_date,train,date,L3_S29_D3434,3,29,L3_S29,D,3434
train_date,train,date,L3_S29_D3437,3,29,L3_S29,D,3437
train_date,train,date,L3_S29_D3440,3,29,L3_S29,D,3440
train_date,train,date,L3_S29_D3443,3,29,L3_S29,D,3443
train_date,train,date,L3_S29_D3445,3,29,L3_S29,D,3445
train_date,train,date,L3_S29_D3447,3,29,L3_S29,D,3447
train_date,train,date,L3_S29_D3450,3,29,L3_S29,D,3450
train_date,train,date,L3_S29_D3453,3,29,L3_S29,D,3453
train_date,train,date,L3_S29_D3456,3,29,L3_S29,D,3456
train_date,train,date,L3_S29_D3459,3,29,L3_S29,D,3459
train_date,train,date,L3_S29_D3462,3,29,L3_S29,D,3462
train_date,train,date,L3_S29_D3465,3,29,L3_S29,D,3465
train_date,train,date,L3_S29_D3468,3,29,L3_S29,D,3468
train_date,train,date,L3_S29_D3471,3,29,L3_S29,D,3471
train_date,train,date,L3_S29_D3474,3,29,L3_S29,D,3474
train_date,train,date,L3_S29_D3477,3,29,L3_S29,D,3477
train_date,train,date,L3_S29_D3480,3,29,L3_S29,D,3480
train_date,train,date,L3_S29_D3483,3,29,L3_S29,D,3483
train_date,train,date,L3_S29_D3486,3,29,L3_S29,D,3486
train_date,train,date,L3_S29_D3489,3,29,L3_S29,D,3489
train_date,train,date,L3_S29_D3492,3,29,L3_S29,D,3492
train_date,train,date,L3_S30_D3496,3,30,L3_S30,D,3496
train_date,train,date,L3_S30_D3501,3,30,L3_S30,D,3501
train_date,train,date,L3_S30_D3506,3,30,L3_S30,D,3506
train_date,train,date,L3_S30_D3511,3,30,L3_S30,D,3511
train_date,train,date,L3_S30_D3516,3,30,L3_S30,D,3516
train_date,train,date,L3_S30_D3521,3,30,L3_S30,D,3521
train_date,train,date,L3_S30_D3526,3,30,L3_S30,D,3526
train_date,train,date,L3_S30_D3531,3,30,L3_S30,D,3531
train_date,train,date,L3_S30_D3536,3,30,L3_S30,D,3536
train_date,train,date,L3_S30_D3541,3,30,L3_S30,D,3541
train_date,train,date,L3_S30_D3546,3,30,L3_S30,D,3546
train_date,train,date,L3_S30_D3551,3,30,L3_S30,D,3551
train_date,train,date,L3_S30_D3556,3,30,L3_S30,D,3556
train_date,train,date,L3_S30_D3561,3,30,L3_S30,D,3561
train_date,train,date,L3_S30_D3566,3,30,L3_S30,D,3566
train_date,train,date,L3_S30_D3571,3,30,L3_S30,D,3571
train_date,train,date,L3_S30_D3576,3,30,L3_S30,D,3576
train_date,train,date,L3_S30_D3581,3,30,L3_S30,D,3581
train_date,train,date,L3_S30_D3586,3,30,L3_S30,D,3586
train_date,train,date,L3_S30_D3591,3,30,L3_S30,D,3591
train_date,train,date,L3_S30_D3596,3,30,L3_S30,D,3596
train_date,train,date,L3_S30_D3601,3,30,L3_S30,D,3601
train_date,train,date,L3_S30_D3606,3,30,L3_S30,D,3606
train_date,train,date,L3_S30_D3611,3,30,L3_S30,D,3611
train_date,train,date,L3_S30_D3616,3,30,L3_S30,D,3616
train_date,train,date,L3_S30_D3621,3,30,L3_S30,D,3621
train_date,train,date,L3_S30_D3626,3,30,L3_S30,D,3626
train_date,train,date,L3_S30_D3631,3,30,L3_S30,D,3631
train_date,train,date,L3_S30_D3636,3,30,L3_S30,D,3636
train_date,train,date,L3_S30_D3641,3,30,L3_S30,D,3641
train_date,train,date,L3_S30_D3646,3,30,L3_S30,D,3646
train_date,train,date,L3_S30_D3651,3,30,L3_S30,D,3651
train_date,train,date,L3_S30_D3656,3,30,L3_S30,D,3656
train_date,train,date,L3_S30_D3661,3,30,L3_S30,D,3661
train_date,train,date,L3_S30_D3666,3,30,L3_S30,D,3666
train_date,train,date,L3_S30_D3671,3,30,L3_S30,D,3671
train_date,train,date,L3_S30_D3676,3,30,L3_S30,D,3676
train_date,train,date,L3_S30_D3681,3,30,L3_S30,D,3681
train_date,train,date,L3_S30_D3686,3,30,L3_S30,D,3686
train_date,train,date,L3_S30_D3691,3,30,L3_S30,D,3691
train_date,train,date,L3_S30_D3696,3,30,L3_S30,D,3696
train_date,train,date,L3_S30_D3701,3,30,L3_S30,D,3701
train_date,train,date,L3_S30_D3706,3,30,L3_S30,D,3706
train_date,train,date,L3_S30_D3711,3,30,L3_S30,D,3711
train_date,train,date,L3_S30_D3716,3,30,L3_S30,D,3716
train_date,train,date,L3_S30_D3721,3,30,L3_S30,D,3721
train_date,train,date,L3_S30_D3726,3,30,L3_S30,D,3726
train_date,train,date,L3_S30_D3731,3,30,L3_S30,D,3731
train_date,train,date,L3_S30_D3736,3,30,L3_S30,D,3736
train_date,train,date,L3_S30_D3741,3,30,L3_S30,D,3741
train_date,train,date,L3_S30_D3746,3,30,L3_S30,D,3746
train_date,train,date,L3_S30_D3751,3,30,L3_S30,D,3751
train_date,train,date,L3_S30_D3756,3,30,L3_S30,D,3756
train_date,train,date,L3_S30_D3761,3,30,L3_S30,D,3761
train_date,train,date,L3_S30_D3766,3,30,L3_S30,D,3766
train_date,train,date,L3_S30_D3771,3,30,L3_S30,D,3771
train_date,train,date,L3_S30_D3776,3,30,L3_S30,D,3776
train_date,train,date,L3_S30_D3781,3,30,L3_S30,D,3781
train_date,train,date,L3_S30_D3786,3,30,L3_S30,D,3786
train_date,train,date,L3_S30_D3791,3,30,L3_S30,D,3791
train_date,train,date,L3_S30_D3796,3,30,L3_S30,D,3796
train_date,train,date,L3_S30_D3801,3,30,L3_S30,D,3801
train_date,train,date,L3_S30_D3806,3,30,L3_S30,D,3806
train_date,train,date,L3_S30_D3811,3,30,L3_S30,D,3811
train_date,train,date,L3_S30_D3816,3,30,L3_S30,D,3816
train_date,train,date,L3_S30_D3821,3,30,L3_S30,D,3821
train_date,train,date,L3_S30_D3826,3,30,L3_S30,D,3826
train_date,train,date,L3_S30_D3831,3,30,L3_S30,D,3831
train_date,train,date,L3_S31_D3836,3,31,L3_S31,D,3836
train_date,train,date,L3_S31_D3840,3,31,L3_S31,D,3840
train_date,train,date,L3_S31_D3844,3,31,L3_S31,D,3844
train_date,train,date,L3_S31_D3848,3,31,L3_S31,D,3848
train_date,train,date,L3_S32_D3852,3,32,L3_S32,D,3852
train_date,train,date,L3_S33_D3856,3,33,L3_S33,D,3856
train_date,train,date,L3_S33_D3858,3,33,L3_S33,D,3858
train_date,train,date,L3_S33_D3860,3,33,L3_S33,D,3860
train_date,train,date,L3_S33_D3862,3,33,L3_S33,D,3862
train_date,train,date,L3_S33_D3864,3,33,L3_S33,D,3864
train_date,train,date,L3_S33_D3866,3,33,L3_S33,D,3866
train_date,train,date,L3_S33_D3868,3,33,L3_S33,D,3868
train_date,train,date,L3_S33_D3870,3,33,L3_S33,D,3870
train_date,train,date,L3_S33_D3872,3,33,L3_S33,D,3872
train_date,train,date,L3_S33_D3874,3,33,L3_S33,D,3874
train_date,train,date,L3_S34_D3875,3,34,L3_S34,D,3875
train_date,train,date,L3_S34_D3877,3,34,L3_S34,D,3877
train_date,train,date,L3_S34_D3879,3,34,L3_S34,D,3879
train_date,train,date,L3_S34_D3881,3,34,L3_S34,D,3881
train_date,train,date,L3_S34_D3883,3,34,L3_S34,D,3883
train_date,train,date,L3_S35_D3886,3,35,L3_S35,D,3886
train_date,train,date,L3_S35_D3891,3,35,L3_S35,D,3891
train_date,train,date,L3_S35_D3895,3,35,L3_S35,D,3895
train_date,train,date,L3_S35_D3897,3,35,L3_S35,D,3897
train_date,train,date,L3_S35_D3900,3,35,L3_S35,D,3900
train_date,train,date,L3_S35_D3905,3,35,L3_S35,D,3905
train_date,train,date,L3_S35_D3910,3,35,L3_S35,D,3910
train_date,train,date,L3_S35_D3915,3,35,L3_S35,D,3915
train_date,train,date,L3_S36_D3919,3,36,L3_S36,D,3919
train_date,train,date,L3_S36_D3921,3,36,L3_S36,D,3921
train_date,train,date,L3_S36_D3923,3,36,L3_S36,D,3923
train_date,train,date,L3_S36_D3925,3,36,L3_S36,D,3925
train_date,train,date,L3_S36_D3928,3,36,L3_S36,D,3928
train_date,train,date,L3_S36_D3932,3,36,L3_S36,D,3932
train_date,train,date,L3_S36_D3936,3,36,L3_S36,D,3936
train_date,train,date,L3_S36_D3940,3,36,L3_S36,D,3940
train_date,train,date,L3_S37_D3942,3,37,L3_S37,D,3942
train_date,train,date,L3_S37_D3943,3,37,L3_S37,D,3943
train_date,train,date,L3_S37_D3945,3,37,L3_S37,D,3945
train_date,train,date,L3_S37_D3947,3,37,L3_S37,D,3947
train_date,train,date,L3_S37_D3949,3,37,L3_S37,D,3949
train_date,train,date,L3_S37_D3951,3,37,L3_S37,D,3951
train_date,train,date,L3_S38_D3953,3,38,L3_S38,D,3953
train_date,train,date,L3_S38_D3957,3,38,L3_S38,D,3957
train_date,train,date,L3_S38_D3961,3,38,L3_S38,D,3961
train_date,train,date,L3_S39_D3966,3,39,L3_S39,D,3966
train_date,train,date,L3_S39_D3970,3,39,L3_S39,D,3970
train_date,train,date,L3_S39_D3974,3,39,L3_S39,D,3974
train_date,train,date,L3_S39_D3978,3,39,L3_S39,D,3978
train_date,train,date,L3_S40_D3981,3,40,L3_S40,D,3981
train_date,train,date,L3_S40_D3983,3,40,L3_S40,D,3983
train_date,train,date,L3_S40_D3985,3,40,L3_S40,D,3985
train_date,train,date,L3_S40_D3987,3,40,L3_S40,D,3987
train_date,train,date,L3_S40_D3989,3,40,L3_S40,D,3989
train_date,train,date,L3_S40_D3991,3,40,L3_S40,D,3991
train_date,train,date,L3_S40_D3993,3,40,L3_S40,D,3993
train_date,train,date,L3_S40_D3995,3,40,L3_S40,D,3995
train_date,train,date,L3_S41_D3997,3,41,L3_S41,D,3997
train_date,train,date,L3_S41_D3999,3,41,L3_S41,D,3999
train_date,train,date,L3_S41_D4001,3,41,L3_S41,D,4001
train_date,train,date,L3_S41_D4003,3,41,L3_S41,D,4003
train_date,train,date,L3_S41_D4005,3,41,L3_S41,D,4005
train_date,train,date,L3_S41_D4007,3,41,L3_S41,D,4007
train_date,train,date,L3_S41_D4009,3,41,L3_S41,D,4009
train_date,train,date,L3_S41_D4010,3,41,L3_S41,D,4010
train_date,train,date,L3_S41_D4012,3,41,L3_S41,D,4012
train_date,train,date,L3_S41_D4013,3,41,L3_S41,D,4013
train_date,train,date,L3_S41_D4015,3,41,L3_S41,D,4015
train_date,train,date,L3_S41_D4017,3,41,L3_S41,D,4017
train_date,train,date,L3_S41_D4019,3,41,L3_S41,D,4019
train_date,train,date,L3_S41_D4021,3,41,L3_S41,D,4021
train_date,train,date,L3_S41_D4022,3,41,L3_S41,D,4022
train_date,train,date,L3_S41_D4024,3,41,L3_S41,D,4024
train_date,train,date,L3_S41_D4025,3,41,L3_S41,D,4025
train_date,train,date,L3_S41_D4027,3,41,L3_S41,D,4027
train_date,train,date,L3_S42_D4029,3,42,L3_S42,D,4029
train_date,train,date,L3_S42_D4033,3,42,L3_S42,D,4033
train_date,train,date,L3_S42_D4037,3,42,L3_S42,D,4037
train_date,train,date,L3_S42_D4041,3,42,L3_S42,D,4041
train_date,train,date,L3_S42_D4045,3,42,L3_S42,D,4045
train_date,train,date,L3_S42_D4049,3,42,L3_S42,D,4049
train_date,train,date,L3_S42_D4053,3,42,L3_S42,D,4053
train_date,train,date,L3_S42_D4057,3,42,L3_S42,D,4057
train_date,train,date,L3_S43_D4062,3,43,L3_S43,D,4062
train_date,train,date,L3_S43_D4067,3,43,L3_S43,D,4067
train_date,train,date,L3_S43_D4072,3,43,L3_S43,D,4072
train_date,train,date,L3_S43_D4077,3,43,L3_S43,D,4077
train_date,train,date,L3_S43_D4082,3,43,L3_S43,D,4082
train_date,train,date,L3_S43_D4087,3,43,L3_S43,D,4087
train_date,train,date,L3_S43_D4092,3,43,L3_S43,D,4092
train_date,train,date,L3_S43_D4097,3,43,L3_S43,D,4097
train_date,train,date,L3_S44_D4101,3,44,L3_S44,D,4101
train_date,train,date,L3_S44_D4104,3,44,L3_S44,D,4104
train_date,train,date,L3_S44_D4107,3,44,L3_S44,D,4107
train_date,train,date,L3_S44_D4110,3,44,L3_S44,D,4110
train_date,train,date,L3_S44_D4113,3,44,L3_S44,D,4113
train_date,train,date,L3_S44_D4116,3,44,L3_S44,D,4116
train_date,train,date,L3_S44_D4119,3,44,L3_S44,D,4119
train_date,train,date,L3_S44_D4122,3,44,L3_S44,D,4122
train_date,train,date,L3_S45_D4125,3,45,L3_S45,D,4125
train_date,train,date,L3_S45_D4127,3,45,L3_S45,D,4127
train_date,train,date,L3_S45_D4129,3,45,L3_S45,D,4129
train_date,train,date,L3_S45_D4131,3,45,L3_S45,D,4131
train_date,train,date,L3_S45_D4133,3,45,L3_S45,D,4133
train_date,train,date,L3_S46_D4135,3,46,L3_S46,D,4135
train_date,train,date,L3_S47_D4140,3,47,L3_S47,D,4140
train_date,train,date,L3_S47_D4145,3,47,L3_S47,D,4145
train_date,train,date,L3_S47_D4150,3,47,L3_S47,D,4150
train_date,train,date,L3_S47_D4155,3,47,L3_S47,D,4155
train_date,train,date,L3_S47_D4160,3,47,L3_S47,D,4160
train_date,train,date,L3_S47_D4165,3,47,L3_S47,D,4165
train_date,train,date,L3_S47_D4170,3,47,L3_S47,D,4170
train_date,train,date,L3_S47_D4175,3,47,L3_S47,D,4175
train_date,train,date,L3_S47_D4180,3,47,L3_S47,D,4180
train_date,train,date,L3_S47_D4185,3,47,L3_S47,D,4185
train_date,train,date,L3_S47_D4190,3,47,L3_S47,D,4190
train_date,train,date,L3_S48_D4194,3,48,L3_S48,D,4194
train_date,train,date,L3_S48_D4195,3,48,L3_S48,D,4195
train_date,train,date,L3_S48_D4197,3,48,L3_S48,D,4197
train_date,train,date,L3_S48_D4199,3,48,L3_S48,D,4199
train_date,train,date,L3_S48_D4201,3,48,L3_S48,D,4201
train_date,train,date,L3_S48_D4203,3,48,L3_S48,D,4203
train_date,train,date,L3_S48_D4205,3,48,L3_S48,D,4205
train_date,train,date,L3_S49_D4208,3,49,L3_S49,D,4208
train_date,train,date,L3_S49_D4213,3,49,L3_S49,D,4213
train_date,train,date,L3_S49_D4218,3,49,L3_S49,D,4218
train_date,train,date,L3_S49_D4223,3,49,L3_S49,D,4223
train_date,train,date,L3_S49_D4228,3,49,L3_S49,D,4228
train_date,train,date,L3_S49_D4233,3,49,L3_S49,D,4233
train_date,train,date,L3_S49_D4238,3,49,L3_S49,D,4238
train_date,train,date,L3_S50_D4242,3,50,L3_S50,D,4242
train_date,train,date,L3_S50_D4244,3,50,L3_S50,D,4244
train_date,train,date,L3_S50_D4246,3,50,L3_S50,D,4246
train_date,train,date,L3_S50_D4248,3,50,L3_S50,D,4248
train_date,train,date,L3_S50_D4250,3,50,L3_S50,D,4250
train_date,train,date,L3_S50_D4252,3,50,L3_S50,D,4252
train_date,train,date,L3_S50_D4254,3,50,L3_S50,D,4254
train_date,train,date,L3_S51_D4255,3,51,L3_S51,D,4255
train_date,train,date,L3_S51_D4257,3,51,L3_S51,D,4257
train_date,train,date,L3_S51_D4259,3,51,L3_S51,D,4259
train_date,train,date,L3_S51_D4261,3,51,L3_S51,D,4261
train_date,train,date,L3_S51_D4263,3,51,L3_S51,D,4263
test_numeric,test,numeric,L0_S0_F0,0,0,L0_S0,F,0
test_numeric,test,numeric,L0_S0_F2,0,0,L0_S0,F,2
test_numeric,test,numeric,L0_S0_F4,0,0,L0_S0,F,4
test_numeric,test,numeric,L0_S0_F6,0,0,L0_S0,F,6
test_numeric,test,numeric,L0_S0_F8,0,0,L0_S0,F,8
test_numeric,test,numeric,L0_S0_F10,0,0,L0_S0,F,10
test_numeric,test,numeric,L0_S0_F12,0,0,L0_S0,F,12
test_numeric,test,numeric,L0_S0_F14,0,0,L0_S0,F,14
test_numeric,test,numeric,L0_S0_F16,0,0,L0_S0,F,16
test_numeric,test,numeric,L0_S0_F18,0,0,L0_S0,F,18
test_numeric,test,numeric,L0_S0_F20,0,0,L0_S0,F,20
test_numeric,test,numeric,L0_S0_F22,0,0,L0_S0,F,22
test_numeric,test,numeric,L0_S1_F24,0,1,L0_S1,F,24
test_numeric,test,numeric,L0_S1_F28,0,1,L0_S1,F,28
test_numeric,test,numeric,L0_S2_F32,0,2,L0_S2,F,32
test_numeric,test,numeric,L0_S2_F36,0,2,L0_S2,F,36
test_numeric,test,numeric,L0_S2_F40,0,2,L0_S2,F,40
test_numeric,test,numeric,L0_S2_F44,0,2,L0_S2,F,44
test_numeric,test,numeric,L0_S2_F48,0,2,L0_S2,F,48
test_numeric,test,numeric,L0_S2_F52,0,2,L0_S2,F,52
test_numeric,test,numeric,L0_S2_F56,0,2,L0_S2,F,56
test_numeric,test,numeric,L0_S2_F60,0,2,L0_S2,F,60
test_numeric,test,numeric,L0_S2_F64,0,2,L0_S2,F,64
test_numeric,test,numeric,L0_S3_F68,0,3,L0_S3,F,68
test_numeric,test,numeric,L0_S3_F72,0,3,L0_S3,F,72
test_numeric,test,numeric,L0_S3_F76,0,3,L0_S3,F,76
test_numeric,test,numeric,L0_S3_F80,0,3,L0_S3,F,80
test_numeric,test,numeric,L0_S3_F84,0,3,L0_S3,F,84
test_numeric,test,numeric,L0_S3_F88,0,3,L0_S3,F,88
test_numeric,test,numeric,L0_S3_F92,0,3,L0_S3,F,92
test_numeric,test,numeric,L0_S3_F96,0,3,L0_S3,F,96
test_numeric,test,numeric,L0_S3_F100,0,3,L0_S3,F,100
test_numeric,test,numeric,L0_S4_F104,0,4,L0_S4,F,104
test_numeric,test,numeric,L0_S4_F109,0,4,L0_S4,F,109
test_numeric,test,numeric,L0_S5_F114,0,5,L0_S5,F,114
test_numeric,test,numeric,L0_S5_F116,0,5,L0_S5,F,116
test_numeric,test,numeric,L0_S6_F118,0,6,L0_S6,F,118
test_numeric,test,numeric,L0_S6_F122,0,6,L0_S6,F,122
test_numeric,test,numeric,L0_S6_F132,0,6,L0_S6,F,132
test_numeric,test,numeric,L0_S7_F136,0,7,L0_S7,F,136
test_numeric,test,numeric,L0_S7_F138,0,7,L0_S7,F,138
test_numeric,test,numeric,L0_S7_F142,0,7,L0_S7,F,142
test_numeric,test,numeric,L0_S8_F144,0,8,L0_S8,F,144
test_numeric,test,numeric,L0_S8_F146,0,8,L0_S8,F,146
test_numeric,test,numeric,L0_S8_F149,0,8,L0_S8,F,149
test_numeric,test,numeric,L0_S9_F155,0,9,L0_S9,F,155
test_numeric,test,numeric,L0_S9_F160,0,9,L0_S9,F,160
test_numeric,test,numeric,L0_S9_F165,0,9,L0_S9,F,165
test_numeric,test,numeric,L0_S9_F170,0,9,L0_S9,F,170
test_numeric,test,numeric,L0_S9_F175,0,9,L0_S9,F,175
test_numeric,test,numeric,L0_S9_F180,0,9,L0_S9,F,180
test_numeric,test,numeric,L0_S9_F185,0,9,L0_S9,F,185
test_numeric,test,numeric,L0_S9_F190,0,9,L0_S9,F,190
test_numeric,test,numeric,L0_S9_F195,0,9,L0_S9,F,195
test_numeric,test,numeric,L0_S9_F200,0,9,L0_S9,F,200
test_numeric,test,numeric,L0_S9_F205,0,9,L0_S9,F,205
test_numeric,test,numeric,L0_S9_F210,0,9,L0_S9,F,210
test_numeric,test,numeric,L0_S10_F219,0,10,L0_S10,F,219
test_numeric,test,numeric,L0_S10_F224,0,10,L0_S10,F,224
test_numeric,test,numeric,L0_S10_F229,0,10,L0_S10,F,229
test_numeric,test,numeric,L0_S10_F234,0,10,L0_S10,F,234
test_numeric,test,numeric,L0_S10_F239,0,10,L0_S10,F,239
test_numeric,test,numeric,L0_S10_F244,0,10,L0_S10,F,244
test_numeric,test,numeric,L0_S10_F249,0,10,L0_S10,F,249
test_numeric,test,numeric,L0_S10_F254,0,10,L0_S10,F,254
test_numeric,test,numeric,L0_S10_F259,0,10,L0_S10,F,259
test_numeric,test,numeric,L0_S10_F264,0,10,L0_S10,F,264
test_numeric,test,numeric,L0_S10_F269,0,10,L0_S10,F,269
test_numeric,test,numeric,L0_S10_F274,0,10,L0_S10,F,274
test_numeric,test,numeric,L0_S11_F282,0,11,L0_S11,F,282
test_numeric,test,numeric,L0_S11_F286,0,11,L0_S11,F,286
test_numeric,test,numeric,L0_S11_F290,0,11,L0_S11,F,290
test_numeric,test,numeric,L0_S11_F294,0,11,L0_S11,F,294
test_numeric,test,numeric,L0_S11_F298,0,11,L0_S11,F,298
test_numeric,test,numeric,L0_S11_F302,0,11,L0_S11,F,302
test_numeric,test,numeric,L0_S11_F306,0,11,L0_S11,F,306
test_numeric,test,numeric,L0_S11_F310,0,11,L0_S11,F,310
test_numeric,test,numeric,L0_S11_F314,0,11,L0_S11,F,314
test_numeric,test,numeric,L0_S11_F318,0,11,L0_S11,F,318
test_numeric,test,numeric,L0_S11_F322,0,11,L0_S11,F,322
test_numeric,test,numeric,L0_S11_F326,0,11,L0_S11,F,326
test_numeric,test,numeric,L0_S12_F330,0,12,L0_S12,F,330
test_numeric,test,numeric,L0_S12_F332,0,12,L0_S12,F,332
test_numeric,test,numeric,L0_S12_F334,0,12,L0_S12,F,334
test_numeric,test,numeric,L0_S12_F336,0,12,L0_S12,F,336
test_numeric,test,numeric,L0_S12_F338,0,12,L0_S12,F,338
test_numeric,test,numeric,L0_S12_F340,0,12,L0_S12,F,340
test_numeric,test,numeric,L0_S12_F342,0,12,L0_S12,F,342
test_numeric,test,numeric,L0_S12_F344,0,12,L0_S12,F,344
test_numeric,test,numeric,L0_S12_F346,0,12,L0_S12,F,346
test_numeric,test,numeric,L0_S12_F348,0,12,L0_S12,F,348
test_numeric,test,numeric,L0_S12_F350,0,12,L0_S12,F,350
test_numeric,test,numeric,L0_S12_F352,0,12,L0_S12,F,352
test_numeric,test,numeric,L0_S13_F354,0,13,L0_S13,F,354
test_numeric,test,numeric,L0_S13_F356,0,13,L0_S13,F,356
test_numeric,test,numeric,L0_S14_F358,0,14,L0_S14,F,358
test_numeric,test,numeric,L0_S14_F362,0,14,L0_S14,F,362
test_numeric,test,numeric,L0_S14_F366,0,14,L0_S14,F,366
test_numeric,test,numeric,L0_S14_F370,0,14,L0_S14,F,370
test_numeric,test,numeric,L0_S14_F374,0,14,L0_S14,F,374
test_numeric,test,numeric,L0_S14_F378,0,14,L0_S14,F,378
test_numeric,test,numeric,L0_S14_F382,0,14,L0_S14,F,382
test_numeric,test,numeric,L0_S14_F386,0,14,L0_S14,F,386
test_numeric,test,numeric,L0_S14_F390,0,14,L0_S14,F,390
test_numeric,test,numeric,L0_S15_F394,0,15,L0_S15,F,394
test_numeric,test,numeric,L0_S15_F397,0,15,L0_S15,F,397
test_numeric,test,numeric,L0_S15_F400,0,15,L0_S15,F,400
test_numeric,test,numeric,L0_S15_F403,0,15,L0_S15,F,403
test_numeric,test,numeric,L0_S15_F406,0,15,L0_S15,F,406
test_numeric,test,numeric,L0_S15_F409,0,15,L0_S15,F,409
test_numeric,test,numeric,L0_S15_F412,0,15,L0_S15,F,412
test_numeric,test,numeric,L0_S15_F415,0,15,L0_S15,F,415
test_numeric,test,numeric,L0_S15_F418,0,15,L0_S15,F,418
test_numeric,test,numeric,L0_S16_F421,0,16,L0_S16,F,421
test_numeric,test,numeric,L0_S16_F426,0,16,L0_S16,F,426
test_numeric,test,numeric,L0_S17_F431,0,17,L0_S17,F,431
test_numeric,test,numeric,L0_S17_F433,0,17,L0_S17,F,433
test_numeric,test,numeric,L0_S18_F435,0,18,L0_S18,F,435
test_numeric,test,numeric,L0_S18_F439,0,18,L0_S18,F,439
test_numeric,test,numeric,L0_S18_F449,0,18,L0_S18,F,449
test_numeric,test,numeric,L0_S19_F453,0,19,L0_S19,F,453
test_numeric,test,numeric,L0_S19_F455,0,19,L0_S19,F,455
test_numeric,test,numeric,L0_S19_F459,0,19,L0_S19,F,459
test_numeric,test,numeric,L0_S20_F461,0,20,L0_S20,F,461
test_numeric,test,numeric,L0_S20_F463,0,20,L0_S20,F,463
test_numeric,test,numeric,L0_S20_F466,0,20,L0_S20,F,466
test_numeric,test,numeric,L0_S21_F472,0,21,L0_S21,F,472
test_numeric,test,numeric,L0_S21_F477,0,21,L0_S21,F,477
test_numeric,test,numeric,L0_S21_F482,0,21,L0_S21,F,482
test_numeric,test,numeric,L0_S21_F487,0,21,L0_S21,F,487
test_numeric,test,numeric,L0_S21_F492,0,21,L0_S21,F,492
test_numeric,test,numeric,L0_S21_F497,0,21,L0_S21,F,497
test_numeric,test,numeric,L0_S21_F502,0,21,L0_S21,F,502
test_numeric,test,numeric,L0_S21_F507,0,21,L0_S21,F,507
test_numeric,test,numeric,L0_S21_F512,0,21,L0_S21,F,512
test_numeric,test,numeric,L0_S21_F517,0,21,L0_S21,F,517
test_numeric,test,numeric,L0_S21_F522,0,21,L0_S21,F,522
test_numeric,test,numeric,L0_S21_F527,0,21,L0_S21,F,527
test_numeric,test,numeric,L0_S21_F532,0,21,L0_S21,F,532
test_numeric,test,numeric,L0_S21_F537,0,21,L0_S21,F,537
test_numeric,test,numeric,L0_S22_F546,0,22,L0_S22,F,546
test_numeric,test,numeric,L0_S22_F551,0,22,L0_S22,F,551
test_numeric,test,numeric,L0_S22_F556,0,22,L0_S22,F,556
test_numeric,test,numeric,L0_S22_F561,0,22,L0_S22,F,561
test_numeric,test,numeric,L0_S22_F566,0,22,L0_S22,F,566
test_numeric,test,numeric,L0_S22_F571,0,22,L0_S22,F,571
test_numeric,test,numeric,L0_S22_F576,0,22,L0_S22,F,576
test_numeric,test,numeric,L0_S22_F581,0,22,L0_S22,F,581
test_numeric,test,numeric,L0_S22_F586,0,22,L0_S22,F,586
test_numeric,test,numeric,L0_S22_F591,0,22,L0_S22,F,591
test_numeric,test,numeric,L0_S22_F596,0,22,L0_S22,F,596
test_numeric,test,numeric,L0_S22_F601,0,22,L0_S22,F,601
test_numeric,test,numeric,L0_S22_F606,0,22,L0_S22,F,606
test_numeric,test,numeric,L0_S22_F611,0,22,L0_S22,F,611
test_numeric,test,numeric,L0_S23_F619,0,23,L0_S23,F,619
test_numeric,test,numeric,L0_S23_F623,0,23,L0_S23,F,623
test_numeric,test,numeric,L0_S23_F627,0,23,L0_S23,F,627
test_numeric,test,numeric,L0_S23_F631,0,23,L0_S23,F,631
test_numeric,test,numeric,L0_S23_F635,0,23,L0_S23,F,635
test_numeric,test,numeric,L0_S23_F639,0,23,L0_S23,F,639
test_numeric,test,numeric,L0_S23_F643,0,23,L0_S23,F,643
test_numeric,test,numeric,L0_S23_F647,0,23,L0_S23,F,647
test_numeric,test,numeric,L0_S23_F651,0,23,L0_S23,F,651
test_numeric,test,numeric,L0_S23_F655,0,23,L0_S23,F,655
test_numeric,test,numeric,L0_S23_F659,0,23,L0_S23,F,659
test_numeric,test,numeric,L0_S23_F663,0,23,L0_S23,F,663
test_numeric,test,numeric,L0_S23_F667,0,23,L0_S23,F,667
test_numeric,test,numeric,L0_S23_F671,0,23,L0_S23,F,671
test_numeric,test,numeric,L1_S24_F679,1,24,L1_S24,F,679
test_numeric,test,numeric,L1_S24_F683,1,24,L1_S24,F,683
test_numeric,test,numeric,L1_S24_F687,1,24,L1_S24,F,687
test_numeric,test,numeric,L1_S24_F691,1,24,L1_S24,F,691
test_numeric,test,numeric,L1_S24_F700,1,24,L1_S24,F,700
test_numeric,test,numeric,L1_S24_F719,1,24,L1_S24,F,719
test_numeric,test,numeric,L1_S24_F728,1,24,L1_S24,F,728
test_numeric,test,numeric,L1_S24_F733,1,24,L1_S24,F,733
test_numeric,test,numeric,L1_S24_F746,1,24,L1_S24,F,746
test_numeric,test,numeric,L1_S24_F751,1,24,L1_S24,F,751
test_numeric,test,numeric,L1_S24_F756,1,24,L1_S24,F,756
test_numeric,test,numeric,L1_S24_F761,1,24,L1_S24,F,761
test_numeric,test,numeric,L1_S24_F766,1,24,L1_S24,F,766
test_numeric,test,numeric,L1_S24_F775,1,24,L1_S24,F,775
test_numeric,test,numeric,L1_S24_F780,1,24,L1_S24,F,780
test_numeric,test,numeric,L1_S24_F785,1,24,L1_S24,F,785
test_numeric,test,numeric,L1_S24_F790,1,24,L1_S24,F,790
test_numeric,test,numeric,L1_S24_F795,1,24,L1_S24,F,795
test_numeric,test,numeric,L1_S24_F800,1,24,L1_S24,F,800
test_numeric,test,numeric,L1_S24_F802,1,24,L1_S24,F,802
test_numeric,test,numeric,L1_S24_F806,1,24,L1_S24,F,806
test_numeric,test,numeric,L1_S24_F808,1,24,L1_S24,F,808
test_numeric,test,numeric,L1_S24_F810,1,24,L1_S24,F,810
test_numeric,test,numeric,L1_S24_F812,1,24,L1_S24,F,812
test_numeric,test,numeric,L1_S24_F814,1,24,L1_S24,F,814
test_numeric,test,numeric,L1_S24_F816,1,24,L1_S24,F,816
test_numeric,test,numeric,L1_S24_F829,1,24,L1_S24,F,829
test_numeric,test,numeric,L1_S24_F834,1,24,L1_S24,F,834
test_numeric,test,numeric,L1_S24_F839,1,24,L1_S24,F,839
test_numeric,test,numeric,L1_S24_F844,1,24,L1_S24,F,844
test_numeric,test,numeric,L1_S24_F857,1,24,L1_S24,F,857
test_numeric,test,numeric,L1_S24_F862,1,24,L1_S24,F,862
test_numeric,test,numeric,L1_S24_F867,1,24,L1_S24,F,867
test_numeric,test,numeric,L1_S24_F872,1,24,L1_S24,F,872
test_numeric,test,numeric,L1_S24_F877,1,24,L1_S24,F,877
test_numeric,test,numeric,L1_S24_F882,1,24,L1_S24,F,882
test_numeric,test,numeric,L1_S24_F887,1,24,L1_S24,F,887
test_numeric,test,numeric,L1_S24_F892,1,24,L1_S24,F,892
test_numeric,test,numeric,L1_S24_F897,1,24,L1_S24,F,897
test_numeric,test,numeric,L1_S24_F902,1,24,L1_S24,F,902
test_numeric,test,numeric,L1_S24_F907,1,24,L1_S24,F,907
test_numeric,test,numeric,L1_S24_F920,1,24,L1_S24,F,920
test_numeric,test,numeric,L1_S24_F925,1,24,L1_S24,F,925
test_numeric,test,numeric,L1_S24_F930,1,24,L1_S24,F,930
test_numeric,test,numeric,L1_S24_F935,1,24,L1_S24,F,935
test_numeric,test,numeric,L1_S24_F948,1,24,L1_S24,F,948
test_numeric,test,numeric,L1_S24_F953,1,24,L1_S24,F,953
test_numeric,test,numeric,L1_S24_F958,1,24,L1_S24,F,958
test_numeric,test,numeric,L1_S24_F963,1,24,L1_S24,F,963
test_numeric,test,numeric,L1_S24_F968,1,24,L1_S24,F,968
test_numeric,test,numeric,L1_S24_F973,1,24,L1_S24,F,973
test_numeric,test,numeric,L1_S24_F978,1,24,L1_S24,F,978
test_numeric,test,numeric,L1_S24_F983,1,24,L1_S24,F,983
test_numeric,test,numeric,L1_S24_F988,1,24,L1_S24,F,988
test_numeric,test,numeric,L1_S24_F993,1,24,L1_S24,F,993
test_numeric,test,numeric,L1_S24_F998,1,24,L1_S24,F,998
test_numeric,test,numeric,L1_S24_F1000,1,24,L1_S24,F,1000
test_numeric,test,numeric,L1_S24_F1002,1,24,L1_S24,F,1002
test_numeric,test,numeric,L1_S24_F1004,1,24,L1_S24,F,1004
test_numeric,test,numeric,L1_S24_F1006,1,24,L1_S24,F,1006
test_numeric,test,numeric,L1_S24_F1008,1,24,L1_S24,F,1008
test_numeric,test,numeric,L1_S24_F1010,1,24,L1_S24,F,1010
test_numeric,test,numeric,L1_S24_F1012,1,24,L1_S24,F,1012
test_numeric,test,numeric,L1_S24_F1014,1,24,L1_S24,F,1014
test_numeric,test,numeric,L1_S24_F1016,1,24,L1_S24,F,1016
test_numeric,test,numeric,L1_S24_F1021,1,24,L1_S24,F,1021
test_numeric,test,numeric,L1_S24_F1026,1,24,L1_S24,F,1026
test_numeric,test,numeric,L1_S24_F1031,1,24,L1_S24,F,1031
test_numeric,test,numeric,L1_S24_F1036,1,24,L1_S24,F,1036
test_numeric,test,numeric,L1_S24_F1041,1,24,L1_S24,F,1041
test_numeric,test,numeric,L1_S24_F1046,1,24,L1_S24,F,1046
test_numeric,test,numeric,L1_S24_F1051,1,24,L1_S24,F,1051
test_numeric,test,numeric,L1_S24_F1056,1,24,L1_S24,F,1056
test_numeric,test,numeric,L1_S24_F1068,1,24,L1_S24,F,1068
test_numeric,test,numeric,L1_S24_F1072,1,24,L1_S24,F,1072
test_numeric,test,numeric,L1_S24_F1079,1,24,L1_S24,F,1079
test_numeric,test,numeric,L1_S24_F1083,1,24,L1_S24,F,1083
test_numeric,test,numeric,L1_S24_F1087,1,24,L1_S24,F,1087
test_numeric,test,numeric,L1_S24_F1094,1,24,L1_S24,F,1094
test_numeric,test,numeric,L1_S24_F1098,1,24,L1_S24,F,1098
test_numeric,test,numeric,L1_S24_F1102,1,24,L1_S24,F,1102
test_numeric,test,numeric,L1_S24_F1106,1,24,L1_S24,F,1106
test_numeric,test,numeric,L1_S24_F1110,1,24,L1_S24,F,1110
test_numeric,test,numeric,L1_S24_F1118,1,24,L1_S24,F,1118
test_numeric,test,numeric,L1_S24_F1122,1,24,L1_S24,F,1122
test_numeric,test,numeric,L1_S24_F1126,1,24,L1_S24,F,1126
test_numeric,test,numeric,L1_S24_F1130,1,24,L1_S24,F,1130
test_numeric,test,numeric,L1_S24_F1134,1,24,L1_S24,F,1134
test_numeric,test,numeric,L1_S24_F1145,1,24,L1_S24,F,1145
test_numeric,test,numeric,L1_S24_F1148,1,24,L1_S24,F,1148
test_numeric,test,numeric,L1_S24_F1161,1,24,L1_S24,F,1161
test_numeric,test,numeric,L1_S24_F1166,1,24,L1_S24,F,1166
test_numeric,test,numeric,L1_S24_F1170,1,24,L1_S24,F,1170
test_numeric,test,numeric,L1_S24_F1172,1,24,L1_S24,F,1172
test_numeric,test,numeric,L1_S24_F1174,1,24,L1_S24,F,1174
test_numeric,test,numeric,L1_S24_F1176,1,24,L1_S24,F,1176
test_numeric,test,numeric,L1_S24_F1180,1,24,L1_S24,F,1180
test_numeric,test,numeric,L1_S24_F1184,1,24,L1_S24,F,1184
test_numeric,test,numeric,L1_S24_F1197,1,24,L1_S24,F,1197
test_numeric,test,numeric,L1_S24_F1202,1,24,L1_S24,F,1202
test_numeric,test,numeric,L1_S24_F1207,1,24,L1_S24,F,1207
test_numeric,test,numeric,L1_S24_F1212,1,24,L1_S24,F,1212
test_numeric,test,numeric,L1_S24_F1225,1,24,L1_S24,F,1225
test_numeric,test,numeric,L1_S24_F1230,1,24,L1_S24,F,1230
test_numeric,test,numeric,L1_S24_F1235,1,24,L1_S24,F,1235
test_numeric,test,numeric,L1_S24_F1240,1,24,L1_S24,F,1240
test_numeric,test,numeric,L1_S24_F1245,1,24,L1_S24,F,1245
test_numeric,test,numeric,L1_S24_F1250,1,24,L1_S24,F,1250
test_numeric,test,numeric,L1_S24_F1255,1,24,L1_S24,F,1255
test_numeric,test,numeric,L1_S24_F1260,1,24,L1_S24,F,1260
test_numeric,test,numeric,L1_S24_F1265,1,24,L1_S24,F,1265
test_numeric,test,numeric,L1_S24_F1270,1,24,L1_S24,F,1270
test_numeric,test,numeric,L1_S24_F1275,1,24,L1_S24,F,1275
test_numeric,test,numeric,L1_S24_F1288,1,24,L1_S24,F,1288
test_numeric,test,numeric,L1_S24_F1293,1,24,L1_S24,F,1293
test_numeric,test,numeric,L1_S24_F1298,1,24,L1_S24,F,1298
test_numeric,test,numeric,L1_S24_F1303,1,24,L1_S24,F,1303
test_numeric,test,numeric,L1_S24_F1316,1,24,L1_S24,F,1316
test_numeric,test,numeric,L1_S24_F1321,1,24,L1_S24,F,1321
test_numeric,test,numeric,L1_S24_F1326,1,24,L1_S24,F,1326
test_numeric,test,numeric,L1_S24_F1331,1,24,L1_S24,F,1331
test_numeric,test,numeric,L1_S24_F1336,1,24,L1_S24,F,1336
test_numeric,test,numeric,L1_S24_F1341,1,24,L1_S24,F,1341
test_numeric,test,numeric,L1_S24_F1346,1,24,L1_S24,F,1346
test_numeric,test,numeric,L1_S24_F1351,1,24,L1_S24,F,1351
test_numeric,test,numeric,L1_S24_F1356,1,24,L1_S24,F,1356
test_numeric,test,numeric,L1_S24_F1361,1,24,L1_S24,F,1361
test_numeric,test,numeric,L1_S24_F1366,1,24,L1_S24,F,1366
test_numeric,test,numeric,L1_S24_F1371,1,24,L1_S24,F,1371
test_numeric,test,numeric,L1_S24_F1376,1,24,L1_S24,F,1376
test_numeric,test,numeric,L1_S24_F1381,1,24,L1_S24,F,1381
test_numeric,test,numeric,L1_S24_F1386,1,24,L1_S24,F,1386
test_numeric,test,numeric,L1_S24_F1391,1,24,L1_S24,F,1391
test_numeric,test,numeric,L1_S24_F1396,1,24,L1_S24,F,1396
test_numeric,test,numeric,L1_S24_F1401,1,24,L1_S24,F,1401
test_numeric,test,numeric,L1_S24_F1406,1,24,L1_S24,F,1406
test_numeric,test,numeric,L1_S24_F1411,1,24,L1_S24,F,1411
test_numeric,test,numeric,L1_S24_F1416,1,24,L1_S24,F,1416
test_numeric,test,numeric,L1_S24_F1421,1,24,L1_S24,F,1421
test_numeric,test,numeric,L1_S24_F1426,1,24,L1_S24,F,1426
test_numeric,test,numeric,L1_S24_F1431,1,24,L1_S24,F,1431
test_numeric,test,numeric,L1_S24_F1436,1,24,L1_S24,F,1436
test_numeric,test,numeric,L1_S24_F1441,1,24,L1_S24,F,1441
test_numeric,test,numeric,L1_S24_F1446,1,24,L1_S24,F,1446
test_numeric,test,numeric,L1_S24_F1451,1,24,L1_S24,F,1451
test_numeric,test,numeric,L1_S24_F1463,1,24,L1_S24,F,1463
test_numeric,test,numeric,L1_S24_F1467,1,24,L1_S24,F,1467
test_numeric,test,numeric,L1_S24_F1474,1,24,L1_S24,F,1474
test_numeric,test,numeric,L1_S24_F1478,1,24,L1_S24,F,1478
test_numeric,test,numeric,L1_S24_F1482,1,24,L1_S24,F,1482
test_numeric,test,numeric,L1_S24_F1486,1,24,L1_S24,F,1486
test_numeric,test,numeric,L1_S24_F1490,1,24,L1_S24,F,1490
test_numeric,test,numeric,L1_S24_F1494,1,24,L1_S24,F,1494
test_numeric,test,numeric,L1_S24_F1498,1,24,L1_S24,F,1498
test_numeric,test,numeric,L1_S24_F1502,1,24,L1_S24,F,1502
test_numeric,test,numeric,L1_S24_F1506,1,24,L1_S24,F,1506
test_numeric,test,numeric,L1_S24_F1512,1,24,L1_S24,F,1512
test_numeric,test,numeric,L1_S24_F1514,1,24,L1_S24,F,1514
test_numeric,test,numeric,L1_S24_F1516,1,24,L1_S24,F,1516
test_numeric,test,numeric,L1_S24_F1518,1,24,L1_S24,F,1518
test_numeric,test,numeric,L1_S24_F1520,1,24,L1_S24,F,1520
test_numeric,test,numeric,L1_S24_F1539,1,24,L1_S24,F,1539
test_numeric,test,numeric,L1_S24_F1544,1,24,L1_S24,F,1544
test_numeric,test,numeric,L1_S24_F1565,1,24,L1_S24,F,1565
test_numeric,test,numeric,L1_S24_F1567,1,24,L1_S24,F,1567
test_numeric,test,numeric,L1_S24_F1569,1,24,L1_S24,F,1569
test_numeric,test,numeric,L1_S24_F1571,1,24,L1_S24,F,1571
test_numeric,test,numeric,L1_S24_F1573,1,24,L1_S24,F,1573
test_numeric,test,numeric,L1_S24_F1575,1,24,L1_S24,F,1575
test_numeric,test,numeric,L1_S24_F1578,1,24,L1_S24,F,1578
test_numeric,test,numeric,L1_S24_F1581,1,24,L1_S24,F,1581
test_numeric,test,numeric,L1_S24_F1594,1,24,L1_S24,F,1594
test_numeric,test,numeric,L1_S24_F1599,1,24,L1_S24,F,1599
test_numeric,test,numeric,L1_S24_F1604,1,24,L1_S24,F,1604
test_numeric,test,numeric,L1_S24_F1609,1,24,L1_S24,F,1609
test_numeric,test,numeric,L1_S24_F1622,1,24,L1_S24,F,1622
test_numeric,test,numeric,L1_S24_F1627,1,24,L1_S24,F,1627
test_numeric,test,numeric,L1_S24_F1632,1,24,L1_S24,F,1632
test_numeric,test,numeric,L1_S24_F1637,1,24,L1_S24,F,1637
test_numeric,test,numeric,L1_S24_F1642,1,24,L1_S24,F,1642
test_numeric,test,numeric,L1_S24_F1647,1,24,L1_S24,F,1647
test_numeric,test,numeric,L1_S24_F1652,1,24,L1_S24,F,1652
test_numeric,test,numeric,L1_S24_F1657,1,24,L1_S24,F,1657
test_numeric,test,numeric,L1_S24_F1662,1,24,L1_S24,F,1662
test_numeric,test,numeric,L1_S24_F1667,1,24,L1_S24,F,1667
test_numeric,test,numeric,L1_S24_F1672,1,24,L1_S24,F,1672
test_numeric,test,numeric,L1_S24_F1685,1,24,L1_S24,F,1685
test_numeric,test,numeric,L1_S24_F1690,1,24,L1_S24,F,1690
test_numeric,test,numeric,L1_S24_F1695,1,24,L1_S24,F,1695
test_numeric,test,numeric,L1_S24_F1700,1,24,L1_S24,F,1700
test_numeric,test,numeric,L1_S24_F1713,1,24,L1_S24,F,1713
test_numeric,test,numeric,L1_S24_F1718,1,24,L1_S24,F,1718
test_numeric,test,numeric,L1_S24_F1723,1,24,L1_S24,F,1723
test_numeric,test,numeric,L1_S24_F1728,1,24,L1_S24,F,1728
test_numeric,test,numeric,L1_S24_F1733,1,24,L1_S24,F,1733
test_numeric,test,numeric,L1_S24_F1738,1,24,L1_S24,F,1738
test_numeric,test,numeric,L1_S24_F1743,1,24,L1_S24,F,1743
test_numeric,test,numeric,L1_S24_F1748,1,24,L1_S24,F,1748
test_numeric,test,numeric,L1_S24_F1753,1,24,L1_S24,F,1753
test_numeric,test,numeric,L1_S24_F1758,1,24,L1_S24,F,1758
test_numeric,test,numeric,L1_S24_F1763,1,24,L1_S24,F,1763
test_numeric,test,numeric,L1_S24_F1768,1,24,L1_S24,F,1768
test_numeric,test,numeric,L1_S24_F1773,1,24,L1_S24,F,1773
test_numeric,test,numeric,L1_S24_F1778,1,24,L1_S24,F,1778
test_numeric,test,numeric,L1_S24_F1783,1,24,L1_S24,F,1783
test_numeric,test,numeric,L1_S24_F1788,1,24,L1_S24,F,1788
test_numeric,test,numeric,L1_S24_F1793,1,24,L1_S24,F,1793
test_numeric,test,numeric,L1_S24_F1798,1,24,L1_S24,F,1798
test_numeric,test,numeric,L1_S24_F1803,1,24,L1_S24,F,1803
test_numeric,test,numeric,L1_S24_F1808,1,24,L1_S24,F,1808
test_numeric,test,numeric,L1_S24_F1810,1,24,L1_S24,F,1810
test_numeric,test,numeric,L1_S24_F1812,1,24,L1_S24,F,1812
test_numeric,test,numeric,L1_S24_F1814,1,24,L1_S24,F,1814
test_numeric,test,numeric,L1_S24_F1816,1,24,L1_S24,F,1816
test_numeric,test,numeric,L1_S24_F1818,1,24,L1_S24,F,1818
test_numeric,test,numeric,L1_S24_F1820,1,24,L1_S24,F,1820
test_numeric,test,numeric,L1_S24_F1822,1,24,L1_S24,F,1822
test_numeric,test,numeric,L1_S24_F1824,1,24,L1_S24,F,1824
test_numeric,test,numeric,L1_S24_F1829,1,24,L1_S24,F,1829
test_numeric,test,numeric,L1_S24_F1831,1,24,L1_S24,F,1831
test_numeric,test,numeric,L1_S24_F1834,1,24,L1_S24,F,1834
test_numeric,test,numeric,L1_S24_F1836,1,24,L1_S24,F,1836
test_numeric,test,numeric,L1_S24_F1838,1,24,L1_S24,F,1838
test_numeric,test,numeric,L1_S24_F1840,1,24,L1_S24,F,1840
test_numeric,test,numeric,L1_S24_F1842,1,24,L1_S24,F,1842
test_numeric,test,numeric,L1_S24_F1844,1,24,L1_S24,F,1844
test_numeric,test,numeric,L1_S24_F1846,1,24,L1_S24,F,1846
test_numeric,test,numeric,L1_S24_F1848,1,24,L1_S24,F,1848
test_numeric,test,numeric,L1_S24_F1850,1,24,L1_S24,F,1850
test_numeric,test,numeric,L1_S25_F1855,1,25,L1_S25,F,1855
test_numeric,test,numeric,L1_S25_F1858,1,25,L1_S25,F,1858
test_numeric,test,numeric,L1_S25_F1865,1,25,L1_S25,F,1865
test_numeric,test,numeric,L1_S25_F1869,1,25,L1_S25,F,1869
test_numeric,test,numeric,L1_S25_F1873,1,25,L1_S25,F,1873
test_numeric,test,numeric,L1_S25_F1877,1,25,L1_S25,F,1877
test_numeric,test,numeric,L1_S25_F1881,1,25,L1_S25,F,1881
test_numeric,test,numeric,L1_S25_F1885,1,25,L1_S25,F,1885
test_numeric,test,numeric,L1_S25_F1890,1,25,L1_S25,F,1890
test_numeric,test,numeric,L1_S25_F1892,1,25,L1_S25,F,1892
test_numeric,test,numeric,L1_S25_F1894,1,25,L1_S25,F,1894
test_numeric,test,numeric,L1_S25_F1896,1,25,L1_S25,F,1896
test_numeric,test,numeric,L1_S25_F1900,1,25,L1_S25,F,1900
test_numeric,test,numeric,L1_S25_F1909,1,25,L1_S25,F,1909
test_numeric,test,numeric,L1_S25_F1914,1,25,L1_S25,F,1914
test_numeric,test,numeric,L1_S25_F1919,1,25,L1_S25,F,1919
test_numeric,test,numeric,L1_S25_F1924,1,25,L1_S25,F,1924
test_numeric,test,numeric,L1_S25_F1929,1,25,L1_S25,F,1929
test_numeric,test,numeric,L1_S25_F1938,1,25,L1_S25,F,1938
test_numeric,test,numeric,L1_S25_F1943,1,25,L1_S25,F,1943
test_numeric,test,numeric,L1_S25_F1948,1,25,L1_S25,F,1948
test_numeric,test,numeric,L1_S25_F1953,1,25,L1_S25,F,1953
test_numeric,test,numeric,L1_S25_F1958,1,25,L1_S25,F,1958
test_numeric,test,numeric,L1_S25_F1963,1,25,L1_S25,F,1963
test_numeric,test,numeric,L1_S25_F1968,1,25,L1_S25,F,1968
test_numeric,test,numeric,L1_S25_F1973,1,25,L1_S25,F,1973
test_numeric,test,numeric,L1_S25_F1978,1,25,L1_S25,F,1978
test_numeric,test,numeric,L1_S25_F1987,1,25,L1_S25,F,1987
test_numeric,test,numeric,L1_S25_F1992,1,25,L1_S25,F,1992
test_numeric,test,numeric,L1_S25_F1997,1,25,L1_S25,F,1997
test_numeric,test,numeric,L1_S25_F2002,1,25,L1_S25,F,2002
test_numeric,test,numeric,L1_S25_F2007,1,25,L1_S25,F,2007
test_numeric,test,numeric,L1_S25_F2016,1,25,L1_S25,F,2016
test_numeric,test,numeric,L1_S25_F2021,1,25,L1_S25,F,2021
test_numeric,test,numeric,L1_S25_F2026,1,25,L1_S25,F,2026
test_numeric,test,numeric,L1_S25_F2031,1,25,L1_S25,F,2031
test_numeric,test,numeric,L1_S25_F2036,1,25,L1_S25,F,2036
test_numeric,test,numeric,L1_S25_F2041,1,25,L1_S25,F,2041
test_numeric,test,numeric,L1_S25_F2046,1,25,L1_S25,F,2046
test_numeric,test,numeric,L1_S25_F2051,1,25,L1_S25,F,2051
test_numeric,test,numeric,L1_S25_F2056,1,25,L1_S25,F,2056
test_numeric,test,numeric,L1_S25_F2061,1,25,L1_S25,F,2061
test_numeric,test,numeric,L1_S25_F2066,1,25,L1_S25,F,2066
test_numeric,test,numeric,L1_S25_F2071,1,25,L1_S25,F,2071
test_numeric,test,numeric,L1_S25_F2076,1,25,L1_S25,F,2076
test_numeric,test,numeric,L1_S25_F2081,1,25,L1_S25,F,2081
test_numeric,test,numeric,L1_S25_F2086,1,25,L1_S25,F,2086
test_numeric,test,numeric,L1_S25_F2091,1,25,L1_S25,F,2091
test_numeric,test,numeric,L1_S25_F2096,1,25,L1_S25,F,2096
test_numeric,test,numeric,L1_S25_F2101,1,25,L1_S25,F,2101
test_numeric,test,numeric,L1_S25_F2106,1,25,L1_S25,F,2106
test_numeric,test,numeric,L1_S25_F2111,1,25,L1_S25,F,2111
test_numeric,test,numeric,L1_S25_F2116,1,25,L1_S25,F,2116
test_numeric,test,numeric,L1_S25_F2121,1,25,L1_S25,F,2121
test_numeric,test,numeric,L1_S25_F2126,1,25,L1_S25,F,2126
test_numeric,test,numeric,L1_S25_F2131,1,25,L1_S25,F,2131
test_numeric,test,numeric,L1_S25_F2136,1,25,L1_S25,F,2136
test_numeric,test,numeric,L1_S25_F2144,1,25,L1_S25,F,2144
test_numeric,test,numeric,L1_S25_F2147,1,25,L1_S25,F,2147
test_numeric,test,numeric,L1_S25_F2152,1,25,L1_S25,F,2152
test_numeric,test,numeric,L1_S25_F2155,1,25,L1_S25,F,2155
test_numeric,test,numeric,L1_S25_F2158,1,25,L1_S25,F,2158
test_numeric,test,numeric,L1_S25_F2161,1,25,L1_S25,F,2161
test_numeric,test,numeric,L1_S25_F2164,1,25,L1_S25,F,2164
test_numeric,test,numeric,L1_S25_F2167,1,25,L1_S25,F,2167
test_numeric,test,numeric,L1_S25_F2170,1,25,L1_S25,F,2170
test_numeric,test,numeric,L1_S25_F2173,1,25,L1_S25,F,2173
test_numeric,test,numeric,L1_S25_F2176,1,25,L1_S25,F,2176
test_numeric,test,numeric,L1_S25_F2181,1,25,L1_S25,F,2181
test_numeric,test,numeric,L1_S25_F2184,1,25,L1_S25,F,2184
test_numeric,test,numeric,L1_S25_F2187,1,25,L1_S25,F,2187
test_numeric,test,numeric,L1_S25_F2190,1,25,L1_S25,F,2190
test_numeric,test,numeric,L1_S25_F2193,1,25,L1_S25,F,2193
test_numeric,test,numeric,L1_S25_F2196,1,25,L1_S25,F,2196
test_numeric,test,numeric,L1_S25_F2199,1,25,L1_S25,F,2199
test_numeric,test,numeric,L1_S25_F2202,1,25,L1_S25,F,2202
test_numeric,test,numeric,L1_S25_F2207,1,25,L1_S25,F,2207
test_numeric,test,numeric,L1_S25_F2210,1,25,L1_S25,F,2210
test_numeric,test,numeric,L1_S25_F2217,1,25,L1_S25,F,2217
test_numeric,test,numeric,L1_S25_F2220,1,25,L1_S25,F,2220
test_numeric,test,numeric,L1_S25_F2223,1,25,L1_S25,F,2223
test_numeric,test,numeric,L1_S25_F2226,1,25,L1_S25,F,2226
test_numeric,test,numeric,L1_S25_F2231,1,25,L1_S25,F,2231
test_numeric,test,numeric,L1_S25_F2233,1,25,L1_S25,F,2233
test_numeric,test,numeric,L1_S25_F2237,1,25,L1_S25,F,2237
test_numeric,test,numeric,L1_S25_F2239,1,25,L1_S25,F,2239
test_numeric,test,numeric,L1_S25_F2241,1,25,L1_S25,F,2241
test_numeric,test,numeric,L1_S25_F2243,1,25,L1_S25,F,2243
test_numeric,test,numeric,L1_S25_F2245,1,25,L1_S25,F,2245
test_numeric,test,numeric,L1_S25_F2247,1,25,L1_S25,F,2247
test_numeric,test,numeric,L1_S25_F2249,1,25,L1_S25,F,2249
test_numeric,test,numeric,L1_S25_F2258,1,25,L1_S25,F,2258
test_numeric,test,numeric,L1_S25_F2263,1,25,L1_S25,F,2263
test_numeric,test,numeric,L1_S25_F2268,1,25,L1_S25,F,2268
test_numeric,test,numeric,L1_S25_F2273,1,25,L1_S25,F,2273
test_numeric,test,numeric,L1_S25_F2278,1,25,L1_S25,F,2278
test_numeric,test,numeric,L1_S25_F2287,1,25,L1_S25,F,2287
test_numeric,test,numeric,L1_S25_F2292,1,25,L1_S25,F,2292
test_numeric,test,numeric,L1_S25_F2297,1,25,L1_S25,F,2297
test_numeric,test,numeric,L1_S25_F2302,1,25,L1_S25,F,2302
test_numeric,test,numeric,L1_S25_F2307,1,25,L1_S25,F,2307
test_numeric,test,numeric,L1_S25_F2312,1,25,L1_S25,F,2312
test_numeric,test,numeric,L1_S25_F2317,1,25,L1_S25,F,2317
test_numeric,test,numeric,L1_S25_F2322,1,25,L1_S25,F,2322
test_numeric,test,numeric,L1_S25_F2327,1,25,L1_S25,F,2327
test_numeric,test,numeric,L1_S25_F2336,1,25,L1_S25,F,2336
test_numeric,test,numeric,L1_S25_F2341,1,25,L1_S25,F,2341
test_numeric,test,numeric,L1_S25_F2346,1,25,L1_S25,F,2346
test_numeric,test,numeric,L1_S25_F2351,1,25,L1_S25,F,2351
test_numeric,test,numeric,L1_S25_F2356,1,25,L1_S25,F,2356
test_numeric,test,numeric,L1_S25_F2365,1,25,L1_S25,F,2365
test_numeric,test,numeric,L1_S25_F2370,1,25,L1_S25,F,2370
test_numeric,test,numeric,L1_S25_F2375,1,25,L1_S25,F,2375
test_numeric,test,numeric,L1_S25_F2380,1,25,L1_S25,F,2380
test_numeric,test,numeric,L1_S25_F2385,1,25,L1_S25,F,2385
test_numeric,test,numeric,L1_S25_F2390,1,25,L1_S25,F,2390
test_numeric,test,numeric,L1_S25_F2395,1,25,L1_S25,F,2395
test_numeric,test,numeric,L1_S25_F2400,1,25,L1_S25,F,2400
test_numeric,test,numeric,L1_S25_F2405,1,25,L1_S25,F,2405
test_numeric,test,numeric,L1_S25_F2408,1,25,L1_S25,F,2408
test_numeric,test,numeric,L1_S25_F2411,1,25,L1_S25,F,2411
test_numeric,test,numeric,L1_S25_F2414,1,25,L1_S25,F,2414
test_numeric,test,numeric,L1_S25_F2417,1,25,L1_S25,F,2417
test_numeric,test,numeric,L1_S25_F2420,1,25,L1_S25,F,2420
test_numeric,test,numeric,L1_S25_F2423,1,25,L1_S25,F,2423
test_numeric,test,numeric,L1_S25_F2426,1,25,L1_S25,F,2426
test_numeric,test,numeric,L1_S25_F2429,1,25,L1_S25,F,2429
test_numeric,test,numeric,L1_S25_F2431,1,25,L1_S25,F,2431
test_numeric,test,numeric,L1_S25_F2433,1,25,L1_S25,F,2433
test_numeric,test,numeric,L1_S25_F2435,1,25,L1_S25,F,2435
test_numeric,test,numeric,L1_S25_F2437,1,25,L1_S25,F,2437
test_numeric,test,numeric,L1_S25_F2439,1,25,L1_S25,F,2439
test_numeric,test,numeric,L1_S25_F2441,1,25,L1_S25,F,2441
test_numeric,test,numeric,L1_S25_F2443,1,25,L1_S25,F,2443
test_numeric,test,numeric,L1_S25_F2449,1,25,L1_S25,F,2449
test_numeric,test,numeric,L1_S25_F2451,1,25,L1_S25,F,2451
test_numeric,test,numeric,L1_S25_F2454,1,25,L1_S25,F,2454
test_numeric,test,numeric,L1_S25_F2456,1,25,L1_S25,F,2456
test_numeric,test,numeric,L1_S25_F2458,1,25,L1_S25,F,2458
test_numeric,test,numeric,L1_S25_F2460,1,25,L1_S25,F,2460
test_numeric,test,numeric,L1_S25_F2462,1,25,L1_S25,F,2462
test_numeric,test,numeric,L1_S25_F2464,1,25,L1_S25,F,2464
test_numeric,test,numeric,L1_S25_F2466,1,25,L1_S25,F,2466
test_numeric,test,numeric,L1_S25_F2468,1,25,L1_S25,F,2468
test_numeric,test,numeric,L1_S25_F2472,1,25,L1_S25,F,2472
test_numeric,test,numeric,L1_S25_F2475,1,25,L1_S25,F,2475
test_numeric,test,numeric,L1_S25_F2478,1,25,L1_S25,F,2478
test_numeric,test,numeric,L1_S25_F2481,1,25,L1_S25,F,2481
test_numeric,test,numeric,L1_S25_F2484,1,25,L1_S25,F,2484
test_numeric,test,numeric,L1_S25_F2487,1,25,L1_S25,F,2487
test_numeric,test,numeric,L1_S25_F2490,1,25,L1_S25,F,2490
test_numeric,test,numeric,L1_S25_F2493,1,25,L1_S25,F,2493
test_numeric,test,numeric,L1_S25_F2498,1,25,L1_S25,F,2498
test_numeric,test,numeric,L1_S25_F2500,1,25,L1_S25,F,2500
test_numeric,test,numeric,L1_S25_F2504,1,25,L1_S25,F,2504
test_numeric,test,numeric,L1_S25_F2506,1,25,L1_S25,F,2506
test_numeric,test,numeric,L1_S25_F2508,1,25,L1_S25,F,2508
test_numeric,test,numeric,L1_S25_F2510,1,25,L1_S25,F,2510
test_numeric,test,numeric,L1_S25_F2512,1,25,L1_S25,F,2512
test_numeric,test,numeric,L1_S25_F2514,1,25,L1_S25,F,2514
test_numeric,test,numeric,L1_S25_F2516,1,25,L1_S25,F,2516
test_numeric,test,numeric,L1_S25_F2525,1,25,L1_S25,F,2525
test_numeric,test,numeric,L1_S25_F2530,1,25,L1_S25,F,2530
test_numeric,test,numeric,L1_S25_F2535,1,25,L1_S25,F,2535
test_numeric,test,numeric,L1_S25_F2540,1,25,L1_S25,F,2540
test_numeric,test,numeric,L1_S25_F2545,1,25,L1_S25,F,2545
test_numeric,test,numeric,L1_S25_F2554,1,25,L1_S25,F,2554
test_numeric,test,numeric,L1_S25_F2559,1,25,L1_S25,F,2559
test_numeric,test,numeric,L1_S25_F2564,1,25,L1_S25,F,2564
test_numeric,test,numeric,L1_S25_F2569,1,25,L1_S25,F,2569
test_numeric,test,numeric,L1_S25_F2574,1,25,L1_S25,F,2574
test_numeric,test,numeric,L1_S25_F2579,1,25,L1_S25,F,2579
test_numeric,test,numeric,L1_S25_F2584,1,25,L1_S25,F,2584
test_numeric,test,numeric,L1_S25_F2589,1,25,L1_S25,F,2589
test_numeric,test,numeric,L1_S25_F2594,1,25,L1_S25,F,2594
test_numeric,test,numeric,L1_S25_F2603,1,25,L1_S25,F,2603
test_numeric,test,numeric,L1_S25_F2608,1,25,L1_S25,F,2608
test_numeric,test,numeric,L1_S25_F2613,1,25,L1_S25,F,2613
test_numeric,test,numeric,L1_S25_F2618,1,25,L1_S25,F,2618
test_numeric,test,numeric,L1_S25_F2623,1,25,L1_S25,F,2623
test_numeric,test,numeric,L1_S25_F2632,1,25,L1_S25,F,2632
test_numeric,test,numeric,L1_S25_F2637,1,25,L1_S25,F,2637
test_numeric,test,numeric,L1_S25_F2642,1,25,L1_S25,F,2642
test_numeric,test,numeric,L1_S25_F2647,1,25,L1_S25,F,2647
test_numeric,test,numeric,L1_S25_F2652,1,25,L1_S25,F,2652
test_numeric,test,numeric,L1_S25_F2657,1,25,L1_S25,F,2657
test_numeric,test,numeric,L1_S25_F2662,1,25,L1_S25,F,2662
test_numeric,test,numeric,L1_S25_F2667,1,25,L1_S25,F,2667
test_numeric,test,numeric,L1_S25_F2672,1,25,L1_S25,F,2672
test_numeric,test,numeric,L1_S25_F2677,1,25,L1_S25,F,2677
test_numeric,test,numeric,L1_S25_F2682,1,25,L1_S25,F,2682
test_numeric,test,numeric,L1_S25_F2687,1,25,L1_S25,F,2687
test_numeric,test,numeric,L1_S25_F2692,1,25,L1_S25,F,2692
test_numeric,test,numeric,L1_S25_F2697,1,25,L1_S25,F,2697
test_numeric,test,numeric,L1_S25_F2702,1,25,L1_S25,F,2702
test_numeric,test,numeric,L1_S25_F2707,1,25,L1_S25,F,2707
test_numeric,test,numeric,L1_S25_F2712,1,25,L1_S25,F,2712
test_numeric,test,numeric,L1_S25_F2714,1,25,L1_S25,F,2714
test_numeric,test,numeric,L1_S25_F2716,1,25,L1_S25,F,2716
test_numeric,test,numeric,L1_S25_F2718,1,25,L1_S25,F,2718
test_numeric,test,numeric,L1_S25_F2720,1,25,L1_S25,F,2720
test_numeric,test,numeric,L1_S25_F2722,1,25,L1_S25,F,2722
test_numeric,test,numeric,L1_S25_F2724,1,25,L1_S25,F,2724
test_numeric,test,numeric,L1_S25_F2726,1,25,L1_S25,F,2726
test_numeric,test,numeric,L1_S25_F2732,1,25,L1_S25,F,2732
test_numeric,test,numeric,L1_S25_F2734,1,25,L1_S25,F,2734
test_numeric,test,numeric,L1_S25_F2737,1,25,L1_S25,F,2737
test_numeric,test,numeric,L1_S25_F2739,1,25,L1_S25,F,2739
test_numeric,test,numeric,L1_S25_F2741,1,25,L1_S25,F,2741
test_numeric,test,numeric,L1_S25_F2743,1,25,L1_S25,F,2743
test_numeric,test,numeric,L1_S25_F2745,1,25,L1_S25,F,2745
test_numeric,test,numeric,L1_S25_F2747,1,25,L1_S25,F,2747
test_numeric,test,numeric,L1_S25_F2749,1,25,L1_S25,F,2749
test_numeric,test,numeric,L1_S25_F2751,1,25,L1_S25,F,2751
test_numeric,test,numeric,L1_S25_F2755,1,25,L1_S25,F,2755
test_numeric,test,numeric,L1_S25_F2758,1,25,L1_S25,F,2758
test_numeric,test,numeric,L1_S25_F2761,1,25,L1_S25,F,2761
test_numeric,test,numeric,L1_S25_F2764,1,25,L1_S25,F,2764
test_numeric,test,numeric,L1_S25_F2767,1,25,L1_S25,F,2767
test_numeric,test,numeric,L1_S25_F2770,1,25,L1_S25,F,2770
test_numeric,test,numeric,L1_S25_F2773,1,25,L1_S25,F,2773
test_numeric,test,numeric,L1_S25_F2776,1,25,L1_S25,F,2776
test_numeric,test,numeric,L1_S25_F2781,1,25,L1_S25,F,2781
test_numeric,test,numeric,L1_S25_F2783,1,25,L1_S25,F,2783
test_numeric,test,numeric,L1_S25_F2787,1,25,L1_S25,F,2787
test_numeric,test,numeric,L1_S25_F2789,1,25,L1_S25,F,2789
test_numeric,test,numeric,L1_S25_F2791,1,25,L1_S25,F,2791
test_numeric,test,numeric,L1_S25_F2793,1,25,L1_S25,F,2793
test_numeric,test,numeric,L1_S25_F2795,1,25,L1_S25,F,2795
test_numeric,test,numeric,L1_S25_F2797,1,25,L1_S25,F,2797
test_numeric,test,numeric,L1_S25_F2799,1,25,L1_S25,F,2799
test_numeric,test,numeric,L1_S25_F2808,1,25,L1_S25,F,2808
test_numeric,test,numeric,L1_S25_F2813,1,25,L1_S25,F,2813
test_numeric,test,numeric,L1_S25_F2818,1,25,L1_S25,F,2818
test_numeric,test,numeric,L1_S25_F2823,1,25,L1_S25,F,2823
test_numeric,test,numeric,L1_S25_F2828,1,25,L1_S25,F,2828
test_numeric,test,numeric,L1_S25_F2837,1,25,L1_S25,F,2837
test_numeric,test,numeric,L1_S25_F2842,1,25,L1_S25,F,2842
test_numeric,test,numeric,L1_S25_F2847,1,25,L1_S25,F,2847
test_numeric,test,numeric,L1_S25_F2852,1,25,L1_S25,F,2852
test_numeric,test,numeric,L1_S25_F2857,1,25,L1_S25,F,2857
test_numeric,test,numeric,L1_S25_F2862,1,25,L1_S25,F,2862
test_numeric,test,numeric,L1_S25_F2867,1,25,L1_S25,F,2867
test_numeric,test,numeric,L1_S25_F2872,1,25,L1_S25,F,2872
test_numeric,test,numeric,L1_S25_F2877,1,25,L1_S25,F,2877
test_numeric,test,numeric,L1_S25_F2886,1,25,L1_S25,F,2886
test_numeric,test,numeric,L1_S25_F2891,1,25,L1_S25,F,2891
test_numeric,test,numeric,L1_S25_F2896,1,25,L1_S25,F,2896
test_numeric,test,numeric,L1_S25_F2901,1,25,L1_S25,F,2901
test_numeric,test,numeric,L1_S25_F2906,1,25,L1_S25,F,2906
test_numeric,test,numeric,L1_S25_F2915,1,25,L1_S25,F,2915
test_numeric,test,numeric,L1_S25_F2920,1,25,L1_S25,F,2920
test_numeric,test,numeric,L1_S25_F2925,1,25,L1_S25,F,2925
test_numeric,test,numeric,L1_S25_F2930,1,25,L1_S25,F,2930
test_numeric,test,numeric,L1_S25_F2935,1,25,L1_S25,F,2935
test_numeric,test,numeric,L1_S25_F2940,1,25,L1_S25,F,2940
test_numeric,test,numeric,L1_S25_F2945,1,25,L1_S25,F,2945
test_numeric,test,numeric,L1_S25_F2950,1,25,L1_S25,F,2950
test_numeric,test,numeric,L1_S25_F2955,1,25,L1_S25,F,2955
test_numeric,test,numeric,L1_S25_F2960,1,25,L1_S25,F,2960
test_numeric,test,numeric,L1_S25_F2965,1,25,L1_S25,F,2965
test_numeric,test,numeric,L1_S25_F2970,1,25,L1_S25,F,2970
test_numeric,test,numeric,L1_S25_F2975,1,25,L1_S25,F,2975
test_numeric,test,numeric,L1_S25_F2980,1,25,L1_S25,F,2980
test_numeric,test,numeric,L1_S25_F2985,1,25,L1_S25,F,2985
test_numeric,test,numeric,L1_S25_F2990,1,25,L1_S25,F,2990
test_numeric,test,numeric,L1_S25_F2995,1,25,L1_S25,F,2995
test_numeric,test,numeric,L1_S25_F2997,1,25,L1_S25,F,2997
test_numeric,test,numeric,L1_S25_F2999,1,25,L1_S25,F,2999
test_numeric,test,numeric,L1_S25_F3001,1,25,L1_S25,F,3001
test_numeric,test,numeric,L1_S25_F3003,1,25,L1_S25,F,3003
test_numeric,test,numeric,L1_S25_F3005,1,25,L1_S25,F,3005
test_numeric,test,numeric,L1_S25_F3007,1,25,L1_S25,F,3007
test_numeric,test,numeric,L1_S25_F3009,1,25,L1_S25,F,3009
test_numeric,test,numeric,L1_S25_F3015,1,25,L1_S25,F,3015
test_numeric,test,numeric,L1_S25_F3017,1,25,L1_S25,F,3017
test_numeric,test,numeric,L1_S25_F3020,1,25,L1_S25,F,3020
test_numeric,test,numeric,L1_S25_F3022,1,25,L1_S25,F,3022
test_numeric,test,numeric,L1_S25_F3024,1,25,L1_S25,F,3024
test_numeric,test,numeric,L1_S25_F3026,1,25,L1_S25,F,3026
test_numeric,test,numeric,L1_S25_F3028,1,25,L1_S25,F,3028
test_numeric,test,numeric,L1_S25_F3030,1,25,L1_S25,F,3030
test_numeric,test,numeric,L1_S25_F3032,1,25,L1_S25,F,3032
test_numeric,test,numeric,L1_S25_F3034,1,25,L1_S25,F,3034
test_numeric,test,numeric,L2_S26_F3036,2,26,L2_S26,F,3036
test_numeric,test,numeric,L2_S26_F3040,2,26,L2_S26,F,3040
test_numeric,test,numeric,L2_S26_F3047,2,26,L2_S26,F,3047
test_numeric,test,numeric,L2_S26_F3051,2,26,L2_S26,F,3051
test_numeric,test,numeric,L2_S26_F3055,2,26,L2_S26,F,3055
test_numeric,test,numeric,L2_S26_F3062,2,26,L2_S26,F,3062
test_numeric,test,numeric,L2_S26_F3069,2,26,L2_S26,F,3069
test_numeric,test,numeric,L2_S26_F3073,2,26,L2_S26,F,3073
test_numeric,test,numeric,L2_S26_F3077,2,26,L2_S26,F,3077
test_numeric,test,numeric,L2_S26_F3106,2,26,L2_S26,F,3106
test_numeric,test,numeric,L2_S26_F3113,2,26,L2_S26,F,3113
test_numeric,test,numeric,L2_S26_F3117,2,26,L2_S26,F,3117
test_numeric,test,numeric,L2_S26_F3121,2,26,L2_S26,F,3121
test_numeric,test,numeric,L2_S26_F3125,2,26,L2_S26,F,3125
test_numeric,test,numeric,L2_S27_F3129,2,27,L2_S27,F,3129
test_numeric,test,numeric,L2_S27_F3133,2,27,L2_S27,F,3133
test_numeric,test,numeric,L2_S27_F3140,2,27,L2_S27,F,3140
test_numeric,test,numeric,L2_S27_F3144,2,27,L2_S27,F,3144
test_numeric,test,numeric,L2_S27_F3148,2,27,L2_S27,F,3148
test_numeric,test,numeric,L2_S27_F3155,2,27,L2_S27,F,3155
test_numeric,test,numeric,L2_S27_F3162,2,27,L2_S27,F,3162
test_numeric,test,numeric,L2_S27_F3166,2,27,L2_S27,F,3166
test_numeric,test,numeric,L2_S27_F3170,2,27,L2_S27,F,3170
test_numeric,test,numeric,L2_S27_F3199,2,27,L2_S27,F,3199
test_numeric,test,numeric,L2_S27_F3206,2,27,L2_S27,F,3206
test_numeric,test,numeric,L2_S27_F3210,2,27,L2_S27,F,3210
test_numeric,test,numeric,L2_S27_F3214,2,27,L2_S27,F,3214
test_numeric,test,numeric,L2_S27_F3218,2,27,L2_S27,F,3218
test_numeric,test,numeric,L2_S28_F3222,2,28,L2_S28,F,3222
test_numeric,test,numeric,L2_S28_F3226,2,28,L2_S28,F,3226
test_numeric,test,numeric,L2_S28_F3233,2,28,L2_S28,F,3233
test_numeric,test,numeric,L2_S28_F3237,2,28,L2_S28,F,3237
test_numeric,test,numeric,L2_S28_F3241,2,28,L2_S28,F,3241
test_numeric,test,numeric,L2_S28_F3248,2,28,L2_S28,F,3248
test_numeric,test,numeric,L2_S28_F3255,2,28,L2_S28,F,3255
test_numeric,test,numeric,L2_S28_F3259,2,28,L2_S28,F,3259
test_numeric,test,numeric,L2_S28_F3263,2,28,L2_S28,F,3263
test_numeric,test,numeric,L2_S28_F3292,2,28,L2_S28,F,3292
test_numeric,test,numeric,L2_S28_F3299,2,28,L2_S28,F,3299
test_numeric,test,numeric,L2_S28_F3303,2,28,L2_S28,F,3303
test_numeric,test,numeric,L2_S28_F3307,2,28,L2_S28,F,3307
test_numeric,test,numeric,L2_S28_F3311,2,28,L2_S28,F,3311
test_numeric,test,numeric,L3_S29_F3315,3,29,L3_S29,F,3315
test_numeric,test,numeric,L3_S29_F3318,3,29,L3_S29,F,3318
test_numeric,test,numeric,L3_S29_F3321,3,29,L3_S29,F,3321
test_numeric,test,numeric,L3_S29_F3324,3,29,L3_S29,F,3324
test_numeric,test,numeric,L3_S29_F3327,3,29,L3_S29,F,3327
test_numeric,test,numeric,L3_S29_F3330,3,29,L3_S29,F,3330
test_numeric,test,numeric,L3_S29_F3333,3,29,L3_S29,F,3333
test_numeric,test,numeric,L3_S29_F3336,3,29,L3_S29,F,3336
test_numeric,test,numeric,L3_S29_F3339,3,29,L3_S29,F,3339
test_numeric,test,numeric,L3_S29_F3342,3,29,L3_S29,F,3342
test_numeric,test,numeric,L3_S29_F3345,3,29,L3_S29,F,3345
test_numeric,test,numeric,L3_S29_F3348,3,29,L3_S29,F,3348
test_numeric,test,numeric,L3_S29_F3351,3,29,L3_S29,F,3351
test_numeric,test,numeric,L3_S29_F3354,3,29,L3_S29,F,3354
test_numeric,test,numeric,L3_S29_F3357,3,29,L3_S29,F,3357
test_numeric,test,numeric,L3_S29_F3360,3,29,L3_S29,F,3360
test_numeric,test,numeric,L3_S29_F3367,3,29,L3_S29,F,3367
test_numeric,test,numeric,L3_S29_F3370,3,29,L3_S29,F,3370
test_numeric,test,numeric,L3_S29_F3373,3,29,L3_S29,F,3373
test_numeric,test,numeric,L3_S29_F3376,3,29,L3_S29,F,3376
test_numeric,test,numeric,L3_S29_F3379,3,29,L3_S29,F,3379
test_numeric,test,numeric,L3_S29_F3382,3,29,L3_S29,F,3382
test_numeric,test,numeric,L3_S29_F3385,3,29,L3_S29,F,3385
test_numeric,test,numeric,L3_S29_F3388,3,29,L3_S29,F,3388
test_numeric,test,numeric,L3_S29_F3395,3,29,L3_S29,F,3395
test_numeric,test,numeric,L3_S29_F3398,3,29,L3_S29,F,3398
test_numeric,test,numeric,L3_S29_F3401,3,29,L3_S29,F,3401
test_numeric,test,numeric,L3_S29_F3404,3,29,L3_S29,F,3404
test_numeric,test,numeric,L3_S29_F3407,3,29,L3_S29,F,3407
test_numeric,test,numeric,L3_S29_F3412,3,29,L3_S29,F,3412
test_numeric,test,numeric,L3_S29_F3421,3,29,L3_S29,F,3421
test_numeric,test,numeric,L3_S29_F3424,3,29,L3_S29,F,3424
test_numeric,test,numeric,L3_S29_F3427,3,29,L3_S29,F,3427
test_numeric,test,numeric,L3_S29_F3430,3,29,L3_S29,F,3430
test_numeric,test,numeric,L3_S29_F3433,3,29,L3_S29,F,3433
test_numeric,test,numeric,L3_S29_F3436,3,29,L3_S29,F,3436
test_numeric,test,numeric,L3_S29_F3439,3,29,L3_S29,F,3439
test_numeric,test,numeric,L3_S29_F3442,3,29,L3_S29,F,3442
test_numeric,test,numeric,L3_S29_F3449,3,29,L3_S29,F,3449
test_numeric,test,numeric,L3_S29_F3452,3,29,L3_S29,F,3452
test_numeric,test,numeric,L3_S29_F3455,3,29,L3_S29,F,3455
test_numeric,test,numeric,L3_S29_F3458,3,29,L3_S29,F,3458
test_numeric,test,numeric,L3_S29_F3461,3,29,L3_S29,F,3461
test_numeric,test,numeric,L3_S29_F3464,3,29,L3_S29,F,3464
test_numeric,test,numeric,L3_S29_F3467,3,29,L3_S29,F,3467
test_numeric,test,numeric,L3_S29_F3470,3,29,L3_S29,F,3470
test_numeric,test,numeric,L3_S29_F3473,3,29,L3_S29,F,3473
test_numeric,test,numeric,L3_S29_F3476,3,29,L3_S29,F,3476
test_numeric,test,numeric,L3_S29_F3479,3,29,L3_S29,F,3479
test_numeric,test,numeric,L3_S29_F3482,3,29,L3_S29,F,3482
test_numeric,test,numeric,L3_S29_F3485,3,29,L3_S29,F,3485
test_numeric,test,numeric,L3_S29_F3488,3,29,L3_S29,F,3488
test_numeric,test,numeric,L3_S29_F3491,3,29,L3_S29,F,3491
test_numeric,test,numeric,L3_S30_F3494,3,30,L3_S30,F,3494
test_numeric,test,numeric,L3_S30_F3499,3,30,L3_S30,F,3499
test_numeric,test,numeric,L3_S30_F3504,3,30,L3_S30,F,3504
test_numeric,test,numeric,L3_S30_F3509,3,30,L3_S30,F,3509
test_numeric,test,numeric,L3_S30_F3514,3,30,L3_S30,F,3514
test_numeric,test,numeric,L3_S30_F3519,3,30,L3_S30,F,3519
test_numeric,test,numeric,L3_S30_F3524,3,30,L3_S30,F,3524
test_numeric,test,numeric,L3_S30_F3529,3,30,L3_S30,F,3529
test_numeric,test,numeric,L3_S30_F3534,3,30,L3_S30,F,3534
test_numeric,test,numeric,L3_S30_F3539,3,30,L3_S30,F,3539
test_numeric,test,numeric,L3_S30_F3544,3,30,L3_S30,F,3544
test_numeric,test,numeric,L3_S30_F3549,3,30,L3_S30,F,3549
test_numeric,test,numeric,L3_S30_F3554,3,30,L3_S30,F,3554
test_numeric,test,numeric,L3_S30_F3559,3,30,L3_S30,F,3559
test_numeric,test,numeric,L3_S30_F3564,3,30,L3_S30,F,3564
test_numeric,test,numeric,L3_S30_F3569,3,30,L3_S30,F,3569
test_numeric,test,numeric,L3_S30_F3574,3,30,L3_S30,F,3574
test_numeric,test,numeric,L3_S30_F3579,3,30,L3_S30,F,3579
test_numeric,test,numeric,L3_S30_F3584,3,30,L3_S30,F,3584
test_numeric,test,numeric,L3_S30_F3589,3,30,L3_S30,F,3589
test_numeric,test,numeric,L3_S30_F3594,3,30,L3_S30,F,3594
test_numeric,test,numeric,L3_S30_F3599,3,30,L3_S30,F,3599
test_numeric,test,numeric,L3_S30_F3604,3,30,L3_S30,F,3604
test_numeric,test,numeric,L3_S30_F3609,3,30,L3_S30,F,3609
test_numeric,test,numeric,L3_S30_F3614,3,30,L3_S30,F,3614
test_numeric,test,numeric,L3_S30_F3619,3,30,L3_S30,F,3619
test_numeric,test,numeric,L3_S30_F3624,3,30,L3_S30,F,3624
test_numeric,test,numeric,L3_S30_F3629,3,30,L3_S30,F,3629
test_numeric,test,numeric,L3_S30_F3634,3,30,L3_S30,F,3634
test_numeric,test,numeric,L3_S30_F3639,3,30,L3_S30,F,3639
test_numeric,test,numeric,L3_S30_F3644,3,30,L3_S30,F,3644
test_numeric,test,numeric,L3_S30_F3649,3,30,L3_S30,F,3649
test_numeric,test,numeric,L3_S30_F3654,3,30,L3_S30,F,3654
test_numeric,test,numeric,L3_S30_F3659,3,30,L3_S30,F,3659
test_numeric,test,numeric,L3_S30_F3664,3,30,L3_S30,F,3664
test_numeric,test,numeric,L3_S30_F3669,3,30,L3_S30,F,3669
test_numeric,test,numeric,L3_S30_F3674,3,30,L3_S30,F,3674
test_numeric,test,numeric,L3_S30_F3679,3,30,L3_S30,F,3679
test_numeric,test,numeric,L3_S30_F3684,3,30,L3_S30,F,3684
test_numeric,test,numeric,L3_S30_F3689,3,30,L3_S30,F,3689
test_numeric,test,numeric,L3_S30_F3694,3,30,L3_S30,F,3694
test_numeric,test,numeric,L3_S30_F3699,3,30,L3_S30,F,3699
test_numeric,test,numeric,L3_S30_F3704,3,30,L3_S30,F,3704
test_numeric,test,numeric,L3_S30_F3709,3,30,L3_S30,F,3709
test_numeric,test,numeric,L3_S30_F3714,3,30,L3_S30,F,3714
test_numeric,test,numeric,L3_S30_F3719,3,30,L3_S30,F,3719
test_numeric,test,numeric,L3_S30_F3724,3,30,L3_S30,F,3724
test_numeric,test,numeric,L3_S30_F3729,3,30,L3_S30,F,3729
test_numeric,test,numeric,L3_S30_F3734,3,30,L3_S30,F,3734
test_numeric,test,numeric,L3_S30_F3739,3,30,L3_S30,F,3739
test_numeric,test,numeric,L3_S30_F3744,3,30,L3_S30,F,3744
test_numeric,test,numeric,L3_S30_F3749,3,30,L3_S30,F,3749
test_numeric,test,numeric,L3_S30_F3754,3,30,L3_S30,F,3754
test_numeric,test,numeric,L3_S30_F3759,3,30,L3_S30,F,3759
test_numeric,test,numeric,L3_S30_F3764,3,30,L3_S30,F,3764
test_numeric,test,numeric,L3_S30_F3769,3,30,L3_S30,F,3769
test_numeric,test,numeric,L3_S30_F3774,3,30,L3_S30,F,3774
test_numeric,test,numeric,L3_S30_F3779,3,30,L3_S30,F,3779
test_numeric,test,numeric,L3_S30_F3784,3,30,L3_S30,F,3784
test_numeric,test,numeric,L3_S30_F3789,3,30,L3_S30,F,3789
test_numeric,test,numeric,L3_S30_F3794,3,30,L3_S30,F,3794
test_numeric,test,numeric,L3_S30_F3799,3,30,L3_S30,F,3799
test_numeric,test,numeric,L3_S30_F3804,3,30,L3_S30,F,3804
test_numeric,test,numeric,L3_S30_F3809,3,30,L3_S30,F,3809
test_numeric,test,numeric,L3_S30_F3814,3,30,L3_S30,F,3814
test_numeric,test,numeric,L3_S30_F3819,3,30,L3_S30,F,3819
test_numeric,test,numeric,L3_S30_F3824,3,30,L3_S30,F,3824
test_numeric,test,numeric,L3_S30_F3829,3,30,L3_S30,F,3829
test_numeric,test,numeric,L3_S31_F3834,3,31,L3_S31,F,3834
test_numeric,test,numeric,L3_S31_F3838,3,31,L3_S31,F,3838
test_numeric,test,numeric,L3_S31_F3842,3,31,L3_S31,F,3842
test_numeric,test,numeric,L3_S31_F3846,3,31,L3_S31,F,3846
test_numeric,test,numeric,L3_S32_F3850,3,32,L3_S32,F,3850
test_numeric,test,numeric,L3_S33_F3855,3,33,L3_S33,F,3855
test_numeric,test,numeric,L3_S33_F3857,3,33,L3_S33,F,3857
test_numeric,test,numeric,L3_S33_F3859,3,33,L3_S33,F,3859
test_numeric,test,numeric,L3_S33_F3861,3,33,L3_S33,F,3861
test_numeric,test,numeric,L3_S33_F3863,3,33,L3_S33,F,3863
test_numeric,test,numeric,L3_S33_F3865,3,33,L3_S33,F,3865
test_numeric,test,numeric,L3_S33_F3867,3,33,L3_S33,F,3867
test_numeric,test,numeric,L3_S33_F3869,3,33,L3_S33,F,3869
test_numeric,test,numeric,L3_S33_F3871,3,33,L3_S33,F,3871
test_numeric,test,numeric,L3_S33_F3873,3,33,L3_S33,F,3873
test_numeric,test,numeric,L3_S34_F3876,3,34,L3_S34,F,3876
test_numeric,test,numeric,L3_S34_F3878,3,34,L3_S34,F,3878
test_numeric,test,numeric,L3_S34_F3880,3,34,L3_S34,F,3880
test_numeric,test,numeric,L3_S34_F3882,3,34,L3_S34,F,3882
test_numeric,test,numeric,L3_S35_F3884,3,35,L3_S35,F,3884
test_numeric,test,numeric,L3_S35_F3889,3,35,L3_S35,F,3889
test_numeric,test,numeric,L3_S35_F3894,3,35,L3_S35,F,3894
test_numeric,test,numeric,L3_S35_F3896,3,35,L3_S35,F,3896
test_numeric,test,numeric,L3_S35_F3898,3,35,L3_S35,F,3898
test_numeric,test,numeric,L3_S35_F3903,3,35,L3_S35,F,3903
test_numeric,test,numeric,L3_S35_F3908,3,35,L3_S35,F,3908
test_numeric,test,numeric,L3_S35_F3913,3,35,L3_S35,F,3913
test_numeric,test,numeric,L3_S36_F3918,3,36,L3_S36,F,3918
test_numeric,test,numeric,L3_S36_F3920,3,36,L3_S36,F,3920
test_numeric,test,numeric,L3_S36_F3922,3,36,L3_S36,F,3922
test_numeric,test,numeric,L3_S36_F3924,3,36,L3_S36,F,3924
test_numeric,test,numeric,L3_S36_F3926,3,36,L3_S36,F,3926
test_numeric,test,numeric,L3_S36_F3930,3,36,L3_S36,F,3930
test_numeric,test,numeric,L3_S36_F3934,3,36,L3_S36,F,3934
test_numeric,test,numeric,L3_S36_F3938,3,36,L3_S36,F,3938
test_numeric,test,numeric,L3_S37_F3944,3,37,L3_S37,F,3944
test_numeric,test,numeric,L3_S37_F3946,3,37,L3_S37,F,3946
test_numeric,test,numeric,L3_S37_F3948,3,37,L3_S37,F,3948
test_numeric,test,numeric,L3_S37_F3950,3,37,L3_S37,F,3950
test_numeric,test,numeric,L3_S38_F3952,3,38,L3_S38,F,3952
test_numeric,test,numeric,L3_S38_F3956,3,38,L3_S38,F,3956
test_numeric,test,numeric,L3_S38_F3960,3,38,L3_S38,F,3960
test_numeric,test,numeric,L3_S39_F3964,3,39,L3_S39,F,3964
test_numeric,test,numeric,L3_S39_F3968,3,39,L3_S39,F,3968
test_numeric,test,numeric,L3_S39_F3972,3,39,L3_S39,F,3972
test_numeric,test,numeric,L3_S39_F3976,3,39,L3_S39,F,3976
test_numeric,test,numeric,L3_S40_F3980,3,40,L3_S40,F,3980
test_numeric,test,numeric,L3_S40_F3982,3,40,L3_S40,F,3982
test_numeric,test,numeric,L3_S40_F3984,3,40,L3_S40,F,3984
test_numeric,test,numeric,L3_S40_F3986,3,40,L3_S40,F,3986
test_numeric,test,numeric,L3_S40_F3988,3,40,L3_S40,F,3988
test_numeric,test,numeric,L3_S40_F3990,3,40,L3_S40,F,3990
test_numeric,test,numeric,L3_S40_F3992,3,40,L3_S40,F,3992
test_numeric,test,numeric,L3_S40_F3994,3,40,L3_S40,F,3994
test_numeric,test,numeric,L3_S41_F3996,3,41,L3_S41,F,3996
test_numeric,test,numeric,L3_S41_F3998,3,41,L3_S41,F,3998
test_numeric,test,numeric,L3_S41_F4000,3,41,L3_S41,F,4000
test_numeric,test,numeric,L3_S41_F4002,3,41,L3_S41,F,4002
test_numeric,test,numeric,L3_S41_F4004,3,41,L3_S41,F,4004
test_numeric,test,numeric,L3_S41_F4006,3,41,L3_S41,F,4006
test_numeric,test,numeric,L3_S41_F4008,3,41,L3_S41,F,4008
test_numeric,test,numeric,L3_S41_F4011,3,41,L3_S41,F,4011
test_numeric,test,numeric,L3_S41_F4014,3,41,L3_S41,F,4014
test_numeric,test,numeric,L3_S41_F4016,3,41,L3_S41,F,4016
test_numeric,test,numeric,L3_S41_F4018,3,41,L3_S41,F,4018
test_numeric,test,numeric,L3_S41_F4020,3,41,L3_S41,F,4020
test_numeric,test,numeric,L3_S41_F4023,3,41,L3_S41,F,4023
test_numeric,test,numeric,L3_S41_F4026,3,41,L3_S41,F,4026
test_numeric,test,numeric,L3_S43_F4060,3,43,L3_S43,F,4060
test_numeric,test,numeric,L3_S43_F4065,3,43,L3_S43,F,4065
test_numeric,test,numeric,L3_S43_F4070,3,43,L3_S43,F,4070
test_numeric,test,numeric,L3_S43_F4075,3,43,L3_S43,F,4075
test_numeric,test,numeric,L3_S43_F4080,3,43,L3_S43,F,4080
test_numeric,test,numeric,L3_S43_F4085,3,43,L3_S43,F,4085
test_numeric,test,numeric,L3_S43_F4090,3,43,L3_S43,F,4090
test_numeric,test,numeric,L3_S43_F4095,3,43,L3_S43,F,4095
test_numeric,test,numeric,L3_S44_F4100,3,44,L3_S44,F,4100
test_numeric,test,numeric,L3_S44_F4103,3,44,L3_S44,F,4103
test_numeric,test,numeric,L3_S44_F4106,3,44,L3_S44,F,4106
test_numeric,test,numeric,L3_S44_F4109,3,44,L3_S44,F,4109
test_numeric,test,numeric,L3_S44_F4112,3,44,L3_S44,F,4112
test_numeric,test,numeric,L3_S44_F4115,3,44,L3_S44,F,4115
test_numeric,test,numeric,L3_S44_F4118,3,44,L3_S44,F,4118
test_numeric,test,numeric,L3_S44_F4121,3,44,L3_S44,F,4121
test_numeric,test,numeric,L3_S45_F4124,3,45,L3_S45,F,4124
test_numeric,test,numeric,L3_S45_F4126,3,45,L3_S45,F,4126
test_numeric,test,numeric,L3_S45_F4128,3,45,L3_S45,F,4128
test_numeric,test,numeric,L3_S45_F4130,3,45,L3_S45,F,4130
test_numeric,test,numeric,L3_S45_F4132,3,45,L3_S45,F,4132
test_numeric,test,numeric,L3_S47_F4138,3,47,L3_S47,F,4138
test_numeric,test,numeric,L3_S47_F4143,3,47,L3_S47,F,4143
test_numeric,test,numeric,L3_S47_F4148,3,47,L3_S47,F,4148
test_numeric,test,numeric,L3_S47_F4153,3,47,L3_S47,F,4153
test_numeric,test,numeric,L3_S47_F4158,3,47,L3_S47,F,4158
test_numeric,test,numeric,L3_S47_F4163,3,47,L3_S47,F,4163
test_numeric,test,numeric,L3_S47_F4168,3,47,L3_S47,F,4168
test_numeric,test,numeric,L3_S47_F4173,3,47,L3_S47,F,4173
test_numeric,test,numeric,L3_S47_F4178,3,47,L3_S47,F,4178
test_numeric,test,numeric,L3_S47_F4183,3,47,L3_S47,F,4183
test_numeric,test,numeric,L3_S47_F4188,3,47,L3_S47,F,4188
test_numeric,test,numeric,L3_S48_F4193,3,48,L3_S48,F,4193
test_numeric,test,numeric,L3_S48_F4196,3,48,L3_S48,F,4196
test_numeric,test,numeric,L3_S48_F4198,3,48,L3_S48,F,4198
test_numeric,test,numeric,L3_S48_F4200,3,48,L3_S48,F,4200
test_numeric,test,numeric,L3_S48_F4202,3,48,L3_S48,F,4202
test_numeric,test,numeric,L3_S48_F4204,3,48,L3_S48,F,4204
test_numeric,test,numeric,L3_S49_F4206,3,49,L3_S49,F,4206
test_numeric,test,numeric,L3_S49_F4211,3,49,L3_S49,F,4211
test_numeric,test,numeric,L3_S49_F4216,3,49,L3_S49,F,4216
test_numeric,test,numeric,L3_S49_F4221,3,49,L3_S49,F,4221
test_numeric,test,numeric,L3_S49_F4226,3,49,L3_S49,F,4226
test_numeric,test,numeric,L3_S49_F4231,3,49,L3_S49,F,4231
test_numeric,test,numeric,L3_S49_F4236,3,49,L3_S49,F,4236
test_numeric,test,numeric,L3_S50_F4241,3,50,L3_S50,F,4241
test_numeric,test,numeric,L3_S50_F4243,3,50,L3_S50,F,4243
test_numeric,test,numeric,L3_S50_F4245,3,50,L3_S50,F,4245
test_numeric,test,numeric,L3_S50_F4247,3,50,L3_S50,F,4247
test_numeric,test,numeric,L3_S50_F4249,3,50,L3_S50,F,4249
test_numeric,test,numeric,L3_S50_F4251,3,50,L3_S50,F,4251
test_numeric,test,numeric,L3_S50_F4253,3,50,L3_S50,F,4253
test_numeric,test,numeric,L3_S51_F4256,3,51,L3_S51,F,4256
test_numeric,test,numeric,L3_S51_F4258,3,51,L3_S51,F,4258
test_numeric,test,numeric,L3_S51_F4260,3,51,L3_S51,F,4260
test_numeric,test,numeric,L3_S51_F4262,3,51,L3_S51,F,4262
test_categorical,test,categorical,L0_S1_F25,0,1,L0_S1,F,25
test_categorical,test,categorical,L0_S1_F27,0,1,L0_S1,F,27
test_categorical,test,categorical,L0_S1_F29,0,1,L0_S1,F,29
test_categorical,test,categorical,L0_S1_F31,0,1,L0_S1,F,31
test_categorical,test,categorical,L0_S2_F33,0,2,L0_S2,F,33
test_categorical,test,categorical,L0_S2_F35,0,2,L0_S2,F,35
test_categorical,test,categorical,L0_S2_F37,0,2,L0_S2,F,37
test_categorical,test,categorical,L0_S2_F39,0,2,L0_S2,F,39
test_categorical,test,categorical,L0_S2_F41,0,2,L0_S2,F,41
test_categorical,test,categorical,L0_S2_F43,0,2,L0_S2,F,43
test_categorical,test,categorical,L0_S2_F45,0,2,L0_S2,F,45
test_categorical,test,categorical,L0_S2_F47,0,2,L0_S2,F,47
test_categorical,test,categorical,L0_S2_F49,0,2,L0_S2,F,49
test_categorical,test,categorical,L0_S2_F51,0,2,L0_S2,F,51
test_categorical,test,categorical,L0_S2_F53,0,2,L0_S2,F,53
test_categorical,test,categorical,L0_S2_F55,0,2,L0_S2,F,55
test_categorical,test,categorical,L0_S2_F57,0,2,L0_S2,F,57
test_categorical,test,categorical,L0_S2_F59,0,2,L0_S2,F,59
test_categorical,test,categorical,L0_S2_F61,0,2,L0_S2,F,61
test_categorical,test,categorical,L0_S2_F63,0,2,L0_S2,F,63
test_categorical,test,categorical,L0_S2_F65,0,2,L0_S2,F,65
test_categorical,test,categorical,L0_S2_F67,0,2,L0_S2,F,67
test_categorical,test,categorical,L0_S3_F69,0,3,L0_S3,F,69
test_categorical,test,categorical,L0_S3_F71,0,3,L0_S3,F,71
test_categorical,test,categorical,L0_S3_F73,0,3,L0_S3,F,73
test_categorical,test,categorical,L0_S3_F75,0,3,L0_S3,F,75
test_categorical,test,categorical,L0_S3_F77,0,3,L0_S3,F,77
test_categorical,test,categorical,L0_S3_F79,0,3,L0_S3,F,79
test_categorical,test,categorical,L0_S3_F81,0,3,L0_S3,F,81
test_categorical,test,categorical,L0_S3_F83,0,3,L0_S3,F,83
test_categorical,test,categorical,L0_S3_F85,0,3,L0_S3,F,85
test_categorical,test,categorical,L0_S3_F87,0,3,L0_S3,F,87
test_categorical,test,categorical,L0_S3_F89,0,3,L0_S3,F,89
test_categorical,test,categorical,L0_S3_F91,0,3,L0_S3,F,91
test_categorical,test,categorical,L0_S3_F93,0,3,L0_S3,F,93
test_categorical,test,categorical,L0_S3_F95,0,3,L0_S3,F,95
test_categorical,test,categorical,L0_S3_F97,0,3,L0_S3,F,97
test_categorical,test,categorical,L0_S3_F99,0,3,L0_S3,F,99
test_categorical,test,categorical,L0_S3_F101,0,3,L0_S3,F,101
test_categorical,test,categorical,L0_S3_F103,0,3,L0_S3,F,103
test_categorical,test,categorical,L0_S4_F105,0,4,L0_S4,F,105
test_categorical,test,categorical,L0_S4_F107,0,4,L0_S4,F,107
test_categorical,test,categorical,L0_S4_F108,0,4,L0_S4,F,108
test_categorical,test,categorical,L0_S4_F110,0,4,L0_S4,F,110
test_categorical,test,categorical,L0_S4_F112,0,4,L0_S4,F,112
test_categorical,test,categorical,L0_S4_F113,0,4,L0_S4,F,113
test_categorical,test,categorical,L0_S6_F119,0,6,L0_S6,F,119
test_categorical,test,categorical,L0_S6_F121,0,6,L0_S6,F,121
test_categorical,test,categorical,L0_S6_F123,0,6,L0_S6,F,123
test_categorical,test,categorical,L0_S6_F125,0,6,L0_S6,F,125
test_categorical,test,categorical,L0_S6_F126,0,6,L0_S6,F,126
test_categorical,test,categorical,L0_S6_F128,0,6,L0_S6,F,128
test_categorical,test,categorical,L0_S6_F129,0,6,L0_S6,F,129
test_categorical,test,categorical,L0_S6_F131,0,6,L0_S6,F,131
test_categorical,test,categorical,L0_S6_F133,0,6,L0_S6,F,133
test_categorical,test,categorical,L0_S6_F135,0,6,L0_S6,F,135
test_categorical,test,categorical,L0_S9_F151,0,9,L0_S9,F,151
test_categorical,test,categorical,L0_S9_F153,0,9,L0_S9,F,153
test_categorical,test,categorical,L0_S9_F154,0,9,L0_S9,F,154
test_categorical,test,categorical,L0_S9_F156,0,9,L0_S9,F,156
test_categorical,test,categorical,L0_S9_F158,0,9,L0_S9,F,158
test_categorical,test,categorical,L0_S9_F159,0,9,L0_S9,F,159
test_categorical,test,categorical,L0_S9_F161,0,9,L0_S9,F,161
test_categorical,test,categorical,L0_S9_F163,0,9,L0_S9,F,163
test_categorical,test,categorical,L0_S9_F164,0,9,L0_S9,F,164
test_categorical,test,categorical,L0_S9_F166,0,9,L0_S9,F,166
test_categorical,test,categorical,L0_S9_F168,0,9,L0_S9,F,168
test_categorical,test,categorical,L0_S9_F169,0,9,L0_S9,F,169
test_categorical,test,categorical,L0_S9_F171,0,9,L0_S9,F,171
test_categorical,test,categorical,L0_S9_F173,0,9,L0_S9,F,173
test_categorical,test,categorical,L0_S9_F174,0,9,L0_S9,F,174
test_categorical,test,categorical,L0_S9_F176,0,9,L0_S9,F,176
test_categorical,test,categorical,L0_S9_F178,0,9,L0_S9,F,178
test_categorical,test,categorical,L0_S9_F179,0,9,L0_S9,F,179
test_categorical,test,categorical,L0_S9_F181,0,9,L0_S9,F,181
test_categorical,test,categorical,L0_S9_F183,0,9,L0_S9,F,183
test_categorical,test,categorical,L0_S9_F184,0,9,L0_S9,F,184
test_categorical,test,categorical,L0_S9_F186,0,9,L0_S9,F,186
test_categorical,test,categorical,L0_S9_F188,0,9,L0_S9,F,188
test_categorical,test,categorical,L0_S9_F189,0,9,L0_S9,F,189
test_categorical,test,categorical,L0_S9_F191,0,9,L0_S9,F,191
test_categorical,test,categorical,L0_S9_F193,0,9,L0_S9,F,193
test_categorical,test,categorical,L0_S9_F194,0,9,L0_S9,F,194
test_categorical,test,categorical,L0_S9_F196,0,9,L0_S9,F,196
test_categorical,test,categorical,L0_S9_F198,0,9,L0_S9,F,198
test_categorical,test,categorical,L0_S9_F199,0,9,L0_S9,F,199
test_categorical,test,categorical,L0_S9_F201,0,9,L0_S9,F,201
test_categorical,test,categorical,L0_S9_F203,0,9,L0_S9,F,203
test_categorical,test,categorical,L0_S9_F204,0,9,L0_S9,F,204
test_categorical,test,categorical,L0_S9_F206,0,9,L0_S9,F,206
test_categorical,test,categorical,L0_S9_F208,0,9,L0_S9,F,208
test_categorical,test,categorical,L0_S9_F209,0,9,L0_S9,F,209
test_categorical,test,categorical,L0_S9_F211,0,9,L0_S9,F,211
test_categorical,test,categorical,L0_S9_F213,0,9,L0_S9,F,213
test_categorical,test,categorical,L0_S9_F214,0,9,L0_S9,F,214
test_categorical,test,categorical,L0_S10_F215,0,10,L0_S10,F,215
test_categorical,test,categorical,L0_S10_F217,0,10,L0_S10,F,217
test_categorical,test,categorical,L0_S10_F218,0,10,L0_S10,F,218
test_categorical,test,categorical,L0_S10_F220,0,10,L0_S10,F,220
test_categorical,test,categorical,L0_S10_F222,0,10,L0_S10,F,222
test_categorical,test,categorical,L0_S10_F223,0,10,L0_S10,F,223
test_categorical,test,categorical,L0_S10_F225,0,10,L0_S10,F,225
test_categorical,test,categorical,L0_S10_F227,0,10,L0_S10,F,227
test_categorical,test,categorical,L0_S10_F228,0,10,L0_S10,F,228
test_categorical,test,categorical,L0_S10_F230,0,10,L0_S10,F,230
test_categorical,test,categorical,L0_S10_F232,0,10,L0_S10,F,232
test_categorical,test,categorical,L0_S10_F233,0,10,L0_S10,F,233
test_categorical,test,categorical,L0_S10_F235,0,10,L0_S10,F,235
test_categorical,test,categorical,L0_S10_F237,0,10,L0_S10,F,237
test_categorical,test,categorical,L0_S10_F238,0,10,L0_S10,F,238
test_categorical,test,categorical,L0_S10_F240,0,10,L0_S10,F,240
test_categorical,test,categorical,L0_S10_F242,0,10,L0_S10,F,242
test_categorical,test,categorical,L0_S10_F243,0,10,L0_S10,F,243
test_categorical,test,categorical,L0_S10_F245,0,10,L0_S10,F,245
test_categorical,test,categorical,L0_S10_F247,0,10,L0_S10,F,247
test_categorical,test,categorical,L0_S10_F248,0,10,L0_S10,F,248
test_categorical,test,categorical,L0_S10_F250,0,10,L0_S10,F,250
test_categorical,test,categorical,L0_S10_F252,0,10,L0_S10,F,252
test_categorical,test,categorical,L0_S10_F253,0,10,L0_S10,F,253
test_categorical,test,categorical,L0_S10_F255,0,10,L0_S10,F,255
test_categorical,test,categorical,L0_S10_F257,0,10,L0_S10,F,257
test_categorical,test,categorical,L0_S10_F258,0,10,L0_S10,F,258
test_categorical,test,categorical,L0_S10_F260,0,10,L0_S10,F,260
test_categorical,test,categorical,L0_S10_F262,0,10,L0_S10,F,262
test_categorical,test,categorical,L0_S10_F263,0,10,L0_S10,F,263
test_categorical,test,categorical,L0_S10_F265,0,10,L0_S10,F,265
test_categorical,test,categorical,L0_S10_F267,0,10,L0_S10,F,267
test_categorical,test,categorical,L0_S10_F268,0,10,L0_S10,F,268
test_categorical,test,categorical,L0_S10_F270,0,10,L0_S10,F,270
test_categorical,test,categorical,L0_S10_F272,0,10,L0_S10,F,272
test_categorical,test,categorical,L0_S10_F273,0,10,L0_S10,F,273
test_categorical,test,categorical,L0_S10_F275,0,10,L0_S10,F,275
test_categorical,test,categorical,L0_S10_F277,0,10,L0_S10,F,277
test_categorical,test,categorical,L0_S10_F278,0,10,L0_S10,F,278
test_categorical,test,categorical,L0_S11_F279,0,11,L0_S11,F,279
test_categorical,test,categorical,L0_S11_F281,0,11,L0_S11,F,281
test_categorical,test,categorical,L0_S11_F283,0,11,L0_S11,F,283
test_categorical,test,categorical,L0_S11_F285,0,11,L0_S11,F,285
test_categorical,test,categorical,L0_S11_F287,0,11,L0_S11,F,287
test_categorical,test,categorical,L0_S11_F289,0,11,L0_S11,F,289
test_categorical,test,categorical,L0_S11_F291,0,11,L0_S11,F,291
test_categorical,test,categorical,L0_S11_F293,0,11,L0_S11,F,293
test_categorical,test,categorical,L0_S11_F295,0,11,L0_S11,F,295
test_categorical,test,categorical,L0_S11_F297,0,11,L0_S11,F,297
test_categorical,test,categorical,L0_S11_F299,0,11,L0_S11,F,299
test_categorical,test,categorical,L0_S11_F301,0,11,L0_S11,F,301
test_categorical,test,categorical,L0_S11_F303,0,11,L0_S11,F,303
test_categorical,test,categorical,L0_S11_F305,0,11,L0_S11,F,305
test_categorical,test,categorical,L0_S11_F307,0,11,L0_S11,F,307
test_categorical,test,categorical,L0_S11_F309,0,11,L0_S11,F,309
test_categorical,test,categorical,L0_S11_F311,0,11,L0_S11,F,311
test_categorical,test,categorical,L0_S11_F313,0,11,L0_S11,F,313
test_categorical,test,categorical,L0_S11_F315,0,11,L0_S11,F,315
test_categorical,test,categorical,L0_S11_F317,0,11,L0_S11,F,317
test_categorical,test,categorical,L0_S11_F319,0,11,L0_S11,F,319
test_categorical,test,categorical,L0_S11_F321,0,11,L0_S11,F,321
test_categorical,test,categorical,L0_S11_F323,0,11,L0_S11,F,323
test_categorical,test,categorical,L0_S11_F325,0,11,L0_S11,F,325
test_categorical,test,categorical,L0_S11_F327,0,11,L0_S11,F,327
test_categorical,test,categorical,L0_S11_F329,0,11,L0_S11,F,329
test_categorical,test,categorical,L0_S14_F359,0,14,L0_S14,F,359
test_categorical,test,categorical,L0_S14_F361,0,14,L0_S14,F,361
test_categorical,test,categorical,L0_S14_F363,0,14,L0_S14,F,363
test_categorical,test,categorical,L0_S14_F365,0,14,L0_S14,F,365
test_categorical,test,categorical,L0_S14_F367,0,14,L0_S14,F,367
test_categorical,test,categorical,L0_S14_F369,0,14,L0_S14,F,369
test_categorical,test,categorical,L0_S14_F371,0,14,L0_S14,F,371
test_categorical,test,categorical,L0_S14_F373,0,14,L0_S14,F,373
test_categorical,test,categorical,L0_S14_F375,0,14,L0_S14,F,375
test_categorical,test,categorical,L0_S14_F377,0,14,L0_S14,F,377
test_categorical,test,categorical,L0_S14_F379,0,14,L0_S14,F,379
test_categorical,test,categorical,L0_S14_F381,0,14,L0_S14,F,381
test_categorical,test,categorical,L0_S14_F383,0,14,L0_S14,F,383
test_categorical,test,categorical,L0_S14_F385,0,14,L0_S14,F,385
test_categorical,test,categorical,L0_S14_F387,0,14,L0_S14,F,387
test_categorical,test,categorical,L0_S14_F389,0,14,L0_S14,F,389
test_categorical,test,categorical,L0_S14_F391,0,14,L0_S14,F,391
test_categorical,test,categorical,L0_S14_F393,0,14,L0_S14,F,393
test_categorical,test,categorical,L0_S15_F396,0,15,L0_S15,F,396
test_categorical,test,categorical,L0_S15_F399,0,15,L0_S15,F,399
test_categorical,test,categorical,L0_S15_F402,0,15,L0_S15,F,402
test_categorical,test,categorical,L0_S15_F405,0,15,L0_S15,F,405
test_categorical,test,categorical,L0_S15_F408,0,15,L0_S15,F,408
test_categorical,test,categorical,L0_S15_F411,0,15,L0_S15,F,411
test_categorical,test,categorical,L0_S15_F414,0,15,L0_S15,F,414
test_categorical,test,categorical,L0_S15_F417,0,15,L0_S15,F,417
test_categorical,test,categorical,L0_S15_F420,0,15,L0_S15,F,420
test_categorical,test,categorical,L0_S16_F422,0,16,L0_S16,F,422
test_categorical,test,categorical,L0_S16_F424,0,16,L0_S16,F,424
test_categorical,test,categorical,L0_S16_F425,0,16,L0_S16,F,425
test_categorical,test,categorical,L0_S16_F427,0,16,L0_S16,F,427
test_categorical,test,categorical,L0_S16_F429,0,16,L0_S16,F,429
test_categorical,test,categorical,L0_S16_F430,0,16,L0_S16,F,430
test_categorical,test,categorical,L0_S18_F436,0,18,L0_S18,F,436
test_categorical,test,categorical,L0_S18_F438,0,18,L0_S18,F,438
test_categorical,test,categorical,L0_S18_F440,0,18,L0_S18,F,440
test_categorical,test,categorical,L0_S18_F442,0,18,L0_S18,F,442
test_categorical,test,categorical,L0_S18_F443,0,18,L0_S18,F,443
test_categorical,test,categorical,L0_S18_F445,0,18,L0_S18,F,445
test_categorical,test,categorical,L0_S18_F446,0,18,L0_S18,F,446
test_categorical,test,categorical,L0_S18_F448,0,18,L0_S18,F,448
test_categorical,test,categorical,L0_S18_F450,0,18,L0_S18,F,450
test_categorical,test,categorical,L0_S18_F452,0,18,L0_S18,F,452
test_categorical,test,categorical,L0_S21_F468,0,21,L0_S21,F,468
test_categorical,test,categorical,L0_S21_F470,0,21,L0_S21,F,470
test_categorical,test,categorical,L0_S21_F471,0,21,L0_S21,F,471
test_categorical,test,categorical,L0_S21_F473,0,21,L0_S21,F,473
test_categorical,test,categorical,L0_S21_F475,0,21,L0_S21,F,475
test_categorical,test,categorical,L0_S21_F476,0,21,L0_S21,F,476
test_categorical,test,categorical,L0_S21_F478,0,21,L0_S21,F,478
test_categorical,test,categorical,L0_S21_F480,0,21,L0_S21,F,480
test_categorical,test,categorical,L0_S21_F481,0,21,L0_S21,F,481
test_categorical,test,categorical,L0_S21_F483,0,21,L0_S21,F,483
test_categorical,test,categorical,L0_S21_F485,0,21,L0_S21,F,485
test_categorical,test,categorical,L0_S21_F486,0,21,L0_S21,F,486
test_categorical,test,categorical,L0_S21_F488,0,21,L0_S21,F,488
test_categorical,test,categorical,L0_S21_F490,0,21,L0_S21,F,490
test_categorical,test,categorical,L0_S21_F491,0,21,L0_S21,F,491
test_categorical,test,categorical,L0_S21_F493,0,21,L0_S21,F,493
test_categorical,test,categorical,L0_S21_F495,0,21,L0_S21,F,495
test_categorical,test,categorical,L0_S21_F496,0,21,L0_S21,F,496
test_categorical,test,categorical,L0_S21_F498,0,21,L0_S21,F,498
test_categorical,test,categorical,L0_S21_F500,0,21,L0_S21,F,500
test_categorical,test,categorical,L0_S21_F501,0,21,L0_S21,F,501
test_categorical,test,categorical,L0_S21_F503,0,21,L0_S21,F,503
test_categorical,test,categorical,L0_S21_F505,0,21,L0_S21,F,505
test_categorical,test,categorical,L0_S21_F506,0,21,L0_S21,F,506
test_categorical,test,categorical,L0_S21_F508,0,21,L0_S21,F,508
test_categorical,test,categorical,L0_S21_F510,0,21,L0_S21,F,510
test_categorical,test,categorical,L0_S21_F511,0,21,L0_S21,F,511
test_categorical,test,categorical,L0_S21_F513,0,21,L0_S21,F,513
test_categorical,test,categorical,L0_S21_F515,0,21,L0_S21,F,515
test_categorical,test,categorical,L0_S21_F516,0,21,L0_S21,F,516
test_categorical,test,categorical,L0_S21_F518,0,21,L0_S21,F,518
test_categorical,test,categorical,L0_S21_F520,0,21,L0_S21,F,520
test_categorical,test,categorical,L0_S21_F521,0,21,L0_S21,F,521
test_categorical,test,categorical,L0_S21_F523,0,21,L0_S21,F,523
test_categorical,test,categorical,L0_S21_F525,0,21,L0_S21,F,525
test_categorical,test,categorical,L0_S21_F526,0,21,L0_S21,F,526
test_categorical,test,categorical,L0_S21_F528,0,21,L0_S21,F,528
test_categorical,test,categorical,L0_S21_F530,0,21,L0_S21,F,530
test_categorical,test,categorical,L0_S21_F531,0,21,L0_S21,F,531
test_categorical,test,categorical,L0_S21_F533,0,21,L0_S21,F,533
test_categorical,test,categorical,L0_S21_F535,0,21,L0_S21,F,535
test_categorical,test,categorical,L0_S21_F536,0,21,L0_S21,F,536
test_categorical,test,categorical,L0_S21_F538,0,21,L0_S21,F,538
test_categorical,test,categorical,L0_S21_F540,0,21,L0_S21,F,540
test_categorical,test,categorical,L0_S21_F541,0,21,L0_S21,F,541
test_categorical,test,categorical,L0_S22_F542,0,22,L0_S22,F,542
test_categorical,test,categorical,L0_S22_F544,0,22,L0_S22,F,544
test_categorical,test,categorical,L0_S22_F545,0,22,L0_S22,F,545
test_categorical,test,categorical,L0_S22_F547,0,22,L0_S22,F,547
test_categorical,test,categorical,L0_S22_F549,0,22,L0_S22,F,549
test_categorical,test,categorical,L0_S22_F550,0,22,L0_S22,F,550
test_categorical,test,categorical,L0_S22_F552,0,22,L0_S22,F,552
test_categorical,test,categorical,L0_S22_F554,0,22,L0_S22,F,554
test_categorical,test,categorical,L0_S22_F555,0,22,L0_S22,F,555
test_categorical,test,categorical,L0_S22_F557,0,22,L0_S22,F,557
test_categorical,test,categorical,L0_S22_F559,0,22,L0_S22,F,559
test_categorical,test,categorical,L0_S22_F560,0,22,L0_S22,F,560
test_categorical,test,categorical,L0_S22_F562,0,22,L0_S22,F,562
test_categorical,test,categorical,L0_S22_F564,0,22,L0_S22,F,564
test_categorical,test,categorical,L0_S22_F565,0,22,L0_S22,F,565
test_categorical,test,categorical,L0_S22_F567,0,22,L0_S22,F,567
test_categorical,test,categorical,L0_S22_F569,0,22,L0_S22,F,569
test_categorical,test,categorical,L0_S22_F570,0,22,L0_S22,F,570
test_categorical,test,categorical,L0_S22_F572,0,22,L0_S22,F,572
test_categorical,test,categorical,L0_S22_F574,0,22,L0_S22,F,574
test_categorical,test,categorical,L0_S22_F575,0,22,L0_S22,F,575
test_categorical,test,categorical,L0_S22_F577,0,22,L0_S22,F,577
test_categorical,test,categorical,L0_S22_F579,0,22,L0_S22,F,579
test_categorical,test,categorical,L0_S22_F580,0,22,L0_S22,F,580
test_categorical,test,categorical,L0_S22_F582,0,22,L0_S22,F,582
test_categorical,test,categorical,L0_S22_F584,0,22,L0_S22,F,584
test_categorical,test,categorical,L0_S22_F585,0,22,L0_S22,F,585
test_categorical,test,categorical,L0_S22_F587,0,22,L0_S22,F,587
test_categorical,test,categorical,L0_S22_F589,0,22,L0_S22,F,589
test_categorical,test,categorical,L0_S22_F590,0,22,L0_S22,F,590
test_categorical,test,categorical,L0_S22_F592,0,22,L0_S22,F,592
test_categorical,test,categorical,L0_S22_F594,0,22,L0_S22,F,594
test_categorical,test,categorical,L0_S22_F595,0,22,L0_S22,F,595
test_categorical,test,categorical,L0_S22_F597,0,22,L0_S22,F,597
test_categorical,test,categorical,L0_S22_F599,0,22,L0_S22,F,599
test_categorical,test,categorical,L0_S22_F600,0,22,L0_S22,F,600
test_categorical,test,categorical,L0_S22_F602,0,22,L0_S22,F,602
test_categorical,test,categorical,L0_S22_F604,0,22,L0_S22,F,604
test_categorical,test,categorical,L0_S22_F605,0,22,L0_S22,F,605
test_categorical,test,categorical,L0_S22_F607,0,22,L0_S22,F,607
test_categorical,test,categorical,L0_S22_F609,0,22,L0_S22,F,609
test_categorical,test,categorical,L0_S22_F610,0,22,L0_S22,F,610
test_categorical,test,categorical,L0_S22_F612,0,22,L0_S22,F,612
test_categorical,test,categorical,L0_S22_F614,0,22,L0_S22,F,614
test_categorical,test,categorical,L0_S22_F615,0,22,L0_S22,F,615
test_categorical,test,categorical,L0_S23_F616,0,23,L0_S23,F,616
test_categorical,test,categorical,L0_S23_F618,0,23,L0_S23,F,618
test_categorical,test,categorical,L0_S23_F620,0,23,L0_S23,F,620
test_categorical,test,categorical,L0_S23_F622,0,23,L0_S23,F,622
test_categorical,test,categorical,L0_S23_F624,0,23,L0_S23,F,624
test_categorical,test,categorical,L0_S23_F626,0,23,L0_S23,F,626
test_categorical,test,categorical,L0_S23_F628,0,23,L0_S23,F,628
test_categorical,test,categorical,L0_S23_F630,0,23,L0_S23,F,630
test_categorical,test,categorical,L0_S23_F632,0,23,L0_S23,F,632
test_categorical,test,categorical,L0_S23_F634,0,23,L0_S23,F,634
test_categorical,test,categorical,L0_S23_F636,0,23,L0_S23,F,636
test_categorical,test,categorical,L0_S23_F638,0,23,L0_S23,F,638
test_categorical,test,categorical,L0_S23_F640,0,23,L0_S23,F,640
test_categorical,test,categorical,L0_S23_F642,0,23,L0_S23,F,642
test_categorical,test,categorical,L0_S23_F644,0,23,L0_S23,F,644
test_categorical,test,categorical,L0_S23_F646,0,23,L0_S23,F,646
test_categorical,test,categorical,L0_S23_F648,0,23,L0_S23,F,648
test_categorical,test,categorical,L0_S23_F650,0,23,L0_S23,F,650
test_categorical,test,categorical,L0_S23_F652,0,23,L0_S23,F,652
test_categorical,test,categorical,L0_S23_F654,0,23,L0_S23,F,654
test_categorical,test,categorical,L0_S23_F656,0,23,L0_S23,F,656
test_categorical,test,categorical,L0_S23_F658,0,23,L0_S23,F,658
test_categorical,test,categorical,L0_S23_F660,0,23,L0_S23,F,660
test_categorical,test,categorical,L0_S23_F662,0,23,L0_S23,F,662
test_categorical,test,categorical,L0_S23_F664,0,23,L0_S23,F,664
test_categorical,test,categorical,L0_S23_F666,0,23,L0_S23,F,666
test_categorical,test,categorical,L0_S23_F668,0,23,L0_S23,F,668
test_categorical,test,categorical,L0_S23_F670,0,23,L0_S23,F,670
test_categorical,test,categorical,L0_S23_F672,0,23,L0_S23,F,672
test_categorical,test,categorical,L0_S23_F674,0,23,L0_S23,F,674
test_categorical,test,categorical,L1_S24_F675,1,24,L1_S24,F,675
test_categorical,test,categorical,L1_S24_F676,1,24,L1_S24,F,676
test_categorical,test,categorical,L1_S24_F678,1,24,L1_S24,F,678
test_categorical,test,categorical,L1_S24_F680,1,24,L1_S24,F,680
test_categorical,test,categorical,L1_S24_F682,1,24,L1_S24,F,682
test_categorical,test,categorical,L1_S24_F684,1,24,L1_S24,F,684
test_categorical,test,categorical,L1_S24_F686,1,24,L1_S24,F,686
test_categorical,test,categorical,L1_S24_F688,1,24,L1_S24,F,688
test_categorical,test,categorical,L1_S24_F690,1,24,L1_S24,F,690
test_categorical,test,categorical,L1_S24_F692,1,24,L1_S24,F,692
test_categorical,test,categorical,L1_S24_F694,1,24,L1_S24,F,694
test_categorical,test,categorical,L1_S24_F695,1,24,L1_S24,F,695
test_categorical,test,categorical,L1_S24_F696,1,24,L1_S24,F,696
test_categorical,test,categorical,L1_S24_F698,1,24,L1_S24,F,698
test_categorical,test,categorical,L1_S24_F699,1,24,L1_S24,F,699
test_categorical,test,categorical,L1_S24_F701,1,24,L1_S24,F,701
test_categorical,test,categorical,L1_S24_F703,1,24,L1_S24,F,703
test_categorical,test,categorical,L1_S24_F704,1,24,L1_S24,F,704
test_categorical,test,categorical,L1_S24_F705,1,24,L1_S24,F,705
test_categorical,test,categorical,L1_S24_F706,1,24,L1_S24,F,706
test_categorical,test,categorical,L1_S24_F708,1,24,L1_S24,F,708
test_categorical,test,categorical,L1_S24_F709,1,24,L1_S24,F,709
test_categorical,test,categorical,L1_S24_F710,1,24,L1_S24,F,710
test_categorical,test,categorical,L1_S24_F711,1,24,L1_S24,F,711
test_categorical,test,categorical,L1_S24_F713,1,24,L1_S24,F,713
test_categorical,test,categorical,L1_S24_F714,1,24,L1_S24,F,714
test_categorical,test,categorical,L1_S24_F715,1,24,L1_S24,F,715
test_categorical,test,categorical,L1_S24_F717,1,24,L1_S24,F,717
test_categorical,test,categorical,L1_S24_F718,1,24,L1_S24,F,718
test_categorical,test,categorical,L1_S24_F720,1,24,L1_S24,F,720
test_categorical,test,categorical,L1_S24_F722,1,24,L1_S24,F,722
test_categorical,test,categorical,L1_S24_F723,1,24,L1_S24,F,723
test_categorical,test,categorical,L1_S24_F724,1,24,L1_S24,F,724
test_categorical,test,categorical,L1_S24_F726,1,24,L1_S24,F,726
test_categorical,test,categorical,L1_S24_F727,1,24,L1_S24,F,727
test_categorical,test,categorical,L1_S24_F729,1,24,L1_S24,F,729
test_categorical,test,categorical,L1_S24_F731,1,24,L1_S24,F,731
test_categorical,test,categorical,L1_S24_F732,1,24,L1_S24,F,732
test_categorical,test,categorical,L1_S24_F734,1,24,L1_S24,F,734
test_categorical,test,categorical,L1_S24_F736,1,24,L1_S24,F,736
test_categorical,test,categorical,L1_S24_F737,1,24,L1_S24,F,737
test_categorical,test,categorical,L1_S24_F738,1,24,L1_S24,F,738
test_categorical,test,categorical,L1_S24_F740,1,24,L1_S24,F,740
test_categorical,test,categorical,L1_S24_F741,1,24,L1_S24,F,741
test_categorical,test,categorical,L1_S24_F742,1,24,L1_S24,F,742
test_categorical,test,categorical,L1_S24_F744,1,24,L1_S24,F,744
test_categorical,test,categorical,L1_S24_F745,1,24,L1_S24,F,745
test_categorical,test,categorical,L1_S24_F747,1,24,L1_S24,F,747
test_categorical,test,categorical,L1_S24_F749,1,24,L1_S24,F,749
test_categorical,test,categorical,L1_S24_F750,1,24,L1_S24,F,750
test_categorical,test,categorical,L1_S24_F752,1,24,L1_S24,F,752
test_categorical,test,categorical,L1_S24_F754,1,24,L1_S24,F,754
test_categorical,test,categorical,L1_S24_F755,1,24,L1_S24,F,755
test_categorical,test,categorical,L1_S24_F757,1,24,L1_S24,F,757
test_categorical,test,categorical,L1_S24_F759,1,24,L1_S24,F,759
test_categorical,test,categorical,L1_S24_F760,1,24,L1_S24,F,760
test_categorical,test,categorical,L1_S24_F762,1,24,L1_S24,F,762
test_categorical,test,categorical,L1_S24_F764,1,24,L1_S24,F,764
test_categorical,test,categorical,L1_S24_F765,1,24,L1_S24,F,765
test_categorical,test,categorical,L1_S24_F767,1,24,L1_S24,F,767
test_categorical,test,categorical,L1_S24_F769,1,24,L1_S24,F,769
test_categorical,test,categorical,L1_S24_F770,1,24,L1_S24,F,770
test_categorical,test,categorical,L1_S24_F771,1,24,L1_S24,F,771
test_categorical,test,categorical,L1_S24_F773,1,24,L1_S24,F,773
test_categorical,test,categorical,L1_S24_F774,1,24,L1_S24,F,774
test_categorical,test,categorical,L1_S24_F776,1,24,L1_S24,F,776
test_categorical,test,categorical,L1_S24_F778,1,24,L1_S24,F,778
test_categorical,test,categorical,L1_S24_F779,1,24,L1_S24,F,779
test_categorical,test,categorical,L1_S24_F781,1,24,L1_S24,F,781
test_categorical,test,categorical,L1_S24_F783,1,24,L1_S24,F,783
test_categorical,test,categorical,L1_S24_F784,1,24,L1_S24,F,784
test_categorical,test,categorical,L1_S24_F786,1,24,L1_S24,F,786
test_categorical,test,categorical,L1_S24_F788,1,24,L1_S24,F,788
test_categorical,test,categorical,L1_S24_F789,1,24,L1_S24,F,789
test_categorical,test,categorical,L1_S24_F791,1,24,L1_S24,F,791
test_categorical,test,categorical,L1_S24_F793,1,24,L1_S24,F,793
test_categorical,test,categorical,L1_S24_F794,1,24,L1_S24,F,794
test_categorical,test,categorical,L1_S24_F796,1,24,L1_S24,F,796
test_categorical,test,categorical,L1_S24_F798,1,24,L1_S24,F,798
test_categorical,test,categorical,L1_S24_F799,1,24,L1_S24,F,799
test_categorical,test,categorical,L1_S24_F803,1,24,L1_S24,F,803
test_categorical,test,categorical,L1_S24_F805,1,24,L1_S24,F,805
test_categorical,test,categorical,L1_S24_F817,1,24,L1_S24,F,817
test_categorical,test,categorical,L1_S24_F819,1,24,L1_S24,F,819
test_categorical,test,categorical,L1_S24_F820,1,24,L1_S24,F,820
test_categorical,test,categorical,L1_S24_F821,1,24,L1_S24,F,821
test_categorical,test,categorical,L1_S24_F823,1,24,L1_S24,F,823
test_categorical,test,categorical,L1_S24_F824,1,24,L1_S24,F,824
test_categorical,test,categorical,L1_S24_F825,1,24,L1_S24,F,825
test_categorical,test,categorical,L1_S24_F827,1,24,L1_S24,F,827
test_categorical,test,categorical,L1_S24_F828,1,24,L1_S24,F,828
test_categorical,test,categorical,L1_S24_F830,1,24,L1_S24,F,830
test_categorical,test,categorical,L1_S24_F832,1,24,L1_S24,F,832
test_categorical,test,categorical,L1_S24_F833,1,24,L1_S24,F,833
test_categorical,test,categorical,L1_S24_F835,1,24,L1_S24,F,835
test_categorical,test,categorical,L1_S24_F837,1,24,L1_S24,F,837
test_categorical,test,categorical,L1_S24_F838,1,24,L1_S24,F,838
test_categorical,test,categorical,L1_S24_F840,1,24,L1_S24,F,840
test_categorical,test,categorical,L1_S24_F842,1,24,L1_S24,F,842
test_categorical,test,categorical,L1_S24_F843,1,24,L1_S24,F,843
test_categorical,test,categorical,L1_S24_F845,1,24,L1_S24,F,845
test_categorical,test,categorical,L1_S24_F847,1,24,L1_S24,F,847
test_categorical,test,categorical,L1_S24_F848,1,24,L1_S24,F,848
test_categorical,test,categorical,L1_S24_F849,1,24,L1_S24,F,849
test_categorical,test,categorical,L1_S24_F851,1,24,L1_S24,F,851
test_categorical,test,categorical,L1_S24_F852,1,24,L1_S24,F,852
test_categorical,test,categorical,L1_S24_F853,1,24,L1_S24,F,853
test_categorical,test,categorical,L1_S24_F855,1,24,L1_S24,F,855
test_categorical,test,categorical,L1_S24_F856,1,24,L1_S24,F,856
test_categorical,test,categorical,L1_S24_F858,1,24,L1_S24,F,858
test_categorical,test,categorical,L1_S24_F860,1,24,L1_S24,F,860
test_categorical,test,categorical,L1_S24_F861,1,24,L1_S24,F,861
test_categorical,test,categorical,L1_S24_F863,1,24,L1_S24,F,863
test_categorical,test,categorical,L1_S24_F865,1,24,L1_S24,F,865
test_categorical,test,categorical,L1_S24_F866,1,24,L1_S24,F,866
test_categorical,test,categorical,L1_S24_F868,1,24,L1_S24,F,868
test_categorical,test,categorical,L1_S24_F870,1,24,L1_S24,F,870
test_categorical,test,categorical,L1_S24_F871,1,24,L1_S24,F,871
test_categorical,test,categorical,L1_S24_F873,1,24,L1_S24,F,873
test_categorical,test,categorical,L1_S24_F875,1,24,L1_S24,F,875
test_categorical,test,categorical,L1_S24_F876,1,24,L1_S24,F,876
test_categorical,test,categorical,L1_S24_F878,1,24,L1_S24,F,878
test_categorical,test,categorical,L1_S24_F880,1,24,L1_S24,F,880
test_categorical,test,categorical,L1_S24_F881,1,24,L1_S24,F,881
test_categorical,test,categorical,L1_S24_F883,1,24,L1_S24,F,883
test_categorical,test,categorical,L1_S24_F885,1,24,L1_S24,F,885
test_categorical,test,categorical,L1_S24_F886,1,24,L1_S24,F,886
test_categorical,test,categorical,L1_S24_F888,1,24,L1_S24,F,888
test_categorical,test,categorical,L1_S24_F890,1,24,L1_S24,F,890
test_categorical,test,categorical,L1_S24_F891,1,24,L1_S24,F,891
test_categorical,test,categorical,L1_S24_F893,1,24,L1_S24,F,893
test_categorical,test,categorical,L1_S24_F895,1,24,L1_S24,F,895
test_categorical,test,categorical,L1_S24_F896,1,24,L1_S24,F,896
test_categorical,test,categorical,L1_S24_F898,1,24,L1_S24,F,898
test_categorical,test,categorical,L1_S24_F900,1,24,L1_S24,F,900
test_categorical,test,categorical,L1_S24_F901,1,24,L1_S24,F,901
test_categorical,test,categorical,L1_S24_F903,1,24,L1_S24,F,903
test_categorical,test,categorical,L1_S24_F905,1,24,L1_S24,F,905
test_categorical,test,categorical,L1_S24_F906,1,24,L1_S24,F,906
test_categorical,test,categorical,L1_S24_F908,1,24,L1_S24,F,908
test_categorical,test,categorical,L1_S24_F910,1,24,L1_S24,F,910
test_categorical,test,categorical,L1_S24_F911,1,24,L1_S24,F,911
test_categorical,test,categorical,L1_S24_F912,1,24,L1_S24,F,912
test_categorical,test,categorical,L1_S24_F914,1,24,L1_S24,F,914
test_categorical,test,categorical,L1_S24_F915,1,24,L1_S24,F,915
test_categorical,test,categorical,L1_S24_F916,1,24,L1_S24,F,916
test_categorical,test,categorical,L1_S24_F918,1,24,L1_S24,F,918
test_categorical,test,categorical,L1_S24_F919,1,24,L1_S24,F,919
test_categorical,test,categorical,L1_S24_F921,1,24,L1_S24,F,921
test_categorical,test,categorical,L1_S24_F923,1,24,L1_S24,F,923
test_categorical,test,categorical,L1_S24_F924,1,24,L1_S24,F,924
test_categorical,test,categorical,L1_S24_F926,1,24,L1_S24,F,926
test_categorical,test,categorical,L1_S24_F928,1,24,L1_S24,F,928
test_categorical,test,categorical,L1_S24_F929,1,24,L1_S24,F,929
test_categorical,test,categorical,L1_S24_F931,1,24,L1_S24,F,931
test_categorical,test,categorical,L1_S24_F933,1,24,L1_S24,F,933
test_categorical,test,categorical,L1_S24_F934,1,24,L1_S24,F,934
test_categorical,test,categorical,L1_S24_F936,1,24,L1_S24,F,936
test_categorical,test,categorical,L1_S24_F938,1,24,L1_S24,F,938
test_categorical,test,categorical,L1_S24_F939,1,24,L1_S24,F,939
test_categorical,test,categorical,L1_S24_F940,1,24,L1_S24,F,940
test_categorical,test,categorical,L1_S24_F942,1,24,L1_S24,F,942
test_categorical,test,categorical,L1_S24_F943,1,24,L1_S24,F,943
test_categorical,test,categorical,L1_S24_F944,1,24,L1_S24,F,944
test_categorical,test,categorical,L1_S24_F946,1,24,L1_S24,F,946
test_categorical,test,categorical,L1_S24_F947,1,24,L1_S24,F,947
test_categorical,test,categorical,L1_S24_F949,1,24,L1_S24,F,949
test_categorical,test,categorical,L1_S24_F951,1,24,L1_S24,F,951
test_categorical,test,categorical,L1_S24_F952,1,24,L1_S24,F,952
test_categorical,test,categorical,L1_S24_F954,1,24,L1_S24,F,954
test_categorical,test,categorical,L1_S24_F956,1,24,L1_S24,F,956
test_categorical,test,categorical,L1_S24_F957,1,24,L1_S24,F,957
test_categorical,test,categorical,L1_S24_F959,1,24,L1_S24,F,959
test_categorical,test,categorical,L1_S24_F961,1,24,L1_S24,F,961
test_categorical,test,categorical,L1_S24_F962,1,24,L1_S24,F,962
test_categorical,test,categorical,L1_S24_F964,1,24,L1_S24,F,964
test_categorical,test,categorical,L1_S24_F966,1,24,L1_S24,F,966
test_categorical,test,categorical,L1_S24_F967,1,24,L1_S24,F,967
test_categorical,test,categorical,L1_S24_F969,1,24,L1_S24,F,969
test_categorical,test,categorical,L1_S24_F971,1,24,L1_S24,F,971
test_categorical,test,categorical,L1_S24_F972,1,24,L1_S24,F,972
test_categorical,test,categorical,L1_S24_F974,1,24,L1_S24,F,974
test_categorical,test,categorical,L1_S24_F976,1,24,L1_S24,F,976
test_categorical,test,categorical,L1_S24_F977,1,24,L1_S24,F,977
test_categorical,test,categorical,L1_S24_F979,1,24,L1_S24,F,979
test_categorical,test,categorical,L1_S24_F981,1,24,L1_S24,F,981
test_categorical,test,categorical,L1_S24_F982,1,24,L1_S24,F,982
test_categorical,test,categorical,L1_S24_F984,1,24,L1_S24,F,984
test_categorical,test,categorical,L1_S24_F986,1,24,L1_S24,F,986
test_categorical,test,categorical,L1_S24_F987,1,24,L1_S24,F,987
test_categorical,test,categorical,L1_S24_F989,1,24,L1_S24,F,989
test_categorical,test,categorical,L1_S24_F991,1,24,L1_S24,F,991
test_categorical,test,categorical,L1_S24_F992,1,24,L1_S24,F,992
test_categorical,test,categorical,L1_S24_F994,1,24,L1_S24,F,994
test_categorical,test,categorical,L1_S24_F996,1,24,L1_S24,F,996
test_categorical,test,categorical,L1_S24_F997,1,24,L1_S24,F,997
test_categorical,test,categorical,L1_S24_F1017,1,24,L1_S24,F,1017
test_categorical,test,categorical,L1_S24_F1019,1,24,L1_S24,F,1019
test_categorical,test,categorical,L1_S24_F1020,1,24,L1_S24,F,1020
test_categorical,test,categorical,L1_S24_F1022,1,24,L1_S24,F,1022
test_categorical,test,categorical,L1_S24_F1024,1,24,L1_S24,F,1024
test_categorical,test,categorical,L1_S24_F1025,1,24,L1_S24,F,1025
test_categorical,test,categorical,L1_S24_F1027,1,24,L1_S24,F,1027
test_categorical,test,categorical,L1_S24_F1029,1,24,L1_S24,F,1029
test_categorical,test,categorical,L1_S24_F1030,1,24,L1_S24,F,1030
test_categorical,test,categorical,L1_S24_F1032,1,24,L1_S24,F,1032
test_categorical,test,categorical,L1_S24_F1034,1,24,L1_S24,F,1034
test_categorical,test,categorical,L1_S24_F1035,1,24,L1_S24,F,1035
test_categorical,test,categorical,L1_S24_F1037,1,24,L1_S24,F,1037
test_categorical,test,categorical,L1_S24_F1039,1,24,L1_S24,F,1039
test_categorical,test,categorical,L1_S24_F1040,1,24,L1_S24,F,1040
test_categorical,test,categorical,L1_S24_F1042,1,24,L1_S24,F,1042
test_categorical,test,categorical,L1_S24_F1044,1,24,L1_S24,F,1044
test_categorical,test,categorical,L1_S24_F1045,1,24,L1_S24,F,1045
test_categorical,test,categorical,L1_S24_F1047,1,24,L1_S24,F,1047
test_categorical,test,categorical,L1_S24_F1049,1,24,L1_S24,F,1049
test_categorical,test,categorical,L1_S24_F1050,1,24,L1_S24,F,1050
test_categorical,test,categorical,L1_S24_F1052,1,24,L1_S24,F,1052
test_categorical,test,categorical,L1_S24_F1054,1,24,L1_S24,F,1054
test_categorical,test,categorical,L1_S24_F1055,1,24,L1_S24,F,1055
test_categorical,test,categorical,L1_S24_F1057,1,24,L1_S24,F,1057
test_categorical,test,categorical,L1_S24_F1059,1,24,L1_S24,F,1059
test_categorical,test,categorical,L1_S24_F1060,1,24,L1_S24,F,1060
test_categorical,test,categorical,L1_S24_F1061,1,24,L1_S24,F,1061
test_categorical,test,categorical,L1_S24_F1063,1,24,L1_S24,F,1063
test_categorical,test,categorical,L1_S24_F1064,1,24,L1_S24,F,1064
test_categorical,test,categorical,L1_S24_F1065,1,24,L1_S24,F,1065
test_categorical,test,categorical,L1_S24_F1067,1,24,L1_S24,F,1067
test_categorical,test,categorical,L1_S24_F1069,1,24,L1_S24,F,1069
test_categorical,test,categorical,L1_S24_F1071,1,24,L1_S24,F,1071
test_categorical,test,categorical,L1_S24_F1073,1,24,L1_S24,F,1073
test_categorical,test,categorical,L1_S24_F1075,1,24,L1_S24,F,1075
test_categorical,test,categorical,L1_S24_F1076,1,24,L1_S24,F,1076
test_categorical,test,categorical,L1_S24_F1078,1,24,L1_S24,F,1078
test_categorical,test,categorical,L1_S24_F1080,1,24,L1_S24,F,1080
test_categorical,test,categorical,L1_S24_F1082,1,24,L1_S24,F,1082
test_categorical,test,categorical,L1_S24_F1084,1,24,L1_S24,F,1084
test_categorical,test,categorical,L1_S24_F1086,1,24,L1_S24,F,1086
test_categorical,test,categorical,L1_S24_F1088,1,24,L1_S24,F,1088
test_categorical,test,categorical,L1_S24_F1090,1,24,L1_S24,F,1090
test_categorical,test,categorical,L1_S24_F1091,1,24,L1_S24,F,1091
test_categorical,test,categorical,L1_S24_F1093,1,24,L1_S24,F,1093
test_categorical,test,categorical,L1_S24_F1095,1,24,L1_S24,F,1095
test_categorical,test,categorical,L1_S24_F1097,1,24,L1_S24,F,1097
test_categorical,test,categorical,L1_S24_F1099,1,24,L1_S24,F,1099
test_categorical,test,categorical,L1_S24_F1101,1,24,L1_S24,F,1101
test_categorical,test,categorical,L1_S24_F1103,1,24,L1_S24,F,1103
test_categorical,test,categorical,L1_S24_F1105,1,24,L1_S24,F,1105
test_categorical,test,categorical,L1_S24_F1107,1,24,L1_S24,F,1107
test_categorical,test,categorical,L1_S24_F1109,1,24,L1_S24,F,1109
test_categorical,test,categorical,L1_S24_F1111,1,24,L1_S24,F,1111
test_categorical,test,categorical,L1_S24_F1113,1,24,L1_S24,F,1113
test_categorical,test,categorical,L1_S24_F1114,1,24,L1_S24,F,1114
test_categorical,test,categorical,L1_S24_F1115,1,24,L1_S24,F,1115
test_categorical,test,categorical,L1_S24_F1117,1,24,L1_S24,F,1117
test_categorical,test,categorical,L1_S24_F1119,1,24,L1_S24,F,1119
test_categorical,test,categorical,L1_S24_F1121,1,24,L1_S24,F,1121
test_categorical,test,categorical,L1_S24_F1123,1,24,L1_S24,F,1123
test_categorical,test,categorical,L1_S24_F1125,1,24,L1_S24,F,1125
test_categorical,test,categorical,L1_S24_F1127,1,24,L1_S24,F,1127
test_categorical,test,categorical,L1_S24_F1129,1,24,L1_S24,F,1129
test_categorical,test,categorical,L1_S24_F1131,1,24,L1_S24,F,1131
test_categorical,test,categorical,L1_S24_F1133,1,24,L1_S24,F,1133
test_categorical,test,categorical,L1_S24_F1136,1,24,L1_S24,F,1136
test_categorical,test,categorical,L1_S24_F1137,1,24,L1_S24,F,1137
test_categorical,test,categorical,L1_S24_F1139,1,24,L1_S24,F,1139
test_categorical,test,categorical,L1_S24_F1140,1,24,L1_S24,F,1140
test_categorical,test,categorical,L1_S24_F1142,1,24,L1_S24,F,1142
test_categorical,test,categorical,L1_S24_F1144,1,24,L1_S24,F,1144
test_categorical,test,categorical,L1_S24_F1147,1,24,L1_S24,F,1147
test_categorical,test,categorical,L1_S24_F1150,1,24,L1_S24,F,1150
test_categorical,test,categorical,L1_S24_F1152,1,24,L1_S24,F,1152
test_categorical,test,categorical,L1_S24_F1154,1,24,L1_S24,F,1154
test_categorical,test,categorical,L1_S24_F1156,1,24,L1_S24,F,1156
test_categorical,test,categorical,L1_S24_F1157,1,24,L1_S24,F,1157
test_categorical,test,categorical,L1_S24_F1159,1,24,L1_S24,F,1159
test_categorical,test,categorical,L1_S24_F1160,1,24,L1_S24,F,1160
test_categorical,test,categorical,L1_S24_F1162,1,24,L1_S24,F,1162
test_categorical,test,categorical,L1_S24_F1164,1,24,L1_S24,F,1164
test_categorical,test,categorical,L1_S24_F1165,1,24,L1_S24,F,1165
test_categorical,test,categorical,L1_S24_F1167,1,24,L1_S24,F,1167
test_categorical,test,categorical,L1_S24_F1169,1,24,L1_S24,F,1169
test_categorical,test,categorical,L1_S24_F1177,1,24,L1_S24,F,1177
test_categorical,test,categorical,L1_S24_F1179,1,24,L1_S24,F,1179
test_categorical,test,categorical,L1_S24_F1181,1,24,L1_S24,F,1181
test_categorical,test,categorical,L1_S24_F1183,1,24,L1_S24,F,1183
test_categorical,test,categorical,L1_S24_F1185,1,24,L1_S24,F,1185
test_categorical,test,categorical,L1_S24_F1187,1,24,L1_S24,F,1187
test_categorical,test,categorical,L1_S24_F1188,1,24,L1_S24,F,1188
test_categorical,test,categorical,L1_S24_F1189,1,24,L1_S24,F,1189
test_categorical,test,categorical,L1_S24_F1191,1,24,L1_S24,F,1191
test_categorical,test,categorical,L1_S24_F1192,1,24,L1_S24,F,1192
test_categorical,test,categorical,L1_S24_F1193,1,24,L1_S24,F,1193
test_categorical,test,categorical,L1_S24_F1195,1,24,L1_S24,F,1195
test_categorical,test,categorical,L1_S24_F1196,1,24,L1_S24,F,1196
test_categorical,test,categorical,L1_S24_F1198,1,24,L1_S24,F,1198
test_categorical,test,categorical,L1_S24_F1200,1,24,L1_S24,F,1200
test_categorical,test,categorical,L1_S24_F1201,1,24,L1_S24,F,1201
test_categorical,test,categorical,L1_S24_F1203,1,24,L1_S24,F,1203
test_categorical,test,categorical,L1_S24_F1205,1,24,L1_S24,F,1205
test_categorical,test,categorical,L1_S24_F1206,1,24,L1_S24,F,1206
test_categorical,test,categorical,L1_S24_F1208,1,24,L1_S24,F,1208
test_categorical,test,categorical,L1_S24_F1210,1,24,L1_S24,F,1210
test_categorical,test,categorical,L1_S24_F1211,1,24,L1_S24,F,1211
test_categorical,test,categorical,L1_S24_F1213,1,24,L1_S24,F,1213
test_categorical,test,categorical,L1_S24_F1215,1,24,L1_S24,F,1215
test_categorical,test,categorical,L1_S24_F1216,1,24,L1_S24,F,1216
test_categorical,test,categorical,L1_S24_F1217,1,24,L1_S24,F,1217
test_categorical,test,categorical,L1_S24_F1219,1,24,L1_S24,F,1219
test_categorical,test,categorical,L1_S24_F1220,1,24,L1_S24,F,1220
test_categorical,test,categorical,L1_S24_F1221,1,24,L1_S24,F,1221
test_categorical,test,categorical,L1_S24_F1223,1,24,L1_S24,F,1223
test_categorical,test,categorical,L1_S24_F1224,1,24,L1_S24,F,1224
test_categorical,test,categorical,L1_S24_F1226,1,24,L1_S24,F,1226
test_categorical,test,categorical,L1_S24_F1228,1,24,L1_S24,F,1228
test_categorical,test,categorical,L1_S24_F1229,1,24,L1_S24,F,1229
test_categorical,test,categorical,L1_S24_F1231,1,24,L1_S24,F,1231
test_categorical,test,categorical,L1_S24_F1233,1,24,L1_S24,F,1233
test_categorical,test,categorical,L1_S24_F1234,1,24,L1_S24,F,1234
test_categorical,test,categorical,L1_S24_F1236,1,24,L1_S24,F,1236
test_categorical,test,categorical,L1_S24_F1238,1,24,L1_S24,F,1238
test_categorical,test,categorical,L1_S24_F1239,1,24,L1_S24,F,1239
test_categorical,test,categorical,L1_S24_F1241,1,24,L1_S24,F,1241
test_categorical,test,categorical,L1_S24_F1243,1,24,L1_S24,F,1243
test_categorical,test,categorical,L1_S24_F1244,1,24,L1_S24,F,1244
test_categorical,test,categorical,L1_S24_F1246,1,24,L1_S24,F,1246
test_categorical,test,categorical,L1_S24_F1248,1,24,L1_S24,F,1248
test_categorical,test,categorical,L1_S24_F1249,1,24,L1_S24,F,1249
test_categorical,test,categorical,L1_S24_F1251,1,24,L1_S24,F,1251
test_categorical,test,categorical,L1_S24_F1253,1,24,L1_S24,F,1253
test_categorical,test,categorical,L1_S24_F1254,1,24,L1_S24,F,1254
test_categorical,test,categorical,L1_S24_F1256,1,24,L1_S24,F,1256
test_categorical,test,categorical,L1_S24_F1258,1,24,L1_S24,F,1258
test_categorical,test,categorical,L1_S24_F1259,1,24,L1_S24,F,1259
test_categorical,test,categorical,L1_S24_F1261,1,24,L1_S24,F,1261
test_categorical,test,categorical,L1_S24_F1263,1,24,L1_S24,F,1263
test_categorical,test,categorical,L1_S24_F1264,1,24,L1_S24,F,1264
test_categorical,test,categorical,L1_S24_F1266,1,24,L1_S24,F,1266
test_categorical,test,categorical,L1_S24_F1268,1,24,L1_S24,F,1268
test_categorical,test,categorical,L1_S24_F1269,1,24,L1_S24,F,1269
test_categorical,test,categorical,L1_S24_F1271,1,24,L1_S24,F,1271
test_categorical,test,categorical,L1_S24_F1273,1,24,L1_S24,F,1273
test_categorical,test,categorical,L1_S24_F1274,1,24,L1_S24,F,1274
test_categorical,test,categorical,L1_S24_F1276,1,24,L1_S24,F,1276
test_categorical,test,categorical,L1_S24_F1278,1,24,L1_S24,F,1278
test_categorical,test,categorical,L1_S24_F1279,1,24,L1_S24,F,1279
test_categorical,test,categorical,L1_S24_F1280,1,24,L1_S24,F,1280
test_categorical,test,categorical,L1_S24_F1282,1,24,L1_S24,F,1282
test_categorical,test,categorical,L1_S24_F1283,1,24,L1_S24,F,1283
test_categorical,test,categorical,L1_S24_F1284,1,24,L1_S24,F,1284
test_categorical,test,categorical,L1_S24_F1286,1,24,L1_S24,F,1286
test_categorical,test,categorical,L1_S24_F1287,1,24,L1_S24,F,1287
test_categorical,test,categorical,L1_S24_F1289,1,24,L1_S24,F,1289
test_categorical,test,categorical,L1_S24_F1291,1,24,L1_S24,F,1291
test_categorical,test,categorical,L1_S24_F1292,1,24,L1_S24,F,1292
test_categorical,test,categorical,L1_S24_F1294,1,24,L1_S24,F,1294
test_categorical,test,categorical,L1_S24_F1296,1,24,L1_S24,F,1296
test_categorical,test,categorical,L1_S24_F1297,1,24,L1_S24,F,1297
test_categorical,test,categorical,L1_S24_F1299,1,24,L1_S24,F,1299
test_categorical,test,categorical,L1_S24_F1301,1,24,L1_S24,F,1301
test_categorical,test,categorical,L1_S24_F1302,1,24,L1_S24,F,1302
test_categorical,test,categorical,L1_S24_F1304,1,24,L1_S24,F,1304
test_categorical,test,categorical,L1_S24_F1306,1,24,L1_S24,F,1306
test_categorical,test,categorical,L1_S24_F1307,1,24,L1_S24,F,1307
test_categorical,test,categorical,L1_S24_F1308,1,24,L1_S24,F,1308
test_categorical,test,categorical,L1_S24_F1310,1,24,L1_S24,F,1310
test_categorical,test,categorical,L1_S24_F1311,1,24,L1_S24,F,1311
test_categorical,test,categorical,L1_S24_F1312,1,24,L1_S24,F,1312
test_categorical,test,categorical,L1_S24_F1314,1,24,L1_S24,F,1314
test_categorical,test,categorical,L1_S24_F1315,1,24,L1_S24,F,1315
test_categorical,test,categorical,L1_S24_F1317,1,24,L1_S24,F,1317
test_categorical,test,categorical,L1_S24_F1319,1,24,L1_S24,F,1319
test_categorical,test,categorical,L1_S24_F1320,1,24,L1_S24,F,1320
test_categorical,test,categorical,L1_S24_F1322,1,24,L1_S24,F,1322
test_categorical,test,categorical,L1_S24_F1324,1,24,L1_S24,F,1324
test_categorical,test,categorical,L1_S24_F1325,1,24,L1_S24,F,1325
test_categorical,test,categorical,L1_S24_F1327,1,24,L1_S24,F,1327
test_categorical,test,categorical,L1_S24_F1329,1,24,L1_S24,F,1329
test_categorical,test,categorical,L1_S24_F1330,1,24,L1_S24,F,1330
test_categorical,test,categorical,L1_S24_F1332,1,24,L1_S24,F,1332
test_categorical,test,categorical,L1_S24_F1334,1,24,L1_S24,F,1334
test_categorical,test,categorical,L1_S24_F1335,1,24,L1_S24,F,1335
test_categorical,test,categorical,L1_S24_F1337,1,24,L1_S24,F,1337
test_categorical,test,categorical,L1_S24_F1339,1,24,L1_S24,F,1339
test_categorical,test,categorical,L1_S24_F1340,1,24,L1_S24,F,1340
test_categorical,test,categorical,L1_S24_F1342,1,24,L1_S24,F,1342
test_categorical,test,categorical,L1_S24_F1344,1,24,L1_S24,F,1344
test_categorical,test,categorical,L1_S24_F1345,1,24,L1_S24,F,1345
test_categorical,test,categorical,L1_S24_F1347,1,24,L1_S24,F,1347
test_categorical,test,categorical,L1_S24_F1349,1,24,L1_S24,F,1349
test_categorical,test,categorical,L1_S24_F1350,1,24,L1_S24,F,1350
test_categorical,test,categorical,L1_S24_F1352,1,24,L1_S24,F,1352
test_categorical,test,categorical,L1_S24_F1354,1,24,L1_S24,F,1354
test_categorical,test,categorical,L1_S24_F1355,1,24,L1_S24,F,1355
test_categorical,test,categorical,L1_S24_F1357,1,24,L1_S24,F,1357
test_categorical,test,categorical,L1_S24_F1359,1,24,L1_S24,F,1359
test_categorical,test,categorical,L1_S24_F1360,1,24,L1_S24,F,1360
test_categorical,test,categorical,L1_S24_F1362,1,24,L1_S24,F,1362
test_categorical,test,categorical,L1_S24_F1364,1,24,L1_S24,F,1364
test_categorical,test,categorical,L1_S24_F1365,1,24,L1_S24,F,1365
test_categorical,test,categorical,L1_S24_F1367,1,24,L1_S24,F,1367
test_categorical,test,categorical,L1_S24_F1369,1,24,L1_S24,F,1369
test_categorical,test,categorical,L1_S24_F1370,1,24,L1_S24,F,1370
test_categorical,test,categorical,L1_S24_F1372,1,24,L1_S24,F,1372
test_categorical,test,categorical,L1_S24_F1374,1,24,L1_S24,F,1374
test_categorical,test,categorical,L1_S24_F1375,1,24,L1_S24,F,1375
test_categorical,test,categorical,L1_S24_F1377,1,24,L1_S24,F,1377
test_categorical,test,categorical,L1_S24_F1379,1,24,L1_S24,F,1379
test_categorical,test,categorical,L1_S24_F1380,1,24,L1_S24,F,1380
test_categorical,test,categorical,L1_S24_F1382,1,24,L1_S24,F,1382
test_categorical,test,categorical,L1_S24_F1384,1,24,L1_S24,F,1384
test_categorical,test,categorical,L1_S24_F1385,1,24,L1_S24,F,1385
test_categorical,test,categorical,L1_S24_F1387,1,24,L1_S24,F,1387
test_categorical,test,categorical,L1_S24_F1389,1,24,L1_S24,F,1389
test_categorical,test,categorical,L1_S24_F1390,1,24,L1_S24,F,1390
test_categorical,test,categorical,L1_S24_F1392,1,24,L1_S24,F,1392
test_categorical,test,categorical,L1_S24_F1394,1,24,L1_S24,F,1394
test_categorical,test,categorical,L1_S24_F1395,1,24,L1_S24,F,1395
test_categorical,test,categorical,L1_S24_F1397,1,24,L1_S24,F,1397
test_categorical,test,categorical,L1_S24_F1399,1,24,L1_S24,F,1399
test_categorical,test,categorical,L1_S24_F1400,1,24,L1_S24,F,1400
test_categorical,test,categorical,L1_S24_F1402,1,24,L1_S24,F,1402
test_categorical,test,categorical,L1_S24_F1404,1,24,L1_S24,F,1404
test_categorical,test,categorical,L1_S24_F1405,1,24,L1_S24,F,1405
test_categorical,test,categorical,L1_S24_F1407,1,24,L1_S24,F,1407
test_categorical,test,categorical,L1_S24_F1409,1,24,L1_S24,F,1409
test_categorical,test,categorical,L1_S24_F1410,1,24,L1_S24,F,1410
test_categorical,test,categorical,L1_S24_F1412,1,24,L1_S24,F,1412
test_categorical,test,categorical,L1_S24_F1414,1,24,L1_S24,F,1414
test_categorical,test,categorical,L1_S24_F1415,1,24,L1_S24,F,1415
test_categorical,test,categorical,L1_S24_F1417,1,24,L1_S24,F,1417
test_categorical,test,categorical,L1_S24_F1419,1,24,L1_S24,F,1419
test_categorical,test,categorical,L1_S24_F1420,1,24,L1_S24,F,1420
test_categorical,test,categorical,L1_S24_F1422,1,24,L1_S24,F,1422
test_categorical,test,categorical,L1_S24_F1424,1,24,L1_S24,F,1424
test_categorical,test,categorical,L1_S24_F1425,1,24,L1_S24,F,1425
test_categorical,test,categorical,L1_S24_F1427,1,24,L1_S24,F,1427
test_categorical,test,categorical,L1_S24_F1429,1,24,L1_S24,F,1429
test_categorical,test,categorical,L1_S24_F1430,1,24,L1_S24,F,1430
test_categorical,test,categorical,L1_S24_F1432,1,24,L1_S24,F,1432
test_categorical,test,categorical,L1_S24_F1434,1,24,L1_S24,F,1434
test_categorical,test,categorical,L1_S24_F1435,1,24,L1_S24,F,1435
test_categorical,test,categorical,L1_S24_F1437,1,24,L1_S24,F,1437
test_categorical,test,categorical,L1_S24_F1439,1,24,L1_S24,F,1439
test_categorical,test,categorical,L1_S24_F1440,1,24,L1_S24,F,1440
test_categorical,test,categorical,L1_S24_F1442,1,24,L1_S24,F,1442
test_categorical,test,categorical,L1_S24_F1444,1,24,L1_S24,F,1444
test_categorical,test,categorical,L1_S24_F1445,1,24,L1_S24,F,1445
test_categorical,test,categorical,L1_S24_F1447,1,24,L1_S24,F,1447
test_categorical,test,categorical,L1_S24_F1449,1,24,L1_S24,F,1449
test_categorical,test,categorical,L1_S24_F1450,1,24,L1_S24,F,1450
test_categorical,test,categorical,L1_S24_F1452,1,24,L1_S24,F,1452
test_categorical,test,categorical,L1_S24_F1454,1,24,L1_S24,F,1454
test_categorical,test,categorical,L1_S24_F1455,1,24,L1_S24,F,1455
test_categorical,test,categorical,L1_S24_F1456,1,24,L1_S24,F,1456
test_categorical,test,categorical,L1_S24_F1458,1,24,L1_S24,F,1458
test_categorical,test,categorical,L1_S24_F1459,1,24,L1_S24,F,1459
test_categorical,test,categorical,L1_S24_F1460,1,24,L1_S24,F,1460
test_categorical,test,categorical,L1_S24_F1462,1,24,L1_S24,F,1462
test_categorical,test,categorical,L1_S24_F1464,1,24,L1_S24,F,1464
test_categorical,test,categorical,L1_S24_F1466,1,24,L1_S24,F,1466
test_categorical,test,categorical,L1_S24_F1468,1,24,L1_S24,F,1468
test_categorical,test,categorical,L1_S24_F1470,1,24,L1_S24,F,1470
test_categorical,test,categorical,L1_S24_F1471,1,24,L1_S24,F,1471
test_categorical,test,categorical,L1_S24_F1473,1,24,L1_S24,F,1473
test_categorical,test,categorical,L1_S24_F1475,1,24,L1_S24,F,1475
test_categorical,test,categorical,L1_S24_F1477,1,24,L1_S24,F,1477
test_categorical,test,categorical,L1_S24_F1479,1,24,L1_S24,F,1479
test_categorical,test,categorical,L1_S24_F1481,1,24,L1_S24,F,1481
test_categorical,test,categorical,L1_S24_F1483,1,24,L1_S24,F,1483
test_categorical,test,categorical,L1_S24_F1485,1,24,L1_S24,F,1485
test_categorical,test,categorical,L1_S24_F1487,1,24,L1_S24,F,1487
test_categorical,test,categorical,L1_S24_F1489,1,24,L1_S24,F,1489
test_categorical,test,categorical,L1_S24_F1491,1,24,L1_S24,F,1491
test_categorical,test,categorical,L1_S24_F1493,1,24,L1_S24,F,1493
test_categorical,test,categorical,L1_S24_F1495,1,24,L1_S24,F,1495
test_categorical,test,categorical,L1_S24_F1497,1,24,L1_S24,F,1497
test_categorical,test,categorical,L1_S24_F1499,1,24,L1_S24,F,1499
test_categorical,test,categorical,L1_S24_F1501,1,24,L1_S24,F,1501
test_categorical,test,categorical,L1_S24_F1503,1,24,L1_S24,F,1503
test_categorical,test,categorical,L1_S24_F1505,1,24,L1_S24,F,1505
test_categorical,test,categorical,L1_S24_F1507,1,24,L1_S24,F,1507
test_categorical,test,categorical,L1_S24_F1509,1,24,L1_S24,F,1509
test_categorical,test,categorical,L1_S24_F1510,1,24,L1_S24,F,1510
test_categorical,test,categorical,L1_S24_F1521,1,24,L1_S24,F,1521
test_categorical,test,categorical,L1_S24_F1523,1,24,L1_S24,F,1523
test_categorical,test,categorical,L1_S24_F1524,1,24,L1_S24,F,1524
test_categorical,test,categorical,L1_S24_F1525,1,24,L1_S24,F,1525
test_categorical,test,categorical,L1_S24_F1526,1,24,L1_S24,F,1526
test_categorical,test,categorical,L1_S24_F1528,1,24,L1_S24,F,1528
test_categorical,test,categorical,L1_S24_F1529,1,24,L1_S24,F,1529
test_categorical,test,categorical,L1_S24_F1530,1,24,L1_S24,F,1530
test_categorical,test,categorical,L1_S24_F1531,1,24,L1_S24,F,1531
test_categorical,test,categorical,L1_S24_F1533,1,24,L1_S24,F,1533
test_categorical,test,categorical,L1_S24_F1534,1,24,L1_S24,F,1534
test_categorical,test,categorical,L1_S24_F1535,1,24,L1_S24,F,1535
test_categorical,test,categorical,L1_S24_F1537,1,24,L1_S24,F,1537
test_categorical,test,categorical,L1_S24_F1538,1,24,L1_S24,F,1538
test_categorical,test,categorical,L1_S24_F1540,1,24,L1_S24,F,1540
test_categorical,test,categorical,L1_S24_F1542,1,24,L1_S24,F,1542
test_categorical,test,categorical,L1_S24_F1543,1,24,L1_S24,F,1543
test_categorical,test,categorical,L1_S24_F1545,1,24,L1_S24,F,1545
test_categorical,test,categorical,L1_S24_F1547,1,24,L1_S24,F,1547
test_categorical,test,categorical,L1_S24_F1548,1,24,L1_S24,F,1548
test_categorical,test,categorical,L1_S24_F1549,1,24,L1_S24,F,1549
test_categorical,test,categorical,L1_S24_F1551,1,24,L1_S24,F,1551
test_categorical,test,categorical,L1_S24_F1552,1,24,L1_S24,F,1552
test_categorical,test,categorical,L1_S24_F1553,1,24,L1_S24,F,1553
test_categorical,test,categorical,L1_S24_F1555,1,24,L1_S24,F,1555
test_categorical,test,categorical,L1_S24_F1556,1,24,L1_S24,F,1556
test_categorical,test,categorical,L1_S24_F1557,1,24,L1_S24,F,1557
test_categorical,test,categorical,L1_S24_F1559,1,24,L1_S24,F,1559
test_categorical,test,categorical,L1_S24_F1560,1,24,L1_S24,F,1560
test_categorical,test,categorical,L1_S24_F1561,1,24,L1_S24,F,1561
test_categorical,test,categorical,L1_S24_F1563,1,24,L1_S24,F,1563
test_categorical,test,categorical,L1_S24_F1564,1,24,L1_S24,F,1564
test_categorical,test,categorical,L1_S24_F1577,1,24,L1_S24,F,1577
test_categorical,test,categorical,L1_S24_F1580,1,24,L1_S24,F,1580
test_categorical,test,categorical,L1_S24_F1582,1,24,L1_S24,F,1582
test_categorical,test,categorical,L1_S24_F1584,1,24,L1_S24,F,1584
test_categorical,test,categorical,L1_S24_F1585,1,24,L1_S24,F,1585
test_categorical,test,categorical,L1_S24_F1586,1,24,L1_S24,F,1586
test_categorical,test,categorical,L1_S24_F1588,1,24,L1_S24,F,1588
test_categorical,test,categorical,L1_S24_F1589,1,24,L1_S24,F,1589
test_categorical,test,categorical,L1_S24_F1590,1,24,L1_S24,F,1590
test_categorical,test,categorical,L1_S24_F1592,1,24,L1_S24,F,1592
test_categorical,test,categorical,L1_S24_F1593,1,24,L1_S24,F,1593
test_categorical,test,categorical,L1_S24_F1595,1,24,L1_S24,F,1595
test_categorical,test,categorical,L1_S24_F1597,1,24,L1_S24,F,1597
test_categorical,test,categorical,L1_S24_F1598,1,24,L1_S24,F,1598
test_categorical,test,categorical,L1_S24_F1600,1,24,L1_S24,F,1600
test_categorical,test,categorical,L1_S24_F1602,1,24,L1_S24,F,1602
test_categorical,test,categorical,L1_S24_F1603,1,24,L1_S24,F,1603
test_categorical,test,categorical,L1_S24_F1605,1,24,L1_S24,F,1605
test_categorical,test,categorical,L1_S24_F1607,1,24,L1_S24,F,1607
test_categorical,test,categorical,L1_S24_F1608,1,24,L1_S24,F,1608
test_categorical,test,categorical,L1_S24_F1610,1,24,L1_S24,F,1610
test_categorical,test,categorical,L1_S24_F1612,1,24,L1_S24,F,1612
test_categorical,test,categorical,L1_S24_F1613,1,24,L1_S24,F,1613
test_categorical,test,categorical,L1_S24_F1614,1,24,L1_S24,F,1614
test_categorical,test,categorical,L1_S24_F1616,1,24,L1_S24,F,1616
test_categorical,test,categorical,L1_S24_F1617,1,24,L1_S24,F,1617
test_categorical,test,categorical,L1_S24_F1618,1,24,L1_S24,F,1618
test_categorical,test,categorical,L1_S24_F1620,1,24,L1_S24,F,1620
test_categorical,test,categorical,L1_S24_F1621,1,24,L1_S24,F,1621
test_categorical,test,categorical,L1_S24_F1623,1,24,L1_S24,F,1623
test_categorical,test,categorical,L1_S24_F1625,1,24,L1_S24,F,1625
test_categorical,test,categorical,L1_S24_F1626,1,24,L1_S24,F,1626
test_categorical,test,categorical,L1_S24_F1628,1,24,L1_S24,F,1628
test_categorical,test,categorical,L1_S24_F1630,1,24,L1_S24,F,1630
test_categorical,test,categorical,L1_S24_F1631,1,24,L1_S24,F,1631
test_categorical,test,categorical,L1_S24_F1633,1,24,L1_S24,F,1633
test_categorical,test,categorical,L1_S24_F1635,1,24,L1_S24,F,1635
test_categorical,test,categorical,L1_S24_F1636,1,24,L1_S24,F,1636
test_categorical,test,categorical,L1_S24_F1638,1,24,L1_S24,F,1638
test_categorical,test,categorical,L1_S24_F1640,1,24,L1_S24,F,1640
test_categorical,test,categorical,L1_S24_F1641,1,24,L1_S24,F,1641
test_categorical,test,categorical,L1_S24_F1643,1,24,L1_S24,F,1643
test_categorical,test,categorical,L1_S24_F1645,1,24,L1_S24,F,1645
test_categorical,test,categorical,L1_S24_F1646,1,24,L1_S24,F,1646
test_categorical,test,categorical,L1_S24_F1648,1,24,L1_S24,F,1648
test_categorical,test,categorical,L1_S24_F1650,1,24,L1_S24,F,1650
test_categorical,test,categorical,L1_S24_F1651,1,24,L1_S24,F,1651
test_categorical,test,categorical,L1_S24_F1653,1,24,L1_S24,F,1653
test_categorical,test,categorical,L1_S24_F1655,1,24,L1_S24,F,1655
test_categorical,test,categorical,L1_S24_F1656,1,24,L1_S24,F,1656
test_categorical,test,categorical,L1_S24_F1658,1,24,L1_S24,F,1658
test_categorical,test,categorical,L1_S24_F1660,1,24,L1_S24,F,1660
test_categorical,test,categorical,L1_S24_F1661,1,24,L1_S24,F,1661
test_categorical,test,categorical,L1_S24_F1663,1,24,L1_S24,F,1663
test_categorical,test,categorical,L1_S24_F1665,1,24,L1_S24,F,1665
test_categorical,test,categorical,L1_S24_F1666,1,24,L1_S24,F,1666
test_categorical,test,categorical,L1_S24_F1668,1,24,L1_S24,F,1668
test_categorical,test,categorical,L1_S24_F1670,1,24,L1_S24,F,1670
test_categorical,test,categorical,L1_S24_F1671,1,24,L1_S24,F,1671
test_categorical,test,categorical,L1_S24_F1673,1,24,L1_S24,F,1673
test_categorical,test,categorical,L1_S24_F1675,1,24,L1_S24,F,1675
test_categorical,test,categorical,L1_S24_F1676,1,24,L1_S24,F,1676
test_categorical,test,categorical,L1_S24_F1677,1,24,L1_S24,F,1677
test_categorical,test,categorical,L1_S24_F1679,1,24,L1_S24,F,1679
test_categorical,test,categorical,L1_S24_F1680,1,24,L1_S24,F,1680
test_categorical,test,categorical,L1_S24_F1681,1,24,L1_S24,F,1681
test_categorical,test,categorical,L1_S24_F1683,1,24,L1_S24,F,1683
test_categorical,test,categorical,L1_S24_F1684,1,24,L1_S24,F,1684
test_categorical,test,categorical,L1_S24_F1686,1,24,L1_S24,F,1686
test_categorical,test,categorical,L1_S24_F1688,1,24,L1_S24,F,1688
test_categorical,test,categorical,L1_S24_F1689,1,24,L1_S24,F,1689
test_categorical,test,categorical,L1_S24_F1691,1,24,L1_S24,F,1691
test_categorical,test,categorical,L1_S24_F1693,1,24,L1_S24,F,1693
test_categorical,test,categorical,L1_S24_F1694,1,24,L1_S24,F,1694
test_categorical,test,categorical,L1_S24_F1696,1,24,L1_S24,F,1696
test_categorical,test,categorical,L1_S24_F1698,1,24,L1_S24,F,1698
test_categorical,test,categorical,L1_S24_F1699,1,24,L1_S24,F,1699
test_categorical,test,categorical,L1_S24_F1701,1,24,L1_S24,F,1701
test_categorical,test,categorical,L1_S24_F1703,1,24,L1_S24,F,1703
test_categorical,test,categorical,L1_S24_F1704,1,24,L1_S24,F,1704
test_categorical,test,categorical,L1_S24_F1705,1,24,L1_S24,F,1705
test_categorical,test,categorical,L1_S24_F1707,1,24,L1_S24,F,1707
test_categorical,test,categorical,L1_S24_F1708,1,24,L1_S24,F,1708
test_categorical,test,categorical,L1_S24_F1709,1,24,L1_S24,F,1709
test_categorical,test,categorical,L1_S24_F1711,1,24,L1_S24,F,1711
test_categorical,test,categorical,L1_S24_F1712,1,24,L1_S24,F,1712
test_categorical,test,categorical,L1_S24_F1714,1,24,L1_S24,F,1714
test_categorical,test,categorical,L1_S24_F1716,1,24,L1_S24,F,1716
test_categorical,test,categorical,L1_S24_F1717,1,24,L1_S24,F,1717
test_categorical,test,categorical,L1_S24_F1719,1,24,L1_S24,F,1719
test_categorical,test,categorical,L1_S24_F1721,1,24,L1_S24,F,1721
test_categorical,test,categorical,L1_S24_F1722,1,24,L1_S24,F,1722
test_categorical,test,categorical,L1_S24_F1724,1,24,L1_S24,F,1724
test_categorical,test,categorical,L1_S24_F1726,1,24,L1_S24,F,1726
test_categorical,test,categorical,L1_S24_F1727,1,24,L1_S24,F,1727
test_categorical,test,categorical,L1_S24_F1729,1,24,L1_S24,F,1729
test_categorical,test,categorical,L1_S24_F1731,1,24,L1_S24,F,1731
test_categorical,test,categorical,L1_S24_F1732,1,24,L1_S24,F,1732
test_categorical,test,categorical,L1_S24_F1734,1,24,L1_S24,F,1734
test_categorical,test,categorical,L1_S24_F1736,1,24,L1_S24,F,1736
test_categorical,test,categorical,L1_S24_F1737,1,24,L1_S24,F,1737
test_categorical,test,categorical,L1_S24_F1739,1,24,L1_S24,F,1739
test_categorical,test,categorical,L1_S24_F1741,1,24,L1_S24,F,1741
test_categorical,test,categorical,L1_S24_F1742,1,24,L1_S24,F,1742
test_categorical,test,categorical,L1_S24_F1744,1,24,L1_S24,F,1744
test_categorical,test,categorical,L1_S24_F1746,1,24,L1_S24,F,1746
test_categorical,test,categorical,L1_S24_F1747,1,24,L1_S24,F,1747
test_categorical,test,categorical,L1_S24_F1749,1,24,L1_S24,F,1749
test_categorical,test,categorical,L1_S24_F1751,1,24,L1_S24,F,1751
test_categorical,test,categorical,L1_S24_F1752,1,24,L1_S24,F,1752
test_categorical,test,categorical,L1_S24_F1754,1,24,L1_S24,F,1754
test_categorical,test,categorical,L1_S24_F1756,1,24,L1_S24,F,1756
test_categorical,test,categorical,L1_S24_F1757,1,24,L1_S24,F,1757
test_categorical,test,categorical,L1_S24_F1759,1,24,L1_S24,F,1759
test_categorical,test,categorical,L1_S24_F1761,1,24,L1_S24,F,1761
test_categorical,test,categorical,L1_S24_F1762,1,24,L1_S24,F,1762
test_categorical,test,categorical,L1_S24_F1764,1,24,L1_S24,F,1764
test_categorical,test,categorical,L1_S24_F1766,1,24,L1_S24,F,1766
test_categorical,test,categorical,L1_S24_F1767,1,24,L1_S24,F,1767
test_categorical,test,categorical,L1_S24_F1769,1,24,L1_S24,F,1769
test_categorical,test,categorical,L1_S24_F1771,1,24,L1_S24,F,1771
test_categorical,test,categorical,L1_S24_F1772,1,24,L1_S24,F,1772
test_categorical,test,categorical,L1_S24_F1774,1,24,L1_S24,F,1774
test_categorical,test,categorical,L1_S24_F1776,1,24,L1_S24,F,1776
test_categorical,test,categorical,L1_S24_F1777,1,24,L1_S24,F,1777
test_categorical,test,categorical,L1_S24_F1779,1,24,L1_S24,F,1779
test_categorical,test,categorical,L1_S24_F1781,1,24,L1_S24,F,1781
test_categorical,test,categorical,L1_S24_F1782,1,24,L1_S24,F,1782
test_categorical,test,categorical,L1_S24_F1784,1,24,L1_S24,F,1784
test_categorical,test,categorical,L1_S24_F1786,1,24,L1_S24,F,1786
test_categorical,test,categorical,L1_S24_F1787,1,24,L1_S24,F,1787
test_categorical,test,categorical,L1_S24_F1789,1,24,L1_S24,F,1789
test_categorical,test,categorical,L1_S24_F1791,1,24,L1_S24,F,1791
test_categorical,test,categorical,L1_S24_F1792,1,24,L1_S24,F,1792
test_categorical,test,categorical,L1_S24_F1794,1,24,L1_S24,F,1794
test_categorical,test,categorical,L1_S24_F1796,1,24,L1_S24,F,1796
test_categorical,test,categorical,L1_S24_F1797,1,24,L1_S24,F,1797
test_categorical,test,categorical,L1_S24_F1799,1,24,L1_S24,F,1799
test_categorical,test,categorical,L1_S24_F1801,1,24,L1_S24,F,1801
test_categorical,test,categorical,L1_S24_F1802,1,24,L1_S24,F,1802
test_categorical,test,categorical,L1_S24_F1804,1,24,L1_S24,F,1804
test_categorical,test,categorical,L1_S24_F1806,1,24,L1_S24,F,1806
test_categorical,test,categorical,L1_S24_F1807,1,24,L1_S24,F,1807
test_categorical,test,categorical,L1_S24_F1827,1,24,L1_S24,F,1827
test_categorical,test,categorical,L1_S25_F1852,1,25,L1_S25,F,1852
test_categorical,test,categorical,L1_S25_F1853,1,25,L1_S25,F,1853
test_categorical,test,categorical,L1_S25_F1856,1,25,L1_S25,F,1856
test_categorical,test,categorical,L1_S25_F1859,1,25,L1_S25,F,1859
test_categorical,test,categorical,L1_S25_F1861,1,25,L1_S25,F,1861
test_categorical,test,categorical,L1_S25_F1863,1,25,L1_S25,F,1863
test_categorical,test,categorical,L1_S25_F1866,1,25,L1_S25,F,1866
test_categorical,test,categorical,L1_S25_F1868,1,25,L1_S25,F,1868
test_categorical,test,categorical,L1_S25_F1870,1,25,L1_S25,F,1870
test_categorical,test,categorical,L1_S25_F1872,1,25,L1_S25,F,1872
test_categorical,test,categorical,L1_S25_F1874,1,25,L1_S25,F,1874
test_categorical,test,categorical,L1_S25_F1876,1,25,L1_S25,F,1876
test_categorical,test,categorical,L1_S25_F1878,1,25,L1_S25,F,1878
test_categorical,test,categorical,L1_S25_F1880,1,25,L1_S25,F,1880
test_categorical,test,categorical,L1_S25_F1882,1,25,L1_S25,F,1882
test_categorical,test,categorical,L1_S25_F1884,1,25,L1_S25,F,1884
test_categorical,test,categorical,L1_S25_F1886,1,25,L1_S25,F,1886
test_categorical,test,categorical,L1_S25_F1888,1,25,L1_S25,F,1888
test_categorical,test,categorical,L1_S25_F1889,1,25,L1_S25,F,1889
test_categorical,test,categorical,L1_S25_F1897,1,25,L1_S25,F,1897
test_categorical,test,categorical,L1_S25_F1899,1,25,L1_S25,F,1899
test_categorical,test,categorical,L1_S25_F1901,1,25,L1_S25,F,1901
test_categorical,test,categorical,L1_S25_F1903,1,25,L1_S25,F,1903
test_categorical,test,categorical,L1_S25_F1904,1,25,L1_S25,F,1904
test_categorical,test,categorical,L1_S25_F1905,1,25,L1_S25,F,1905
test_categorical,test,categorical,L1_S25_F1907,1,25,L1_S25,F,1907
test_categorical,test,categorical,L1_S25_F1908,1,25,L1_S25,F,1908
test_categorical,test,categorical,L1_S25_F1910,1,25,L1_S25,F,1910
test_categorical,test,categorical,L1_S25_F1912,1,25,L1_S25,F,1912
test_categorical,test,categorical,L1_S25_F1913,1,25,L1_S25,F,1913
test_categorical,test,categorical,L1_S25_F1915,1,25,L1_S25,F,1915
test_categorical,test,categorical,L1_S25_F1917,1,25,L1_S25,F,1917
test_categorical,test,categorical,L1_S25_F1918,1,25,L1_S25,F,1918
test_categorical,test,categorical,L1_S25_F1920,1,25,L1_S25,F,1920
test_categorical,test,categorical,L1_S25_F1922,1,25,L1_S25,F,1922
test_categorical,test,categorical,L1_S25_F1923,1,25,L1_S25,F,1923
test_categorical,test,categorical,L1_S25_F1925,1,25,L1_S25,F,1925
test_categorical,test,categorical,L1_S25_F1927,1,25,L1_S25,F,1927
test_categorical,test,categorical,L1_S25_F1928,1,25,L1_S25,F,1928
test_categorical,test,categorical,L1_S25_F1930,1,25,L1_S25,F,1930
test_categorical,test,categorical,L1_S25_F1932,1,25,L1_S25,F,1932
test_categorical,test,categorical,L1_S25_F1933,1,25,L1_S25,F,1933
test_categorical,test,categorical,L1_S25_F1934,1,25,L1_S25,F,1934
test_categorical,test,categorical,L1_S25_F1936,1,25,L1_S25,F,1936
test_categorical,test,categorical,L1_S25_F1937,1,25,L1_S25,F,1937
test_categorical,test,categorical,L1_S25_F1939,1,25,L1_S25,F,1939
test_categorical,test,categorical,L1_S25_F1941,1,25,L1_S25,F,1941
test_categorical,test,categorical,L1_S25_F1942,1,25,L1_S25,F,1942
test_categorical,test,categorical,L1_S25_F1944,1,25,L1_S25,F,1944
test_categorical,test,categorical,L1_S25_F1946,1,25,L1_S25,F,1946
test_categorical,test,categorical,L1_S25_F1947,1,25,L1_S25,F,1947
test_categorical,test,categorical,L1_S25_F1949,1,25,L1_S25,F,1949
test_categorical,test,categorical,L1_S25_F1951,1,25,L1_S25,F,1951
test_categorical,test,categorical,L1_S25_F1952,1,25,L1_S25,F,1952
test_categorical,test,categorical,L1_S25_F1954,1,25,L1_S25,F,1954
test_categorical,test,categorical,L1_S25_F1956,1,25,L1_S25,F,1956
test_categorical,test,categorical,L1_S25_F1957,1,25,L1_S25,F,1957
test_categorical,test,categorical,L1_S25_F1959,1,25,L1_S25,F,1959
test_categorical,test,categorical,L1_S25_F1961,1,25,L1_S25,F,1961
test_categorical,test,categorical,L1_S25_F1962,1,25,L1_S25,F,1962
test_categorical,test,categorical,L1_S25_F1964,1,25,L1_S25,F,1964
test_categorical,test,categorical,L1_S25_F1966,1,25,L1_S25,F,1966
test_categorical,test,categorical,L1_S25_F1967,1,25,L1_S25,F,1967
test_categorical,test,categorical,L1_S25_F1969,1,25,L1_S25,F,1969
test_categorical,test,categorical,L1_S25_F1971,1,25,L1_S25,F,1971
test_categorical,test,categorical,L1_S25_F1972,1,25,L1_S25,F,1972
test_categorical,test,categorical,L1_S25_F1974,1,25,L1_S25,F,1974
test_categorical,test,categorical,L1_S25_F1976,1,25,L1_S25,F,1976
test_categorical,test,categorical,L1_S25_F1977,1,25,L1_S25,F,1977
test_categorical,test,categorical,L1_S25_F1979,1,25,L1_S25,F,1979
test_categorical,test,categorical,L1_S25_F1981,1,25,L1_S25,F,1981
test_categorical,test,categorical,L1_S25_F1982,1,25,L1_S25,F,1982
test_categorical,test,categorical,L1_S25_F1983,1,25,L1_S25,F,1983
test_categorical,test,categorical,L1_S25_F1985,1,25,L1_S25,F,1985
test_categorical,test,categorical,L1_S25_F1986,1,25,L1_S25,F,1986
test_categorical,test,categorical,L1_S25_F1988,1,25,L1_S25,F,1988
test_categorical,test,categorical,L1_S25_F1990,1,25,L1_S25,F,1990
test_categorical,test,categorical,L1_S25_F1991,1,25,L1_S25,F,1991
test_categorical,test,categorical,L1_S25_F1993,1,25,L1_S25,F,1993
test_categorical,test,categorical,L1_S25_F1995,1,25,L1_S25,F,1995
test_categorical,test,categorical,L1_S25_F1996,1,25,L1_S25,F,1996
test_categorical,test,categorical,L1_S25_F1998,1,25,L1_S25,F,1998
test_categorical,test,categorical,L1_S25_F2000,1,25,L1_S25,F,2000
test_categorical,test,categorical,L1_S25_F2001,1,25,L1_S25,F,2001
test_categorical,test,categorical,L1_S25_F2003,1,25,L1_S25,F,2003
test_categorical,test,categorical,L1_S25_F2005,1,25,L1_S25,F,2005
test_categorical,test,categorical,L1_S25_F2006,1,25,L1_S25,F,2006
test_categorical,test,categorical,L1_S25_F2008,1,25,L1_S25,F,2008
test_categorical,test,categorical,L1_S25_F2010,1,25,L1_S25,F,2010
test_categorical,test,categorical,L1_S25_F2011,1,25,L1_S25,F,2011
test_categorical,test,categorical,L1_S25_F2012,1,25,L1_S25,F,2012
test_categorical,test,categorical,L1_S25_F2014,1,25,L1_S25,F,2014
test_categorical,test,categorical,L1_S25_F2015,1,25,L1_S25,F,2015
test_categorical,test,categorical,L1_S25_F2017,1,25,L1_S25,F,2017
test_categorical,test,categorical,L1_S25_F2019,1,25,L1_S25,F,2019
test_categorical,test,categorical,L1_S25_F2020,1,25,L1_S25,F,2020
test_categorical,test,categorical,L1_S25_F2022,1,25,L1_S25,F,2022
test_categorical,test,categorical,L1_S25_F2024,1,25,L1_S25,F,2024
test_categorical,test,categorical,L1_S25_F2025,1,25,L1_S25,F,2025
test_categorical,test,categorical,L1_S25_F2027,1,25,L1_S25,F,2027
test_categorical,test,categorical,L1_S25_F2029,1,25,L1_S25,F,2029
test_categorical,test,categorical,L1_S25_F2030,1,25,L1_S25,F,2030
test_categorical,test,categorical,L1_S25_F2032,1,25,L1_S25,F,2032
test_categorical,test,categorical,L1_S25_F2034,1,25,L1_S25,F,2034
test_categorical,test,categorical,L1_S25_F2035,1,25,L1_S25,F,2035
test_categorical,test,categorical,L1_S25_F2037,1,25,L1_S25,F,2037
test_categorical,test,categorical,L1_S25_F2039,1,25,L1_S25,F,2039
test_categorical,test,categorical,L1_S25_F2040,1,25,L1_S25,F,2040
test_categorical,test,categorical,L1_S25_F2042,1,25,L1_S25,F,2042
test_categorical,test,categorical,L1_S25_F2044,1,25,L1_S25,F,2044
test_categorical,test,categorical,L1_S25_F2045,1,25,L1_S25,F,2045
test_categorical,test,categorical,L1_S25_F2047,1,25,L1_S25,F,2047
test_categorical,test,categorical,L1_S25_F2049,1,25,L1_S25,F,2049
test_categorical,test,categorical,L1_S25_F2050,1,25,L1_S25,F,2050
test_categorical,test,categorical,L1_S25_F2052,1,25,L1_S25,F,2052
test_categorical,test,categorical,L1_S25_F2054,1,25,L1_S25,F,2054
test_categorical,test,categorical,L1_S25_F2055,1,25,L1_S25,F,2055
test_categorical,test,categorical,L1_S25_F2057,1,25,L1_S25,F,2057
test_categorical,test,categorical,L1_S25_F2059,1,25,L1_S25,F,2059
test_categorical,test,categorical,L1_S25_F2060,1,25,L1_S25,F,2060
test_categorical,test,categorical,L1_S25_F2062,1,25,L1_S25,F,2062
test_categorical,test,categorical,L1_S25_F2064,1,25,L1_S25,F,2064
test_categorical,test,categorical,L1_S25_F2065,1,25,L1_S25,F,2065
test_categorical,test,categorical,L1_S25_F2067,1,25,L1_S25,F,2067
test_categorical,test,categorical,L1_S25_F2069,1,25,L1_S25,F,2069
test_categorical,test,categorical,L1_S25_F2070,1,25,L1_S25,F,2070
test_categorical,test,categorical,L1_S25_F2072,1,25,L1_S25,F,2072
test_categorical,test,categorical,L1_S25_F2074,1,25,L1_S25,F,2074
test_categorical,test,categorical,L1_S25_F2075,1,25,L1_S25,F,2075
test_categorical,test,categorical,L1_S25_F2077,1,25,L1_S25,F,2077
test_categorical,test,categorical,L1_S25_F2079,1,25,L1_S25,F,2079
test_categorical,test,categorical,L1_S25_F2080,1,25,L1_S25,F,2080
test_categorical,test,categorical,L1_S25_F2082,1,25,L1_S25,F,2082
test_categorical,test,categorical,L1_S25_F2084,1,25,L1_S25,F,2084
test_categorical,test,categorical,L1_S25_F2085,1,25,L1_S25,F,2085
test_categorical,test,categorical,L1_S25_F2087,1,25,L1_S25,F,2087
test_categorical,test,categorical,L1_S25_F2089,1,25,L1_S25,F,2089
test_categorical,test,categorical,L1_S25_F2090,1,25,L1_S25,F,2090
test_categorical,test,categorical,L1_S25_F2092,1,25,L1_S25,F,2092
test_categorical,test,categorical,L1_S25_F2094,1,25,L1_S25,F,2094
test_categorical,test,categorical,L1_S25_F2095,1,25,L1_S25,F,2095
test_categorical,test,categorical,L1_S25_F2097,1,25,L1_S25,F,2097
test_categorical,test,categorical,L1_S25_F2099,1,25,L1_S25,F,2099
test_categorical,test,categorical,L1_S25_F2100,1,25,L1_S25,F,2100
test_categorical,test,categorical,L1_S25_F2102,1,25,L1_S25,F,2102
test_categorical,test,categorical,L1_S25_F2104,1,25,L1_S25,F,2104
test_categorical,test,categorical,L1_S25_F2105,1,25,L1_S25,F,2105
test_categorical,test,categorical,L1_S25_F2107,1,25,L1_S25,F,2107
test_categorical,test,categorical,L1_S25_F2109,1,25,L1_S25,F,2109
test_categorical,test,categorical,L1_S25_F2110,1,25,L1_S25,F,2110
test_categorical,test,categorical,L1_S25_F2112,1,25,L1_S25,F,2112
test_categorical,test,categorical,L1_S25_F2114,1,25,L1_S25,F,2114
test_categorical,test,categorical,L1_S25_F2115,1,25,L1_S25,F,2115
test_categorical,test,categorical,L1_S25_F2117,1,25,L1_S25,F,2117
test_categorical,test,categorical,L1_S25_F2119,1,25,L1_S25,F,2119
test_categorical,test,categorical,L1_S25_F2120,1,25,L1_S25,F,2120
test_categorical,test,categorical,L1_S25_F2122,1,25,L1_S25,F,2122
test_categorical,test,categorical,L1_S25_F2124,1,25,L1_S25,F,2124
test_categorical,test,categorical,L1_S25_F2125,1,25,L1_S25,F,2125
test_categorical,test,categorical,L1_S25_F2127,1,25,L1_S25,F,2127
test_categorical,test,categorical,L1_S25_F2129,1,25,L1_S25,F,2129
test_categorical,test,categorical,L1_S25_F2130,1,25,L1_S25,F,2130
test_categorical,test,categorical,L1_S25_F2132,1,25,L1_S25,F,2132
test_categorical,test,categorical,L1_S25_F2134,1,25,L1_S25,F,2134
test_categorical,test,categorical,L1_S25_F2135,1,25,L1_S25,F,2135
test_categorical,test,categorical,L1_S25_F2137,1,25,L1_S25,F,2137
test_categorical,test,categorical,L1_S25_F2139,1,25,L1_S25,F,2139
test_categorical,test,categorical,L1_S25_F2141,1,25,L1_S25,F,2141
test_categorical,test,categorical,L1_S25_F2142,1,25,L1_S25,F,2142
test_categorical,test,categorical,L1_S25_F2145,1,25,L1_S25,F,2145
test_categorical,test,categorical,L1_S25_F2148,1,25,L1_S25,F,2148
test_categorical,test,categorical,L1_S25_F2150,1,25,L1_S25,F,2150
test_categorical,test,categorical,L1_S25_F2153,1,25,L1_S25,F,2153
test_categorical,test,categorical,L1_S25_F2156,1,25,L1_S25,F,2156
test_categorical,test,categorical,L1_S25_F2159,1,25,L1_S25,F,2159
test_categorical,test,categorical,L1_S25_F2162,1,25,L1_S25,F,2162
test_categorical,test,categorical,L1_S25_F2165,1,25,L1_S25,F,2165
test_categorical,test,categorical,L1_S25_F2168,1,25,L1_S25,F,2168
test_categorical,test,categorical,L1_S25_F2171,1,25,L1_S25,F,2171
test_categorical,test,categorical,L1_S25_F2174,1,25,L1_S25,F,2174
test_categorical,test,categorical,L1_S25_F2177,1,25,L1_S25,F,2177
test_categorical,test,categorical,L1_S25_F2179,1,25,L1_S25,F,2179
test_categorical,test,categorical,L1_S25_F2182,1,25,L1_S25,F,2182
test_categorical,test,categorical,L1_S25_F2185,1,25,L1_S25,F,2185
test_categorical,test,categorical,L1_S25_F2188,1,25,L1_S25,F,2188
test_categorical,test,categorical,L1_S25_F2191,1,25,L1_S25,F,2191
test_categorical,test,categorical,L1_S25_F2194,1,25,L1_S25,F,2194
test_categorical,test,categorical,L1_S25_F2197,1,25,L1_S25,F,2197
test_categorical,test,categorical,L1_S25_F2200,1,25,L1_S25,F,2200
test_categorical,test,categorical,L1_S25_F2203,1,25,L1_S25,F,2203
test_categorical,test,categorical,L1_S25_F2205,1,25,L1_S25,F,2205
test_categorical,test,categorical,L1_S25_F2208,1,25,L1_S25,F,2208
test_categorical,test,categorical,L1_S25_F2211,1,25,L1_S25,F,2211
test_categorical,test,categorical,L1_S25_F2213,1,25,L1_S25,F,2213
test_categorical,test,categorical,L1_S25_F2215,1,25,L1_S25,F,2215
test_categorical,test,categorical,L1_S25_F2218,1,25,L1_S25,F,2218
test_categorical,test,categorical,L1_S25_F2221,1,25,L1_S25,F,2221
test_categorical,test,categorical,L1_S25_F2224,1,25,L1_S25,F,2224
test_categorical,test,categorical,L1_S25_F2227,1,25,L1_S25,F,2227
test_categorical,test,categorical,L1_S25_F2229,1,25,L1_S25,F,2229
test_categorical,test,categorical,L1_S25_F2250,1,25,L1_S25,F,2250
test_categorical,test,categorical,L1_S25_F2252,1,25,L1_S25,F,2252
test_categorical,test,categorical,L1_S25_F2253,1,25,L1_S25,F,2253
test_categorical,test,categorical,L1_S25_F2254,1,25,L1_S25,F,2254
test_categorical,test,categorical,L1_S25_F2256,1,25,L1_S25,F,2256
test_categorical,test,categorical,L1_S25_F2257,1,25,L1_S25,F,2257
test_categorical,test,categorical,L1_S25_F2259,1,25,L1_S25,F,2259
test_categorical,test,categorical,L1_S25_F2261,1,25,L1_S25,F,2261
test_categorical,test,categorical,L1_S25_F2262,1,25,L1_S25,F,2262
test_categorical,test,categorical,L1_S25_F2264,1,25,L1_S25,F,2264
test_categorical,test,categorical,L1_S25_F2266,1,25,L1_S25,F,2266
test_categorical,test,categorical,L1_S25_F2267,1,25,L1_S25,F,2267
test_categorical,test,categorical,L1_S25_F2269,1,25,L1_S25,F,2269
test_categorical,test,categorical,L1_S25_F2271,1,25,L1_S25,F,2271
test_categorical,test,categorical,L1_S25_F2272,1,25,L1_S25,F,2272
test_categorical,test,categorical,L1_S25_F2274,1,25,L1_S25,F,2274
test_categorical,test,categorical,L1_S25_F2276,1,25,L1_S25,F,2276
test_categorical,test,categorical,L1_S25_F2277,1,25,L1_S25,F,2277
test_categorical,test,categorical,L1_S25_F2279,1,25,L1_S25,F,2279
test_categorical,test,categorical,L1_S25_F2281,1,25,L1_S25,F,2281
test_categorical,test,categorical,L1_S25_F2282,1,25,L1_S25,F,2282
test_categorical,test,categorical,L1_S25_F2283,1,25,L1_S25,F,2283
test_categorical,test,categorical,L1_S25_F2285,1,25,L1_S25,F,2285
test_categorical,test,categorical,L1_S25_F2286,1,25,L1_S25,F,2286
test_categorical,test,categorical,L1_S25_F2288,1,25,L1_S25,F,2288
test_categorical,test,categorical,L1_S25_F2290,1,25,L1_S25,F,2290
test_categorical,test,categorical,L1_S25_F2291,1,25,L1_S25,F,2291
test_categorical,test,categorical,L1_S25_F2293,1,25,L1_S25,F,2293
test_categorical,test,categorical,L1_S25_F2295,1,25,L1_S25,F,2295
test_categorical,test,categorical,L1_S25_F2296,1,25,L1_S25,F,2296
test_categorical,test,categorical,L1_S25_F2298,1,25,L1_S25,F,2298
test_categorical,test,categorical,L1_S25_F2300,1,25,L1_S25,F,2300
test_categorical,test,categorical,L1_S25_F2301,1,25,L1_S25,F,2301
test_categorical,test,categorical,L1_S25_F2303,1,25,L1_S25,F,2303
test_categorical,test,categorical,L1_S25_F2305,1,25,L1_S25,F,2305
test_categorical,test,categorical,L1_S25_F2306,1,25,L1_S25,F,2306
test_categorical,test,categorical,L1_S25_F2308,1,25,L1_S25,F,2308
test_categorical,test,categorical,L1_S25_F2310,1,25,L1_S25,F,2310
test_categorical,test,categorical,L1_S25_F2311,1,25,L1_S25,F,2311
test_categorical,test,categorical,L1_S25_F2313,1,25,L1_S25,F,2313
test_categorical,test,categorical,L1_S25_F2315,1,25,L1_S25,F,2315
test_categorical,test,categorical,L1_S25_F2316,1,25,L1_S25,F,2316
test_categorical,test,categorical,L1_S25_F2318,1,25,L1_S25,F,2318
test_categorical,test,categorical,L1_S25_F2320,1,25,L1_S25,F,2320
test_categorical,test,categorical,L1_S25_F2321,1,25,L1_S25,F,2321
test_categorical,test,categorical,L1_S25_F2323,1,25,L1_S25,F,2323
test_categorical,test,categorical,L1_S25_F2325,1,25,L1_S25,F,2325
test_categorical,test,categorical,L1_S25_F2326,1,25,L1_S25,F,2326
test_categorical,test,categorical,L1_S25_F2328,1,25,L1_S25,F,2328
test_categorical,test,categorical,L1_S25_F2330,1,25,L1_S25,F,2330
test_categorical,test,categorical,L1_S25_F2331,1,25,L1_S25,F,2331
test_categorical,test,categorical,L1_S25_F2332,1,25,L1_S25,F,2332
test_categorical,test,categorical,L1_S25_F2334,1,25,L1_S25,F,2334
test_categorical,test,categorical,L1_S25_F2335,1,25,L1_S25,F,2335
test_categorical,test,categorical,L1_S25_F2337,1,25,L1_S25,F,2337
test_categorical,test,categorical,L1_S25_F2339,1,25,L1_S25,F,2339
test_categorical,test,categorical,L1_S25_F2340,1,25,L1_S25,F,2340
test_categorical,test,categorical,L1_S25_F2342,1,25,L1_S25,F,2342
test_categorical,test,categorical,L1_S25_F2344,1,25,L1_S25,F,2344
test_categorical,test,categorical,L1_S25_F2345,1,25,L1_S25,F,2345
test_categorical,test,categorical,L1_S25_F2347,1,25,L1_S25,F,2347
test_categorical,test,categorical,L1_S25_F2349,1,25,L1_S25,F,2349
test_categorical,test,categorical,L1_S25_F2350,1,25,L1_S25,F,2350
test_categorical,test,categorical,L1_S25_F2352,1,25,L1_S25,F,2352
test_categorical,test,categorical,L1_S25_F2354,1,25,L1_S25,F,2354
test_categorical,test,categorical,L1_S25_F2355,1,25,L1_S25,F,2355
test_categorical,test,categorical,L1_S25_F2357,1,25,L1_S25,F,2357
test_categorical,test,categorical,L1_S25_F2359,1,25,L1_S25,F,2359
test_categorical,test,categorical,L1_S25_F2360,1,25,L1_S25,F,2360
test_categorical,test,categorical,L1_S25_F2361,1,25,L1_S25,F,2361
test_categorical,test,categorical,L1_S25_F2363,1,25,L1_S25,F,2363
test_categorical,test,categorical,L1_S25_F2364,1,25,L1_S25,F,2364
test_categorical,test,categorical,L1_S25_F2366,1,25,L1_S25,F,2366
test_categorical,test,categorical,L1_S25_F2368,1,25,L1_S25,F,2368
test_categorical,test,categorical,L1_S25_F2369,1,25,L1_S25,F,2369
test_categorical,test,categorical,L1_S25_F2371,1,25,L1_S25,F,2371
test_categorical,test,categorical,L1_S25_F2373,1,25,L1_S25,F,2373
test_categorical,test,categorical,L1_S25_F2374,1,25,L1_S25,F,2374
test_categorical,test,categorical,L1_S25_F2376,1,25,L1_S25,F,2376
test_categorical,test,categorical,L1_S25_F2378,1,25,L1_S25,F,2378
test_categorical,test,categorical,L1_S25_F2379,1,25,L1_S25,F,2379
test_categorical,test,categorical,L1_S25_F2381,1,25,L1_S25,F,2381
test_categorical,test,categorical,L1_S25_F2383,1,25,L1_S25,F,2383
test_categorical,test,categorical,L1_S25_F2384,1,25,L1_S25,F,2384
test_categorical,test,categorical,L1_S25_F2386,1,25,L1_S25,F,2386
test_categorical,test,categorical,L1_S25_F2388,1,25,L1_S25,F,2388
test_categorical,test,categorical,L1_S25_F2389,1,25,L1_S25,F,2389
test_categorical,test,categorical,L1_S25_F2391,1,25,L1_S25,F,2391
test_categorical,test,categorical,L1_S25_F2393,1,25,L1_S25,F,2393
test_categorical,test,categorical,L1_S25_F2394,1,25,L1_S25,F,2394
test_categorical,test,categorical,L1_S25_F2396,1,25,L1_S25,F,2396
test_categorical,test,categorical,L1_S25_F2398,1,25,L1_S25,F,2398
test_categorical,test,categorical,L1_S25_F2399,1,25,L1_S25,F,2399
test_categorical,test,categorical,L1_S25_F2401,1,25,L1_S25,F,2401
test_categorical,test,categorical,L1_S25_F2403,1,25,L1_S25,F,2403
test_categorical,test,categorical,L1_S25_F2404,1,25,L1_S25,F,2404
test_categorical,test,categorical,L1_S25_F2407,1,25,L1_S25,F,2407
test_categorical,test,categorical,L1_S25_F2410,1,25,L1_S25,F,2410
test_categorical,test,categorical,L1_S25_F2413,1,25,L1_S25,F,2413
test_categorical,test,categorical,L1_S25_F2416,1,25,L1_S25,F,2416
test_categorical,test,categorical,L1_S25_F2419,1,25,L1_S25,F,2419
test_categorical,test,categorical,L1_S25_F2422,1,25,L1_S25,F,2422
test_categorical,test,categorical,L1_S25_F2425,1,25,L1_S25,F,2425
test_categorical,test,categorical,L1_S25_F2428,1,25,L1_S25,F,2428
test_categorical,test,categorical,L1_S25_F2447,1,25,L1_S25,F,2447
test_categorical,test,categorical,L1_S25_F2470,1,25,L1_S25,F,2470
test_categorical,test,categorical,L1_S25_F2473,1,25,L1_S25,F,2473
test_categorical,test,categorical,L1_S25_F2476,1,25,L1_S25,F,2476
test_categorical,test,categorical,L1_S25_F2479,1,25,L1_S25,F,2479
test_categorical,test,categorical,L1_S25_F2482,1,25,L1_S25,F,2482
test_categorical,test,categorical,L1_S25_F2485,1,25,L1_S25,F,2485
test_categorical,test,categorical,L1_S25_F2488,1,25,L1_S25,F,2488
test_categorical,test,categorical,L1_S25_F2491,1,25,L1_S25,F,2491
test_categorical,test,categorical,L1_S25_F2494,1,25,L1_S25,F,2494
test_categorical,test,categorical,L1_S25_F2496,1,25,L1_S25,F,2496
test_categorical,test,categorical,L1_S25_F2517,1,25,L1_S25,F,2517
test_categorical,test,categorical,L1_S25_F2519,1,25,L1_S25,F,2519
test_categorical,test,categorical,L1_S25_F2520,1,25,L1_S25,F,2520
test_categorical,test,categorical,L1_S25_F2521,1,25,L1_S25,F,2521
test_categorical,test,categorical,L1_S25_F2523,1,25,L1_S25,F,2523
test_categorical,test,categorical,L1_S25_F2524,1,25,L1_S25,F,2524
test_categorical,test,categorical,L1_S25_F2526,1,25,L1_S25,F,2526
test_categorical,test,categorical,L1_S25_F2528,1,25,L1_S25,F,2528
test_categorical,test,categorical,L1_S25_F2529,1,25,L1_S25,F,2529
test_categorical,test,categorical,L1_S25_F2531,1,25,L1_S25,F,2531
test_categorical,test,categorical,L1_S25_F2533,1,25,L1_S25,F,2533
test_categorical,test,categorical,L1_S25_F2534,1,25,L1_S25,F,2534
test_categorical,test,categorical,L1_S25_F2536,1,25,L1_S25,F,2536
test_categorical,test,categorical,L1_S25_F2538,1,25,L1_S25,F,2538
test_categorical,test,categorical,L1_S25_F2539,1,25,L1_S25,F,2539
test_categorical,test,categorical,L1_S25_F2541,1,25,L1_S25,F,2541
test_categorical,test,categorical,L1_S25_F2543,1,25,L1_S25,F,2543
test_categorical,test,categorical,L1_S25_F2544,1,25,L1_S25,F,2544
test_categorical,test,categorical,L1_S25_F2546,1,25,L1_S25,F,2546
test_categorical,test,categorical,L1_S25_F2548,1,25,L1_S25,F,2548
test_categorical,test,categorical,L1_S25_F2549,1,25,L1_S25,F,2549
test_categorical,test,categorical,L1_S25_F2550,1,25,L1_S25,F,2550
test_categorical,test,categorical,L1_S25_F2552,1,25,L1_S25,F,2552
test_categorical,test,categorical,L1_S25_F2553,1,25,L1_S25,F,2553
test_categorical,test,categorical,L1_S25_F2555,1,25,L1_S25,F,2555
test_categorical,test,categorical,L1_S25_F2557,1,25,L1_S25,F,2557
test_categorical,test,categorical,L1_S25_F2558,1,25,L1_S25,F,2558
test_categorical,test,categorical,L1_S25_F2560,1,25,L1_S25,F,2560
test_categorical,test,categorical,L1_S25_F2562,1,25,L1_S25,F,2562
test_categorical,test,categorical,L1_S25_F2563,1,25,L1_S25,F,2563
test_categorical,test,categorical,L1_S25_F2565,1,25,L1_S25,F,2565
test_categorical,test,categorical,L1_S25_F2567,1,25,L1_S25,F,2567
test_categorical,test,categorical,L1_S25_F2568,1,25,L1_S25,F,2568
test_categorical,test,categorical,L1_S25_F2570,1,25,L1_S25,F,2570
test_categorical,test,categorical,L1_S25_F2572,1,25,L1_S25,F,2572
test_categorical,test,categorical,L1_S25_F2573,1,25,L1_S25,F,2573
test_categorical,test,categorical,L1_S25_F2575,1,25,L1_S25,F,2575
test_categorical,test,categorical,L1_S25_F2577,1,25,L1_S25,F,2577
test_categorical,test,categorical,L1_S25_F2578,1,25,L1_S25,F,2578
test_categorical,test,categorical,L1_S25_F2580,1,25,L1_S25,F,2580
test_categorical,test,categorical,L1_S25_F2582,1,25,L1_S25,F,2582
test_categorical,test,categorical,L1_S25_F2583,1,25,L1_S25,F,2583
test_categorical,test,categorical,L1_S25_F2585,1,25,L1_S25,F,2585
test_categorical,test,categorical,L1_S25_F2587,1,25,L1_S25,F,2587
test_categorical,test,categorical,L1_S25_F2588,1,25,L1_S25,F,2588
test_categorical,test,categorical,L1_S25_F2590,1,25,L1_S25,F,2590
test_categorical,test,categorical,L1_S25_F2592,1,25,L1_S25,F,2592
test_categorical,test,categorical,L1_S25_F2593,1,25,L1_S25,F,2593
test_categorical,test,categorical,L1_S25_F2595,1,25,L1_S25,F,2595
test_categorical,test,categorical,L1_S25_F2597,1,25,L1_S25,F,2597
test_categorical,test,categorical,L1_S25_F2598,1,25,L1_S25,F,2598
test_categorical,test,categorical,L1_S25_F2599,1,25,L1_S25,F,2599
test_categorical,test,categorical,L1_S25_F2601,1,25,L1_S25,F,2601
test_categorical,test,categorical,L1_S25_F2602,1,25,L1_S25,F,2602
test_categorical,test,categorical,L1_S25_F2604,1,25,L1_S25,F,2604
test_categorical,test,categorical,L1_S25_F2606,1,25,L1_S25,F,2606
test_categorical,test,categorical,L1_S25_F2607,1,25,L1_S25,F,2607
test_categorical,test,categorical,L1_S25_F2609,1,25,L1_S25,F,2609
test_categorical,test,categorical,L1_S25_F2611,1,25,L1_S25,F,2611
test_categorical,test,categorical,L1_S25_F2612,1,25,L1_S25,F,2612
test_categorical,test,categorical,L1_S25_F2614,1,25,L1_S25,F,2614
test_categorical,test,categorical,L1_S25_F2616,1,25,L1_S25,F,2616
test_categorical,test,categorical,L1_S25_F2617,1,25,L1_S25,F,2617
test_categorical,test,categorical,L1_S25_F2619,1,25,L1_S25,F,2619
test_categorical,test,categorical,L1_S25_F2621,1,25,L1_S25,F,2621
test_categorical,test,categorical,L1_S25_F2622,1,25,L1_S25,F,2622
test_categorical,test,categorical,L1_S25_F2624,1,25,L1_S25,F,2624
test_categorical,test,categorical,L1_S25_F2626,1,25,L1_S25,F,2626
test_categorical,test,categorical,L1_S25_F2627,1,25,L1_S25,F,2627
test_categorical,test,categorical,L1_S25_F2628,1,25,L1_S25,F,2628
test_categorical,test,categorical,L1_S25_F2630,1,25,L1_S25,F,2630
test_categorical,test,categorical,L1_S25_F2631,1,25,L1_S25,F,2631
test_categorical,test,categorical,L1_S25_F2633,1,25,L1_S25,F,2633
test_categorical,test,categorical,L1_S25_F2635,1,25,L1_S25,F,2635
test_categorical,test,categorical,L1_S25_F2636,1,25,L1_S25,F,2636
test_categorical,test,categorical,L1_S25_F2638,1,25,L1_S25,F,2638
test_categorical,test,categorical,L1_S25_F2640,1,25,L1_S25,F,2640
test_categorical,test,categorical,L1_S25_F2641,1,25,L1_S25,F,2641
test_categorical,test,categorical,L1_S25_F2643,1,25,L1_S25,F,2643
test_categorical,test,categorical,L1_S25_F2645,1,25,L1_S25,F,2645
test_categorical,test,categorical,L1_S25_F2646,1,25,L1_S25,F,2646
test_categorical,test,categorical,L1_S25_F2648,1,25,L1_S25,F,2648
test_categorical,test,categorical,L1_S25_F2650,1,25,L1_S25,F,2650
test_categorical,test,categorical,L1_S25_F2651,1,25,L1_S25,F,2651
test_categorical,test,categorical,L1_S25_F2653,1,25,L1_S25,F,2653
test_categorical,test,categorical,L1_S25_F2655,1,25,L1_S25,F,2655
test_categorical,test,categorical,L1_S25_F2656,1,25,L1_S25,F,2656
test_categorical,test,categorical,L1_S25_F2658,1,25,L1_S25,F,2658
test_categorical,test,categorical,L1_S25_F2660,1,25,L1_S25,F,2660
test_categorical,test,categorical,L1_S25_F2661,1,25,L1_S25,F,2661
test_categorical,test,categorical,L1_S25_F2663,1,25,L1_S25,F,2663
test_categorical,test,categorical,L1_S25_F2665,1,25,L1_S25,F,2665
test_categorical,test,categorical,L1_S25_F2666,1,25,L1_S25,F,2666
test_categorical,test,categorical,L1_S25_F2668,1,25,L1_S25,F,2668
test_categorical,test,categorical,L1_S25_F2670,1,25,L1_S25,F,2670
test_categorical,test,categorical,L1_S25_F2671,1,25,L1_S25,F,2671
test_categorical,test,categorical,L1_S25_F2673,1,25,L1_S25,F,2673
test_categorical,test,categorical,L1_S25_F2675,1,25,L1_S25,F,2675
test_categorical,test,categorical,L1_S25_F2676,1,25,L1_S25,F,2676
test_categorical,test,categorical,L1_S25_F2678,1,25,L1_S25,F,2678
test_categorical,test,categorical,L1_S25_F2680,1,25,L1_S25,F,2680
test_categorical,test,categorical,L1_S25_F2681,1,25,L1_S25,F,2681
test_categorical,test,categorical,L1_S25_F2683,1,25,L1_S25,F,2683
test_categorical,test,categorical,L1_S25_F2685,1,25,L1_S25,F,2685
test_categorical,test,categorical,L1_S25_F2686,1,25,L1_S25,F,2686
test_categorical,test,categorical,L1_S25_F2688,1,25,L1_S25,F,2688
test_categorical,test,categorical,L1_S25_F2690,1,25,L1_S25,F,2690
test_categorical,test,categorical,L1_S25_F2691,1,25,L1_S25,F,2691
test_categorical,test,categorical,L1_S25_F2693,1,25,L1_S25,F,2693
test_categorical,test,categorical,L1_S25_F2695,1,25,L1_S25,F,2695
test_categorical,test,categorical,L1_S25_F2696,1,25,L1_S25,F,2696
test_categorical,test,categorical,L1_S25_F2698,1,25,L1_S25,F,2698
test_categorical,test,categorical,L1_S25_F2700,1,25,L1_S25,F,2700
test_categorical,test,categorical,L1_S25_F2701,1,25,L1_S25,F,2701
test_categorical,test,categorical,L1_S25_F2703,1,25,L1_S25,F,2703
test_categorical,test,categorical,L1_S25_F2705,1,25,L1_S25,F,2705
test_categorical,test,categorical,L1_S25_F2706,1,25,L1_S25,F,2706
test_categorical,test,categorical,L1_S25_F2708,1,25,L1_S25,F,2708
test_categorical,test,categorical,L1_S25_F2710,1,25,L1_S25,F,2710
test_categorical,test,categorical,L1_S25_F2711,1,25,L1_S25,F,2711
test_categorical,test,categorical,L1_S25_F2730,1,25,L1_S25,F,2730
test_categorical,test,categorical,L1_S25_F2753,1,25,L1_S25,F,2753
test_categorical,test,categorical,L1_S25_F2756,1,25,L1_S25,F,2756
test_categorical,test,categorical,L1_S25_F2759,1,25,L1_S25,F,2759
test_categorical,test,categorical,L1_S25_F2762,1,25,L1_S25,F,2762
test_categorical,test,categorical,L1_S25_F2765,1,25,L1_S25,F,2765
test_categorical,test,categorical,L1_S25_F2768,1,25,L1_S25,F,2768
test_categorical,test,categorical,L1_S25_F2771,1,25,L1_S25,F,2771
test_categorical,test,categorical,L1_S25_F2774,1,25,L1_S25,F,2774
test_categorical,test,categorical,L1_S25_F2777,1,25,L1_S25,F,2777
test_categorical,test,categorical,L1_S25_F2779,1,25,L1_S25,F,2779
test_categorical,test,categorical,L1_S25_F2800,1,25,L1_S25,F,2800
test_categorical,test,categorical,L1_S25_F2802,1,25,L1_S25,F,2802
test_categorical,test,categorical,L1_S25_F2803,1,25,L1_S25,F,2803
test_categorical,test,categorical,L1_S25_F2804,1,25,L1_S25,F,2804
test_categorical,test,categorical,L1_S25_F2806,1,25,L1_S25,F,2806
test_categorical,test,categorical,L1_S25_F2807,1,25,L1_S25,F,2807
test_categorical,test,categorical,L1_S25_F2809,1,25,L1_S25,F,2809
test_categorical,test,categorical,L1_S25_F2811,1,25,L1_S25,F,2811
test_categorical,test,categorical,L1_S25_F2812,1,25,L1_S25,F,2812
test_categorical,test,categorical,L1_S25_F2814,1,25,L1_S25,F,2814
test_categorical,test,categorical,L1_S25_F2816,1,25,L1_S25,F,2816
test_categorical,test,categorical,L1_S25_F2817,1,25,L1_S25,F,2817
test_categorical,test,categorical,L1_S25_F2819,1,25,L1_S25,F,2819
test_categorical,test,categorical,L1_S25_F2821,1,25,L1_S25,F,2821
test_categorical,test,categorical,L1_S25_F2822,1,25,L1_S25,F,2822
test_categorical,test,categorical,L1_S25_F2824,1,25,L1_S25,F,2824
test_categorical,test,categorical,L1_S25_F2826,1,25,L1_S25,F,2826
test_categorical,test,categorical,L1_S25_F2827,1,25,L1_S25,F,2827
test_categorical,test,categorical,L1_S25_F2829,1,25,L1_S25,F,2829
test_categorical,test,categorical,L1_S25_F2831,1,25,L1_S25,F,2831
test_categorical,test,categorical,L1_S25_F2832,1,25,L1_S25,F,2832
test_categorical,test,categorical,L1_S25_F2833,1,25,L1_S25,F,2833
test_categorical,test,categorical,L1_S25_F2835,1,25,L1_S25,F,2835
test_categorical,test,categorical,L1_S25_F2836,1,25,L1_S25,F,2836
test_categorical,test,categorical,L1_S25_F2838,1,25,L1_S25,F,2838
test_categorical,test,categorical,L1_S25_F2840,1,25,L1_S25,F,2840
test_categorical,test,categorical,L1_S25_F2841,1,25,L1_S25,F,2841
test_categorical,test,categorical,L1_S25_F2843,1,25,L1_S25,F,2843
test_categorical,test,categorical,L1_S25_F2845,1,25,L1_S25,F,2845
test_categorical,test,categorical,L1_S25_F2846,1,25,L1_S25,F,2846
test_categorical,test,categorical,L1_S25_F2848,1,25,L1_S25,F,2848
test_categorical,test,categorical,L1_S25_F2850,1,25,L1_S25,F,2850
test_categorical,test,categorical,L1_S25_F2851,1,25,L1_S25,F,2851
test_categorical,test,categorical,L1_S25_F2853,1,25,L1_S25,F,2853
test_categorical,test,categorical,L1_S25_F2855,1,25,L1_S25,F,2855
test_categorical,test,categorical,L1_S25_F2856,1,25,L1_S25,F,2856
test_categorical,test,categorical,L1_S25_F2858,1,25,L1_S25,F,2858
test_categorical,test,categorical,L1_S25_F2860,1,25,L1_S25,F,2860
test_categorical,test,categorical,L1_S25_F2861,1,25,L1_S25,F,2861
test_categorical,test,categorical,L1_S25_F2863,1,25,L1_S25,F,2863
test_categorical,test,categorical,L1_S25_F2865,1,25,L1_S25,F,2865
test_categorical,test,categorical,L1_S25_F2866,1,25,L1_S25,F,2866
test_categorical,test,categorical,L1_S25_F2868,1,25,L1_S25,F,2868
test_categorical,test,categorical,L1_S25_F2870,1,25,L1_S25,F,2870
test_categorical,test,categorical,L1_S25_F2871,1,25,L1_S25,F,2871
test_categorical,test,categorical,L1_S25_F2873,1,25,L1_S25,F,2873
test_categorical,test,categorical,L1_S25_F2875,1,25,L1_S25,F,2875
test_categorical,test,categorical,L1_S25_F2876,1,25,L1_S25,F,2876
test_categorical,test,categorical,L1_S25_F2878,1,25,L1_S25,F,2878
test_categorical,test,categorical,L1_S25_F2880,1,25,L1_S25,F,2880
test_categorical,test,categorical,L1_S25_F2881,1,25,L1_S25,F,2881
test_categorical,test,categorical,L1_S25_F2882,1,25,L1_S25,F,2882
test_categorical,test,categorical,L1_S25_F2884,1,25,L1_S25,F,2884
test_categorical,test,categorical,L1_S25_F2885,1,25,L1_S25,F,2885
test_categorical,test,categorical,L1_S25_F2887,1,25,L1_S25,F,2887
test_categorical,test,categorical,L1_S25_F2889,1,25,L1_S25,F,2889
test_categorical,test,categorical,L1_S25_F2890,1,25,L1_S25,F,2890
test_categorical,test,categorical,L1_S25_F2892,1,25,L1_S25,F,2892
test_categorical,test,categorical,L1_S25_F2894,1,25,L1_S25,F,2894
test_categorical,test,categorical,L1_S25_F2895,1,25,L1_S25,F,2895
test_categorical,test,categorical,L1_S25_F2897,1,25,L1_S25,F,2897
test_categorical,test,categorical,L1_S25_F2899,1,25,L1_S25,F,2899
test_categorical,test,categorical,L1_S25_F2900,1,25,L1_S25,F,2900
test_categorical,test,categorical,L1_S25_F2902,1,25,L1_S25,F,2902
test_categorical,test,categorical,L1_S25_F2904,1,25,L1_S25,F,2904
test_categorical,test,categorical,L1_S25_F2905,1,25,L1_S25,F,2905
test_categorical,test,categorical,L1_S25_F2907,1,25,L1_S25,F,2907
test_categorical,test,categorical,L1_S25_F2909,1,25,L1_S25,F,2909
test_categorical,test,categorical,L1_S25_F2910,1,25,L1_S25,F,2910
test_categorical,test,categorical,L1_S25_F2911,1,25,L1_S25,F,2911
test_categorical,test,categorical,L1_S25_F2913,1,25,L1_S25,F,2913
test_categorical,test,categorical,L1_S25_F2914,1,25,L1_S25,F,2914
test_categorical,test,categorical,L1_S25_F2916,1,25,L1_S25,F,2916
test_categorical,test,categorical,L1_S25_F2918,1,25,L1_S25,F,2918
test_categorical,test,categorical,L1_S25_F2919,1,25,L1_S25,F,2919
test_categorical,test,categorical,L1_S25_F2921,1,25,L1_S25,F,2921
test_categorical,test,categorical,L1_S25_F2923,1,25,L1_S25,F,2923
test_categorical,test,categorical,L1_S25_F2924,1,25,L1_S25,F,2924
test_categorical,test,categorical,L1_S25_F2926,1,25,L1_S25,F,2926
test_categorical,test,categorical,L1_S25_F2928,1,25,L1_S25,F,2928
test_categorical,test,categorical,L1_S25_F2929,1,25,L1_S25,F,2929
test_categorical,test,categorical,L1_S25_F2931,1,25,L1_S25,F,2931
test_categorical,test,categorical,L1_S25_F2933,1,25,L1_S25,F,2933
test_categorical,test,categorical,L1_S25_F2934,1,25,L1_S25,F,2934
test_categorical,test,categorical,L1_S25_F2936,1,25,L1_S25,F,2936
test_categorical,test,categorical,L1_S25_F2938,1,25,L1_S25,F,2938
test_categorical,test,categorical,L1_S25_F2939,1,25,L1_S25,F,2939
test_categorical,test,categorical,L1_S25_F2941,1,25,L1_S25,F,2941
test_categorical,test,categorical,L1_S25_F2943,1,25,L1_S25,F,2943
test_categorical,test,categorical,L1_S25_F2944,1,25,L1_S25,F,2944
test_categorical,test,categorical,L1_S25_F2946,1,25,L1_S25,F,2946
test_categorical,test,categorical,L1_S25_F2948,1,25,L1_S25,F,2948
test_categorical,test,categorical,L1_S25_F2949,1,25,L1_S25,F,2949
test_categorical,test,categorical,L1_S25_F2951,1,25,L1_S25,F,2951
test_categorical,test,categorical,L1_S25_F2953,1,25,L1_S25,F,2953
test_categorical,test,categorical,L1_S25_F2954,1,25,L1_S25,F,2954
test_categorical,test,categorical,L1_S25_F2956,1,25,L1_S25,F,2956
test_categorical,test,categorical,L1_S25_F2958,1,25,L1_S25,F,2958
test_categorical,test,categorical,L1_S25_F2959,1,25,L1_S25,F,2959
test_categorical,test,categorical,L1_S25_F2961,1,25,L1_S25,F,2961
test_categorical,test,categorical,L1_S25_F2963,1,25,L1_S25,F,2963
test_categorical,test,categorical,L1_S25_F2964,1,25,L1_S25,F,2964
test_categorical,test,categorical,L1_S25_F2966,1,25,L1_S25,F,2966
test_categorical,test,categorical,L1_S25_F2968,1,25,L1_S25,F,2968
test_categorical,test,categorical,L1_S25_F2969,1,25,L1_S25,F,2969
test_categorical,test,categorical,L1_S25_F2971,1,25,L1_S25,F,2971
test_categorical,test,categorical,L1_S25_F2973,1,25,L1_S25,F,2973
test_categorical,test,categorical,L1_S25_F2974,1,25,L1_S25,F,2974
test_categorical,test,categorical,L1_S25_F2976,1,25,L1_S25,F,2976
test_categorical,test,categorical,L1_S25_F2978,1,25,L1_S25,F,2978
test_categorical,test,categorical,L1_S25_F2979,1,25,L1_S25,F,2979
test_categorical,test,categorical,L1_S25_F2981,1,25,L1_S25,F,2981
test_categorical,test,categorical,L1_S25_F2983,1,25,L1_S25,F,2983
test_categorical,test,categorical,L1_S25_F2984,1,25,L1_S25,F,2984
test_categorical,test,categorical,L1_S25_F2986,1,25,L1_S25,F,2986
test_categorical,test,categorical,L1_S25_F2988,1,25,L1_S25,F,2988
test_categorical,test,categorical,L1_S25_F2989,1,25,L1_S25,F,2989
test_categorical,test,categorical,L1_S25_F2991,1,25,L1_S25,F,2991
test_categorical,test,categorical,L1_S25_F2993,1,25,L1_S25,F,2993
test_categorical,test,categorical,L1_S25_F2994,1,25,L1_S25,F,2994
test_categorical,test,categorical,L1_S25_F3013,1,25,L1_S25,F,3013
test_categorical,test,categorical,L2_S26_F3038,2,26,L2_S26,F,3038
test_categorical,test,categorical,L2_S26_F3039,2,26,L2_S26,F,3039
test_categorical,test,categorical,L2_S26_F3042,2,26,L2_S26,F,3042
test_categorical,test,categorical,L2_S26_F3043,2,26,L2_S26,F,3043
test_categorical,test,categorical,L2_S26_F3045,2,26,L2_S26,F,3045
test_categorical,test,categorical,L2_S26_F3046,2,26,L2_S26,F,3046
test_categorical,test,categorical,L2_S26_F3049,2,26,L2_S26,F,3049
test_categorical,test,categorical,L2_S26_F3050,2,26,L2_S26,F,3050
test_categorical,test,categorical,L2_S26_F3053,2,26,L2_S26,F,3053
test_categorical,test,categorical,L2_S26_F3054,2,26,L2_S26,F,3054
test_categorical,test,categorical,L2_S26_F3057,2,26,L2_S26,F,3057
test_categorical,test,categorical,L2_S26_F3058,2,26,L2_S26,F,3058
test_categorical,test,categorical,L2_S26_F3060,2,26,L2_S26,F,3060
test_categorical,test,categorical,L2_S26_F3061,2,26,L2_S26,F,3061
test_categorical,test,categorical,L2_S26_F3064,2,26,L2_S26,F,3064
test_categorical,test,categorical,L2_S26_F3065,2,26,L2_S26,F,3065
test_categorical,test,categorical,L2_S26_F3067,2,26,L2_S26,F,3067
test_categorical,test,categorical,L2_S26_F3068,2,26,L2_S26,F,3068
test_categorical,test,categorical,L2_S26_F3071,2,26,L2_S26,F,3071
test_categorical,test,categorical,L2_S26_F3072,2,26,L2_S26,F,3072
test_categorical,test,categorical,L2_S26_F3075,2,26,L2_S26,F,3075
test_categorical,test,categorical,L2_S26_F3076,2,26,L2_S26,F,3076
test_categorical,test,categorical,L2_S26_F3079,2,26,L2_S26,F,3079
test_categorical,test,categorical,L2_S26_F3080,2,26,L2_S26,F,3080
test_categorical,test,categorical,L2_S26_F3082,2,26,L2_S26,F,3082
test_categorical,test,categorical,L2_S26_F3083,2,26,L2_S26,F,3083
test_categorical,test,categorical,L2_S26_F3085,2,26,L2_S26,F,3085
test_categorical,test,categorical,L2_S26_F3086,2,26,L2_S26,F,3086
test_categorical,test,categorical,L2_S26_F3088,2,26,L2_S26,F,3088
test_categorical,test,categorical,L2_S26_F3089,2,26,L2_S26,F,3089
test_categorical,test,categorical,L2_S26_F3091,2,26,L2_S26,F,3091
test_categorical,test,categorical,L2_S26_F3092,2,26,L2_S26,F,3092
test_categorical,test,categorical,L2_S26_F3094,2,26,L2_S26,F,3094
test_categorical,test,categorical,L2_S26_F3095,2,26,L2_S26,F,3095
test_categorical,test,categorical,L2_S26_F3097,2,26,L2_S26,F,3097
test_categorical,test,categorical,L2_S26_F3098,2,26,L2_S26,F,3098
test_categorical,test,categorical,L2_S26_F3099,2,26,L2_S26,F,3099
test_categorical,test,categorical,L2_S26_F3101,2,26,L2_S26,F,3101
test_categorical,test,categorical,L2_S26_F3102,2,26,L2_S26,F,3102
test_categorical,test,categorical,L2_S26_F3104,2,26,L2_S26,F,3104
test_categorical,test,categorical,L2_S26_F3105,2,26,L2_S26,F,3105
test_categorical,test,categorical,L2_S26_F3108,2,26,L2_S26,F,3108
test_categorical,test,categorical,L2_S26_F3109,2,26,L2_S26,F,3109
test_categorical,test,categorical,L2_S26_F3111,2,26,L2_S26,F,3111
test_categorical,test,categorical,L2_S26_F3112,2,26,L2_S26,F,3112
test_categorical,test,categorical,L2_S26_F3115,2,26,L2_S26,F,3115
test_categorical,test,categorical,L2_S26_F3116,2,26,L2_S26,F,3116
test_categorical,test,categorical,L2_S26_F3119,2,26,L2_S26,F,3119
test_categorical,test,categorical,L2_S26_F3120,2,26,L2_S26,F,3120
test_categorical,test,categorical,L2_S26_F3123,2,26,L2_S26,F,3123
test_categorical,test,categorical,L2_S26_F3124,2,26,L2_S26,F,3124
test_categorical,test,categorical,L2_S26_F3127,2,26,L2_S26,F,3127
test_categorical,test,categorical,L2_S26_F3128,2,26,L2_S26,F,3128
test_categorical,test,categorical,L2_S27_F3131,2,27,L2_S27,F,3131
test_categorical,test,categorical,L2_S27_F3132,2,27,L2_S27,F,3132
test_categorical,test,categorical,L2_S27_F3135,2,27,L2_S27,F,3135
test_categorical,test,categorical,L2_S27_F3136,2,27,L2_S27,F,3136
test_categorical,test,categorical,L2_S27_F3138,2,27,L2_S27,F,3138
test_categorical,test,categorical,L2_S27_F3139,2,27,L2_S27,F,3139
test_categorical,test,categorical,L2_S27_F3142,2,27,L2_S27,F,3142
test_categorical,test,categorical,L2_S27_F3143,2,27,L2_S27,F,3143
test_categorical,test,categorical,L2_S27_F3146,2,27,L2_S27,F,3146
test_categorical,test,categorical,L2_S27_F3147,2,27,L2_S27,F,3147
test_categorical,test,categorical,L2_S27_F3150,2,27,L2_S27,F,3150
test_categorical,test,categorical,L2_S27_F3151,2,27,L2_S27,F,3151
test_categorical,test,categorical,L2_S27_F3153,2,27,L2_S27,F,3153
test_categorical,test,categorical,L2_S27_F3154,2,27,L2_S27,F,3154
test_categorical,test,categorical,L2_S27_F3157,2,27,L2_S27,F,3157
test_categorical,test,categorical,L2_S27_F3158,2,27,L2_S27,F,3158
test_categorical,test,categorical,L2_S27_F3160,2,27,L2_S27,F,3160
test_categorical,test,categorical,L2_S27_F3161,2,27,L2_S27,F,3161
test_categorical,test,categorical,L2_S27_F3164,2,27,L2_S27,F,3164
test_categorical,test,categorical,L2_S27_F3165,2,27,L2_S27,F,3165
test_categorical,test,categorical,L2_S27_F3168,2,27,L2_S27,F,3168
test_categorical,test,categorical,L2_S27_F3169,2,27,L2_S27,F,3169
test_categorical,test,categorical,L2_S27_F3172,2,27,L2_S27,F,3172
test_categorical,test,categorical,L2_S27_F3173,2,27,L2_S27,F,3173
test_categorical,test,categorical,L2_S27_F3175,2,27,L2_S27,F,3175
test_categorical,test,categorical,L2_S27_F3176,2,27,L2_S27,F,3176
test_categorical,test,categorical,L2_S27_F3178,2,27,L2_S27,F,3178
test_categorical,test,categorical,L2_S27_F3179,2,27,L2_S27,F,3179
test_categorical,test,categorical,L2_S27_F3181,2,27,L2_S27,F,3181
test_categorical,test,categorical,L2_S27_F3182,2,27,L2_S27,F,3182
test_categorical,test,categorical,L2_S27_F3184,2,27,L2_S27,F,3184
test_categorical,test,categorical,L2_S27_F3185,2,27,L2_S27,F,3185
test_categorical,test,categorical,L2_S27_F3187,2,27,L2_S27,F,3187
test_categorical,test,categorical,L2_S27_F3188,2,27,L2_S27,F,3188
test_categorical,test,categorical,L2_S27_F3190,2,27,L2_S27,F,3190
test_categorical,test,categorical,L2_S27_F3191,2,27,L2_S27,F,3191
test_categorical,test,categorical,L2_S27_F3192,2,27,L2_S27,F,3192
test_categorical,test,categorical,L2_S27_F3194,2,27,L2_S27,F,3194
test_categorical,test,categorical,L2_S27_F3195,2,27,L2_S27,F,3195
test_categorical,test,categorical,L2_S27_F3197,2,27,L2_S27,F,3197
test_categorical,test,categorical,L2_S27_F3198,2,27,L2_S27,F,3198
test_categorical,test,categorical,L2_S27_F3201,2,27,L2_S27,F,3201
test_categorical,test,categorical,L2_S27_F3202,2,27,L2_S27,F,3202
test_categorical,test,categorical,L2_S27_F3204,2,27,L2_S27,F,3204
test_categorical,test,categorical,L2_S27_F3205,2,27,L2_S27,F,3205
test_categorical,test,categorical,L2_S27_F3208,2,27,L2_S27,F,3208
test_categorical,test,categorical,L2_S27_F3209,2,27,L2_S27,F,3209
test_categorical,test,categorical,L2_S27_F3212,2,27,L2_S27,F,3212
test_categorical,test,categorical,L2_S27_F3213,2,27,L2_S27,F,3213
test_categorical,test,categorical,L2_S27_F3216,2,27,L2_S27,F,3216
test_categorical,test,categorical,L2_S27_F3217,2,27,L2_S27,F,3217
test_categorical,test,categorical,L2_S27_F3220,2,27,L2_S27,F,3220
test_categorical,test,categorical,L2_S27_F3221,2,27,L2_S27,F,3221
test_categorical,test,categorical,L2_S28_F3224,2,28,L2_S28,F,3224
test_categorical,test,categorical,L2_S28_F3225,2,28,L2_S28,F,3225
test_categorical,test,categorical,L2_S28_F3228,2,28,L2_S28,F,3228
test_categorical,test,categorical,L2_S28_F3229,2,28,L2_S28,F,3229
test_categorical,test,categorical,L2_S28_F3231,2,28,L2_S28,F,3231
test_categorical,test,categorical,L2_S28_F3232,2,28,L2_S28,F,3232
test_categorical,test,categorical,L2_S28_F3235,2,28,L2_S28,F,3235
test_categorical,test,categorical,L2_S28_F3236,2,28,L2_S28,F,3236
test_categorical,test,categorical,L2_S28_F3239,2,28,L2_S28,F,3239
test_categorical,test,categorical,L2_S28_F3240,2,28,L2_S28,F,3240
test_categorical,test,categorical,L2_S28_F3243,2,28,L2_S28,F,3243
test_categorical,test,categorical,L2_S28_F3244,2,28,L2_S28,F,3244
test_categorical,test,categorical,L2_S28_F3246,2,28,L2_S28,F,3246
test_categorical,test,categorical,L2_S28_F3247,2,28,L2_S28,F,3247
test_categorical,test,categorical,L2_S28_F3250,2,28,L2_S28,F,3250
test_categorical,test,categorical,L2_S28_F3251,2,28,L2_S28,F,3251
test_categorical,test,categorical,L2_S28_F3253,2,28,L2_S28,F,3253
test_categorical,test,categorical,L2_S28_F3254,2,28,L2_S28,F,3254
test_categorical,test,categorical,L2_S28_F3257,2,28,L2_S28,F,3257
test_categorical,test,categorical,L2_S28_F3258,2,28,L2_S28,F,3258
test_categorical,test,categorical,L2_S28_F3261,2,28,L2_S28,F,3261
test_categorical,test,categorical,L2_S28_F3262,2,28,L2_S28,F,3262
test_categorical,test,categorical,L2_S28_F3265,2,28,L2_S28,F,3265
test_categorical,test,categorical,L2_S28_F3266,2,28,L2_S28,F,3266
test_categorical,test,categorical,L2_S28_F3268,2,28,L2_S28,F,3268
test_categorical,test,categorical,L2_S28_F3269,2,28,L2_S28,F,3269
test_categorical,test,categorical,L2_S28_F3271,2,28,L2_S28,F,3271
test_categorical,test,categorical,L2_S28_F3272,2,28,L2_S28,F,3272
test_categorical,test,categorical,L2_S28_F3274,2,28,L2_S28,F,3274
test_categorical,test,categorical,L2_S28_F3275,2,28,L2_S28,F,3275
test_categorical,test,categorical,L2_S28_F3277,2,28,L2_S28,F,3277
test_categorical,test,categorical,L2_S28_F3278,2,28,L2_S28,F,3278
test_categorical,test,categorical,L2_S28_F3280,2,28,L2_S28,F,3280
test_categorical,test,categorical,L2_S28_F3281,2,28,L2_S28,F,3281
test_categorical,test,categorical,L2_S28_F3283,2,28,L2_S28,F,3283
test_categorical,test,categorical,L2_S28_F3284,2,28,L2_S28,F,3284
test_categorical,test,categorical,L2_S28_F3285,2,28,L2_S28,F,3285
test_categorical,test,categorical,L2_S28_F3287,2,28,L2_S28,F,3287
test_categorical,test,categorical,L2_S28_F3288,2,28,L2_S28,F,3288
test_categorical,test,categorical,L2_S28_F3290,2,28,L2_S28,F,3290
test_categorical,test,categorical,L2_S28_F3291,2,28,L2_S28,F,3291
test_categorical,test,categorical,L2_S28_F3294,2,28,L2_S28,F,3294
test_categorical,test,categorical,L2_S28_F3295,2,28,L2_S28,F,3295
test_categorical,test,categorical,L2_S28_F3297,2,28,L2_S28,F,3297
test_categorical,test,categorical,L2_S28_F3298,2,28,L2_S28,F,3298
test_categorical,test,categorical,L2_S28_F3301,2,28,L2_S28,F,3301
test_categorical,test,categorical,L2_S28_F3302,2,28,L2_S28,F,3302
test_categorical,test,categorical,L2_S28_F3305,2,28,L2_S28,F,3305
test_categorical,test,categorical,L2_S28_F3306,2,28,L2_S28,F,3306
test_categorical,test,categorical,L2_S28_F3309,2,28,L2_S28,F,3309
test_categorical,test,categorical,L2_S28_F3310,2,28,L2_S28,F,3310
test_categorical,test,categorical,L2_S28_F3313,2,28,L2_S28,F,3313
test_categorical,test,categorical,L2_S28_F3314,2,28,L2_S28,F,3314
test_categorical,test,categorical,L3_S29_F3317,3,29,L3_S29,F,3317
test_categorical,test,categorical,L3_S29_F3320,3,29,L3_S29,F,3320
test_categorical,test,categorical,L3_S29_F3323,3,29,L3_S29,F,3323
test_categorical,test,categorical,L3_S29_F3326,3,29,L3_S29,F,3326
test_categorical,test,categorical,L3_S29_F3329,3,29,L3_S29,F,3329
test_categorical,test,categorical,L3_S29_F3332,3,29,L3_S29,F,3332
test_categorical,test,categorical,L3_S29_F3335,3,29,L3_S29,F,3335
test_categorical,test,categorical,L3_S29_F3338,3,29,L3_S29,F,3338
test_categorical,test,categorical,L3_S29_F3341,3,29,L3_S29,F,3341
test_categorical,test,categorical,L3_S29_F3344,3,29,L3_S29,F,3344
test_categorical,test,categorical,L3_S29_F3347,3,29,L3_S29,F,3347
test_categorical,test,categorical,L3_S29_F3350,3,29,L3_S29,F,3350
test_categorical,test,categorical,L3_S29_F3353,3,29,L3_S29,F,3353
test_categorical,test,categorical,L3_S29_F3356,3,29,L3_S29,F,3356
test_categorical,test,categorical,L3_S29_F3359,3,29,L3_S29,F,3359
test_categorical,test,categorical,L3_S29_F3362,3,29,L3_S29,F,3362
test_categorical,test,categorical,L3_S29_F3364,3,29,L3_S29,F,3364
test_categorical,test,categorical,L3_S29_F3366,3,29,L3_S29,F,3366
test_categorical,test,categorical,L3_S29_F3369,3,29,L3_S29,F,3369
test_categorical,test,categorical,L3_S29_F3372,3,29,L3_S29,F,3372
test_categorical,test,categorical,L3_S29_F3375,3,29,L3_S29,F,3375
test_categorical,test,categorical,L3_S29_F3378,3,29,L3_S29,F,3378
test_categorical,test,categorical,L3_S29_F3381,3,29,L3_S29,F,3381
test_categorical,test,categorical,L3_S29_F3384,3,29,L3_S29,F,3384
test_categorical,test,categorical,L3_S29_F3387,3,29,L3_S29,F,3387
test_categorical,test,categorical,L3_S29_F3390,3,29,L3_S29,F,3390
test_categorical,test,categorical,L3_S29_F3392,3,29,L3_S29,F,3392
test_categorical,test,categorical,L3_S29_F3394,3,29,L3_S29,F,3394
test_categorical,test,categorical,L3_S29_F3397,3,29,L3_S29,F,3397
test_categorical,test,categorical,L3_S29_F3400,3,29,L3_S29,F,3400
test_categorical,test,categorical,L3_S29_F3403,3,29,L3_S29,F,3403
test_categorical,test,categorical,L3_S29_F3406,3,29,L3_S29,F,3406
test_categorical,test,categorical,L3_S29_F3409,3,29,L3_S29,F,3409
test_categorical,test,categorical,L3_S29_F3411,3,29,L3_S29,F,3411
test_categorical,test,categorical,L3_S29_F3414,3,29,L3_S29,F,3414
test_categorical,test,categorical,L3_S29_F3416,3,29,L3_S29,F,3416
test_categorical,test,categorical,L3_S29_F3418,3,29,L3_S29,F,3418
test_categorical,test,categorical,L3_S29_F3420,3,29,L3_S29,F,3420
test_categorical,test,categorical,L3_S29_F3423,3,29,L3_S29,F,3423
test_categorical,test,categorical,L3_S29_F3426,3,29,L3_S29,F,3426
test_categorical,test,categorical,L3_S29_F3429,3,29,L3_S29,F,3429
test_categorical,test,categorical,L3_S29_F3432,3,29,L3_S29,F,3432
test_categorical,test,categorical,L3_S29_F3435,3,29,L3_S29,F,3435
test_categorical,test,categorical,L3_S29_F3438,3,29,L3_S29,F,3438
test_categorical,test,categorical,L3_S29_F3441,3,29,L3_S29,F,3441
test_categorical,test,categorical,L3_S29_F3444,3,29,L3_S29,F,3444
test_categorical,test,categorical,L3_S29_F3446,3,29,L3_S29,F,3446
test_categorical,test,categorical,L3_S29_F3448,3,29,L3_S29,F,3448
test_categorical,test,categorical,L3_S29_F3451,3,29,L3_S29,F,3451
test_categorical,test,categorical,L3_S29_F3454,3,29,L3_S29,F,3454
test_categorical,test,categorical,L3_S29_F3457,3,29,L3_S29,F,3457
test_categorical,test,categorical,L3_S29_F3460,3,29,L3_S29,F,3460
test_categorical,test,categorical,L3_S29_F3463,3,29,L3_S29,F,3463
test_categorical,test,categorical,L3_S29_F3466,3,29,L3_S29,F,3466
test_categorical,test,categorical,L3_S29_F3469,3,29,L3_S29,F,3469
test_categorical,test,categorical,L3_S29_F3472,3,29,L3_S29,F,3472
test_categorical,test,categorical,L3_S29_F3475,3,29,L3_S29,F,3475
test_categorical,test,categorical,L3_S29_F3478,3,29,L3_S29,F,3478
test_categorical,test,categorical,L3_S29_F3481,3,29,L3_S29,F,3481
test_categorical,test,categorical,L3_S29_F3484,3,29,L3_S29,F,3484
test_categorical,test,categorical,L3_S29_F3487,3,29,L3_S29,F,3487
test_categorical,test,categorical,L3_S29_F3490,3,29,L3_S29,F,3490
test_categorical,test,categorical,L3_S29_F3493,3,29,L3_S29,F,3493
test_categorical,test,categorical,L3_S30_F3495,3,30,L3_S30,F,3495
test_categorical,test,categorical,L3_S30_F3497,3,30,L3_S30,F,3497
test_categorical,test,categorical,L3_S30_F3498,3,30,L3_S30,F,3498
test_categorical,test,categorical,L3_S30_F3500,3,30,L3_S30,F,3500
test_categorical,test,categorical,L3_S30_F3502,3,30,L3_S30,F,3502
test_categorical,test,categorical,L3_S30_F3503,3,30,L3_S30,F,3503
test_categorical,test,categorical,L3_S30_F3505,3,30,L3_S30,F,3505
test_categorical,test,categorical,L3_S30_F3507,3,30,L3_S30,F,3507
test_categorical,test,categorical,L3_S30_F3508,3,30,L3_S30,F,3508
test_categorical,test,categorical,L3_S30_F3510,3,30,L3_S30,F,3510
test_categorical,test,categorical,L3_S30_F3512,3,30,L3_S30,F,3512
test_categorical,test,categorical,L3_S30_F3513,3,30,L3_S30,F,3513
test_categorical,test,categorical,L3_S30_F3515,3,30,L3_S30,F,3515
test_categorical,test,categorical,L3_S30_F3517,3,30,L3_S30,F,3517
test_categorical,test,categorical,L3_S30_F3518,3,30,L3_S30,F,3518
test_categorical,test,categorical,L3_S30_F3520,3,30,L3_S30,F,3520
test_categorical,test,categorical,L3_S30_F3522,3,30,L3_S30,F,3522
test_categorical,test,categorical,L3_S30_F3523,3,30,L3_S30,F,3523
test_categorical,test,categorical,L3_S30_F3525,3,30,L3_S30,F,3525
test_categorical,test,categorical,L3_S30_F3527,3,30,L3_S30,F,3527
test_categorical,test,categorical,L3_S30_F3528,3,30,L3_S30,F,3528
test_categorical,test,categorical,L3_S30_F3530,3,30,L3_S30,F,3530
test_categorical,test,categorical,L3_S30_F3532,3,30,L3_S30,F,3532
test_categorical,test,categorical,L3_S30_F3533,3,30,L3_S30,F,3533
test_categorical,test,categorical,L3_S30_F3535,3,30,L3_S30,F,3535
test_categorical,test,categorical,L3_S30_F3537,3,30,L3_S30,F,3537
test_categorical,test,categorical,L3_S30_F3538,3,30,L3_S30,F,3538
test_categorical,test,categorical,L3_S30_F3540,3,30,L3_S30,F,3540
test_categorical,test,categorical,L3_S30_F3542,3,30,L3_S30,F,3542
test_categorical,test,categorical,L3_S30_F3543,3,30,L3_S30,F,3543
test_categorical,test,categorical,L3_S30_F3545,3,30,L3_S30,F,3545
test_categorical,test,categorical,L3_S30_F3547,3,30,L3_S30,F,3547
test_categorical,test,categorical,L3_S30_F3548,3,30,L3_S30,F,3548
test_categorical,test,categorical,L3_S30_F3550,3,30,L3_S30,F,3550
test_categorical,test,categorical,L3_S30_F3552,3,30,L3_S30,F,3552
test_categorical,test,categorical,L3_S30_F3553,3,30,L3_S30,F,3553
test_categorical,test,categorical,L3_S30_F3555,3,30,L3_S30,F,3555
test_categorical,test,categorical,L3_S30_F3557,3,30,L3_S30,F,3557
test_categorical,test,categorical,L3_S30_F3558,3,30,L3_S30,F,3558
test_categorical,test,categorical,L3_S30_F3560,3,30,L3_S30,F,3560
test_categorical,test,categorical,L3_S30_F3562,3,30,L3_S30,F,3562
test_categorical,test,categorical,L3_S30_F3563,3,30,L3_S30,F,3563
test_categorical,test,categorical,L3_S30_F3565,3,30,L3_S30,F,3565
test_categorical,test,categorical,L3_S30_F3567,3,30,L3_S30,F,3567
test_categorical,test,categorical,L3_S30_F3568,3,30,L3_S30,F,3568
test_categorical,test,categorical,L3_S30_F3570,3,30,L3_S30,F,3570
test_categorical,test,categorical,L3_S30_F3572,3,30,L3_S30,F,3572
test_categorical,test,categorical,L3_S30_F3573,3,30,L3_S30,F,3573
test_categorical,test,categorical,L3_S30_F3575,3,30,L3_S30,F,3575
test_categorical,test,categorical,L3_S30_F3577,3,30,L3_S30,F,3577
test_categorical,test,categorical,L3_S30_F3578,3,30,L3_S30,F,3578
test_categorical,test,categorical,L3_S30_F3580,3,30,L3_S30,F,3580
test_categorical,test,categorical,L3_S30_F3582,3,30,L3_S30,F,3582
test_categorical,test,categorical,L3_S30_F3583,3,30,L3_S30,F,3583
test_categorical,test,categorical,L3_S30_F3585,3,30,L3_S30,F,3585
test_categorical,test,categorical,L3_S30_F3587,3,30,L3_S30,F,3587
test_categorical,test,categorical,L3_S30_F3588,3,30,L3_S30,F,3588
test_categorical,test,categorical,L3_S30_F3590,3,30,L3_S30,F,3590
test_categorical,test,categorical,L3_S30_F3592,3,30,L3_S30,F,3592
test_categorical,test,categorical,L3_S30_F3593,3,30,L3_S30,F,3593
test_categorical,test,categorical,L3_S30_F3595,3,30,L3_S30,F,3595
test_categorical,test,categorical,L3_S30_F3597,3,30,L3_S30,F,3597
test_categorical,test,categorical,L3_S30_F3598,3,30,L3_S30,F,3598
test_categorical,test,categorical,L3_S30_F3600,3,30,L3_S30,F,3600
test_categorical,test,categorical,L3_S30_F3602,3,30,L3_S30,F,3602
test_categorical,test,categorical,L3_S30_F3603,3,30,L3_S30,F,3603
test_categorical,test,categorical,L3_S30_F3605,3,30,L3_S30,F,3605
test_categorical,test,categorical,L3_S30_F3607,3,30,L3_S30,F,3607
test_categorical,test,categorical,L3_S30_F3608,3,30,L3_S30,F,3608
test_categorical,test,categorical,L3_S30_F3610,3,30,L3_S30,F,3610
test_categorical,test,categorical,L3_S30_F3612,3,30,L3_S30,F,3612
test_categorical,test,categorical,L3_S30_F3613,3,30,L3_S30,F,3613
test_categorical,test,categorical,L3_S30_F3615,3,30,L3_S30,F,3615
test_categorical,test,categorical,L3_S30_F3617,3,30,L3_S30,F,3617
test_categorical,test,categorical,L3_S30_F3618,3,30,L3_S30,F,3618
test_categorical,test,categorical,L3_S30_F3620,3,30,L3_S30,F,3620
test_categorical,test,categorical,L3_S30_F3622,3,30,L3_S30,F,3622
test_categorical,test,categorical,L3_S30_F3623,3,30,L3_S30,F,3623
test_categorical,test,categorical,L3_S30_F3625,3,30,L3_S30,F,3625
test_categorical,test,categorical,L3_S30_F3627,3,30,L3_S30,F,3627
test_categorical,test,categorical,L3_S30_F3628,3,30,L3_S30,F,3628
test_categorical,test,categorical,L3_S30_F3630,3,30,L3_S30,F,3630
test_categorical,test,categorical,L3_S30_F3632,3,30,L3_S30,F,3632
test_categorical,test,categorical,L3_S30_F3633,3,30,L3_S30,F,3633
test_categorical,test,categorical,L3_S30_F3635,3,30,L3_S30,F,3635
test_categorical,test,categorical,L3_S30_F3637,3,30,L3_S30,F,3637
test_categorical,test,categorical,L3_S30_F3638,3,30,L3_S30,F,3638
test_categorical,test,categorical,L3_S30_F3640,3,30,L3_S30,F,3640
test_categorical,test,categorical,L3_S30_F3642,3,30,L3_S30,F,3642
test_categorical,test,categorical,L3_S30_F3643,3,30,L3_S30,F,3643
test_categorical,test,categorical,L3_S30_F3645,3,30,L3_S30,F,3645
test_categorical,test,categorical,L3_S30_F3647,3,30,L3_S30,F,3647
test_categorical,test,categorical,L3_S30_F3648,3,30,L3_S30,F,3648
test_categorical,test,categorical,L3_S30_F3650,3,30,L3_S30,F,3650
test_categorical,test,categorical,L3_S30_F3652,3,30,L3_S30,F,3652
test_categorical,test,categorical,L3_S30_F3653,3,30,L3_S30,F,3653
test_categorical,test,categorical,L3_S30_F3655,3,30,L3_S30,F,3655
test_categorical,test,categorical,L3_S30_F3657,3,30,L3_S30,F,3657
test_categorical,test,categorical,L3_S30_F3658,3,30,L3_S30,F,3658
test_categorical,test,categorical,L3_S30_F3660,3,30,L3_S30,F,3660
test_categorical,test,categorical,L3_S30_F3662,3,30,L3_S30,F,3662
test_categorical,test,categorical,L3_S30_F3663,3,30,L3_S30,F,3663
test_categorical,test,categorical,L3_S30_F3665,3,30,L3_S30,F,3665
test_categorical,test,categorical,L3_S30_F3667,3,30,L3_S30,F,3667
test_categorical,test,categorical,L3_S30_F3668,3,30,L3_S30,F,3668
test_categorical,test,categorical,L3_S30_F3670,3,30,L3_S30,F,3670
test_categorical,test,categorical,L3_S30_F3672,3,30,L3_S30,F,3672
test_categorical,test,categorical,L3_S30_F3673,3,30,L3_S30,F,3673
test_categorical,test,categorical,L3_S30_F3675,3,30,L3_S30,F,3675
test_categorical,test,categorical,L3_S30_F3677,3,30,L3_S30,F,3677
test_categorical,test,categorical,L3_S30_F3678,3,30,L3_S30,F,3678
test_categorical,test,categorical,L3_S30_F3680,3,30,L3_S30,F,3680
test_categorical,test,categorical,L3_S30_F3682,3,30,L3_S30,F,3682
test_categorical,test,categorical,L3_S30_F3683,3,30,L3_S30,F,3683
test_categorical,test,categorical,L3_S30_F3685,3,30,L3_S30,F,3685
test_categorical,test,categorical,L3_S30_F3687,3,30,L3_S30,F,3687
test_categorical,test,categorical,L3_S30_F3688,3,30,L3_S30,F,3688
test_categorical,test,categorical,L3_S30_F3690,3,30,L3_S30,F,3690
test_categorical,test,categorical,L3_S30_F3692,3,30,L3_S30,F,3692
test_categorical,test,categorical,L3_S30_F3693,3,30,L3_S30,F,3693
test_categorical,test,categorical,L3_S30_F3695,3,30,L3_S30,F,3695
test_categorical,test,categorical,L3_S30_F3697,3,30,L3_S30,F,3697
test_categorical,test,categorical,L3_S30_F3698,3,30,L3_S30,F,3698
test_categorical,test,categorical,L3_S30_F3700,3,30,L3_S30,F,3700
test_categorical,test,categorical,L3_S30_F3702,3,30,L3_S30,F,3702
test_categorical,test,categorical,L3_S30_F3703,3,30,L3_S30,F,3703
test_categorical,test,categorical,L3_S30_F3705,3,30,L3_S30,F,3705
test_categorical,test,categorical,L3_S30_F3707,3,30,L3_S30,F,3707
test_categorical,test,categorical,L3_S30_F3708,3,30,L3_S30,F,3708
test_categorical,test,categorical,L3_S30_F3710,3,30,L3_S30,F,3710
test_categorical,test,categorical,L3_S30_F3712,3,30,L3_S30,F,3712
test_categorical,test,categorical,L3_S30_F3713,3,30,L3_S30,F,3713
test_categorical,test,categorical,L3_S30_F3715,3,30,L3_S30,F,3715
test_categorical,test,categorical,L3_S30_F3717,3,30,L3_S30,F,3717
test_categorical,test,categorical,L3_S30_F3718,3,30,L3_S30,F,3718
test_categorical,test,categorical,L3_S30_F3720,3,30,L3_S30,F,3720
test_categorical,test,categorical,L3_S30_F3722,3,30,L3_S30,F,3722
test_categorical,test,categorical,L3_S30_F3723,3,30,L3_S30,F,3723
test_categorical,test,categorical,L3_S30_F3725,3,30,L3_S30,F,3725
test_categorical,test,categorical,L3_S30_F3727,3,30,L3_S30,F,3727
test_categorical,test,categorical,L3_S30_F3728,3,30,L3_S30,F,3728
test_categorical,test,categorical,L3_S30_F3730,3,30,L3_S30,F,3730
test_categorical,test,categorical,L3_S30_F3732,3,30,L3_S30,F,3732
test_categorical,test,categorical,L3_S30_F3733,3,30,L3_S30,F,3733
test_categorical,test,categorical,L3_S30_F3735,3,30,L3_S30,F,3735
test_categorical,test,categorical,L3_S30_F3737,3,30,L3_S30,F,3737
test_categorical,test,categorical,L3_S30_F3738,3,30,L3_S30,F,3738
test_categorical,test,categorical,L3_S30_F3740,3,30,L3_S30,F,3740
test_categorical,test,categorical,L3_S30_F3742,3,30,L3_S30,F,3742
test_categorical,test,categorical,L3_S30_F3743,3,30,L3_S30,F,3743
test_categorical,test,categorical,L3_S30_F3745,3,30,L3_S30,F,3745
test_categorical,test,categorical,L3_S30_F3747,3,30,L3_S30,F,3747
test_categorical,test,categorical,L3_S30_F3748,3,30,L3_S30,F,3748
test_categorical,test,categorical,L3_S30_F3750,3,30,L3_S30,F,3750
test_categorical,test,categorical,L3_S30_F3752,3,30,L3_S30,F,3752
test_categorical,test,categorical,L3_S30_F3753,3,30,L3_S30,F,3753
test_categorical,test,categorical,L3_S30_F3755,3,30,L3_S30,F,3755
test_categorical,test,categorical,L3_S30_F3757,3,30,L3_S30,F,3757
test_categorical,test,categorical,L3_S30_F3758,3,30,L3_S30,F,3758
test_categorical,test,categorical,L3_S30_F3760,3,30,L3_S30,F,3760
test_categorical,test,categorical,L3_S30_F3762,3,30,L3_S30,F,3762
test_categorical,test,categorical,L3_S30_F3763,3,30,L3_S30,F,3763
test_categorical,test,categorical,L3_S30_F3765,3,30,L3_S30,F,3765
test_categorical,test,categorical,L3_S30_F3767,3,30,L3_S30,F,3767
test_categorical,test,categorical,L3_S30_F3768,3,30,L3_S30,F,3768
test_categorical,test,categorical,L3_S30_F3770,3,30,L3_S30,F,3770
test_categorical,test,categorical,L3_S30_F3772,3,30,L3_S30,F,3772
test_categorical,test,categorical,L3_S30_F3773,3,30,L3_S30,F,3773
test_categorical,test,categorical,L3_S30_F3775,3,30,L3_S30,F,3775
test_categorical,test,categorical,L3_S30_F3777,3,30,L3_S30,F,3777
test_categorical,test,categorical,L3_S30_F3778,3,30,L3_S30,F,3778
test_categorical,test,categorical,L3_S30_F3780,3,30,L3_S30,F,3780
test_categorical,test,categorical,L3_S30_F3782,3,30,L3_S30,F,3782
test_categorical,test,categorical,L3_S30_F3783,3,30,L3_S30,F,3783
test_categorical,test,categorical,L3_S30_F3785,3,30,L3_S30,F,3785
test_categorical,test,categorical,L3_S30_F3787,3,30,L3_S30,F,3787
test_categorical,test,categorical,L3_S30_F3788,3,30,L3_S30,F,3788
test_categorical,test,categorical,L3_S30_F3790,3,30,L3_S30,F,3790
test_categorical,test,categorical,L3_S30_F3792,3,30,L3_S30,F,3792
test_categorical,test,categorical,L3_S30_F3793,3,30,L3_S30,F,3793
test_categorical,test,categorical,L3_S30_F3795,3,30,L3_S30,F,3795
test_categorical,test,categorical,L3_S30_F3797,3,30,L3_S30,F,3797
test_categorical,test,categorical,L3_S30_F3798,3,30,L3_S30,F,3798
test_categorical,test,categorical,L3_S30_F3800,3,30,L3_S30,F,3800
test_categorical,test,categorical,L3_S30_F3802,3,30,L3_S30,F,3802
test_categorical,test,categorical,L3_S30_F3803,3,30,L3_S30,F,3803
test_categorical,test,categorical,L3_S30_F3805,3,30,L3_S30,F,3805
test_categorical,test,categorical,L3_S30_F3807,3,30,L3_S30,F,3807
test_categorical,test,categorical,L3_S30_F3808,3,30,L3_S30,F,3808
test_categorical,test,categorical,L3_S30_F3810,3,30,L3_S30,F,3810
test_categorical,test,categorical,L3_S30_F3812,3,30,L3_S30,F,3812
test_categorical,test,categorical,L3_S30_F3813,3,30,L3_S30,F,3813
test_categorical,test,categorical,L3_S30_F3815,3,30,L3_S30,F,3815
test_categorical,test,categorical,L3_S30_F3817,3,30,L3_S30,F,3817
test_categorical,test,categorical,L3_S30_F3818,3,30,L3_S30,F,3818
test_categorical,test,categorical,L3_S30_F3820,3,30,L3_S30,F,3820
test_categorical,test,categorical,L3_S30_F3822,3,30,L3_S30,F,3822
test_categorical,test,categorical,L3_S30_F3823,3,30,L3_S30,F,3823
test_categorical,test,categorical,L3_S30_F3825,3,30,L3_S30,F,3825
test_categorical,test,categorical,L3_S30_F3827,3,30,L3_S30,F,3827
test_categorical,test,categorical,L3_S30_F3828,3,30,L3_S30,F,3828
test_categorical,test,categorical,L3_S30_F3830,3,30,L3_S30,F,3830
test_categorical,test,categorical,L3_S30_F3832,3,30,L3_S30,F,3832
test_categorical,test,categorical,L3_S30_F3833,3,30,L3_S30,F,3833
test_categorical,test,categorical,L3_S31_F3835,3,31,L3_S31,F,3835
test_categorical,test,categorical,L3_S31_F3837,3,31,L3_S31,F,3837
test_categorical,test,categorical,L3_S31_F3839,3,31,L3_S31,F,3839
test_categorical,test,categorical,L3_S31_F3841,3,31,L3_S31,F,3841
test_categorical,test,categorical,L3_S31_F3843,3,31,L3_S31,F,3843
test_categorical,test,categorical,L3_S31_F3845,3,31,L3_S31,F,3845
test_categorical,test,categorical,L3_S31_F3847,3,31,L3_S31,F,3847
test_categorical,test,categorical,L3_S31_F3849,3,31,L3_S31,F,3849
test_categorical,test,categorical,L3_S32_F3851,3,32,L3_S32,F,3851
test_categorical,test,categorical,L3_S32_F3853,3,32,L3_S32,F,3853
test_categorical,test,categorical,L3_S32_F3854,3,32,L3_S32,F,3854
test_categorical,test,categorical,L3_S35_F3885,3,35,L3_S35,F,3885
test_categorical,test,categorical,L3_S35_F3887,3,35,L3_S35,F,3887
test_categorical,test,categorical,L3_S35_F3888,3,35,L3_S35,F,3888
test_categorical,test,categorical,L3_S35_F3890,3,35,L3_S35,F,3890
test_categorical,test,categorical,L3_S35_F3892,3,35,L3_S35,F,3892
test_categorical,test,categorical,L3_S35_F3893,3,35,L3_S35,F,3893
test_categorical,test,categorical,L3_S35_F3899,3,35,L3_S35,F,3899
test_categorical,test,categorical,L3_S35_F3901,3,35,L3_S35,F,3901
test_categorical,test,categorical,L3_S35_F3902,3,35,L3_S35,F,3902
test_categorical,test,categorical,L3_S35_F3904,3,35,L3_S35,F,3904
test_categorical,test,categorical,L3_S35_F3906,3,35,L3_S35,F,3906
test_categorical,test,categorical,L3_S35_F3907,3,35,L3_S35,F,3907
test_categorical,test,categorical,L3_S35_F3909,3,35,L3_S35,F,3909
test_categorical,test,categorical,L3_S35_F3911,3,35,L3_S35,F,3911
test_categorical,test,categorical,L3_S35_F3912,3,35,L3_S35,F,3912
test_categorical,test,categorical,L3_S35_F3914,3,35,L3_S35,F,3914
test_categorical,test,categorical,L3_S35_F3916,3,35,L3_S35,F,3916
test_categorical,test,categorical,L3_S35_F3917,3,35,L3_S35,F,3917
test_categorical,test,categorical,L3_S36_F3927,3,36,L3_S36,F,3927
test_categorical,test,categorical,L3_S36_F3929,3,36,L3_S36,F,3929
test_categorical,test,categorical,L3_S36_F3931,3,36,L3_S36,F,3931
test_categorical,test,categorical,L3_S36_F3933,3,36,L3_S36,F,3933
test_categorical,test,categorical,L3_S36_F3935,3,36,L3_S36,F,3935
test_categorical,test,categorical,L3_S36_F3937,3,36,L3_S36,F,3937
test_categorical,test,categorical,L3_S36_F3939,3,36,L3_S36,F,3939
test_categorical,test,categorical,L3_S36_F3941,3,36,L3_S36,F,3941
test_categorical,test,categorical,L3_S38_F3954,3,38,L3_S38,F,3954
test_categorical,test,categorical,L3_S38_F3955,3,38,L3_S38,F,3955
test_categorical,test,categorical,L3_S38_F3958,3,38,L3_S38,F,3958
test_categorical,test,categorical,L3_S38_F3959,3,38,L3_S38,F,3959
test_categorical,test,categorical,L3_S38_F3962,3,38,L3_S38,F,3962
test_categorical,test,categorical,L3_S38_F3963,3,38,L3_S38,F,3963
test_categorical,test,categorical,L3_S39_F3965,3,39,L3_S39,F,3965
test_categorical,test,categorical,L3_S39_F3967,3,39,L3_S39,F,3967
test_categorical,test,categorical,L3_S39_F3969,3,39,L3_S39,F,3969
test_categorical,test,categorical,L3_S39_F3971,3,39,L3_S39,F,3971
test_categorical,test,categorical,L3_S39_F3973,3,39,L3_S39,F,3973
test_categorical,test,categorical,L3_S39_F3975,3,39,L3_S39,F,3975
test_categorical,test,categorical,L3_S39_F3977,3,39,L3_S39,F,3977
test_categorical,test,categorical,L3_S39_F3979,3,39,L3_S39,F,3979
test_categorical,test,categorical,L3_S42_F4028,3,42,L3_S42,F,4028
test_categorical,test,categorical,L3_S42_F4030,3,42,L3_S42,F,4030
test_categorical,test,categorical,L3_S42_F4031,3,42,L3_S42,F,4031
test_categorical,test,categorical,L3_S42_F4032,3,42,L3_S42,F,4032
test_categorical,test,categorical,L3_S42_F4034,3,42,L3_S42,F,4034
test_categorical,test,categorical,L3_S42_F4035,3,42,L3_S42,F,4035
test_categorical,test,categorical,L3_S42_F4036,3,42,L3_S42,F,4036
test_categorical,test,categorical,L3_S42_F4038,3,42,L3_S42,F,4038
test_categorical,test,categorical,L3_S42_F4039,3,42,L3_S42,F,4039
test_categorical,test,categorical,L3_S42_F4040,3,42,L3_S42,F,4040
test_categorical,test,categorical,L3_S42_F4042,3,42,L3_S42,F,4042
test_categorical,test,categorical,L3_S42_F4043,3,42,L3_S42,F,4043
test_categorical,test,categorical,L3_S42_F4044,3,42,L3_S42,F,4044
test_categorical,test,categorical,L3_S42_F4046,3,42,L3_S42,F,4046
test_categorical,test,categorical,L3_S42_F4047,3,42,L3_S42,F,4047
test_categorical,test,categorical,L3_S42_F4048,3,42,L3_S42,F,4048
test_categorical,test,categorical,L3_S42_F4050,3,42,L3_S42,F,4050
test_categorical,test,categorical,L3_S42_F4051,3,42,L3_S42,F,4051
test_categorical,test,categorical,L3_S42_F4052,3,42,L3_S42,F,4052
test_categorical,test,categorical,L3_S42_F4054,3,42,L3_S42,F,4054
test_categorical,test,categorical,L3_S42_F4055,3,42,L3_S42,F,4055
test_categorical,test,categorical,L3_S42_F4056,3,42,L3_S42,F,4056
test_categorical,test,categorical,L3_S42_F4058,3,42,L3_S42,F,4058
test_categorical,test,categorical,L3_S42_F4059,3,42,L3_S42,F,4059
test_categorical,test,categorical,L3_S43_F4061,3,43,L3_S43,F,4061
test_categorical,test,categorical,L3_S43_F4063,3,43,L3_S43,F,4063
test_categorical,test,categorical,L3_S43_F4064,3,43,L3_S43,F,4064
test_categorical,test,categorical,L3_S43_F4066,3,43,L3_S43,F,4066
test_categorical,test,categorical,L3_S43_F4068,3,43,L3_S43,F,4068
test_categorical,test,categorical,L3_S43_F4069,3,43,L3_S43,F,4069
test_categorical,test,categorical,L3_S43_F4071,3,43,L3_S43,F,4071
test_categorical,test,categorical,L3_S43_F4073,3,43,L3_S43,F,4073
test_categorical,test,categorical,L3_S43_F4074,3,43,L3_S43,F,4074
test_categorical,test,categorical,L3_S43_F4076,3,43,L3_S43,F,4076
test_categorical,test,categorical,L3_S43_F4078,3,43,L3_S43,F,4078
test_categorical,test,categorical,L3_S43_F4079,3,43,L3_S43,F,4079
test_categorical,test,categorical,L3_S43_F4081,3,43,L3_S43,F,4081
test_categorical,test,categorical,L3_S43_F4083,3,43,L3_S43,F,4083
test_categorical,test,categorical,L3_S43_F4084,3,43,L3_S43,F,4084
test_categorical,test,categorical,L3_S43_F4086,3,43,L3_S43,F,4086
test_categorical,test,categorical,L3_S43_F4088,3,43,L3_S43,F,4088
test_categorical,test,categorical,L3_S43_F4089,3,43,L3_S43,F,4089
test_categorical,test,categorical,L3_S43_F4091,3,43,L3_S43,F,4091
test_categorical,test,categorical,L3_S43_F4093,3,43,L3_S43,F,4093
test_categorical,test,categorical,L3_S43_F4094,3,43,L3_S43,F,4094
test_categorical,test,categorical,L3_S43_F4096,3,43,L3_S43,F,4096
test_categorical,test,categorical,L3_S43_F4098,3,43,L3_S43,F,4098
test_categorical,test,categorical,L3_S43_F4099,3,43,L3_S43,F,4099
test_categorical,test,categorical,L3_S44_F4102,3,44,L3_S44,F,4102
test_categorical,test,categorical,L3_S44_F4105,3,44,L3_S44,F,4105
test_categorical,test,categorical,L3_S44_F4108,3,44,L3_S44,F,4108
test_categorical,test,categorical,L3_S44_F4111,3,44,L3_S44,F,4111
test_categorical,test,categorical,L3_S44_F4114,3,44,L3_S44,F,4114
test_categorical,test,categorical,L3_S44_F4117,3,44,L3_S44,F,4117
test_categorical,test,categorical,L3_S44_F4120,3,44,L3_S44,F,4120
test_categorical,test,categorical,L3_S44_F4123,3,44,L3_S44,F,4123
test_categorical,test,categorical,L3_S46_F4134,3,46,L3_S46,F,4134
test_categorical,test,categorical,L3_S46_F4136,3,46,L3_S46,F,4136
test_categorical,test,categorical,L3_S46_F4137,3,46,L3_S46,F,4137
test_categorical,test,categorical,L3_S47_F4139,3,47,L3_S47,F,4139
test_categorical,test,categorical,L3_S47_F4141,3,47,L3_S47,F,4141
test_categorical,test,categorical,L3_S47_F4142,3,47,L3_S47,F,4142
test_categorical,test,categorical,L3_S47_F4144,3,47,L3_S47,F,4144
test_categorical,test,categorical,L3_S47_F4146,3,47,L3_S47,F,4146
test_categorical,test,categorical,L3_S47_F4147,3,47,L3_S47,F,4147
test_categorical,test,categorical,L3_S47_F4149,3,47,L3_S47,F,4149
test_categorical,test,categorical,L3_S47_F4151,3,47,L3_S47,F,4151
test_categorical,test,categorical,L3_S47_F4152,3,47,L3_S47,F,4152
test_categorical,test,categorical,L3_S47_F4154,3,47,L3_S47,F,4154
test_categorical,test,categorical,L3_S47_F4156,3,47,L3_S47,F,4156
test_categorical,test,categorical,L3_S47_F4157,3,47,L3_S47,F,4157
test_categorical,test,categorical,L3_S47_F4159,3,47,L3_S47,F,4159
test_categorical,test,categorical,L3_S47_F4161,3,47,L3_S47,F,4161
test_categorical,test,categorical,L3_S47_F4162,3,47,L3_S47,F,4162
test_categorical,test,categorical,L3_S47_F4164,3,47,L3_S47,F,4164
test_categorical,test,categorical,L3_S47_F4166,3,47,L3_S47,F,4166
test_categorical,test,categorical,L3_S47_F4167,3,47,L3_S47,F,4167
test_categorical,test,categorical,L3_S47_F4169,3,47,L3_S47,F,4169
test_categorical,test,categorical,L3_S47_F4171,3,47,L3_S47,F,4171
test_categorical,test,categorical,L3_S47_F4172,3,47,L3_S47,F,4172
test_categorical,test,categorical,L3_S47_F4174,3,47,L3_S47,F,4174
test_categorical,test,categorical,L3_S47_F4176,3,47,L3_S47,F,4176
test_categorical,test,categorical,L3_S47_F4177,3,47,L3_S47,F,4177
test_categorical,test,categorical,L3_S47_F4179,3,47,L3_S47,F,4179
test_categorical,test,categorical,L3_S47_F4181,3,47,L3_S47,F,4181
test_categorical,test,categorical,L3_S47_F4182,3,47,L3_S47,F,4182
test_categorical,test,categorical,L3_S47_F4184,3,47,L3_S47,F,4184
test_categorical,test,categorical,L3_S47_F4186,3,47,L3_S47,F,4186
test_categorical,test,categorical,L3_S47_F4187,3,47,L3_S47,F,4187
test_categorical,test,categorical,L3_S47_F4189,3,47,L3_S47,F,4189
test_categorical,test,categorical,L3_S47_F4191,3,47,L3_S47,F,4191
test_categorical,test,categorical,L3_S47_F4192,3,47,L3_S47,F,4192
test_categorical,test,categorical,L3_S49_F4207,3,49,L3_S49,F,4207
test_categorical,test,categorical,L3_S49_F4209,3,49,L3_S49,F,4209
test_categorical,test,categorical,L3_S49_F4210,3,49,L3_S49,F,4210
test_categorical,test,categorical,L3_S49_F4212,3,49,L3_S49,F,4212
test_categorical,test,categorical,L3_S49_F4214,3,49,L3_S49,F,4214
test_categorical,test,categorical,L3_S49_F4215,3,49,L3_S49,F,4215
test_categorical,test,categorical,L3_S49_F4217,3,49,L3_S49,F,4217
test_categorical,test,categorical,L3_S49_F4219,3,49,L3_S49,F,4219
test_categorical,test,categorical,L3_S49_F4220,3,49,L3_S49,F,4220
test_categorical,test,categorical,L3_S49_F4222,3,49,L3_S49,F,4222
test_categorical,test,categorical,L3_S49_F4224,3,49,L3_S49,F,4224
test_categorical,test,categorical,L3_S49_F4225,3,49,L3_S49,F,4225
test_categorical,test,categorical,L3_S49_F4227,3,49,L3_S49,F,4227
test_categorical,test,categorical,L3_S49_F4229,3,49,L3_S49,F,4229
test_categorical,test,categorical,L3_S49_F4230,3,49,L3_S49,F,4230
test_categorical,test,categorical,L3_S49_F4232,3,49,L3_S49,F,4232
test_categorical,test,categorical,L3_S49_F4234,3,49,L3_S49,F,4234
test_categorical,test,categorical,L3_S49_F4235,3,49,L3_S49,F,4235
test_categorical,test,categorical,L3_S49_F4237,3,49,L3_S49,F,4237
test_categorical,test,categorical,L3_S49_F4239,3,49,L3_S49,F,4239
test_categorical,test,categorical,L3_S49_F4240,3,49,L3_S49,F,4240
test_date,test,date,L0_S0_D1,0,0,L0_S0,D,1
test_date,test,date,L0_S0_D3,0,0,L0_S0,D,3
test_date,test,date,L0_S0_D5,0,0,L0_S0,D,5
test_date,test,date,L0_S0_D7,0,0,L0_S0,D,7
test_date,test,date,L0_S0_D9,0,0,L0_S0,D,9
test_date,test,date,L0_S0_D11,0,0,L0_S0,D,11
test_date,test,date,L0_S0_D13,0,0,L0_S0,D,13
test_date,test,date,L0_S0_D15,0,0,L0_S0,D,15
test_date,test,date,L0_S0_D17,0,0,L0_S0,D,17
test_date,test,date,L0_S0_D19,0,0,L0_S0,D,19
test_date,test,date,L0_S0_D21,0,0,L0_S0,D,21
test_date,test,date,L0_S0_D23,0,0,L0_S0,D,23
test_date,test,date,L0_S1_D26,0,1,L0_S1,D,26
test_date,test,date,L0_S1_D30,0,1,L0_S1,D,30
test_date,test,date,L0_S2_D34,0,2,L0_S2,D,34
test_date,test,date,L0_S2_D38,0,2,L0_S2,D,38
test_date,test,date,L0_S2_D42,0,2,L0_S2,D,42
test_date,test,date,L0_S2_D46,0,2,L0_S2,D,46
test_date,test,date,L0_S2_D50,0,2,L0_S2,D,50
test_date,test,date,L0_S2_D54,0,2,L0_S2,D,54
test_date,test,date,L0_S2_D58,0,2,L0_S2,D,58
test_date,test,date,L0_S2_D62,0,2,L0_S2,D,62
test_date,test,date,L0_S2_D66,0,2,L0_S2,D,66
test_date,test,date,L0_S3_D70,0,3,L0_S3,D,70
test_date,test,date,L0_S3_D74,0,3,L0_S3,D,74
test_date,test,date,L0_S3_D78,0,3,L0_S3,D,78
test_date,test,date,L0_S3_D82,0,3,L0_S3,D,82
test_date,test,date,L0_S3_D86,0,3,L0_S3,D,86
test_date,test,date,L0_S3_D90,0,3,L0_S3,D,90
test_date,test,date,L0_S3_D94,0,3,L0_S3,D,94
test_date,test,date,L0_S3_D98,0,3,L0_S3,D,98
test_date,test,date,L0_S3_D102,0,3,L0_S3,D,102
test_date,test,date,L0_S4_D106,0,4,L0_S4,D,106
test_date,test,date,L0_S4_D111,0,4,L0_S4,D,111
test_date,test,date,L0_S5_D115,0,5,L0_S5,D,115
test_date,test,date,L0_S5_D117,0,5,L0_S5,D,117
test_date,test,date,L0_S6_D120,0,6,L0_S6,D,120
test_date,test,date,L0_S6_D124,0,6,L0_S6,D,124
test_date,test,date,L0_S6_D127,0,6,L0_S6,D,127
test_date,test,date,L0_S6_D130,0,6,L0_S6,D,130
test_date,test,date,L0_S6_D134,0,6,L0_S6,D,134
test_date,test,date,L0_S7_D137,0,7,L0_S7,D,137
test_date,test,date,L0_S7_D139,0,7,L0_S7,D,139
test_date,test,date,L0_S7_D140,0,7,L0_S7,D,140
test_date,test,date,L0_S7_D141,0,7,L0_S7,D,141
test_date,test,date,L0_S7_D143,0,7,L0_S7,D,143
test_date,test,date,L0_S8_D145,0,8,L0_S8,D,145
test_date,test,date,L0_S8_D147,0,8,L0_S8,D,147
test_date,test,date,L0_S8_D148,0,8,L0_S8,D,148
test_date,test,date,L0_S8_D150,0,8,L0_S8,D,150
test_date,test,date,L0_S9_D152,0,9,L0_S9,D,152
test_date,test,date,L0_S9_D157,0,9,L0_S9,D,157
test_date,test,date,L0_S9_D162,0,9,L0_S9,D,162
test_date,test,date,L0_S9_D167,0,9,L0_S9,D,167
test_date,test,date,L0_S9_D172,0,9,L0_S9,D,172
test_date,test,date,L0_S9_D177,0,9,L0_S9,D,177
test_date,test,date,L0_S9_D182,0,9,L0_S9,D,182
test_date,test,date,L0_S9_D187,0,9,L0_S9,D,187
test_date,test,date,L0_S9_D192,0,9,L0_S9,D,192
test_date,test,date,L0_S9_D197,0,9,L0_S9,D,197
test_date,test,date,L0_S9_D202,0,9,L0_S9,D,202
test_date,test,date,L0_S9_D207,0,9,L0_S9,D,207
test_date,test,date,L0_S9_D212,0,9,L0_S9,D,212
test_date,test,date,L0_S10_D216,0,10,L0_S10,D,216
test_date,test,date,L0_S10_D221,0,10,L0_S10,D,221
test_date,test,date,L0_S10_D226,0,10,L0_S10,D,226
test_date,test,date,L0_S10_D231,0,10,L0_S10,D,231
test_date,test,date,L0_S10_D236,0,10,L0_S10,D,236
test_date,test,date,L0_S10_D241,0,10,L0_S10,D,241
test_date,test,date,L0_S10_D246,0,10,L0_S10,D,246
test_date,test,date,L0_S10_D251,0,10,L0_S10,D,251
test_date,test,date,L0_S10_D256,0,10,L0_S10,D,256
test_date,test,date,L0_S10_D261,0,10,L0_S10,D,261
test_date,test,date,L0_S10_D266,0,10,L0_S10,D,266
test_date,test,date,L0_S10_D271,0,10,L0_S10,D,271
test_date,test,date,L0_S10_D276,0,10,L0_S10,D,276
test_date,test,date,L0_S11_D280,0,11,L0_S11,D,280
test_date,test,date,L0_S11_D284,0,11,L0_S11,D,284
test_date,test,date,L0_S11_D288,0,11,L0_S11,D,288
test_date,test,date,L0_S11_D292,0,11,L0_S11,D,292
test_date,test,date,L0_S11_D296,0,11,L0_S11,D,296
test_date,test,date,L0_S11_D300,0,11,L0_S11,D,300
test_date,test,date,L0_S11_D304,0,11,L0_S11,D,304
test_date,test,date,L0_S11_D308,0,11,L0_S11,D,308
test_date,test,date,L0_S11_D312,0,11,L0_S11,D,312
test_date,test,date,L0_S11_D316,0,11,L0_S11,D,316
test_date,test,date,L0_S11_D320,0,11,L0_S11,D,320
test_date,test,date,L0_S11_D324,0,11,L0_S11,D,324
test_date,test,date,L0_S11_D328,0,11,L0_S11,D,328
test_date,test,date,L0_S12_D331,0,12,L0_S12,D,331
test_date,test,date,L0_S12_D333,0,12,L0_S12,D,333
test_date,test,date,L0_S12_D335,0,12,L0_S12,D,335
test_date,test,date,L0_S12_D337,0,12,L0_S12,D,337
test_date,test,date,L0_S12_D339,0,12,L0_S12,D,339
test_date,test,date,L0_S12_D341,0,12,L0_S12,D,341
test_date,test,date,L0_S12_D343,0,12,L0_S12,D,343
test_date,test,date,L0_S12_D345,0,12,L0_S12,D,345
test_date,test,date,L0_S12_D347,0,12,L0_S12,D,347
test_date,test,date,L0_S12_D349,0,12,L0_S12,D,349
test_date,test,date,L0_S12_D351,0,12,L0_S12,D,351
test_date,test,date,L0_S12_D353,0,12,L0_S12,D,353
test_date,test,date,L0_S13_D355,0,13,L0_S13,D,355
test_date,test,date,L0_S13_D357,0,13,L0_S13,D,357
test_date,test,date,L0_S14_D360,0,14,L0_S14,D,360
test_date,test,date,L0_S14_D364,0,14,L0_S14,D,364
test_date,test,date,L0_S14_D368,0,14,L0_S14,D,368
test_date,test,date,L0_S14_D372,0,14,L0_S14,D,372
test_date,test,date,L0_S14_D376,0,14,L0_S14,D,376
test_date,test,date,L0_S14_D380,0,14,L0_S14,D,380
test_date,test,date,L0_S14_D384,0,14,L0_S14,D,384
test_date,test,date,L0_S14_D388,0,14,L0_S14,D,388
test_date,test,date,L0_S14_D392,0,14,L0_S14,D,392
test_date,test,date,L0_S15_D395,0,15,L0_S15,D,395
test_date,test,date,L0_S15_D398,0,15,L0_S15,D,398
test_date,test,date,L0_S15_D401,0,15,L0_S15,D,401
test_date,test,date,L0_S15_D404,0,15,L0_S15,D,404
test_date,test,date,L0_S15_D407,0,15,L0_S15,D,407
test_date,test,date,L0_S15_D410,0,15,L0_S15,D,410
test_date,test,date,L0_S15_D413,0,15,L0_S15,D,413
test_date,test,date,L0_S15_D416,0,15,L0_S15,D,416
test_date,test,date,L0_S15_D419,0,15,L0_S15,D,419
test_date,test,date,L0_S16_D423,0,16,L0_S16,D,423
test_date,test,date,L0_S16_D428,0,16,L0_S16,D,428
test_date,test,date,L0_S17_D432,0,17,L0_S17,D,432
test_date,test,date,L0_S17_D434,0,17,L0_S17,D,434
test_date,test,date,L0_S18_D437,0,18,L0_S18,D,437
test_date,test,date,L0_S18_D441,0,18,L0_S18,D,441
test_date,test,date,L0_S18_D444,0,18,L0_S18,D,444
test_date,test,date,L0_S18_D447,0,18,L0_S18,D,447
test_date,test,date,L0_S18_D451,0,18,L0_S18,D,451
test_date,test,date,L0_S19_D454,0,19,L0_S19,D,454
test_date,test,date,L0_S19_D456,0,19,L0_S19,D,456
test_date,test,date,L0_S19_D457,0,19,L0_S19,D,457
test_date,test,date,L0_S19_D458,0,19,L0_S19,D,458
test_date,test,date,L0_S19_D460,0,19,L0_S19,D,460
test_date,test,date,L0_S20_D462,0,20,L0_S20,D,462
test_date,test,date,L0_S20_D464,0,20,L0_S20,D,464
test_date,test,date,L0_S20_D465,0,20,L0_S20,D,465
test_date,test,date,L0_S20_D467,0,20,L0_S20,D,467
test_date,test,date,L0_S21_D469,0,21,L0_S21,D,469
test_date,test,date,L0_S21_D474,0,21,L0_S21,D,474
test_date,test,date,L0_S21_D479,0,21,L0_S21,D,479
test_date,test,date,L0_S21_D484,0,21,L0_S21,D,484
test_date,test,date,L0_S21_D489,0,21,L0_S21,D,489
test_date,test,date,L0_S21_D494,0,21,L0_S21,D,494
test_date,test,date,L0_S21_D499,0,21,L0_S21,D,499
test_date,test,date,L0_S21_D504,0,21,L0_S21,D,504
test_date,test,date,L0_S21_D509,0,21,L0_S21,D,509
test_date,test,date,L0_S21_D514,0,21,L0_S21,D,514
test_date,test,date,L0_S21_D519,0,21,L0_S21,D,519
test_date,test,date,L0_S21_D524,0,21,L0_S21,D,524
test_date,test,date,L0_S21_D529,0,21,L0_S21,D,529
test_date,test,date,L0_S21_D534,0,21,L0_S21,D,534
test_date,test,date,L0_S21_D539,0,21,L0_S21,D,539
test_date,test,date,L0_S22_D543,0,22,L0_S22,D,543
test_date,test,date,L0_S22_D548,0,22,L0_S22,D,548
test_date,test,date,L0_S22_D553,0,22,L0_S22,D,553
test_date,test,date,L0_S22_D558,0,22,L0_S22,D,558
test_date,test,date,L0_S22_D563,0,22,L0_S22,D,563
test_date,test,date,L0_S22_D568,0,22,L0_S22,D,568
test_date,test,date,L0_S22_D573,0,22,L0_S22,D,573
test_date,test,date,L0_S22_D578,0,22,L0_S22,D,578
test_date,test,date,L0_S22_D583,0,22,L0_S22,D,583
test_date,test,date,L0_S22_D588,0,22,L0_S22,D,588
test_date,test,date,L0_S22_D593,0,22,L0_S22,D,593
test_date,test,date,L0_S22_D598,0,22,L0_S22,D,598
test_date,test,date,L0_S22_D603,0,22,L0_S22,D,603
test_date,test,date,L0_S22_D608,0,22,L0_S22,D,608
test_date,test,date,L0_S22_D613,0,22,L0_S22,D,613
test_date,test,date,L0_S23_D617,0,23,L0_S23,D,617
test_date,test,date,L0_S23_D621,0,23,L0_S23,D,621
test_date,test,date,L0_S23_D625,0,23,L0_S23,D,625
test_date,test,date,L0_S23_D629,0,23,L0_S23,D,629
test_date,test,date,L0_S23_D633,0,23,L0_S23,D,633
test_date,test,date,L0_S23_D637,0,23,L0_S23,D,637
test_date,test,date,L0_S23_D641,0,23,L0_S23,D,641
test_date,test,date,L0_S23_D645,0,23,L0_S23,D,645
test_date,test,date,L0_S23_D649,0,23,L0_S23,D,649
test_date,test,date,L0_S23_D653,0,23,L0_S23,D,653
test_date,test,date,L0_S23_D657,0,23,L0_S23,D,657
test_date,test,date,L0_S23_D661,0,23,L0_S23,D,661
test_date,test,date,L0_S23_D665,0,23,L0_S23,D,665
test_date,test,date,L0_S23_D669,0,23,L0_S23,D,669
test_date,test,date,L0_S23_D673,0,23,L0_S23,D,673
test_date,test,date,L1_S24_D677,1,24,L1_S24,D,677
test_date,test,date,L1_S24_D681,1,24,L1_S24,D,681
test_date,test,date,L1_S24_D685,1,24,L1_S24,D,685
test_date,test,date,L1_S24_D689,1,24,L1_S24,D,689
test_date,test,date,L1_S24_D693,1,24,L1_S24,D,693
test_date,test,date,L1_S24_D697,1,24,L1_S24,D,697
test_date,test,date,L1_S24_D702,1,24,L1_S24,D,702
test_date,test,date,L1_S24_D707,1,24,L1_S24,D,707
test_date,test,date,L1_S24_D712,1,24,L1_S24,D,712
test_date,test,date,L1_S24_D716,1,24,L1_S24,D,716
test_date,test,date,L1_S24_D721,1,24,L1_S24,D,721
test_date,test,date,L1_S24_D725,1,24,L1_S24,D,725
test_date,test,date,L1_S24_D730,1,24,L1_S24,D,730
test_date,test,date,L1_S24_D735,1,24,L1_S24,D,735
test_date,test,date,L1_S24_D739,1,24,L1_S24,D,739
test_date,test,date,L1_S24_D743,1,24,L1_S24,D,743
test_date,test,date,L1_S24_D748,1,24,L1_S24,D,748
test_date,test,date,L1_S24_D753,1,24,L1_S24,D,753
test_date,test,date,L1_S24_D758,1,24,L1_S24,D,758
test_date,test,date,L1_S24_D763,1,24,L1_S24,D,763
test_date,test,date,L1_S24_D768,1,24,L1_S24,D,768
test_date,test,date,L1_S24_D772,1,24,L1_S24,D,772
test_date,test,date,L1_S24_D777,1,24,L1_S24,D,777
test_date,test,date,L1_S24_D782,1,24,L1_S24,D,782
test_date,test,date,L1_S24_D787,1,24,L1_S24,D,787
test_date,test,date,L1_S24_D792,1,24,L1_S24,D,792
test_date,test,date,L1_S24_D797,1,24,L1_S24,D,797
test_date,test,date,L1_S24_D801,1,24,L1_S24,D,801
test_date,test,date,L1_S24_D804,1,24,L1_S24,D,804
test_date,test,date,L1_S24_D807,1,24,L1_S24,D,807
test_date,test,date,L1_S24_D809,1,24,L1_S24,D,809
test_date,test,date,L1_S24_D811,1,24,L1_S24,D,811
test_date,test,date,L1_S24_D813,1,24,L1_S24,D,813
test_date,test,date,L1_S24_D815,1,24,L1_S24,D,815
test_date,test,date,L1_S24_D818,1,24,L1_S24,D,818
test_date,test,date,L1_S24_D822,1,24,L1_S24,D,822
test_date,test,date,L1_S24_D826,1,24,L1_S24,D,826
test_date,test,date,L1_S24_D831,1,24,L1_S24,D,831
test_date,test,date,L1_S24_D836,1,24,L1_S24,D,836
test_date,test,date,L1_S24_D841,1,24,L1_S24,D,841
test_date,test,date,L1_S24_D846,1,24,L1_S24,D,846
test_date,test,date,L1_S24_D850,1,24,L1_S24,D,850
test_date,test,date,L1_S24_D854,1,24,L1_S24,D,854
test_date,test,date,L1_S24_D859,1,24,L1_S24,D,859
test_date,test,date,L1_S24_D864,1,24,L1_S24,D,864
test_date,test,date,L1_S24_D869,1,24,L1_S24,D,869
test_date,test,date,L1_S24_D874,1,24,L1_S24,D,874
test_date,test,date,L1_S24_D879,1,24,L1_S24,D,879
test_date,test,date,L1_S24_D884,1,24,L1_S24,D,884
test_date,test,date,L1_S24_D889,1,24,L1_S24,D,889
test_date,test,date,L1_S24_D894,1,24,L1_S24,D,894
test_date,test,date,L1_S24_D899,1,24,L1_S24,D,899
test_date,test,date,L1_S24_D904,1,24,L1_S24,D,904
test_date,test,date,L1_S24_D909,1,24,L1_S24,D,909
test_date,test,date,L1_S24_D913,1,24,L1_S24,D,913
test_date,test,date,L1_S24_D917,1,24,L1_S24,D,917
test_date,test,date,L1_S24_D922,1,24,L1_S24,D,922
test_date,test,date,L1_S24_D927,1,24,L1_S24,D,927
test_date,test,date,L1_S24_D932,1,24,L1_S24,D,932
test_date,test,date,L1_S24_D937,1,24,L1_S24,D,937
test_date,test,date,L1_S24_D941,1,24,L1_S24,D,941
test_date,test,date,L1_S24_D945,1,24,L1_S24,D,945
test_date,test,date,L1_S24_D950,1,24,L1_S24,D,950
test_date,test,date,L1_S24_D955,1,24,L1_S24,D,955
test_date,test,date,L1_S24_D960,1,24,L1_S24,D,960
test_date,test,date,L1_S24_D965,1,24,L1_S24,D,965
test_date,test,date,L1_S24_D970,1,24,L1_S24,D,970
test_date,test,date,L1_S24_D975,1,24,L1_S24,D,975
test_date,test,date,L1_S24_D980,1,24,L1_S24,D,980
test_date,test,date,L1_S24_D985,1,24,L1_S24,D,985
test_date,test,date,L1_S24_D990,1,24,L1_S24,D,990
test_date,test,date,L1_S24_D995,1,24,L1_S24,D,995
test_date,test,date,L1_S24_D999,1,24,L1_S24,D,999
test_date,test,date,L1_S24_D1001,1,24,L1_S24,D,1001
test_date,test,date,L1_S24_D1003,1,24,L1_S24,D,1003
test_date,test,date,L1_S24_D1005,1,24,L1_S24,D,1005
test_date,test,date,L1_S24_D1007,1,24,L1_S24,D,1007
test_date,test,date,L1_S24_D1009,1,24,L1_S24,D,1009
test_date,test,date,L1_S24_D1011,1,24,L1_S24,D,1011
test_date,test,date,L1_S24_D1013,1,24,L1_S24,D,1013
test_date,test,date,L1_S24_D1015,1,24,L1_S24,D,1015
test_date,test,date,L1_S24_D1018,1,24,L1_S24,D,1018
test_date,test,date,L1_S24_D1023,1,24,L1_S24,D,1023
test_date,test,date,L1_S24_D1028,1,24,L1_S24,D,1028
test_date,test,date,L1_S24_D1033,1,24,L1_S24,D,1033
test_date,test,date,L1_S24_D1038,1,24,L1_S24,D,1038
test_date,test,date,L1_S24_D1043,1,24,L1_S24,D,1043
test_date,test,date,L1_S24_D1048,1,24,L1_S24,D,1048
test_date,test,date,L1_S24_D1053,1,24,L1_S24,D,1053
test_date,test,date,L1_S24_D1058,1,24,L1_S24,D,1058
test_date,test,date,L1_S24_D1062,1,24,L1_S24,D,1062
test_date,test,date,L1_S24_D1066,1,24,L1_S24,D,1066
test_date,test,date,L1_S24_D1070,1,24,L1_S24,D,1070
test_date,test,date,L1_S24_D1074,1,24,L1_S24,D,1074
test_date,test,date,L1_S24_D1077,1,24,L1_S24,D,1077
test_date,test,date,L1_S24_D1081,1,24,L1_S24,D,1081
test_date,test,date,L1_S24_D1085,1,24,L1_S24,D,1085
test_date,test,date,L1_S24_D1089,1,24,L1_S24,D,1089
test_date,test,date,L1_S24_D1092,1,24,L1_S24,D,1092
test_date,test,date,L1_S24_D1096,1,24,L1_S24,D,1096
test_date,test,date,L1_S24_D1100,1,24,L1_S24,D,1100
test_date,test,date,L1_S24_D1104,1,24,L1_S24,D,1104
test_date,test,date,L1_S24_D1108,1,24,L1_S24,D,1108
test_date,test,date,L1_S24_D1112,1,24,L1_S24,D,1112
test_date,test,date,L1_S24_D1116,1,24,L1_S24,D,1116
test_date,test,date,L1_S24_D1120,1,24,L1_S24,D,1120
test_date,test,date,L1_S24_D1124,1,24,L1_S24,D,1124
test_date,test,date,L1_S24_D1128,1,24,L1_S24,D,1128
test_date,test,date,L1_S24_D1132,1,24,L1_S24,D,1132
test_date,test,date,L1_S24_D1135,1,24,L1_S24,D,1135
test_date,test,date,L1_S24_D1138,1,24,L1_S24,D,1138
test_date,test,date,L1_S24_D1141,1,24,L1_S24,D,1141
test_date,test,date,L1_S24_D1143,1,24,L1_S24,D,1143
test_date,test,date,L1_S24_D1146,1,24,L1_S24,D,1146
test_date,test,date,L1_S24_D1149,1,24,L1_S24,D,1149
test_date,test,date,L1_S24_D1151,1,24,L1_S24,D,1151
test_date,test,date,L1_S24_D1153,1,24,L1_S24,D,1153
test_date,test,date,L1_S24_D1155,1,24,L1_S24,D,1155
test_date,test,date,L1_S24_D1158,1,24,L1_S24,D,1158
test_date,test,date,L1_S24_D1163,1,24,L1_S24,D,1163
test_date,test,date,L1_S24_D1168,1,24,L1_S24,D,1168
test_date,test,date,L1_S24_D1171,1,24,L1_S24,D,1171
test_date,test,date,L1_S24_D1173,1,24,L1_S24,D,1173
test_date,test,date,L1_S24_D1175,1,24,L1_S24,D,1175
test_date,test,date,L1_S24_D1178,1,24,L1_S24,D,1178
test_date,test,date,L1_S24_D1182,1,24,L1_S24,D,1182
test_date,test,date,L1_S24_D1186,1,24,L1_S24,D,1186
test_date,test,date,L1_S24_D1190,1,24,L1_S24,D,1190
test_date,test,date,L1_S24_D1194,1,24,L1_S24,D,1194
test_date,test,date,L1_S24_D1199,1,24,L1_S24,D,1199
test_date,test,date,L1_S24_D1204,1,24,L1_S24,D,1204
test_date,test,date,L1_S24_D1209,1,24,L1_S24,D,1209
test_date,test,date,L1_S24_D1214,1,24,L1_S24,D,1214
test_date,test,date,L1_S24_D1218,1,24,L1_S24,D,1218
test_date,test,date,L1_S24_D1222,1,24,L1_S24,D,1222
test_date,test,date,L1_S24_D1227,1,24,L1_S24,D,1227
test_date,test,date,L1_S24_D1232,1,24,L1_S24,D,1232
test_date,test,date,L1_S24_D1237,1,24,L1_S24,D,1237
test_date,test,date,L1_S24_D1242,1,24,L1_S24,D,1242
test_date,test,date,L1_S24_D1247,1,24,L1_S24,D,1247
test_date,test,date,L1_S24_D1252,1,24,L1_S24,D,1252
test_date,test,date,L1_S24_D1257,1,24,L1_S24,D,1257
test_date,test,date,L1_S24_D1262,1,24,L1_S24,D,1262
test_date,test,date,L1_S24_D1267,1,24,L1_S24,D,1267
test_date,test,date,L1_S24_D1272,1,24,L1_S24,D,1272
test_date,test,date,L1_S24_D1277,1,24,L1_S24,D,1277
test_date,test,date,L1_S24_D1281,1,24,L1_S24,D,1281
test_date,test,date,L1_S24_D1285,1,24,L1_S24,D,1285
test_date,test,date,L1_S24_D1290,1,24,L1_S24,D,1290
test_date,test,date,L1_S24_D1295,1,24,L1_S24,D,1295
test_date,test,date,L1_S24_D1300,1,24,L1_S24,D,1300
test_date,test,date,L1_S24_D1305,1,24,L1_S24,D,1305
test_date,test,date,L1_S24_D1309,1,24,L1_S24,D,1309
test_date,test,date,L1_S24_D1313,1,24,L1_S24,D,1313
test_date,test,date,L1_S24_D1318,1,24,L1_S24,D,1318
test_date,test,date,L1_S24_D1323,1,24,L1_S24,D,1323
test_date,test,date,L1_S24_D1328,1,24,L1_S24,D,1328
test_date,test,date,L1_S24_D1333,1,24,L1_S24,D,1333
test_date,test,date,L1_S24_D1338,1,24,L1_S24,D,1338
test_date,test,date,L1_S24_D1343,1,24,L1_S24,D,1343
test_date,test,date,L1_S24_D1348,1,24,L1_S24,D,1348
test_date,test,date,L1_S24_D1353,1,24,L1_S24,D,1353
test_date,test,date,L1_S24_D1358,1,24,L1_S24,D,1358
test_date,test,date,L1_S24_D1363,1,24,L1_S24,D,1363
test_date,test,date,L1_S24_D1368,1,24,L1_S24,D,1368
test_date,test,date,L1_S24_D1373,1,24,L1_S24,D,1373
test_date,test,date,L1_S24_D1378,1,24,L1_S24,D,1378
test_date,test,date,L1_S24_D1383,1,24,L1_S24,D,1383
test_date,test,date,L1_S24_D1388,1,24,L1_S24,D,1388
test_date,test,date,L1_S24_D1393,1,24,L1_S24,D,1393
test_date,test,date,L1_S24_D1398,1,24,L1_S24,D,1398
test_date,test,date,L1_S24_D1403,1,24,L1_S24,D,1403
test_date,test,date,L1_S24_D1408,1,24,L1_S24,D,1408
test_date,test,date,L1_S24_D1413,1,24,L1_S24,D,1413
test_date,test,date,L1_S24_D1418,1,24,L1_S24,D,1418
test_date,test,date,L1_S24_D1423,1,24,L1_S24,D,1423
test_date,test,date,L1_S24_D1428,1,24,L1_S24,D,1428
test_date,test,date,L1_S24_D1433,1,24,L1_S24,D,1433
test_date,test,date,L1_S24_D1438,1,24,L1_S24,D,1438
test_date,test,date,L1_S24_D1443,1,24,L1_S24,D,1443
test_date,test,date,L1_S24_D1448,1,24,L1_S24,D,1448
test_date,test,date,L1_S24_D1453,1,24,L1_S24,D,1453
test_date,test,date,L1_S24_D1457,1,24,L1_S24,D,1457
test_date,test,date,L1_S24_D1461,1,24,L1_S24,D,1461
test_date,test,date,L1_S24_D1465,1,24,L1_S24,D,1465
test_date,test,date,L1_S24_D1469,1,24,L1_S24,D,1469
test_date,test,date,L1_S24_D1472,1,24,L1_S24,D,1472
test_date,test,date,L1_S24_D1476,1,24,L1_S24,D,1476
test_date,test,date,L1_S24_D1480,1,24,L1_S24,D,1480
test_date,test,date,L1_S24_D1484,1,24,L1_S24,D,1484
test_date,test,date,L1_S24_D1488,1,24,L1_S24,D,1488
test_date,test,date,L1_S24_D1492,1,24,L1_S24,D,1492
test_date,test,date,L1_S24_D1496,1,24,L1_S24,D,1496
test_date,test,date,L1_S24_D1500,1,24,L1_S24,D,1500
test_date,test,date,L1_S24_D1504,1,24,L1_S24,D,1504
test_date,test,date,L1_S24_D1508,1,24,L1_S24,D,1508
test_date,test,date,L1_S24_D1511,1,24,L1_S24,D,1511
test_date,test,date,L1_S24_D1513,1,24,L1_S24,D,1513
test_date,test,date,L1_S24_D1515,1,24,L1_S24,D,1515
test_date,test,date,L1_S24_D1517,1,24,L1_S24,D,1517
test_date,test,date,L1_S24_D1519,1,24,L1_S24,D,1519
test_date,test,date,L1_S24_D1522,1,24,L1_S24,D,1522
test_date,test,date,L1_S24_D1527,1,24,L1_S24,D,1527
test_date,test,date,L1_S24_D1532,1,24,L1_S24,D,1532
test_date,test,date,L1_S24_D1536,1,24,L1_S24,D,1536
test_date,test,date,L1_S24_D1541,1,24,L1_S24,D,1541
test_date,test,date,L1_S24_D1546,1,24,L1_S24,D,1546
test_date,test,date,L1_S24_D1550,1,24,L1_S24,D,1550
test_date,test,date,L1_S24_D1554,1,24,L1_S24,D,1554
test_date,test,date,L1_S24_D1558,1,24,L1_S24,D,1558
test_date,test,date,L1_S24_D1562,1,24,L1_S24,D,1562
test_date,test,date,L1_S24_D1566,1,24,L1_S24,D,1566
test_date,test,date,L1_S24_D1568,1,24,L1_S24,D,1568
test_date,test,date,L1_S24_D1570,1,24,L1_S24,D,1570
test_date,test,date,L1_S24_D1572,1,24,L1_S24,D,1572
test_date,test,date,L1_S24_D1574,1,24,L1_S24,D,1574
test_date,test,date,L1_S24_D1576,1,24,L1_S24,D,1576
test_date,test,date,L1_S24_D1579,1,24,L1_S24,D,1579
test_date,test,date,L1_S24_D1583,1,24,L1_S24,D,1583
test_date,test,date,L1_S24_D1587,1,24,L1_S24,D,1587
test_date,test,date,L1_S24_D1591,1,24,L1_S24,D,1591
test_date,test,date,L1_S24_D1596,1,24,L1_S24,D,1596
test_date,test,date,L1_S24_D1601,1,24,L1_S24,D,1601
test_date,test,date,L1_S24_D1606,1,24,L1_S24,D,1606
test_date,test,date,L1_S24_D1611,1,24,L1_S24,D,1611
test_date,test,date,L1_S24_D1615,1,24,L1_S24,D,1615
test_date,test,date,L1_S24_D1619,1,24,L1_S24,D,1619
test_date,test,date,L1_S24_D1624,1,24,L1_S24,D,1624
test_date,test,date,L1_S24_D1629,1,24,L1_S24,D,1629
test_date,test,date,L1_S24_D1634,1,24,L1_S24,D,1634
test_date,test,date,L1_S24_D1639,1,24,L1_S24,D,1639
test_date,test,date,L1_S24_D1644,1,24,L1_S24,D,1644
test_date,test,date,L1_S24_D1649,1,24,L1_S24,D,1649
test_date,test,date,L1_S24_D1654,1,24,L1_S24,D,1654
test_date,test,date,L1_S24_D1659,1,24,L1_S24,D,1659
test_date,test,date,L1_S24_D1664,1,24,L1_S24,D,1664
test_date,test,date,L1_S24_D1669,1,24,L1_S24,D,1669
test_date,test,date,L1_S24_D1674,1,24,L1_S24,D,1674
test_date,test,date,L1_S24_D1678,1,24,L1_S24,D,1678
test_date,test,date,L1_S24_D1682,1,24,L1_S24,D,1682
test_date,test,date,L1_S24_D1687,1,24,L1_S24,D,1687
test_date,test,date,L1_S24_D1692,1,24,L1_S24,D,1692
test_date,test,date,L1_S24_D1697,1,24,L1_S24,D,1697
test_date,test,date,L1_S24_D1702,1,24,L1_S24,D,1702
test_date,test,date,L1_S24_D1706,1,24,L1_S24,D,1706
test_date,test,date,L1_S24_D1710,1,24,L1_S24,D,1710
test_date,test,date,L1_S24_D1715,1,24,L1_S24,D,1715
test_date,test,date,L1_S24_D1720,1,24,L1_S24,D,1720
test_date,test,date,L1_S24_D1725,1,24,L1_S24,D,1725
test_date,test,date,L1_S24_D1730,1,24,L1_S24,D,1730
test_date,test,date,L1_S24_D1735,1,24,L1_S24,D,1735
test_date,test,date,L1_S24_D1740,1,24,L1_S24,D,1740
test_date,test,date,L1_S24_D1745,1,24,L1_S24,D,1745
test_date,test,date,L1_S24_D1750,1,24,L1_S24,D,1750
test_date,test,date,L1_S24_D1755,1,24,L1_S24,D,1755
test_date,test,date,L1_S24_D1760,1,24,L1_S24,D,1760
test_date,test,date,L1_S24_D1765,1,24,L1_S24,D,1765
test_date,test,date,L1_S24_D1770,1,24,L1_S24,D,1770
test_date,test,date,L1_S24_D1775,1,24,L1_S24,D,1775
test_date,test,date,L1_S24_D1780,1,24,L1_S24,D,1780
test_date,test,date,L1_S24_D1785,1,24,L1_S24,D,1785
test_date,test,date,L1_S24_D1790,1,24,L1_S24,D,1790
test_date,test,date,L1_S24_D1795,1,24,L1_S24,D,1795
test_date,test,date,L1_S24_D1800,1,24,L1_S24,D,1800
test_date,test,date,L1_S24_D1805,1,24,L1_S24,D,1805
test_date,test,date,L1_S24_D1809,1,24,L1_S24,D,1809
test_date,test,date,L1_S24_D1811,1,24,L1_S24,D,1811
test_date,test,date,L1_S24_D1813,1,24,L1_S24,D,1813
test_date,test,date,L1_S24_D1815,1,24,L1_S24,D,1815
test_date,test,date,L1_S24_D1817,1,24,L1_S24,D,1817
test_date,test,date,L1_S24_D1819,1,24,L1_S24,D,1819
test_date,test,date,L1_S24_D1821,1,24,L1_S24,D,1821
test_date,test,date,L1_S24_D1823,1,24,L1_S24,D,1823
test_date,test,date,L1_S24_D1825,1,24,L1_S24,D,1825
test_date,test,date,L1_S24_D1826,1,24,L1_S24,D,1826
test_date,test,date,L1_S24_D1828,1,24,L1_S24,D,1828
test_date,test,date,L1_S24_D1830,1,24,L1_S24,D,1830
test_date,test,date,L1_S24_D1832,1,24,L1_S24,D,1832
test_date,test,date,L1_S24_D1833,1,24,L1_S24,D,1833
test_date,test,date,L1_S24_D1835,1,24,L1_S24,D,1835
test_date,test,date,L1_S24_D1837,1,24,L1_S24,D,1837
test_date,test,date,L1_S24_D1839,1,24,L1_S24,D,1839
test_date,test,date,L1_S24_D1841,1,24,L1_S24,D,1841
test_date,test,date,L1_S24_D1843,1,24,L1_S24,D,1843
test_date,test,date,L1_S24_D1845,1,24,L1_S24,D,1845
test_date,test,date,L1_S24_D1847,1,24,L1_S24,D,1847
test_date,test,date,L1_S24_D1849,1,24,L1_S24,D,1849
test_date,test,date,L1_S24_D1851,1,24,L1_S24,D,1851
test_date,test,date,L1_S25_D1854,1,25,L1_S25,D,1854
test_date,test,date,L1_S25_D1857,1,25,L1_S25,D,1857
test_date,test,date,L1_S25_D1860,1,25,L1_S25,D,1860
test_date,test,date,L1_S25_D1862,1,25,L1_S25,D,1862
test_date,test,date,L1_S25_D1864,1,25,L1_S25,D,1864
test_date,test,date,L1_S25_D1867,1,25,L1_S25,D,1867
test_date,test,date,L1_S25_D1871,1,25,L1_S25,D,1871
test_date,test,date,L1_S25_D1875,1,25,L1_S25,D,1875
test_date,test,date,L1_S25_D1879,1,25,L1_S25,D,1879
test_date,test,date,L1_S25_D1883,1,25,L1_S25,D,1883
test_date,test,date,L1_S25_D1887,1,25,L1_S25,D,1887
test_date,test,date,L1_S25_D1891,1,25,L1_S25,D,1891
test_date,test,date,L1_S25_D1893,1,25,L1_S25,D,1893
test_date,test,date,L1_S25_D1895,1,25,L1_S25,D,1895
test_date,test,date,L1_S25_D1898,1,25,L1_S25,D,1898
test_date,test,date,L1_S25_D1902,1,25,L1_S25,D,1902
test_date,test,date,L1_S25_D1906,1,25,L1_S25,D,1906
test_date,test,date,L1_S25_D1911,1,25,L1_S25,D,1911
test_date,test,date,L1_S25_D1916,1,25,L1_S25,D,1916
test_date,test,date,L1_S25_D1921,1,25,L1_S25,D,1921
test_date,test,date,L1_S25_D1926,1,25,L1_S25,D,1926
test_date,test,date,L1_S25_D1931,1,25,L1_S25,D,1931
test_date,test,date,L1_S25_D1935,1,25,L1_S25,D,1935
test_date,test,date,L1_S25_D1940,1,25,L1_S25,D,1940
test_date,test,date,L1_S25_D1945,1,25,L1_S25,D,1945
test_date,test,date,L1_S25_D1950,1,25,L1_S25,D,1950
test_date,test,date,L1_S25_D1955,1,25,L1_S25,D,1955
test_date,test,date,L1_S25_D1960,1,25,L1_S25,D,1960
test_date,test,date,L1_S25_D1965,1,25,L1_S25,D,1965
test_date,test,date,L1_S25_D1970,1,25,L1_S25,D,1970
test_date,test,date,L1_S25_D1975,1,25,L1_S25,D,1975
test_date,test,date,L1_S25_D1980,1,25,L1_S25,D,1980
test_date,test,date,L1_S25_D1984,1,25,L1_S25,D,1984
test_date,test,date,L1_S25_D1989,1,25,L1_S25,D,1989
test_date,test,date,L1_S25_D1994,1,25,L1_S25,D,1994
test_date,test,date,L1_S25_D1999,1,25,L1_S25,D,1999
test_date,test,date,L1_S25_D2004,1,25,L1_S25,D,2004
test_date,test,date,L1_S25_D2009,1,25,L1_S25,D,2009
test_date,test,date,L1_S25_D2013,1,25,L1_S25,D,2013
test_date,test,date,L1_S25_D2018,1,25,L1_S25,D,2018
test_date,test,date,L1_S25_D2023,1,25,L1_S25,D,2023
test_date,test,date,L1_S25_D2028,1,25,L1_S25,D,2028
test_date,test,date,L1_S25_D2033,1,25,L1_S25,D,2033
test_date,test,date,L1_S25_D2038,1,25,L1_S25,D,2038
test_date,test,date,L1_S25_D2043,1,25,L1_S25,D,2043
test_date,test,date,L1_S25_D2048,1,25,L1_S25,D,2048
test_date,test,date,L1_S25_D2053,1,25,L1_S25,D,2053
test_date,test,date,L1_S25_D2058,1,25,L1_S25,D,2058
test_date,test,date,L1_S25_D2063,1,25,L1_S25,D,2063
test_date,test,date,L1_S25_D2068,1,25,L1_S25,D,2068
test_date,test,date,L1_S25_D2073,1,25,L1_S25,D,2073
test_date,test,date,L1_S25_D2078,1,25,L1_S25,D,2078
test_date,test,date,L1_S25_D2083,1,25,L1_S25,D,2083
test_date,test,date,L1_S25_D2088,1,25,L1_S25,D,2088
test_date,test,date,L1_S25_D2093,1,25,L1_S25,D,2093
test_date,test,date,L1_S25_D2098,1,25,L1_S25,D,2098
test_date,test,date,L1_S25_D2103,1,25,L1_S25,D,2103
test_date,test,date,L1_S25_D2108,1,25,L1_S25,D,2108
test_date,test,date,L1_S25_D2113,1,25,L1_S25,D,2113
test_date,test,date,L1_S25_D2118,1,25,L1_S25,D,2118
test_date,test,date,L1_S25_D2123,1,25,L1_S25,D,2123
test_date,test,date,L1_S25_D2128,1,25,L1_S25,D,2128
test_date,test,date,L1_S25_D2133,1,25,L1_S25,D,2133
test_date,test,date,L1_S25_D2138,1,25,L1_S25,D,2138
test_date,test,date,L1_S25_D2140,1,25,L1_S25,D,2140
test_date,test,date,L1_S25_D2143,1,25,L1_S25,D,2143
test_date,test,date,L1_S25_D2146,1,25,L1_S25,D,2146
test_date,test,date,L1_S25_D2149,1,25,L1_S25,D,2149
test_date,test,date,L1_S25_D2151,1,25,L1_S25,D,2151
test_date,test,date,L1_S25_D2154,1,25,L1_S25,D,2154
test_date,test,date,L1_S25_D2157,1,25,L1_S25,D,2157
test_date,test,date,L1_S25_D2160,1,25,L1_S25,D,2160
test_date,test,date,L1_S25_D2163,1,25,L1_S25,D,2163
test_date,test,date,L1_S25_D2166,1,25,L1_S25,D,2166
test_date,test,date,L1_S25_D2169,1,25,L1_S25,D,2169
test_date,test,date,L1_S25_D2172,1,25,L1_S25,D,2172
test_date,test,date,L1_S25_D2175,1,25,L1_S25,D,2175
test_date,test,date,L1_S25_D2178,1,25,L1_S25,D,2178
test_date,test,date,L1_S25_D2180,1,25,L1_S25,D,2180
test_date,test,date,L1_S25_D2183,1,25,L1_S25,D,2183
test_date,test,date,L1_S25_D2186,1,25,L1_S25,D,2186
test_date,test,date,L1_S25_D2189,1,25,L1_S25,D,2189
test_date,test,date,L1_S25_D2192,1,25,L1_S25,D,2192
test_date,test,date,L1_S25_D2195,1,25,L1_S25,D,2195
test_date,test,date,L1_S25_D2198,1,25,L1_S25,D,2198
test_date,test,date,L1_S25_D2201,1,25,L1_S25,D,2201
test_date,test,date,L1_S25_D2204,1,25,L1_S25,D,2204
test_date,test,date,L1_S25_D2206,1,25,L1_S25,D,2206
test_date,test,date,L1_S25_D2209,1,25,L1_S25,D,2209
test_date,test,date,L1_S25_D2212,1,25,L1_S25,D,2212
test_date,test,date,L1_S25_D2214,1,25,L1_S25,D,2214
test_date,test,date,L1_S25_D2216,1,25,L1_S25,D,2216
test_date,test,date,L1_S25_D2219,1,25,L1_S25,D,2219
test_date,test,date,L1_S25_D2222,1,25,L1_S25,D,2222
test_date,test,date,L1_S25_D2225,1,25,L1_S25,D,2225
test_date,test,date,L1_S25_D2228,1,25,L1_S25,D,2228
test_date,test,date,L1_S25_D2230,1,25,L1_S25,D,2230
test_date,test,date,L1_S25_D2232,1,25,L1_S25,D,2232
test_date,test,date,L1_S25_D2234,1,25,L1_S25,D,2234
test_date,test,date,L1_S25_D2235,1,25,L1_S25,D,2235
test_date,test,date,L1_S25_D2236,1,25,L1_S25,D,2236
test_date,test,date,L1_S25_D2238,1,25,L1_S25,D,2238
test_date,test,date,L1_S25_D2240,1,25,L1_S25,D,2240
test_date,test,date,L1_S25_D2242,1,25,L1_S25,D,2242
test_date,test,date,L1_S25_D2244,1,25,L1_S25,D,2244
test_date,test,date,L1_S25_D2246,1,25,L1_S25,D,2246
test_date,test,date,L1_S25_D2248,1,25,L1_S25,D,2248
test_date,test,date,L1_S25_D2251,1,25,L1_S25,D,2251
test_date,test,date,L1_S25_D2255,1,25,L1_S25,D,2255
test_date,test,date,L1_S25_D2260,1,25,L1_S25,D,2260
test_date,test,date,L1_S25_D2265,1,25,L1_S25,D,2265
test_date,test,date,L1_S25_D2270,1,25,L1_S25,D,2270
test_date,test,date,L1_S25_D2275,1,25,L1_S25,D,2275
test_date,test,date,L1_S25_D2280,1,25,L1_S25,D,2280
test_date,test,date,L1_S25_D2284,1,25,L1_S25,D,2284
test_date,test,date,L1_S25_D2289,1,25,L1_S25,D,2289
test_date,test,date,L1_S25_D2294,1,25,L1_S25,D,2294
test_date,test,date,L1_S25_D2299,1,25,L1_S25,D,2299
test_date,test,date,L1_S25_D2304,1,25,L1_S25,D,2304
test_date,test,date,L1_S25_D2309,1,25,L1_S25,D,2309
test_date,test,date,L1_S25_D2314,1,25,L1_S25,D,2314
test_date,test,date,L1_S25_D2319,1,25,L1_S25,D,2319
test_date,test,date,L1_S25_D2324,1,25,L1_S25,D,2324
test_date,test,date,L1_S25_D2329,1,25,L1_S25,D,2329
test_date,test,date,L1_S25_D2333,1,25,L1_S25,D,2333
test_date,test,date,L1_S25_D2338,1,25,L1_S25,D,2338
test_date,test,date,L1_S25_D2343,1,25,L1_S25,D,2343
test_date,test,date,L1_S25_D2348,1,25,L1_S25,D,2348
test_date,test,date,L1_S25_D2353,1,25,L1_S25,D,2353
test_date,test,date,L1_S25_D2358,1,25,L1_S25,D,2358
test_date,test,date,L1_S25_D2362,1,25,L1_S25,D,2362
test_date,test,date,L1_S25_D2367,1,25,L1_S25,D,2367
test_date,test,date,L1_S25_D2372,1,25,L1_S25,D,2372
test_date,test,date,L1_S25_D2377,1,25,L1_S25,D,2377
test_date,test,date,L1_S25_D2382,1,25,L1_S25,D,2382
test_date,test,date,L1_S25_D2387,1,25,L1_S25,D,2387
test_date,test,date,L1_S25_D2392,1,25,L1_S25,D,2392
test_date,test,date,L1_S25_D2397,1,25,L1_S25,D,2397
test_date,test,date,L1_S25_D2402,1,25,L1_S25,D,2402
test_date,test,date,L1_S25_D2406,1,25,L1_S25,D,2406
test_date,test,date,L1_S25_D2409,1,25,L1_S25,D,2409
test_date,test,date,L1_S25_D2412,1,25,L1_S25,D,2412
test_date,test,date,L1_S25_D2415,1,25,L1_S25,D,2415
test_date,test,date,L1_S25_D2418,1,25,L1_S25,D,2418
test_date,test,date,L1_S25_D2421,1,25,L1_S25,D,2421
test_date,test,date,L1_S25_D2424,1,25,L1_S25,D,2424
test_date,test,date,L1_S25_D2427,1,25,L1_S25,D,2427
test_date,test,date,L1_S25_D2430,1,25,L1_S25,D,2430
test_date,test,date,L1_S25_D2432,1,25,L1_S25,D,2432
test_date,test,date,L1_S25_D2434,1,25,L1_S25,D,2434
test_date,test,date,L1_S25_D2436,1,25,L1_S25,D,2436
test_date,test,date,L1_S25_D2438,1,25,L1_S25,D,2438
test_date,test,date,L1_S25_D2440,1,25,L1_S25,D,2440
test_date,test,date,L1_S25_D2442,1,25,L1_S25,D,2442
test_date,test,date,L1_S25_D2444,1,25,L1_S25,D,2444
test_date,test,date,L1_S25_D2445,1,25,L1_S25,D,2445
test_date,test,date,L1_S25_D2446,1,25,L1_S25,D,2446
test_date,test,date,L1_S25_D2448,1,25,L1_S25,D,2448
test_date,test,date,L1_S25_D2450,1,25,L1_S25,D,2450
test_date,test,date,L1_S25_D2452,1,25,L1_S25,D,2452
test_date,test,date,L1_S25_D2453,1,25,L1_S25,D,2453
test_date,test,date,L1_S25_D2455,1,25,L1_S25,D,2455
test_date,test,date,L1_S25_D2457,1,25,L1_S25,D,2457
test_date,test,date,L1_S25_D2459,1,25,L1_S25,D,2459
test_date,test,date,L1_S25_D2461,1,25,L1_S25,D,2461
test_date,test,date,L1_S25_D2463,1,25,L1_S25,D,2463
test_date,test,date,L1_S25_D2465,1,25,L1_S25,D,2465
test_date,test,date,L1_S25_D2467,1,25,L1_S25,D,2467
test_date,test,date,L1_S25_D2469,1,25,L1_S25,D,2469
test_date,test,date,L1_S25_D2471,1,25,L1_S25,D,2471
test_date,test,date,L1_S25_D2474,1,25,L1_S25,D,2474
test_date,test,date,L1_S25_D2477,1,25,L1_S25,D,2477
test_date,test,date,L1_S25_D2480,1,25,L1_S25,D,2480
test_date,test,date,L1_S25_D2483,1,25,L1_S25,D,2483
test_date,test,date,L1_S25_D2486,1,25,L1_S25,D,2486
test_date,test,date,L1_S25_D2489,1,25,L1_S25,D,2489
test_date,test,date,L1_S25_D2492,1,25,L1_S25,D,2492
test_date,test,date,L1_S25_D2495,1,25,L1_S25,D,2495
test_date,test,date,L1_S25_D2497,1,25,L1_S25,D,2497
test_date,test,date,L1_S25_D2499,1,25,L1_S25,D,2499
test_date,test,date,L1_S25_D2501,1,25,L1_S25,D,2501
test_date,test,date,L1_S25_D2502,1,25,L1_S25,D,2502
test_date,test,date,L1_S25_D2503,1,25,L1_S25,D,2503
test_date,test,date,L1_S25_D2505,1,25,L1_S25,D,2505
test_date,test,date,L1_S25_D2507,1,25,L1_S25,D,2507
test_date,test,date,L1_S25_D2509,1,25,L1_S25,D,2509
test_date,test,date,L1_S25_D2511,1,25,L1_S25,D,2511
test_date,test,date,L1_S25_D2513,1,25,L1_S25,D,2513
test_date,test,date,L1_S25_D2515,1,25,L1_S25,D,2515
test_date,test,date,L1_S25_D2518,1,25,L1_S25,D,2518
test_date,test,date,L1_S25_D2522,1,25,L1_S25,D,2522
test_date,test,date,L1_S25_D2527,1,25,L1_S25,D,2527
test_date,test,date,L1_S25_D2532,1,25,L1_S25,D,2532
test_date,test,date,L1_S25_D2537,1,25,L1_S25,D,2537
test_date,test,date,L1_S25_D2542,1,25,L1_S25,D,2542
test_date,test,date,L1_S25_D2547,1,25,L1_S25,D,2547
test_date,test,date,L1_S25_D2551,1,25,L1_S25,D,2551
test_date,test,date,L1_S25_D2556,1,25,L1_S25,D,2556
test_date,test,date,L1_S25_D2561,1,25,L1_S25,D,2561
test_date,test,date,L1_S25_D2566,1,25,L1_S25,D,2566
test_date,test,date,L1_S25_D2571,1,25,L1_S25,D,2571
test_date,test,date,L1_S25_D2576,1,25,L1_S25,D,2576
test_date,test,date,L1_S25_D2581,1,25,L1_S25,D,2581
test_date,test,date,L1_S25_D2586,1,25,L1_S25,D,2586
test_date,test,date,L1_S25_D2591,1,25,L1_S25,D,2591
test_date,test,date,L1_S25_D2596,1,25,L1_S25,D,2596
test_date,test,date,L1_S25_D2600,1,25,L1_S25,D,2600
test_date,test,date,L1_S25_D2605,1,25,L1_S25,D,2605
test_date,test,date,L1_S25_D2610,1,25,L1_S25,D,2610
test_date,test,date,L1_S25_D2615,1,25,L1_S25,D,2615
test_date,test,date,L1_S25_D2620,1,25,L1_S25,D,2620
test_date,test,date,L1_S25_D2625,1,25,L1_S25,D,2625
test_date,test,date,L1_S25_D2629,1,25,L1_S25,D,2629
test_date,test,date,L1_S25_D2634,1,25,L1_S25,D,2634
test_date,test,date,L1_S25_D2639,1,25,L1_S25,D,2639
test_date,test,date,L1_S25_D2644,1,25,L1_S25,D,2644
test_date,test,date,L1_S25_D2649,1,25,L1_S25,D,2649
test_date,test,date,L1_S25_D2654,1,25,L1_S25,D,2654
test_date,test,date,L1_S25_D2659,1,25,L1_S25,D,2659
test_date,test,date,L1_S25_D2664,1,25,L1_S25,D,2664
test_date,test,date,L1_S25_D2669,1,25,L1_S25,D,2669
test_date,test,date,L1_S25_D2674,1,25,L1_S25,D,2674
test_date,test,date,L1_S25_D2679,1,25,L1_S25,D,2679
test_date,test,date,L1_S25_D2684,1,25,L1_S25,D,2684
test_date,test,date,L1_S25_D2689,1,25,L1_S25,D,2689
test_date,test,date,L1_S25_D2694,1,25,L1_S25,D,2694
test_date,test,date,L1_S25_D2699,1,25,L1_S25,D,2699
test_date,test,date,L1_S25_D2704,1,25,L1_S25,D,2704
test_date,test,date,L1_S25_D2709,1,25,L1_S25,D,2709
test_date,test,date,L1_S25_D2713,1,25,L1_S25,D,2713
test_date,test,date,L1_S25_D2715,1,25,L1_S25,D,2715
test_date,test,date,L1_S25_D2717,1,25,L1_S25,D,2717
test_date,test,date,L1_S25_D2719,1,25,L1_S25,D,2719
test_date,test,date,L1_S25_D2721,1,25,L1_S25,D,2721
test_date,test,date,L1_S25_D2723,1,25,L1_S25,D,2723
test_date,test,date,L1_S25_D2725,1,25,L1_S25,D,2725
test_date,test,date,L1_S25_D2727,1,25,L1_S25,D,2727
test_date,test,date,L1_S25_D2728,1,25,L1_S25,D,2728
test_date,test,date,L1_S25_D2729,1,25,L1_S25,D,2729
test_date,test,date,L1_S25_D2731,1,25,L1_S25,D,2731
test_date,test,date,L1_S25_D2733,1,25,L1_S25,D,2733
test_date,test,date,L1_S25_D2735,1,25,L1_S25,D,2735
test_date,test,date,L1_S25_D2736,1,25,L1_S25,D,2736
test_date,test,date,L1_S25_D2738,1,25,L1_S25,D,2738
test_date,test,date,L1_S25_D2740,1,25,L1_S25,D,2740
test_date,test,date,L1_S25_D2742,1,25,L1_S25,D,2742
test_date,test,date,L1_S25_D2744,1,25,L1_S25,D,2744
test_date,test,date,L1_S25_D2746,1,25,L1_S25,D,2746
test_date,test,date,L1_S25_D2748,1,25,L1_S25,D,2748
test_date,test,date,L1_S25_D2750,1,25,L1_S25,D,2750
test_date,test,date,L1_S25_D2752,1,25,L1_S25,D,2752
test_date,test,date,L1_S25_D2754,1,25,L1_S25,D,2754
test_date,test,date,L1_S25_D2757,1,25,L1_S25,D,2757
test_date,test,date,L1_S25_D2760,1,25,L1_S25,D,2760
test_date,test,date,L1_S25_D2763,1,25,L1_S25,D,2763
test_date,test,date,L1_S25_D2766,1,25,L1_S25,D,2766
test_date,test,date,L1_S25_D2769,1,25,L1_S25,D,2769
test_date,test,date,L1_S25_D2772,1,25,L1_S25,D,2772
test_date,test,date,L1_S25_D2775,1,25,L1_S25,D,2775
test_date,test,date,L1_S25_D2778,1,25,L1_S25,D,2778
test_date,test,date,L1_S25_D2780,1,25,L1_S25,D,2780
test_date,test,date,L1_S25_D2782,1,25,L1_S25,D,2782
test_date,test,date,L1_S25_D2784,1,25,L1_S25,D,2784
test_date,test,date,L1_S25_D2785,1,25,L1_S25,D,2785
test_date,test,date,L1_S25_D2786,1,25,L1_S25,D,2786
test_date,test,date,L1_S25_D2788,1,25,L1_S25,D,2788
test_date,test,date,L1_S25_D2790,1,25,L1_S25,D,2790
test_date,test,date,L1_S25_D2792,1,25,L1_S25,D,2792
test_date,test,date,L1_S25_D2794,1,25,L1_S25,D,2794
test_date,test,date,L1_S25_D2796,1,25,L1_S25,D,2796
test_date,test,date,L1_S25_D2798,1,25,L1_S25,D,2798
test_date,test,date,L1_S25_D2801,1,25,L1_S25,D,2801
test_date,test,date,L1_S25_D2805,1,25,L1_S25,D,2805
test_date,test,date,L1_S25_D2810,1,25,L1_S25,D,2810
test_date,test,date,L1_S25_D2815,1,25,L1_S25,D,2815
test_date,test,date,L1_S25_D2820,1,25,L1_S25,D,2820
test_date,test,date,L1_S25_D2825,1,25,L1_S25,D,2825
test_date,test,date,L1_S25_D2830,1,25,L1_S25,D,2830
test_date,test,date,L1_S25_D2834,1,25,L1_S25,D,2834
test_date,test,date,L1_S25_D2839,1,25,L1_S25,D,2839
test_date,test,date,L1_S25_D2844,1,25,L1_S25,D,2844
test_date,test,date,L1_S25_D2849,1,25,L1_S25,D,2849
test_date,test,date,L1_S25_D2854,1,25,L1_S25,D,2854
test_date,test,date,L1_S25_D2859,1,25,L1_S25,D,2859
test_date,test,date,L1_S25_D2864,1,25,L1_S25,D,2864
test_date,test,date,L1_S25_D2869,1,25,L1_S25,D,2869
test_date,test,date,L1_S25_D2874,1,25,L1_S25,D,2874
test_date,test,date,L1_S25_D2879,1,25,L1_S25,D,2879
test_date,test,date,L1_S25_D2883,1,25,L1_S25,D,2883
test_date,test,date,L1_S25_D2888,1,25,L1_S25,D,2888
test_date,test,date,L1_S25_D2893,1,25,L1_S25,D,2893
test_date,test,date,L1_S25_D2898,1,25,L1_S25,D,2898
test_date,test,date,L1_S25_D2903,1,25,L1_S25,D,2903
test_date,test,date,L1_S25_D2908,1,25,L1_S25,D,2908
test_date,test,date,L1_S25_D2912,1,25,L1_S25,D,2912
test_date,test,date,L1_S25_D2917,1,25,L1_S25,D,2917
test_date,test,date,L1_S25_D2922,1,25,L1_S25,D,2922
test_date,test,date,L1_S25_D2927,1,25,L1_S25,D,2927
test_date,test,date,L1_S25_D2932,1,25,L1_S25,D,2932
test_date,test,date,L1_S25_D2937,1,25,L1_S25,D,2937
test_date,test,date,L1_S25_D2942,1,25,L1_S25,D,2942
test_date,test,date,L1_S25_D2947,1,25,L1_S25,D,2947
test_date,test,date,L1_S25_D2952,1,25,L1_S25,D,2952
test_date,test,date,L1_S25_D2957,1,25,L1_S25,D,2957
test_date,test,date,L1_S25_D2962,1,25,L1_S25,D,2962
test_date,test,date,L1_S25_D2967,1,25,L1_S25,D,2967
test_date,test,date,L1_S25_D2972,1,25,L1_S25,D,2972
test_date,test,date,L1_S25_D2977,1,25,L1_S25,D,2977
test_date,test,date,L1_S25_D2982,1,25,L1_S25,D,2982
test_date,test,date,L1_S25_D2987,1,25,L1_S25,D,2987
test_date,test,date,L1_S25_D2992,1,25,L1_S25,D,2992
test_date,test,date,L1_S25_D2996,1,25,L1_S25,D,2996
test_date,test,date,L1_S25_D2998,1,25,L1_S25,D,2998
test_date,test,date,L1_S25_D3000,1,25,L1_S25,D,3000
test_date,test,date,L1_S25_D3002,1,25,L1_S25,D,3002
test_date,test,date,L1_S25_D3004,1,25,L1_S25,D,3004
test_date,test,date,L1_S25_D3006,1,25,L1_S25,D,3006
test_date,test,date,L1_S25_D3008,1,25,L1_S25,D,3008
test_date,test,date,L1_S25_D3010,1,25,L1_S25,D,3010
test_date,test,date,L1_S25_D3011,1,25,L1_S25,D,3011
test_date,test,date,L1_S25_D3012,1,25,L1_S25,D,3012
test_date,test,date,L1_S25_D3014,1,25,L1_S25,D,3014
test_date,test,date,L1_S25_D3016,1,25,L1_S25,D,3016
test_date,test,date,L1_S25_D3018,1,25,L1_S25,D,3018
test_date,test,date,L1_S25_D3019,1,25,L1_S25,D,3019
test_date,test,date,L1_S25_D3021,1,25,L1_S25,D,3021
test_date,test,date,L1_S25_D3023,1,25,L1_S25,D,3023
test_date,test,date,L1_S25_D3025,1,25,L1_S25,D,3025
test_date,test,date,L1_S25_D3027,1,25,L1_S25,D,3027
test_date,test,date,L1_S25_D3029,1,25,L1_S25,D,3029
test_date,test,date,L1_S25_D3031,1,25,L1_S25,D,3031
test_date,test,date,L1_S25_D3033,1,25,L1_S25,D,3033
test_date,test,date,L1_S25_D3035,1,25,L1_S25,D,3035
test_date,test,date,L2_S26_D3037,2,26,L2_S26,D,3037
test_date,test,date,L2_S26_D3041,2,26,L2_S26,D,3041
test_date,test,date,L2_S26_D3044,2,26,L2_S26,D,3044
test_date,test,date,L2_S26_D3048,2,26,L2_S26,D,3048
test_date,test,date,L2_S26_D3052,2,26,L2_S26,D,3052
test_date,test,date,L2_S26_D3056,2,26,L2_S26,D,3056
test_date,test,date,L2_S26_D3059,2,26,L2_S26,D,3059
test_date,test,date,L2_S26_D3063,2,26,L2_S26,D,3063
test_date,test,date,L2_S26_D3066,2,26,L2_S26,D,3066
test_date,test,date,L2_S26_D3070,2,26,L2_S26,D,3070
test_date,test,date,L2_S26_D3074,2,26,L2_S26,D,3074
test_date,test,date,L2_S26_D3078,2,26,L2_S26,D,3078
test_date,test,date,L2_S26_D3081,2,26,L2_S26,D,3081
test_date,test,date,L2_S26_D3084,2,26,L2_S26,D,3084
test_date,test,date,L2_S26_D3087,2,26,L2_S26,D,3087
test_date,test,date,L2_S26_D3090,2,26,L2_S26,D,3090
test_date,test,date,L2_S26_D3093,2,26,L2_S26,D,3093
test_date,test,date,L2_S26_D3096,2,26,L2_S26,D,3096
test_date,test,date,L2_S26_D3100,2,26,L2_S26,D,3100
test_date,test,date,L2_S26_D3103,2,26,L2_S26,D,3103
test_date,test,date,L2_S26_D3107,2,26,L2_S26,D,3107
test_date,test,date,L2_S26_D3110,2,26,L2_S26,D,3110
test_date,test,date,L2_S26_D3114,2,26,L2_S26,D,3114
test_date,test,date,L2_S26_D3118,2,26,L2_S26,D,3118
test_date,test,date,L2_S26_D3122,2,26,L2_S26,D,3122
test_date,test,date,L2_S26_D3126,2,26,L2_S26,D,3126
test_date,test,date,L2_S27_D3130,2,27,L2_S27,D,3130
test_date,test,date,L2_S27_D3134,2,27,L2_S27,D,3134
test_date,test,date,L2_S27_D3137,2,27,L2_S27,D,3137
test_date,test,date,L2_S27_D3141,2,27,L2_S27,D,3141
test_date,test,date,L2_S27_D3145,2,27,L2_S27,D,3145
test_date,test,date,L2_S27_D3149,2,27,L2_S27,D,3149
test_date,test,date,L2_S27_D3152,2,27,L2_S27,D,3152
test_date,test,date,L2_S27_D3156,2,27,L2_S27,D,3156
test_date,test,date,L2_S27_D3159,2,27,L2_S27,D,3159
test_date,test,date,L2_S27_D3163,2,27,L2_S27,D,3163
test_date,test,date,L2_S27_D3167,2,27,L2_S27,D,3167
test_date,test,date,L2_S27_D3171,2,27,L2_S27,D,3171
test_date,test,date,L2_S27_D3174,2,27,L2_S27,D,3174
test_date,test,date,L2_S27_D3177,2,27,L2_S27,D,3177
test_date,test,date,L2_S27_D3180,2,27,L2_S27,D,3180
test_date,test,date,L2_S27_D3183,2,27,L2_S27,D,3183
test_date,test,date,L2_S27_D3186,2,27,L2_S27,D,3186
test_date,test,date,L2_S27_D3189,2,27,L2_S27,D,3189
test_date,test,date,L2_S27_D3193,2,27,L2_S27,D,3193
test_date,test,date,L2_S27_D3196,2,27,L2_S27,D,3196
test_date,test,date,L2_S27_D3200,2,27,L2_S27,D,3200
test_date,test,date,L2_S27_D3203,2,27,L2_S27,D,3203
test_date,test,date,L2_S27_D3207,2,27,L2_S27,D,3207
test_date,test,date,L2_S27_D3211,2,27,L2_S27,D,3211
test_date,test,date,L2_S27_D3215,2,27,L2_S27,D,3215
test_date,test,date,L2_S27_D3219,2,27,L2_S27,D,3219
test_date,test,date,L2_S28_D3223,2,28,L2_S28,D,3223
test_date,test,date,L2_S28_D3227,2,28,L2_S28,D,3227
test_date,test,date,L2_S28_D3230,2,28,L2_S28,D,3230
test_date,test,date,L2_S28_D3234,2,28,L2_S28,D,3234
test_date,test,date,L2_S28_D3238,2,28,L2_S28,D,3238
test_date,test,date,L2_S28_D3242,2,28,L2_S28,D,3242
test_date,test,date,L2_S28_D3245,2,28,L2_S28,D,3245
test_date,test,date,L2_S28_D3249,2,28,L2_S28,D,3249
test_date,test,date,L2_S28_D3252,2,28,L2_S28,D,3252
test_date,test,date,L2_S28_D3256,2,28,L2_S28,D,3256
test_date,test,date,L2_S28_D3260,2,28,L2_S28,D,3260
test_date,test,date,L2_S28_D3264,2,28,L2_S28,D,3264
test_date,test,date,L2_S28_D3267,2,28,L2_S28,D,3267
test_date,test,date,L2_S28_D3270,2,28,L2_S28,D,3270
test_date,test,date,L2_S28_D3273,2,28,L2_S28,D,3273
test_date,test,date,L2_S28_D3276,2,28,L2_S28,D,3276
test_date,test,date,L2_S28_D3279,2,28,L2_S28,D,3279
test_date,test,date,L2_S28_D3282,2,28,L2_S28,D,3282
test_date,test,date,L2_S28_D3286,2,28,L2_S28,D,3286
test_date,test,date,L2_S28_D3289,2,28,L2_S28,D,3289
test_date,test,date,L2_S28_D3293,2,28,L2_S28,D,3293
test_date,test,date,L2_S28_D3296,2,28,L2_S28,D,3296
test_date,test,date,L2_S28_D3300,2,28,L2_S28,D,3300
test_date,test,date,L2_S28_D3304,2,28,L2_S28,D,3304
test_date,test,date,L2_S28_D3308,2,28,L2_S28,D,3308
test_date,test,date,L2_S28_D3312,2,28,L2_S28,D,3312
test_date,test,date,L3_S29_D3316,3,29,L3_S29,D,3316
test_date,test,date,L3_S29_D3319,3,29,L3_S29,D,3319
test_date,test,date,L3_S29_D3322,3,29,L3_S29,D,3322
test_date,test,date,L3_S29_D3325,3,29,L3_S29,D,3325
test_date,test,date,L3_S29_D3328,3,29,L3_S29,D,3328
test_date,test,date,L3_S29_D3331,3,29,L3_S29,D,3331
test_date,test,date,L3_S29_D3334,3,29,L3_S29,D,3334
test_date,test,date,L3_S29_D3337,3,29,L3_S29,D,3337
test_date,test,date,L3_S29_D3340,3,29,L3_S29,D,3340
test_date,test,date,L3_S29_D3343,3,29,L3_S29,D,3343
test_date,test,date,L3_S29_D3346,3,29,L3_S29,D,3346
test_date,test,date,L3_S29_D3349,3,29,L3_S29,D,3349
test_date,test,date,L3_S29_D3352,3,29,L3_S29,D,3352
test_date,test,date,L3_S29_D3355,3,29,L3_S29,D,3355
test_date,test,date,L3_S29_D3358,3,29,L3_S29,D,3358
test_date,test,date,L3_S29_D3361,3,29,L3_S29,D,3361
test_date,test,date,L3_S29_D3363,3,29,L3_S29,D,3363
test_date,test,date,L3_S29_D3365,3,29,L3_S29,D,3365
test_date,test,date,L3_S29_D3368,3,29,L3_S29,D,3368
test_date,test,date,L3_S29_D3371,3,29,L3_S29,D,3371
test_date,test,date,L3_S29_D3374,3,29,L3_S29,D,3374
test_date,test,date,L3_S29_D3377,3,29,L3_S29,D,3377
test_date,test,date,L3_S29_D3380,3,29,L3_S29,D,3380
test_date,test,date,L3_S29_D3383,3,29,L3_S29,D,3383
test_date,test,date,L3_S29_D3386,3,29,L3_S29,D,3386
test_date,test,date,L3_S29_D3389,3,29,L3_S29,D,3389
test_date,test,date,L3_S29_D3391,3,29,L3_S29,D,3391
test_date,test,date,L3_S29_D3393,3,29,L3_S29,D,3393
test_date,test,date,L3_S29_D3396,3,29,L3_S29,D,3396
test_date,test,date,L3_S29_D3399,3,29,L3_S29,D,3399
test_date,test,date,L3_S29_D3402,3,29,L3_S29,D,3402
test_date,test,date,L3_S29_D3405,3,29,L3_S29,D,3405
test_date,test,date,L3_S29_D3408,3,29,L3_S29,D,3408
test_date,test,date,L3_S29_D3410,3,29,L3_S29,D,3410
test_date,test,date,L3_S29_D3413,3,29,L3_S29,D,3413
test_date,test,date,L3_S29_D3415,3,29,L3_S29,D,3415
test_date,test,date,L3_S29_D3417,3,29,L3_S29,D,3417
test_date,test,date,L3_S29_D3419,3,29,L3_S29,D,3419
test_date,test,date,L3_S29_D3422,3,29,L3_S29,D,3422
test_date,test,date,L3_S29_D3425,3,29,L3_S29,D,3425
test_date,test,date,L3_S29_D3428,3,29,L3_S29,D,3428
test_date,test,date,L3_S29_D3431,3,29,L3_S29,D,3431
test_date,test,date,L3_S29_D3434,3,29,L3_S29,D,3434
test_date,test,date,L3_S29_D3437,3,29,L3_S29,D,3437
test_date,test,date,L3_S29_D3440,3,29,L3_S29,D,3440
test_date,test,date,L3_S29_D3443,3,29,L3_S29,D,3443
test_date,test,date,L3_S29_D3445,3,29,L3_S29,D,3445
test_date,test,date,L3_S29_D3447,3,29,L3_S29,D,3447
test_date,test,date,L3_S29_D3450,3,29,L3_S29,D,3450
test_date,test,date,L3_S29_D3453,3,29,L3_S29,D,3453
test_date,test,date,L3_S29_D3456,3,29,L3_S29,D,3456
test_date,test,date,L3_S29_D3459,3,29,L3_S29,D,3459
test_date,test,date,L3_S29_D3462,3,29,L3_S29,D,3462
test_date,test,date,L3_S29_D3465,3,29,L3_S29,D,3465
test_date,test,date,L3_S29_D3468,3,29,L3_S29,D,3468
test_date,test,date,L3_S29_D3471,3,29,L3_S29,D,3471
test_date,test,date,L3_S29_D3474,3,29,L3_S29,D,3474
test_date,test,date,L3_S29_D3477,3,29,L3_S29,D,3477
test_date,test,date,L3_S29_D3480,3,29,L3_S29,D,3480
test_date,test,date,L3_S29_D3483,3,29,L3_S29,D,3483
test_date,test,date,L3_S29_D3486,3,29,L3_S29,D,3486
test_date,test,date,L3_S29_D3489,3,29,L3_S29,D,3489
test_date,test,date,L3_S29_D3492,3,29,L3_S29,D,3492
test_date,test,date,L3_S30_D3496,3,30,L3_S30,D,3496
test_date,test,date,L3_S30_D3501,3,30,L3_S30,D,3501
test_date,test,date,L3_S30_D3506,3,30,L3_S30,D,3506
test_date,test,date,L3_S30_D3511,3,30,L3_S30,D,3511
test_date,test,date,L3_S30_D3516,3,30,L3_S30,D,3516
test_date,test,date,L3_S30_D3521,3,30,L3_S30,D,3521
test_date,test,date,L3_S30_D3526,3,30,L3_S30,D,3526
test_date,test,date,L3_S30_D3531,3,30,L3_S30,D,3531
test_date,test,date,L3_S30_D3536,3,30,L3_S30,D,3536
test_date,test,date,L3_S30_D3541,3,30,L3_S30,D,3541
test_date,test,date,L3_S30_D3546,3,30,L3_S30,D,3546
test_date,test,date,L3_S30_D3551,3,30,L3_S30,D,3551
test_date,test,date,L3_S30_D3556,3,30,L3_S30,D,3556
test_date,test,date,L3_S30_D3561,3,30,L3_S30,D,3561
test_date,test,date,L3_S30_D3566,3,30,L3_S30,D,3566
test_date,test,date,L3_S30_D3571,3,30,L3_S30,D,3571
test_date,test,date,L3_S30_D3576,3,30,L3_S30,D,3576
test_date,test,date,L3_S30_D3581,3,30,L3_S30,D,3581
test_date,test,date,L3_S30_D3586,3,30,L3_S30,D,3586
test_date,test,date,L3_S30_D3591,3,30,L3_S30,D,3591
test_date,test,date,L3_S30_D3596,3,30,L3_S30,D,3596
test_date,test,date,L3_S30_D3601,3,30,L3_S30,D,3601
test_date,test,date,L3_S30_D3606,3,30,L3_S30,D,3606
test_date,test,date,L3_S30_D3611,3,30,L3_S30,D,3611
test_date,test,date,L3_S30_D3616,3,30,L3_S30,D,3616
test_date,test,date,L3_S30_D3621,3,30,L3_S30,D,3621
test_date,test,date,L3_S30_D3626,3,30,L3_S30,D,3626
test_date,test,date,L3_S30_D3631,3,30,L3_S30,D,3631
test_date,test,date,L3_S30_D3636,3,30,L3_S30,D,3636
test_date,test,date,L3_S30_D3641,3,30,L3_S30,D,3641
test_date,test,date,L3_S30_D3646,3,30,L3_S30,D,3646
test_date,test,date,L3_S30_D3651,3,30,L3_S30,D,3651
test_date,test,date,L3_S30_D3656,3,30,L3_S30,D,3656
test_date,test,date,L3_S30_D3661,3,30,L3_S30,D,3661
test_date,test,date,L3_S30_D3666,3,30,L3_S30,D,3666
test_date,test,date,L3_S30_D3671,3,30,L3_S30,D,3671
test_date,test,date,L3_S30_D3676,3,30,L3_S30,D,3676
test_date,test,date,L3_S30_D3681,3,30,L3_S30,D,3681
test_date,test,date,L3_S30_D3686,3,30,L3_S30,D,3686
test_date,test,date,L3_S30_D3691,3,30,L3_S30,D,3691
test_date,test,date,L3_S30_D3696,3,30,L3_S30,D,3696
test_date,test,date,L3_S30_D3701,3,30,L3_S30,D,3701
test_date,test,date,L3_S30_D3706,3,30,L3_S30,D,3706
test_date,test,date,L3_S30_D3711,3,30,L3_S30,D,3711
test_date,test,date,L3_S30_D3716,3,30,L3_S30,D,3716
test_date,test,date,L3_S30_D3721,3,30,L3_S30,D,3721
test_date,test,date,L3_S30_D3726,3,30,L3_S30,D,3726
test_date,test,date,L3_S30_D3731,3,30,L3_S30,D,3731
test_date,test,date,L3_S30_D3736,3,30,L3_S30,D,3736
test_date,test,date,L3_S30_D3741,3,30,L3_S30,D,3741
test_date,test,date,L3_S30_D3746,3,30,L3_S30,D,3746
test_date,test,date,L3_S30_D3751,3,30,L3_S30,D,3751
test_date,test,date,L3_S30_D3756,3,30,L3_S30,D,3756
test_date,test,date,L3_S30_D3761,3,30,L3_S30,D,3761
test_date,test,date,L3_S30_D3766,3,30,L3_S30,D,3766
test_date,test,date,L3_S30_D3771,3,30,L3_S30,D,3771
test_date,test,date,L3_S30_D3776,3,30,L3_S30,D,3776
test_date,test,date,L3_S30_D3781,3,30,L3_S30,D,3781
test_date,test,date,L3_S30_D3786,3,30,L3_S30,D,3786
test_date,test,date,L3_S30_D3791,3,30,L3_S30,D,3791
test_date,test,date,L3_S30_D3796,3,30,L3_S30,D,3796
test_date,test,date,L3_S30_D3801,3,30,L3_S30,D,3801
test_date,test,date,L3_S30_D3806,3,30,L3_S30,D,3806
test_date,test,date,L3_S30_D3811,3,30,L3_S30,D,3811
test_date,test,date,L3_S30_D3816,3,30,L3_S30,D,3816
test_date,test,date,L3_S30_D3821,3,30,L3_S30,D,3821
test_date,test,date,L3_S30_D3826,3,30,L3_S30,D,3826
test_date,test,date,L3_S30_D3831,3,30,L3_S30,D,3831
test_date,test,date,L3_S31_D3836,3,31,L3_S31,D,3836
test_date,test,date,L3_S31_D3840,3,31,L3_S31,D,3840
test_date,test,date,L3_S31_D3844,3,31,L3_S31,D,3844
test_date,test,date,L3_S31_D3848,3,31,L3_S31,D,3848
test_date,test,date,L3_S32_D3852,3,32,L3_S32,D,3852
test_date,test,date,L3_S33_D3856,3,33,L3_S33,D,3856
test_date,test,date,L3_S33_D3858,3,33,L3_S33,D,3858
test_date,test,date,L3_S33_D3860,3,33,L3_S33,D,3860
test_date,test,date,L3_S33_D3862,3,33,L3_S33,D,3862
test_date,test,date,L3_S33_D3864,3,33,L3_S33,D,3864
test_date,test,date,L3_S33_D3866,3,33,L3_S33,D,3866
test_date,test,date,L3_S33_D3868,3,33,L3_S33,D,3868
test_date,test,date,L3_S33_D3870,3,33,L3_S33,D,3870
test_date,test,date,L3_S33_D3872,3,33,L3_S33,D,3872
test_date,test,date,L3_S33_D3874,3,33,L3_S33,D,3874
test_date,test,date,L3_S34_D3875,3,34,L3_S34,D,3875
test_date,test,date,L3_S34_D3877,3,34,L3_S34,D,3877
test_date,test,date,L3_S34_D3879,3,34,L3_S34,D,3879
test_date,test,date,L3_S34_D3881,3,34,L3_S34,D,3881
test_date,test,date,L3_S34_D3883,3,34,L3_S34,D,3883
test_date,test,date,L3_S35_D3886,3,35,L3_S35,D,3886
test_date,test,date,L3_S35_D3891,3,35,L3_S35,D,3891
test_date,test,date,L3_S35_D3895,3,35,L3_S35,D,3895
test_date,test,date,L3_S35_D3897,3,35,L3_S35,D,3897
test_date,test,date,L3_S35_D3900,3,35,L3_S35,D,3900
test_date,test,date,L3_S35_D3905,3,35,L3_S35,D,3905
test_date,test,date,L3_S35_D3910,3,35,L3_S35,D,3910
test_date,test,date,L3_S35_D3915,3,35,L3_S35,D,3915
test_date,test,date,L3_S36_D3919,3,36,L3_S36,D,3919
test_date,test,date,L3_S36_D3921,3,36,L3_S36,D,3921
test_date,test,date,L3_S36_D3923,3,36,L3_S36,D,3923
test_date,test,date,L3_S36_D3925,3,36,L3_S36,D,3925
test_date,test,date,L3_S36_D3928,3,36,L3_S36,D,3928
test_date,test,date,L3_S36_D3932,3,36,L3_S36,D,3932
test_date,test,date,L3_S36_D3936,3,36,L3_S36,D,3936
test_date,test,date,L3_S36_D3940,3,36,L3_S36,D,3940
test_date,test,date,L3_S37_D3942,3,37,L3_S37,D,3942
test_date,test,date,L3_S37_D3943,3,37,L3_S37,D,3943
test_date,test,date,L3_S37_D3945,3,37,L3_S37,D,3945
test_date,test,date,L3_S37_D3947,3,37,L3_S37,D,3947
test_date,test,date,L3_S37_D3949,3,37,L3_S37,D,3949
test_date,test,date,L3_S37_D3951,3,37,L3_S37,D,3951
test_date,test,date,L3_S38_D3953,3,38,L3_S38,D,3953
test_date,test,date,L3_S38_D3957,3,38,L3_S38,D,3957
test_date,test,date,L3_S38_D3961,3,38,L3_S38,D,3961
test_date,test,date,L3_S39_D3966,3,39,L3_S39,D,3966
test_date,test,date,L3_S39_D3970,3,39,L3_S39,D,3970
test_date,test,date,L3_S39_D3974,3,39,L3_S39,D,3974
test_date,test,date,L3_S39_D3978,3,39,L3_S39,D,3978
test_date,test,date,L3_S40_D3981,3,40,L3_S40,D,3981
test_date,test,date,L3_S40_D3983,3,40,L3_S40,D,3983
test_date,test,date,L3_S40_D3985,3,40,L3_S40,D,3985
test_date,test,date,L3_S40_D3987,3,40,L3_S40,D,3987
test_date,test,date,L3_S40_D3989,3,40,L3_S40,D,3989
test_date,test,date,L3_S40_D3991,3,40,L3_S40,D,3991
test_date,test,date,L3_S40_D3993,3,40,L3_S40,D,3993
test_date,test,date,L3_S40_D3995,3,40,L3_S40,D,3995
test_date,test,date,L3_S41_D3997,3,41,L3_S41,D,3997
test_date,test,date,L3_S41_D3999,3,41,L3_S41,D,3999
test_date,test,date,L3_S41_D4001,3,41,L3_S41,D,4001
test_date,test,date,L3_S41_D4003,3,41,L3_S41,D,4003
test_date,test,date,L3_S41_D4005,3,41,L3_S41,D,4005
test_date,test,date,L3_S41_D4007,3,41,L3_S41,D,4007
test_date,test,date,L3_S41_D4009,3,41,L3_S41,D,4009
test_date,test,date,L3_S41_D4010,3,41,L3_S41,D,4010
test_date,test,date,L3_S41_D4012,3,41,L3_S41,D,4012
test_date,test,date,L3_S41_D4013,3,41,L3_S41,D,4013
test_date,test,date,L3_S41_D4015,3,41,L3_S41,D,4015
test_date,test,date,L3_S41_D4017,3,41,L3_S41,D,4017
test_date,test,date,L3_S41_D4019,3,41,L3_S41,D,4019
test_date,test,date,L3_S41_D4021,3,41,L3_S41,D,4021
test_date,test,date,L3_S41_D4022,3,41,L3_S41,D,4022
test_date,test,date,L3_S41_D4024,3,41,L3_S41,D,4024
test_date,test,date,L3_S41_D4025,3,41,L3_S41,D,4025
test_date,test,date,L3_S41_D4027,3,41,L3_S41,D,4027
test_date,test,date,L3_S42_D4029,3,42,L3_S42,D,4029
test_date,test,date,L3_S42_D4033,3,42,L3_S42,D,4033
test_date,test,date,L3_S42_D4037,3,42,L3_S42,D,4037
test_date,test,date,L3_S42_D4041,3,42,L3_S42,D,4041
test_date,test,date,L3_S42_D4045,3,42,L3_S42,D,4045
test_date,test,date,L3_S42_D4049,3,42,L3_S42,D,4049
test_date,test,date,L3_S42_D4053,3,42,L3_S42,D,4053
test_date,test,date,L3_S42_D4057,3,42,L3_S42,D,4057
test_date,test,date,L3_S43_D4062,3,43,L3_S43,D,4062
test_date,test,date,L3_S43_D4067,3,43,L3_S43,D,4067
test_date,test,date,L3_S43_D4072,3,43,L3_S43,D,4072
test_date,test,date,L3_S43_D4077,3,43,L3_S43,D,4077
test_date,test,date,L3_S43_D4082,3,43,L3_S43,D,4082
test_date,test,date,L3_S43_D4087,3,43,L3_S43,D,4087
test_date,test,date,L3_S43_D4092,3,43,L3_S43,D,4092
test_date,test,date,L3_S43_D4097,3,43,L3_S43,D,4097
test_date,test,date,L3_S44_D4101,3,44,L3_S44,D,4101
test_date,test,date,L3_S44_D4104,3,44,L3_S44,D,4104
test_date,test,date,L3_S44_D4107,3,44,L3_S44,D,4107
test_date,test,date,L3_S44_D4110,3,44,L3_S44,D,4110
test_date,test,date,L3_S44_D4113,3,44,L3_S44,D,4113
test_date,test,date,L3_S44_D4116,3,44,L3_S44,D,4116
test_date,test,date,L3_S44_D4119,3,44,L3_S44,D,4119
test_date,test,date,L3_S44_D4122,3,44,L3_S44,D,4122
test_date,test,date,L3_S45_D4125,3,45,L3_S45,D,4125
test_date,test,date,L3_S45_D4127,3,45,L3_S45,D,4127
test_date,test,date,L3_S45_D4129,3,45,L3_S45,D,4129
test_date,test,date,L3_S45_D4131,3,45,L3_S45,D,4131
test_date,test,date,L3_S45_D4133,3,45,L3_S45,D,4133
test_date,test,date,L3_S46_D4135,3,46,L3_S46,D,4135
test_date,test,date,L3_S47_D4140,3,47,L3_S47,D,4140
test_date,test,date,L3_S47_D4145,3,47,L3_S47,D,4145
test_date,test,date,L3_S47_D4150,3,47,L3_S47,D,4150
test_date,test,date,L3_S47_D4155,3,47,L3_S47,D,4155
test_date,test,date,L3_S47_D4160,3,47,L3_S47,D,4160
test_date,test,date,L3_S47_D4165,3,47,L3_S47,D,4165
test_date,test,date,L3_S47_D4170,3,47,L3_S47,D,4170
test_date,test,date,L3_S47_D4175,3,47,L3_S47,D,4175
test_date,test,date,L3_S47_D4180,3,47,L3_S47,D,4180
test_date,test,date,L3_S47_D4185,3,47,L3_S47,D,4185
test_date,test,date,L3_S47_D4190,3,47,L3_S47,D,4190
test_date,test,date,L3_S48_D4194,3,48,L3_S48,D,4194
test_date,test,date,L3_S48_D4195,3,48,L3_S48,D,4195
test_date,test,date,L3_S48_D4197,3,48,L3_S48,D,4197
test_date,test,date,L3_S48_D4199,3,48,L3_S48,D,4199
test_date,test,date,L3_S48_D4201,3,48,L3_S48,D,4201
test_date,test,date,L3_S48_D4203,3,48,L3_S48,D,4203
test_date,test,date,L3_S48_D4205,3,48,L3_S48,D,4205
test_date,test,date,L3_S49_D4208,3,49,L3_S49,D,4208
test_date,test,date,L3_S49_D4213,3,49,L3_S49,D,4213
test_date,test,date,L3_S49_D4218,3,49,L3_S49,D,4218
test_date,test,date,L3_S49_D4223,3,49,L3_S49,D,4223
test_date,test,date,L3_S49_D4228,3,49,L3_S49,D,4228
test_date,test,date,L3_S49_D4233,3,49,L3_S49,D,4233
test_date,test,date,L3_S49_D4238,3,49,L3_S49,D,4238
test_date,test,date,L3_S50_D4242,3,50,L3_S50,D,4242
test_date,test,date,L3_S50_D4244,3,50,L3_S50,D,4244
test_date,test,date,L3_S50_D4246,3,50,L3_S50,D,4246
test_date,test,date,L3_S50_D4248,3,50,L3_S50,D,4248
test_date,test,date,L3_S50_D4250,3,50,L3_S50,D,4250
test_date,test,date,L3_S50_D4252,3,50,L3_S50,D,4252
test_date,test,date,L3_S50_D4254,3,50,L3_S50,D,4254
test_date,test,date,L3_S51_D4255,3,51,L3_S51,D,4255
test_date,test,date,L3_S51_D4257,3,51,L3_S51,D,4257
test_date,test,date,L3_S51_D4259,3,51,L3_S51,D,4259
test_date,test,date,L3_S51_D4261,3,51,L3_S51,D,4261
test_date,test,date,L3_S51_D4263,3,51,L3_S51,D,4263
