dataset,column,missing_values,rows,missing_pct,split,data_type,line,station,station_key,observed_values,completeness_pct
train_numeric,L0_S0_F0,509885,1183747,43.0738,train,numeric,0,0,L0_S0,673862,56.9262
train_numeric,L0_S0_F2,509885,1183747,43.0738,train,numeric,0,0,L0_S0,673862,56.9262
train_numeric,L0_S0_F4,509885,1183747,43.0738,train,numeric,0,0,L0_S0,673862,56.9262
train_numeric,L0_S0_F6,509885,1183747,43.0738,train,numeric,0,0,L0_S0,673862,56.9262
train_numeric,L0_S0_F8,509885,1183747,43.0738,train,numeric,0,0,L0_S0,673862,56.9262
train_numeric,L0_S0_F10,509885,1183747,43.0738,train,numeric,0,0,L0_S0,673862,56.9262
train_numeric,L0_S0_F12,509885,1183747,43.0738,train,numeric,0,0,L0_S0,673862,56.9262
train_numeric,L0_S0_F14,509885,1183747,43.0738,train,numeric,0,0,L0_S0,673862,56.9262
train_numeric,L0_S0_F16,509885,1183747,43.0738,train,numeric,0,0,L0_S0,673862,56.9262
train_numeric,L0_S0_F18,509885,1183747,43.0738,train,numeric,0,0,L0_S0,673862,56.9262
train_numeric,L0_S0_F20,509885,1183747,43.0738,train,numeric,0,0,L0_S0,673862,56.9262
train_numeric,L0_S0_F22,509885,1183747,43.0738,train,numeric,0,0,L0_S0,673862,56.9262
train_numeric,L0_S1_F24,509845,1183747,43.0704,train,numeric,0,1,L0_S1,673902,56.9296
train_numeric,L0_S1_F28,509843,1183747,43.0703,train,numeric,0,1,L0_S1,673904,56.9297
train_numeric,L0_S2_F32,843973,1183747,71.2967,train,numeric,0,2,L0_S2,339774,28.7033
train_numeric,L0_S2_F36,843973,1183747,71.2967,train,numeric,0,2,L0_S2,339774,28.7033
train_numeric,L0_S2_F40,843973,1183747,71.2967,train,numeric,0,2,L0_S2,339774,28.7033
train_numeric,L0_S2_F44,843973,1183747,71.2967,train,numeric,0,2,L0_S2,339774,28.7033
train_numeric,L0_S2_F48,843973,1183747,71.2967,train,numeric,0,2,L0_S2,339774,28.7033
train_numeric,L0_S2_F52,843973,1183747,71.2967,train,numeric,0,2,L0_S2,339774,28.7033
train_numeric,L0_S2_F56,843973,1183747,71.2967,train,numeric,0,2,L0_S2,339774,28.7033
train_numeric,L0_S2_F60,843973,1183747,71.2967,train,numeric,0,2,L0_S2,339774,28.7033
train_numeric,L0_S2_F64,843973,1183747,71.2967,train,numeric,0,2,L0_S2,339774,28.7033
train_numeric,L0_S3_F68,849039,1183747,71.7247,train,numeric,0,3,L0_S3,334708,28.2753
train_numeric,L0_S3_F72,849039,1183747,71.7247,train,numeric,0,3,L0_S3,334708,28.2753
train_numeric,L0_S3_F76,849039,1183747,71.7247,train,numeric,0,3,L0_S3,334708,28.2753
train_numeric,L0_S3_F80,849039,1183747,71.7247,train,numeric,0,3,L0_S3,334708,28.2753
train_numeric,L0_S3_F84,849039,1183747,71.7247,train,numeric,0,3,L0_S3,334708,28.2753
train_numeric,L0_S3_F88,849039,1183747,71.7247,train,numeric,0,3,L0_S3,334708,28.2753
train_numeric,L0_S3_F92,849039,1183747,71.7247,train,numeric,0,3,L0_S3,334708,28.2753
train_numeric,L0_S3_F96,849039,1183747,71.7247,train,numeric,0,3,L0_S3,334708,28.2753
train_numeric,L0_S3_F100,849039,1183747,71.7247,train,numeric,0,3,L0_S3,334708,28.2753
train_numeric,L0_S4_F104,848452,1183747,71.6751,train,numeric,0,4,L0_S4,335295,28.3249
train_numeric,L0_S4_F109,848504,1183747,71.6795,train,numeric,0,4,L0_S4,335243,28.3205
train_numeric,L0_S5_F114,844235,1183747,71.3189,train,numeric,0,5,L0_S5,339512,28.6811
train_numeric,L0_S5_F116,844235,1183747,71.3189,train,numeric,0,5,L0_S5,339512,28.6811
train_numeric,L0_S6_F118,844759,1183747,71.3631,train,numeric,0,6,L0_S6,338988,28.6369
train_numeric,L0_S6_F122,844759,1183747,71.3631,train,numeric,0,6,L0_S6,338988,28.6369
train_numeric,L0_S6_F132,844759,1183747,71.3631,train,numeric,0,6,L0_S6,338988,28.6369
train_numeric,L0_S7_F136,848049,1183747,71.6411,train,numeric,0,7,L0_S7,335698,28.3589
train_numeric,L0_S7_F138,848049,1183747,71.6411,train,numeric,0,7,L0_S7,335698,28.3589
train_numeric,L0_S7_F142,848049,1183747,71.6411,train,numeric,0,7,L0_S7,335698,28.3589
train_numeric,L0_S8_F144,509866,1183747,43.0722,train,numeric,0,8,L0_S8,673881,56.9278
train_numeric,L0_S8_F146,509866,1183747,43.0722,train,numeric,0,8,L0_S8,673881,56.9278
train_numeric,L0_S8_F149,509866,1183747,43.0722,train,numeric,0,8,L0_S8,673881,56.9278
train_numeric,L0_S9_F155,958088,1183747,80.9369,train,numeric,0,9,L0_S9,225659,19.0631
train_numeric,L0_S9_F160,958069,1183747,80.9353,train,numeric,0,9,L0_S9,225678,19.0647
train_numeric,L0_S9_F165,958076,1183747,80.9359,train,numeric,0,9,L0_S9,225671,19.0641
train_numeric,L0_S9_F170,958069,1183747,80.9353,train,numeric,0,9,L0_S9,225678,19.0647
train_numeric,L0_S9_F175,958088,1183747,80.9369,train,numeric,0,9,L0_S9,225659,19.0631
train_numeric,L0_S9_F180,958088,1183747,80.9369,train,numeric,0,9,L0_S9,225659,19.0631
train_numeric,L0_S9_F185,958088,1183747,80.9369,train,numeric,0,9,L0_S9,225659,19.0631
train_numeric,L0_S9_F190,958088,1183747,80.9369,train,numeric,0,9,L0_S9,225659,19.0631
train_numeric,L0_S9_F195,958088,1183747,80.9369,train,numeric,0,9,L0_S9,225659,19.0631
train_numeric,L0_S9_F200,958088,1183747,80.9369,train,numeric,0,9,L0_S9,225659,19.0631
train_numeric,L0_S9_F205,958088,1183747,80.9369,train,numeric,0,9,L0_S9,225659,19.0631
train_numeric,L0_S9_F210,958088,1183747,80.9369,train,numeric,0,9,L0_S9,225659,19.0631
train_numeric,L0_S10_F219,959224,1183747,81.0329,train,numeric,0,10,L0_S10,224523,18.9671
train_numeric,L0_S10_F224,959207,1183747,81.0314,train,numeric,0,10,L0_S10,224540,18.9686
train_numeric,L0_S10_F229,959220,1183747,81.0325,train,numeric,0,10,L0_S10,224527,18.9675
train_numeric,L0_S10_F234,959207,1183747,81.0314,train,numeric,0,10,L0_S10,224540,18.9686
train_numeric,L0_S10_F239,959224,1183747,81.0329,train,numeric,0,10,L0_S10,224523,18.9671
train_numeric,L0_S10_F244,959224,1183747,81.0329,train,numeric,0,10,L0_S10,224523,18.9671
train_numeric,L0_S10_F249,959224,1183747,81.0329,train,numeric,0,10,L0_S10,224523,18.9671
train_numeric,L0_S10_F254,959224,1183747,81.0329,train,numeric,0,10,L0_S10,224523,18.9671
train_numeric,L0_S10_F259,959224,1183747,81.0329,train,numeric,0,10,L0_S10,224523,18.9671
train_numeric,L0_S10_F264,959224,1183747,81.0329,train,numeric,0,10,L0_S10,224523,18.9671
train_numeric,L0_S10_F269,959224,1183747,81.0329,train,numeric,0,10,L0_S10,224523,18.9671
train_numeric,L0_S10_F274,959224,1183747,81.0329,train,numeric,0,10,L0_S10,224523,18.9671
train_numeric,L0_S11_F282,958295,1183747,80.9544,train,numeric,0,11,L0_S11,225452,19.0456
train_numeric,L0_S11_F286,958295,1183747,80.9544,train,numeric,0,11,L0_S11,225452,19.0456
train_numeric,L0_S11_F290,958295,1183747,80.9544,train,numeric,0,11,L0_S11,225452,19.0456
train_numeric,L0_S11_F294,958295,1183747,80.9544,train,numeric,0,11,L0_S11,225452,19.0456
train_numeric,L0_S11_F298,958295,1183747,80.9544,train,numeric,0,11,L0_S11,225452,19.0456
train_numeric,L0_S11_F302,958295,1183747,80.9544,train,numeric,0,11,L0_S11,225452,19.0456
train_numeric,L0_S11_F306,958295,1183747,80.9544,train,numeric,0,11,L0_S11,225452,19.0456
train_numeric,L0_S11_F310,958295,1183747,80.9544,train,numeric,0,11,L0_S11,225452,19.0456
train_numeric,L0_S11_F314,958295,1183747,80.9544,train,numeric,0,11,L0_S11,225452,19.0456
train_numeric,L0_S11_F318,958295,1183747,80.9544,train,numeric,0,11,L0_S11,225452,19.0456
train_numeric,L0_S11_F322,958295,1183747,80.9544,train,numeric,0,11,L0_S11,225452,19.0456
train_numeric,L0_S11_F326,958295,1183747,80.9544,train,numeric,0,11,L0_S11,225452,19.0456
train_numeric,L0_S12_F330,941686,1183747,79.5513,train,numeric,0,12,L0_S12,242061,20.4487
train_numeric,L0_S12_F332,941686,1183747,79.5513,train,numeric,0,12,L0_S12,242061,20.4487
train_numeric,L0_S12_F334,941686,1183747,79.5513,train,numeric,0,12,L0_S12,242061,20.4487
train_numeric,L0_S12_F336,941686,1183747,79.5513,train,numeric,0,12,L0_S12,242061,20.4487
train_numeric,L0_S12_F338,941686,1183747,79.5513,train,numeric,0,12,L0_S12,242061,20.4487
train_numeric,L0_S12_F340,941686,1183747,79.5513,train,numeric,0,12,L0_S12,242061,20.4487
train_numeric,L0_S12_F342,941686,1183747,79.5513,train,numeric,0,12,L0_S12,242061,20.4487
train_numeric,L0_S12_F344,941686,1183747,79.5513,train,numeric,0,12,L0_S12,242061,20.4487
train_numeric,L0_S12_F346,941686,1183747,79.5513,train,numeric,0,12,L0_S12,242061,20.4487
train_numeric,L0_S12_F348,941686,1183747,79.5513,train,numeric,0,12,L0_S12,242061,20.4487
train_numeric,L0_S12_F350,941686,1183747,79.5513,train,numeric,0,12,L0_S12,242061,20.4487
train_numeric,L0_S12_F352,941686,1183747,79.5513,train,numeric,0,12,L0_S12,242061,20.4487
train_numeric,L0_S13_F354,941682,1183747,79.551,train,numeric,0,13,L0_S13,242065,20.449
train_numeric,L0_S13_F356,941682,1183747,79.551,train,numeric,0,13,L0_S13,242065,20.449
train_numeric,L0_S14_F358,1063122,1183747,89.8099,train,numeric,0,14,L0_S14,120625,10.1901
train_numeric,L0_S14_F362,1063122,1183747,89.8099,train,numeric,0,14,L0_S14,120625,10.1901
train_numeric,L0_S14_F366,1063122,1183747,89.8099,train,numeric,0,14,L0_S14,120625,10.1901
train_numeric,L0_S14_F370,1063122,1183747,89.8099,train,numeric,0,14,L0_S14,120625,10.1901
train_numeric,L0_S14_F374,1063122,1183747,89.8099,train,numeric,0,14,L0_S14,120625,10.1901
train_numeric,L0_S14_F378,1063122,1183747,89.8099,train,numeric,0,14,L0_S14,120625,10.1901
train_numeric,L0_S14_F382,1063122,1183747,89.8099,train,numeric,0,14,L0_S14,120625,10.1901
train_numeric,L0_S14_F386,1063122,1183747,89.8099,train,numeric,0,14,L0_S14,120625,10.1901
train_numeric,L0_S14_F390,1063122,1183747,89.8099,train,numeric,0,14,L0_S14,120625,10.1901
train_numeric,L0_S15_F394,1062302,1183747,89.7406,train,numeric,0,15,L0_S15,121445,10.2594
train_numeric,L0_S15_F397,1062302,1183747,89.7406,train,numeric,0,15,L0_S15,121445,10.2594
train_numeric,L0_S15_F400,1062302,1183747,89.7406,train,numeric,0,15,L0_S15,121445,10.2594
train_numeric,L0_S15_F403,1062302,1183747,89.7406,train,numeric,0,15,L0_S15,121445,10.2594
train_numeric,L0_S15_F406,1062302,1183747,89.7406,train,numeric,0,15,L0_S15,121445,10.2594
train_numeric,L0_S15_F409,1062302,1183747,89.7406,train,numeric,0,15,L0_S15,121445,10.2594
train_numeric,L0_S15_F412,1062302,1183747,89.7406,train,numeric,0,15,L0_S15,121445,10.2594
train_numeric,L0_S15_F415,1062302,1183747,89.7406,train,numeric,0,15,L0_S15,121445,10.2594
train_numeric,L0_S15_F418,1062302,1183747,89.7406,train,numeric,0,15,L0_S15,121445,10.2594
train_numeric,L0_S16_F421,1064608,1183747,89.9354,train,numeric,0,16,L0_S16,119139,10.0646
train_numeric,L0_S16_F426,1064608,1183747,89.9354,train,numeric,0,16,L0_S16,119139,10.0646
train_numeric,L0_S17_F431,1060720,1183747,89.607,train,numeric,0,17,L0_S17,123027,10.393
train_numeric,L0_S17_F433,1060720,1183747,89.607,train,numeric,0,17,L0_S17,123027,10.393
train_numeric,L0_S18_F435,1062666,1183747,89.7714,train,numeric,0,18,L0_S18,121081,10.2286
train_numeric,L0_S18_F439,1062666,1183747,89.7714,train,numeric,0,18,L0_S18,121081,10.2286
train_numeric,L0_S18_F449,1062666,1183747,89.7714,train,numeric,0,18,L0_S18,121081,10.2286
train_numeric,L0_S19_F453,1062720,1183747,89.7759,train,numeric,0,19,L0_S19,121027,10.2241
train_numeric,L0_S19_F455,1062720,1183747,89.7759,train,numeric,0,19,L0_S19,121027,10.2241
train_numeric,L0_S19_F459,1062720,1183747,89.7759,train,numeric,0,19,L0_S19,121027,10.2241
train_numeric,L0_S20_F461,941636,1183747,79.5471,train,numeric,0,20,L0_S20,242111,20.4529
train_numeric,L0_S20_F463,941636,1183747,79.5471,train,numeric,0,20,L0_S20,242111,20.4529
train_numeric,L0_S20_F466,941636,1183747,79.5471,train,numeric,0,20,L0_S20,242111,20.4529
train_numeric,L0_S21_F472,1102379,1183747,93.1262,train,numeric,0,21,L0_S21,81368,6.8738
train_numeric,L0_S21_F477,1102338,1183747,93.1228,train,numeric,0,21,L0_S21,81409,6.8772
train_numeric,L0_S21_F482,1102374,1183747,93.1258,train,numeric,0,21,L0_S21,81373,6.8742
train_numeric,L0_S21_F487,1102338,1183747,93.1228,train,numeric,0,21,L0_S21,81409,6.8772
train_numeric,L0_S21_F492,1102379,1183747,93.1262,train,numeric,0,21,L0_S21,81368,6.8738
train_numeric,L0_S21_F497,1102379,1183747,93.1262,train,numeric,0,21,L0_S21,81368,6.8738
train_numeric,L0_S21_F502,1102379,1183747,93.1262,train,numeric,0,21,L0_S21,81368,6.8738
train_numeric,L0_S21_F507,1102379,1183747,93.1262,train,numeric,0,21,L0_S21,81368,6.8738
train_numeric,L0_S21_F512,1102379,1183747,93.1262,train,numeric,0,21,L0_S21,81368,6.8738
train_numeric,L0_S21_F517,1102379,1183747,93.1262,train,numeric,0,21,L0_S21,81368,6.8738
train_numeric,L0_S21_F522,1102379,1183747,93.1262,train,numeric,0,21,L0_S21,81368,6.8738
train_numeric,L0_S21_F527,1102379,1183747,93.1262,train,numeric,0,21,L0_S21,81368,6.8738
train_numeric,L0_S21_F532,1102379,1183747,93.1262,train,numeric,0,21,L0_S21,81368,6.8738
train_numeric,L0_S21_F537,1102379,1183747,93.1262,train,numeric,0,21,L0_S21,81368,6.8738
train_numeric,L0_S22_F546,1103156,1183747,93.1919,train,numeric,0,22,L0_S22,80591,6.8081
train_numeric,L0_S22_F551,1103148,1183747,93.1912,train,numeric,0,22,L0_S22,80599,6.8088
train_numeric,L0_S22_F556,1103152,1183747,93.1915,train,numeric,0,22,L0_S22,80595,6.8085
train_numeric,L0_S22_F561,1103148,1183747,93.1912,train,numeric,0,22,L0_S22,80599,6.8088
train_numeric,L0_S22_F566,1103156,1183747,93.1919,train,numeric,0,22,L0_S22,80591,6.8081
train_numeric,L0_S22_F571,1103156,1183747,93.1919,train,numeric,0,22,L0_S22,80591,6.8081
train_numeric,L0_S22_F576,1103156,1183747,93.1919,train,numeric,0,22,L0_S22,80591,6.8081
train_numeric,L0_S22_F581,1103156,1183747,93.1919,train,numeric,0,22,L0_S22,80591,6.8081
train_numeric,L0_S22_F586,1103156,1183747,93.1919,train,numeric,0,22,L0_S22,80591,6.8081
train_numeric,L0_S22_F591,1103156,1183747,93.1919,train,numeric,0,22,L0_S22,80591,6.8081
train_numeric,L0_S22_F596,1103156,1183747,93.1919,train,numeric,0,22,L0_S22,80591,6.8081
train_numeric,L0_S22_F601,1103156,1183747,93.1919,train,numeric,0,22,L0_S22,80591,6.8081
train_numeric,L0_S22_F606,1103156,1183747,93.1919,train,numeric,0,22,L0_S22,80591,6.8081
train_numeric,L0_S22_F611,1103156,1183747,93.1919,train,numeric,0,22,L0_S22,80591,6.8081
train_numeric,L0_S23_F619,1103457,1183747,93.2173,train,numeric,0,23,L0_S23,80290,6.7827
train_numeric,L0_S23_F623,1103457,1183747,93.2173,train,numeric,0,23,L0_S23,80290,6.7827
train_numeric,L0_S23_F627,1103457,1183747,93.2173,train,numeric,0,23,L0_S23,80290,6.7827
train_numeric,L0_S23_F631,1103457,1183747,93.2173,train,numeric,0,23,L0_S23,80290,6.7827
train_numeric,L0_S23_F635,1103457,1183747,93.2173,train,numeric,0,23,L0_S23,80290,6.7827
train_numeric,L0_S23_F639,1103457,1183747,93.2173,train,numeric,0,23,L0_S23,80290,6.7827
train_numeric,L0_S23_F643,1103457,1183747,93.2173,train,numeric,0,23,L0_S23,80290,6.7827
train_numeric,L0_S23_F647,1103457,1183747,93.2173,train,numeric,0,23,L0_S23,80290,6.7827
train_numeric,L0_S23_F651,1103457,1183747,93.2173,train,numeric,0,23,L0_S23,80290,6.7827
train_numeric,L0_S23_F655,1103457,1183747,93.2173,train,numeric,0,23,L0_S23,80290,6.7827
train_numeric,L0_S23_F659,1103457,1183747,93.2173,train,numeric,0,23,L0_S23,80290,6.7827
train_numeric,L0_S23_F663,1103457,1183747,93.2173,train,numeric,0,23,L0_S23,80290,6.7827
train_numeric,L0_S23_F667,1103457,1183747,93.2173,train,numeric,0,23,L0_S23,80290,6.7827
train_numeric,L0_S23_F671,1103457,1183747,93.2173,train,numeric,0,23,L0_S23,80290,6.7827
train_numeric,L1_S24_F679,1159885,1183747,97.9842,train,numeric,1,24,L1_S24,23862,2.0158
train_numeric,L1_S24_F683,1159885,1183747,97.9842,train,numeric,1,24,L1_S24,23862,2.0158
train_numeric,L1_S24_F687,1159885,1183747,97.9842,train,numeric,1,24,L1_S24,23862,2.0158
train_numeric,L1_S24_F691,1159885,1183747,97.9842,train,numeric,1,24,L1_S24,23862,2.0158
train_numeric,L1_S24_F700,1159921,1183747,97.9872,train,numeric,1,24,L1_S24,23826,2.0128
train_numeric,L1_S24_F719,1160110,1183747,98.0032,train,numeric,1,24,L1_S24,23637,1.9968
train_numeric,L1_S24_F728,1159921,1183747,97.9872,train,numeric,1,24,L1_S24,23826,2.0128
train_numeric,L1_S24_F733,1159921,1183747,97.9872,train,numeric,1,24,L1_S24,23826,2.0128
train_numeric,L1_S24_F746,1160110,1183747,98.0032,train,numeric,1,24,L1_S24,23637,1.9968
train_numeric,L1_S24_F751,1160110,1183747,98.0032,train,numeric,1,24,L1_S24,23637,1.9968
train_numeric,L1_S24_F756,1160110,1183747,98.0032,train,numeric,1,24,L1_S24,23637,1.9968
train_numeric,L1_S24_F761,1160110,1183747,98.0032,train,numeric,1,24,L1_S24,23637,1.9968
train_numeric,L1_S24_F766,1160110,1183747,98.0032,train,numeric,1,24,L1_S24,23637,1.9968
train_numeric,L1_S24_F775,1160110,1183747,98.0032,train,numeric,1,24,L1_S24,23637,1.9968
train_numeric,L1_S24_F780,1160110,1183747,98.0032,train,numeric,1,24,L1_S24,23637,1.9968
train_numeric,L1_S24_F785,1160110,1183747,98.0032,train,numeric,1,24,L1_S24,23637,1.9968
train_numeric,L1_S24_F790,1160110,1183747,98.0032,train,numeric,1,24,L1_S24,23637,1.9968
train_numeric,L1_S24_F795,1160110,1183747,98.0032,train,numeric,1,24,L1_S24,23637,1.9968
train_numeric,L1_S24_F800,1159906,1183747,97.986,train,numeric,1,24,L1_S24,23841,2.014
train_numeric,L1_S24_F802,1159906,1183747,97.986,train,numeric,1,24,L1_S24,23841,2.014
train_numeric,L1_S24_F806,1159911,1183747,97.9864,train,numeric,1,24,L1_S24,23836,2.0136
train_numeric,L1_S24_F808,1159911,1183747,97.9864,train,numeric,1,24,L1_S24,23836,2.0136
train_numeric,L1_S24_F810,1159911,1183747,97.9864,train,numeric,1,24,L1_S24,23836,2.0136
train_numeric,L1_S24_F812,1159908,1183747,97.9861,train,numeric,1,24,L1_S24,23839,2.0139
train_numeric,L1_S24_F814,1159908,1183747,97.9861,train,numeric,1,24,L1_S24,23839,2.0139
train_numeric,L1_S24_F816,1171721,1183747,98.9841,train,numeric,1,24,L1_S24,12026,1.0159
train_numeric,L1_S24_F829,1171721,1183747,98.9841,train,numeric,1,24,L1_S24,12026,1.0159
train_numeric,L1_S24_F834,1171721,1183747,98.9841,train,numeric,1,24,L1_S24,12026,1.0159
train_numeric,L1_S24_F839,1171721,1183747,98.9841,train,numeric,1,24,L1_S24,12026,1.0159
train_numeric,L1_S24_F844,1171721,1183747,98.9841,train,numeric,1,24,L1_S24,12026,1.0159
train_numeric,L1_S24_F857,1171721,1183747,98.9841,train,numeric,1,24,L1_S24,12026,1.0159
train_numeric,L1_S24_F862,1171721,1183747,98.9841,train,numeric,1,24,L1_S24,12026,1.0159
train_numeric,L1_S24_F867,1171721,1183747,98.9841,train,numeric,1,24,L1_S24,12026,1.0159
train_numeric,L1_S24_F872,1171721,1183747,98.9841,train,numeric,1,24,L1_S24,12026,1.0159
train_numeric,L1_S24_F877,1171721,1183747,98.9841,train,numeric,1,24,L1_S24,12026,1.0159
train_numeric,L1_S24_F882,1171721,1183747,98.9841,train,numeric,1,24,L1_S24,12026,1.0159
train_numeric,L1_S24_F887,1171721,1183747,98.9841,train,numeric,1,24,L1_S24,12026,1.0159
train_numeric,L1_S24_F892,1171721,1183747,98.9841,train,numeric,1,24,L1_S24,12026,1.0159
train_numeric,L1_S24_F897,1171721,1183747,98.9841,train,numeric,1,24,L1_S24,12026,1.0159
train_numeric,L1_S24_F902,1171721,1183747,98.9841,train,numeric,1,24,L1_S24,12026,1.0159
train_numeric,L1_S24_F907,1171913,1183747,99.0003,train,numeric,1,24,L1_S24,11834,0.9997
train_numeric,L1_S24_F920,1171913,1183747,99.0003,train,numeric,1,24,L1_S24,11834,0.9997
train_numeric,L1_S24_F925,1171913,1183747,99.0003,train,numeric,1,24,L1_S24,11834,0.9997
train_numeric,L1_S24_F930,1171913,1183747,99.0003,train,numeric,1,24,L1_S24,11834,0.9997
train_numeric,L1_S24_F935,1171913,1183747,99.0003,train,numeric,1,24,L1_S24,11834,0.9997
train_numeric,L1_S24_F948,1171913,1183747,99.0003,train,numeric,1,24,L1_S24,11834,0.9997
train_numeric,L1_S24_F953,1171913,1183747,99.0003,train,numeric,1,24,L1_S24,11834,0.9997
train_numeric,L1_S24_F958,1171913,1183747,99.0003,train,numeric,1,24,L1_S24,11834,0.9997
train_numeric,L1_S24_F963,1171913,1183747,99.0003,train,numeric,1,24,L1_S24,11834,0.9997
train_numeric,L1_S24_F968,1171913,1183747,99.0003,train,numeric,1,24,L1_S24,11834,0.9997
train_numeric,L1_S24_F973,1171913,1183747,99.0003,train,numeric,1,24,L1_S24,11834,0.9997
train_numeric,L1_S24_F978,1171913,1183747,99.0003,train,numeric,1,24,L1_S24,11834,0.9997
train_numeric,L1_S24_F983,1171913,1183747,99.0003,train,numeric,1,24,L1_S24,11834,0.9997
train_numeric,L1_S24_F988,1171913,1183747,99.0003,train,numeric,1,24,L1_S24,11834,0.9997
train_numeric,L1_S24_F993,1171913,1183747,99.0003,train,numeric,1,24,L1_S24,11834,0.9997
train_numeric,L1_S24_F998,1171868,1183747,98.9965,train,numeric,1,24,L1_S24,11879,1.0035
train_numeric,L1_S24_F1000,1171868,1183747,98.9965,train,numeric,1,24,L1_S24,11879,1.0035
train_numeric,L1_S24_F1002,1171868,1183747,98.9965,train,numeric,1,24,L1_S24,11879,1.0035
train_numeric,L1_S24_F1004,1171868,1183747,98.9965,train,numeric,1,24,L1_S24,11879,1.0035
train_numeric,L1_S24_F1006,1171868,1183747,98.9965,train,numeric,1,24,L1_S24,11879,1.0035
train_numeric,L1_S24_F1008,1171868,1183747,98.9965,train,numeric,1,24,L1_S24,11879,1.0035
train_numeric,L1_S24_F1010,1171868,1183747,98.9965,train,numeric,1,24,L1_S24,11879,1.0035
train_numeric,L1_S24_F1012,1171868,1183747,98.9965,train,numeric,1,24,L1_S24,11879,1.0035
train_numeric,L1_S24_F1014,1171868,1183747,98.9965,train,numeric,1,24,L1_S24,11879,1.0035
train_numeric,L1_S24_F1016,1171796,1183747,98.9904,train,numeric,1,24,L1_S24,11951,1.0096
train_numeric,L1_S24_F1021,1171796,1183747,98.9904,train,numeric,1,24,L1_S24,11951,1.0096
train_numeric,L1_S24_F1026,1171796,1183747,98.9904,train,numeric,1,24,L1_S24,11951,1.0096
train_numeric,L1_S24_F1031,1171796,1183747,98.9904,train,numeric,1,24,L1_S24,11951,1.0096
train_numeric,L1_S24_F1036,1171796,1183747,98.9904,train,numeric,1,24,L1_S24,11951,1.0096
train_numeric,L1_S24_F1041,1171796,1183747,98.9904,train,numeric,1,24,L1_S24,11951,1.0096
train_numeric,L1_S24_F1046,1171796,1183747,98.9904,train,numeric,1,24,L1_S24,11951,1.0096
train_numeric,L1_S24_F1051,1171796,1183747,98.9904,train,numeric,1,24,L1_S24,11951,1.0096
train_numeric,L1_S24_F1056,1171796,1183747,98.9904,train,numeric,1,24,L1_S24,11951,1.0096
train_numeric,L1_S24_F1068,1159920,1183747,97.9872,train,numeric,1,24,L1_S24,23827,2.0128
train_numeric,L1_S24_F1072,1159920,1183747,97.9872,train,numeric,1,24,L1_S24,23827,2.0128
train_numeric,L1_S24_F1079,1159920,1183747,97.9872,train,numeric,1,24,L1_S24,23827,2.0128
train_numeric,L1_S24_F1083,1159920,1183747,97.9872,train,numeric,1,24,L1_S24,23827,2.0128
train_numeric,L1_S24_F1087,1159920,1183747,97.9872,train,numeric,1,24,L1_S24,23827,2.0128
train_numeric,L1_S24_F1094,1159920,1183747,97.9872,train,numeric,1,24,L1_S24,23827,2.0128
train_numeric,L1_S24_F1098,1159920,1183747,97.9872,train,numeric,1,24,L1_S24,23827,2.0128
train_numeric,L1_S24_F1102,1159920,1183747,97.9872,train,numeric,1,24,L1_S24,23827,2.0128
train_numeric,L1_S24_F1106,1159920,1183747,97.9872,train,numeric,1,24,L1_S24,23827,2.0128
train_numeric,L1_S24_F1110,1159920,1183747,97.9872,train,numeric,1,24,L1_S24,23827,2.0128
train_numeric,L1_S24_F1118,1156545,1183747,97.702,train,numeric,1,24,L1_S24,27202,2.298
train_numeric,L1_S24_F1122,1156545,1183747,97.702,train,numeric,1,24,L1_S24,27202,2.298
train_numeric,L1_S24_F1126,1156545,1183747,97.702,train,numeric,1,24,L1_S24,27202,2.298
train_numeric,L1_S24_F1130,1156545,1183747,97.702,train,numeric,1,24,L1_S24,27202,2.298
train_numeric,L1_S24_F1134,1156570,1183747,97.7042,train,numeric,1,24,L1_S24,27177,2.2958
train_numeric,L1_S24_F1145,1156570,1183747,97.7042,train,numeric,1,24,L1_S24,27177,2.2958
train_numeric,L1_S24_F1148,1156570,1183747,97.7042,train,numeric,1,24,L1_S24,27177,2.2958
train_numeric,L1_S24_F1161,1156546,1183747,97.7021,train,numeric,1,24,L1_S24,27201,2.2979
train_numeric,L1_S24_F1166,1156550,1183747,97.7025,train,numeric,1,24,L1_S24,27197,2.2975
train_numeric,L1_S24_F1170,1156550,1183747,97.7025,train,numeric,1,24,L1_S24,27197,2.2975
train_numeric,L1_S24_F1172,1156550,1183747,97.7025,train,numeric,1,24,L1_S24,27197,2.2975
train_numeric,L1_S24_F1174,1156550,1183747,97.7025,train,numeric,1,24,L1_S24,27197,2.2975
train_numeric,L1_S24_F1176,1156550,1183747,97.7025,train,numeric,1,24,L1_S24,27197,2.2975
train_numeric,L1_S24_F1180,1156550,1183747,97.7025,train,numeric,1,24,L1_S24,27197,2.2975
train_numeric,L1_S24_F1184,1170106,1183747,98.8476,train,numeric,1,24,L1_S24,13641,1.1524
train_numeric,L1_S24_F1197,1170106,1183747,98.8476,train,numeric,1,24,L1_S24,13641,1.1524
train_numeric,L1_S24_F1202,1170106,1183747,98.8476,train,numeric,1,24,L1_S24,13641,1.1524
train_numeric,L1_S24_F1207,1170106,1183747,98.8476,train,numeric,1,24,L1_S24,13641,1.1524
train_numeric,L1_S24_F1212,1170106,1183747,98.8476,train,numeric,1,24,L1_S24,13641,1.1524
train_numeric,L1_S24_F1225,1170106,1183747,98.8476,train,numeric,1,24,L1_S24,13641,1.1524
train_numeric,L1_S24_F1230,1170106,1183747,98.8476,train,numeric,1,24,L1_S24,13641,1.1524
train_numeric,L1_S24_F1235,1170106,1183747,98.8476,train,numeric,1,24,L1_S24,13641,1.1524
train_numeric,L1_S24_F1240,1170106,1183747,98.8476,train,numeric,1,24,L1_S24,13641,1.1524
train_numeric,L1_S24_F1245,1170106,1183747,98.8476,train,numeric,1,24,L1_S24,13641,1.1524
train_numeric,L1_S24_F1250,1170106,1183747,98.8476,train,numeric,1,24,L1_S24,13641,1.1524
train_numeric,L1_S24_F1255,1170106,1183747,98.8476,train,numeric,1,24,L1_S24,13641,1.1524
train_numeric,L1_S24_F1260,1170106,1183747,98.8476,train,numeric,1,24,L1_S24,13641,1.1524
train_numeric,L1_S24_F1265,1170106,1183747,98.8476,train,numeric,1,24,L1_S24,13641,1.1524
train_numeric,L1_S24_F1270,1170106,1183747,98.8476,train,numeric,1,24,L1_S24,13641,1.1524
train_numeric,L1_S24_F1275,1170184,1183747,98.8542,train,numeric,1,24,L1_S24,13563,1.1458
train_numeric,L1_S24_F1288,1170184,1183747,98.8542,train,numeric,1,24,L1_S24,13563,1.1458
train_numeric,L1_S24_F1293,1170184,1183747,98.8542,train,numeric,1,24,L1_S24,13563,1.1458
train_numeric,L1_S24_F1298,1170184,1183747,98.8542,train,numeric,1,24,L1_S24,13563,1.1458
train_numeric,L1_S24_F1303,1170184,1183747,98.8542,train,numeric,1,24,L1_S24,13563,1.1458
train_numeric,L1_S24_F1316,1170184,1183747,98.8542,train,numeric,1,24,L1_S24,13563,1.1458
train_numeric,L1_S24_F1321,1170184,1183747,98.8542,train,numeric,1,24,L1_S24,13563,1.1458
train_numeric,L1_S24_F1326,1170184,1183747,98.8542,train,numeric,1,24,L1_S24,13563,1.1458
train_numeric,L1_S24_F1331,1170184,1183747,98.8542,train,numeric,1,24,L1_S24,13563,1.1458
train_numeric,L1_S24_F1336,1170184,1183747,98.8542,train,numeric,1,24,L1_S24,13563,1.1458
train_numeric,L1_S24_F1341,1170184,1183747,98.8542,train,numeric,1,24,L1_S24,13563,1.1458
train_numeric,L1_S24_F1346,1170184,1183747,98.8542,train,numeric,1,24,L1_S24,13563,1.1458
train_numeric,L1_S24_F1351,1170184,1183747,98.8542,train,numeric,1,24,L1_S24,13563,1.1458
train_numeric,L1_S24_F1356,1170184,1183747,98.8542,train,numeric,1,24,L1_S24,13563,1.1458
train_numeric,L1_S24_F1361,1170184,1183747,98.8542,train,numeric,1,24,L1_S24,13563,1.1458
train_numeric,L1_S24_F1366,1170187,1183747,98.8545,train,numeric,1,24,L1_S24,13560,1.1455
train_numeric,L1_S24_F1371,1170187,1183747,98.8545,train,numeric,1,24,L1_S24,13560,1.1455
train_numeric,L1_S24_F1376,1170187,1183747,98.8545,train,numeric,1,24,L1_S24,13560,1.1455
train_numeric,L1_S24_F1381,1170187,1183747,98.8545,train,numeric,1,24,L1_S24,13560,1.1455
train_numeric,L1_S24_F1386,1170187,1183747,98.8545,train,numeric,1,24,L1_S24,13560,1.1455
train_numeric,L1_S24_F1391,1170187,1183747,98.8545,train,numeric,1,24,L1_S24,13560,1.1455
train_numeric,L1_S24_F1396,1170187,1183747,98.8545,train,numeric,1,24,L1_S24,13560,1.1455
train_numeric,L1_S24_F1401,1170187,1183747,98.8545,train,numeric,1,24,L1_S24,13560,1.1455
train_numeric,L1_S24_F1406,1170187,1183747,98.8545,train,numeric,1,24,L1_S24,13560,1.1455
train_numeric,L1_S24_F1411,1170151,1183747,98.8514,train,numeric,1,24,L1_S24,13596,1.1486
train_numeric,L1_S24_F1416,1170151,1183747,98.8514,train,numeric,1,24,L1_S24,13596,1.1486
train_numeric,L1_S24_F1421,1170151,1183747,98.8514,train,numeric,1,24,L1_S24,13596,1.1486
train_numeric,L1_S24_F1426,1170151,1183747,98.8514,train,numeric,1,24,L1_S24,13596,1.1486
train_numeric,L1_S24_F1431,1170151,1183747,98.8514,train,numeric,1,24,L1_S24,13596,1.1486
train_numeric,L1_S24_F1436,1170151,1183747,98.8514,train,numeric,1,24,L1_S24,13596,1.1486
train_numeric,L1_S24_F1441,1170151,1183747,98.8514,train,numeric,1,24,L1_S24,13596,1.1486
train_numeric,L1_S24_F1446,1170151,1183747,98.8514,train,numeric,1,24,L1_S24,13596,1.1486
train_numeric,L1_S24_F1451,1170151,1183747,98.8514,train,numeric,1,24,L1_S24,13596,1.1486
train_numeric,L1_S24_F1463,1156595,1183747,97.7063,train,numeric,1,24,L1_S24,27152,2.2937
train_numeric,L1_S24_F1467,1156595,1183747,97.7063,train,numeric,1,24,L1_S24,27152,2.2937
train_numeric,L1_S24_F1474,1156595,1183747,97.7063,train,numeric,1,24,L1_S24,27152,2.2937
train_numeric,L1_S24_F1478,1156595,1183747,97.7063,train,numeric,1,24,L1_S24,27152,2.2937
train_numeric,L1_S24_F1482,1156595,1183747,97.7063,train,numeric,1,24,L1_S24,27152,2.2937
train_numeric,L1_S24_F1486,1156595,1183747,97.7063,train,numeric,1,24,L1_S24,27152,2.2937
train_numeric,L1_S24_F1490,1156595,1183747,97.7063,train,numeric,1,24,L1_S24,27152,2.2937
train_numeric,L1_S24_F1494,1156595,1183747,97.7063,train,numeric,1,24,L1_S24,27152,2.2937
train_numeric,L1_S24_F1498,1156595,1183747,97.7063,train,numeric,1,24,L1_S24,27152,2.2937
train_numeric,L1_S24_F1502,1156595,1183747,97.7063,train,numeric,1,24,L1_S24,27152,2.2937
train_numeric,L1_S24_F1506,1156595,1183747,97.7063,train,numeric,1,24,L1_S24,27152,2.2937
train_numeric,L1_S24_F1512,1050840,1183747,88.7723,train,numeric,1,24,L1_S24,132907,11.2277
train_numeric,L1_S24_F1514,1050840,1183747,88.7723,train,numeric,1,24,L1_S24,132907,11.2277
train_numeric,L1_S24_F1516,1050840,1183747,88.7723,train,numeric,1,24,L1_S24,132907,11.2277
train_numeric,L1_S24_F1518,1050840,1183747,88.7723,train,numeric,1,24,L1_S24,132907,11.2277
train_numeric,L1_S24_F1520,1051175,1183747,88.8006,train,numeric,1,24,L1_S24,132572,11.1994
train_numeric,L1_S24_F1539,1051175,1183747,88.8006,train,numeric,1,24,L1_S24,132572,11.1994
train_numeric,L1_S24_F1544,1051175,1183747,88.8006,train,numeric,1,24,L1_S24,132572,11.1994
train_numeric,L1_S24_F1565,1050839,1183747,88.7723,train,numeric,1,24,L1_S24,132908,11.2277
train_numeric,L1_S24_F1567,1050838,1183747,88.7722,train,numeric,1,24,L1_S24,132909,11.2278
train_numeric,L1_S24_F1569,1050841,1183747,88.7724,train,numeric,1,24,L1_S24,132906,11.2276
train_numeric,L1_S24_F1571,1050841,1183747,88.7724,train,numeric,1,24,L1_S24,132906,11.2276
train_numeric,L1_S24_F1573,1050841,1183747,88.7724,train,numeric,1,24,L1_S24,132906,11.2276
train_numeric,L1_S24_F1575,1050841,1183747,88.7724,train,numeric,1,24,L1_S24,132906,11.2276
train_numeric,L1_S24_F1578,1050841,1183747,88.7724,train,numeric,1,24,L1_S24,132906,11.2276
train_numeric,L1_S24_F1581,1117164,1183747,94.3752,train,numeric,1,24,L1_S24,66583,5.6248
train_numeric,L1_S24_F1594,1117164,1183747,94.3752,train,numeric,1,24,L1_S24,66583,5.6248
train_numeric,L1_S24_F1599,1117164,1183747,94.3752,train,numeric,1,24,L1_S24,66583,5.6248
train_numeric,L1_S24_F1604,1117164,1183747,94.3752,train,numeric,1,24,L1_S24,66583,5.6248
train_numeric,L1_S24_F1609,1117164,1183747,94.3752,train,numeric,1,24,L1_S24,66583,5.6248
train_numeric,L1_S24_F1622,1117164,1183747,94.3752,train,numeric,1,24,L1_S24,66583,5.6248
train_numeric,L1_S24_F1627,1117164,1183747,94.3752,train,numeric,1,24,L1_S24,66583,5.6248
train_numeric,L1_S24_F1632,1117164,1183747,94.3752,train,numeric,1,24,L1_S24,66583,5.6248
train_numeric,L1_S24_F1637,1117164,1183747,94.3752,train,numeric,1,24,L1_S24,66583,5.6248
train_numeric,L1_S24_F1642,1117164,1183747,94.3752,train,numeric,1,24,L1_S24,66583,5.6248
train_numeric,L1_S24_F1647,1117164,1183747,94.3752,train,numeric,1,24,L1_S24,66583,5.6248
train_numeric,L1_S24_F1652,1117164,1183747,94.3752,train,numeric,1,24,L1_S24,66583,5.6248
train_numeric,L1_S24_F1657,1117164,1183747,94.3752,train,numeric,1,24,L1_S24,66583,5.6248
train_numeric,L1_S24_F1662,1117164,1183747,94.3752,train,numeric,1,24,L1_S24,66583,5.6248
train_numeric,L1_S24_F1667,1117164,1183747,94.3752,train,numeric,1,24,L1_S24,66583,5.6248
train_numeric,L1_S24_F1672,1117247,1183747,94.3822,train,numeric,1,24,L1_S24,66500,5.6178
train_numeric,L1_S24_F1685,1117247,1183747,94.3822,train,numeric,1,24,L1_S24,66500,5.6178
train_numeric,L1_S24_F1690,1117247,1183747,94.3822,train,numeric,1,24,L1_S24,66500,5.6178
train_numeric,L1_S24_F1695,1117247,1183747,94.3822,train,numeric,1,24,L1_S24,66500,5.6178
train_numeric,L1_S24_F1700,1117247,1183747,94.3822,train,numeric,1,24,L1_S24,66500,5.6178
train_numeric,L1_S24_F1713,1117247,1183747,94.3822,train,numeric,1,24,L1_S24,66500,5.6178
train_numeric,L1_S24_F1718,1117247,1183747,94.3822,train,numeric,1,24,L1_S24,66500,5.6178
train_numeric,L1_S24_F1723,1117247,1183747,94.3822,train,numeric,1,24,L1_S24,66500,5.6178
train_numeric,L1_S24_F1728,1117247,1183747,94.3822,train,numeric,1,24,L1_S24,66500,5.6178
train_numeric,L1_S24_F1733,1117247,1183747,94.3822,train,numeric,1,24,L1_S24,66500,5.6178
train_numeric,L1_S24_F1738,1117247,1183747,94.3822,train,numeric,1,24,L1_S24,66500,5.6178
train_numeric,L1_S24_F1743,1117247,1183747,94.3822,train,numeric,1,24,L1_S24,66500,5.6178
train_numeric,L1_S24_F1748,1117247,1183747,94.3822,train,numeric,1,24,L1_S24,66500,5.6178
train_numeric,L1_S24_F1753,1117247,1183747,94.3822,train,numeric,1,24,L1_S24,66500,5.6178
train_numeric,L1_S24_F1758,1117247,1183747,94.3822,train,numeric,1,24,L1_S24,66500,5.6178
train_numeric,L1_S24_F1763,1117263,1183747,94.3836,train,numeric,1,24,L1_S24,66484,5.6164
train_numeric,L1_S24_F1768,1117276,1183747,94.3847,train,numeric,1,24,L1_S24,66471,5.6153
train_numeric,L1_S24_F1773,1117263,1183747,94.3836,train,numeric,1,24,L1_S24,66484,5.6164
train_numeric,L1_S24_F1778,1117263,1183747,94.3836,train,numeric,1,24,L1_S24,66484,5.6164
train_numeric,L1_S24_F1783,1117263,1183747,94.3836,train,numeric,1,24,L1_S24,66484,5.6164
train_numeric,L1_S24_F1788,1117263,1183747,94.3836,train,numeric,1,24,L1_S24,66484,5.6164
train_numeric,L1_S24_F1793,1117263,1183747,94.3836,train,numeric,1,24,L1_S24,66484,5.6164
train_numeric,L1_S24_F1798,1117263,1183747,94.3836,train,numeric,1,24,L1_S24,66484,5.6164
train_numeric,L1_S24_F1803,1117263,1183747,94.3836,train,numeric,1,24,L1_S24,66484,5.6164
train_numeric,L1_S24_F1808,1117281,1183747,94.3851,train,numeric,1,24,L1_S24,66466,5.6149
train_numeric,L1_S24_F1810,1117281,1183747,94.3851,train,numeric,1,24,L1_S24,66466,5.6149
train_numeric,L1_S24_F1812,1117281,1183747,94.3851,train,numeric,1,24,L1_S24,66466,5.6149
train_numeric,L1_S24_F1814,1117281,1183747,94.3851,train,numeric,1,24,L1_S24,66466,5.6149
train_numeric,L1_S24_F1816,1117281,1183747,94.3851,train,numeric,1,24,L1_S24,66466,5.6149
train_numeric,L1_S24_F1818,1117281,1183747,94.3851,train,numeric,1,24,L1_S24,66466,5.6149
train_numeric,L1_S24_F1820,1117281,1183747,94.3851,train,numeric,1,24,L1_S24,66466,5.6149
train_numeric,L1_S24_F1822,1117281,1183747,94.3851,train,numeric,1,24,L1_S24,66466,5.6149
train_numeric,L1_S24_F1824,1117281,1183747,94.3851,train,numeric,1,24,L1_S24,66466,5.6149
train_numeric,L1_S24_F1829,1050825,1183747,88.7711,train,numeric,1,24,L1_S24,132922,11.2289
train_numeric,L1_S24_F1831,1050825,1183747,88.7711,train,numeric,1,24,L1_S24,132922,11.2289
train_numeric,L1_S24_F1834,1050825,1183747,88.7711,train,numeric,1,24,L1_S24,132922,11.2289
train_numeric,L1_S24_F1836,1050825,1183747,88.7711,train,numeric,1,24,L1_S24,132922,11.2289
train_numeric,L1_S24_F1838,1050825,1183747,88.7711,train,numeric,1,24,L1_S24,132922,11.2289
train_numeric,L1_S24_F1840,1050825,1183747,88.7711,train,numeric,1,24,L1_S24,132922,11.2289
train_numeric,L1_S24_F1842,1050825,1183747,88.7711,train,numeric,1,24,L1_S24,132922,11.2289
train_numeric,L1_S24_F1844,1050825,1183747,88.7711,train,numeric,1,24,L1_S24,132922,11.2289
train_numeric,L1_S24_F1846,1050825,1183747,88.7711,train,numeric,1,24,L1_S24,132922,11.2289
train_numeric,L1_S24_F1848,1050825,1183747,88.7711,train,numeric,1,24,L1_S24,132922,11.2289
train_numeric,L1_S24_F1850,1050825,1183747,88.7711,train,numeric,1,24,L1_S24,132922,11.2289
train_numeric,L1_S25_F1855,1128281,1183747,95.3144,train,numeric,1,25,L1_S25,55466,4.6856
train_numeric,L1_S25_F1858,1128281,1183747,95.3144,train,numeric,1,25,L1_S25,55466,4.6856
train_numeric,L1_S25_F1865,1128458,1183747,95.3293,train,numeric,1,25,L1_S25,55289,4.6707
train_numeric,L1_S25_F1869,1128458,1183747,95.3293,train,numeric,1,25,L1_S25,55289,4.6707
train_numeric,L1_S25_F1873,1128458,1183747,95.3293,train,numeric,1,25,L1_S25,55289,4.6707
train_numeric,L1_S25_F1877,1128458,1183747,95.3293,train,numeric,1,25,L1_S25,55289,4.6707
train_numeric,L1_S25_F1881,1128452,1183747,95.3288,train,numeric,1,25,L1_S25,55295,4.6712
train_numeric,L1_S25_F1885,1128329,1183747,95.3184,train,numeric,1,25,L1_S25,55418,4.6816
train_numeric,L1_S25_F1890,1128338,1183747,95.3192,train,numeric,1,25,L1_S25,55409,4.6808
train_numeric,L1_S25_F1892,1128338,1183747,95.3192,train,numeric,1,25,L1_S25,55409,4.6808
train_numeric,L1_S25_F1894,1128338,1183747,95.3192,train,numeric,1,25,L1_S25,55409,4.6808
train_numeric,L1_S25_F1896,1128986,1183747,95.3739,train,numeric,1,25,L1_S25,54761,4.6261
train_numeric,L1_S25_F1900,1155768,1183747,97.6364,train,numeric,1,25,L1_S25,27979,2.3636
train_numeric,L1_S25_F1909,1155768,1183747,97.6364,train,numeric,1,25,L1_S25,27979,2.3636
train_numeric,L1_S25_F1914,1155768,1183747,97.6364,train,numeric,1,25,L1_S25,27979,2.3636
train_numeric,L1_S25_F1919,1155768,1183747,97.6364,train,numeric,1,25,L1_S25,27979,2.3636
train_numeric,L1_S25_F1924,1155768,1183747,97.6364,train,numeric,1,25,L1_S25,27979,2.3636
train_numeric,L1_S25_F1929,1155768,1183747,97.6364,train,numeric,1,25,L1_S25,27979,2.3636
train_numeric,L1_S25_F1938,1155768,1183747,97.6364,train,numeric,1,25,L1_S25,27979,2.3636
train_numeric,L1_S25_F1943,1155768,1183747,97.6364,train,numeric,1,25,L1_S25,27979,2.3636
train_numeric,L1_S25_F1948,1155768,1183747,97.6364,train,numeric,1,25,L1_S25,27979,2.3636
train_numeric,L1_S25_F1953,1155768,1183747,97.6364,train,numeric,1,25,L1_S25,27979,2.3636
train_numeric,L1_S25_F1958,1155768,1183747,97.6364,train,numeric,1,25,L1_S25,27979,2.3636
train_numeric,L1_S25_F1963,1155768,1183747,97.6364,train,numeric,1,25,L1_S25,27979,2.3636
train_numeric,L1_S25_F1968,1155768,1183747,97.6364,train,numeric,1,25,L1_S25,27979,2.3636
train_numeric,L1_S25_F1973,1155768,1183747,97.6364,train,numeric,1,25,L1_S25,27979,2.3636
train_numeric,L1_S25_F1978,1156219,1183747,97.6745,train,numeric,1,25,L1_S25,27528,2.3255
train_numeric,L1_S25_F1987,1156219,1183747,97.6745,train,numeric,1,25,L1_S25,27528,2.3255
train_numeric,L1_S25_F1992,1156219,1183747,97.6745,train,numeric,1,25,L1_S25,27528,2.3255
train_numeric,L1_S25_F1997,1156219,1183747,97.6745,train,numeric,1,25,L1_S25,27528,2.3255
train_numeric,L1_S25_F2002,1156219,1183747,97.6745,train,numeric,1,25,L1_S25,27528,2.3255
train_numeric,L1_S25_F2007,1156219,1183747,97.6745,train,numeric,1,25,L1_S25,27528,2.3255
train_numeric,L1_S25_F2016,1156219,1183747,97.6745,train,numeric,1,25,L1_S25,27528,2.3255
train_numeric,L1_S25_F2021,1156219,1183747,97.6745,train,numeric,1,25,L1_S25,27528,2.3255
train_numeric,L1_S25_F2026,1156219,1183747,97.6745,train,numeric,1,25,L1_S25,27528,2.3255
train_numeric,L1_S25_F2031,1156219,1183747,97.6745,train,numeric,1,25,L1_S25,27528,2.3255
train_numeric,L1_S25_F2036,1156219,1183747,97.6745,train,numeric,1,25,L1_S25,27528,2.3255
train_numeric,L1_S25_F2041,1156219,1183747,97.6745,train,numeric,1,25,L1_S25,27528,2.3255
train_numeric,L1_S25_F2046,1156219,1183747,97.6745,train,numeric,1,25,L1_S25,27528,2.3255
train_numeric,L1_S25_F2051,1156219,1183747,97.6745,train,numeric,1,25,L1_S25,27528,2.3255
train_numeric,L1_S25_F2056,1156372,1183747,97.6874,train,numeric,1,25,L1_S25,27375,2.3126
train_numeric,L1_S25_F2061,1156372,1183747,97.6874,train,numeric,1,25,L1_S25,27375,2.3126
train_numeric,L1_S25_F2066,1156372,1183747,97.6874,train,numeric,1,25,L1_S25,27375,2.3126
train_numeric,L1_S25_F2071,1156372,1183747,97.6874,train,numeric,1,25,L1_S25,27375,2.3126
train_numeric,L1_S25_F2076,1156372,1183747,97.6874,train,numeric,1,25,L1_S25,27375,2.3126
train_numeric,L1_S25_F2081,1156372,1183747,97.6874,train,numeric,1,25,L1_S25,27375,2.3126
train_numeric,L1_S25_F2086,1156372,1183747,97.6874,train,numeric,1,25,L1_S25,27375,2.3126
train_numeric,L1_S25_F2091,1156372,1183747,97.6874,train,numeric,1,25,L1_S25,27375,2.3126
train_numeric,L1_S25_F2096,1155978,1183747,97.6541,train,numeric,1,25,L1_S25,27769,2.3459
train_numeric,L1_S25_F2101,1155978,1183747,97.6541,train,numeric,1,25,L1_S25,27769,2.3459
train_numeric,L1_S25_F2106,1155978,1183747,97.6541,train,numeric,1,25,L1_S25,27769,2.3459
train_numeric,L1_S25_F2111,1155978,1183747,97.6541,train,numeric,1,25,L1_S25,27769,2.3459
train_numeric,L1_S25_F2116,1155978,1183747,97.6541,train,numeric,1,25,L1_S25,27769,2.3459
train_numeric,L1_S25_F2121,1155978,1183747,97.6541,train,numeric,1,25,L1_S25,27769,2.3459
train_numeric,L1_S25_F2126,1155978,1183747,97.6541,train,numeric,1,25,L1_S25,27769,2.3459
train_numeric,L1_S25_F2131,1155978,1183747,97.6541,train,numeric,1,25,L1_S25,27769,2.3459
train_numeric,L1_S25_F2136,1128755,1183747,95.3544,train,numeric,1,25,L1_S25,54992,4.6456
train_numeric,L1_S25_F2144,1128755,1183747,95.3544,train,numeric,1,25,L1_S25,54992,4.6456
train_numeric,L1_S25_F2147,1128755,1183747,95.3544,train,numeric,1,25,L1_S25,54992,4.6456
train_numeric,L1_S25_F2152,1128755,1183747,95.3544,train,numeric,1,25,L1_S25,54992,4.6456
train_numeric,L1_S25_F2155,1128755,1183747,95.3544,train,numeric,1,25,L1_S25,54992,4.6456
train_numeric,L1_S25_F2158,1128755,1183747,95.3544,train,numeric,1,25,L1_S25,54992,4.6456
train_numeric,L1_S25_F2161,1128755,1183747,95.3544,train,numeric,1,25,L1_S25,54992,4.6456
train_numeric,L1_S25_F2164,1128755,1183747,95.3544,train,numeric,1,25,L1_S25,54992,4.6456
train_numeric,L1_S25_F2167,1128755,1183747,95.3544,train,numeric,1,25,L1_S25,54992,4.6456
train_numeric,L1_S25_F2170,1128755,1183747,95.3544,train,numeric,1,25,L1_S25,54992,4.6456
train_numeric,L1_S25_F2173,1128755,1183747,95.3544,train,numeric,1,25,L1_S25,54992,4.6456
train_numeric,L1_S25_F2176,1128755,1183747,95.3544,train,numeric,1,25,L1_S25,54992,4.6456
train_numeric,L1_S25_F2181,1182504,1183747,99.895,train,numeric,1,25,L1_S25,1243,0.105
train_numeric,L1_S25_F2184,1182504,1183747,99.895,train,numeric,1,25,L1_S25,1243,0.105
train_numeric,L1_S25_F2187,1182504,1183747,99.895,train,numeric,1,25,L1_S25,1243,0.105
train_numeric,L1_S25_F2190,1182504,1183747,99.895,train,numeric,1,25,L1_S25,1243,0.105
train_numeric,L1_S25_F2193,1182504,1183747,99.895,train,numeric,1,25,L1_S25,1243,0.105
train_numeric,L1_S25_F2196,1182504,1183747,99.895,train,numeric,1,25,L1_S25,1243,0.105
train_numeric,L1_S25_F2199,1182504,1183747,99.895,train,numeric,1,25,L1_S25,1243,0.105
train_numeric,L1_S25_F2202,1182504,1183747,99.895,train,numeric,1,25,L1_S25,1243,0.105
train_numeric,L1_S25_F2207,1180131,1183747,99.6945,train,numeric,1,25,L1_S25,3616,0.3055
train_numeric,L1_S25_F2210,1180131,1183747,99.6945,train,numeric,1,25,L1_S25,3616,0.3055
train_numeric,L1_S25_F2217,1180131,1183747,99.6945,train,numeric,1,25,L1_S25,3616,0.3055
train_numeric,L1_S25_F2220,1180131,1183747,99.6945,train,numeric,1,25,L1_S25,3616,0.3055
train_numeric,L1_S25_F2223,1180131,1183747,99.6945,train,numeric,1,25,L1_S25,3616,0.3055
train_numeric,L1_S25_F2226,1180131,1183747,99.6945,train,numeric,1,25,L1_S25,3616,0.3055
train_numeric,L1_S25_F2231,1176589,1183747,99.3953,train,numeric,1,25,L1_S25,7158,0.6047
train_numeric,L1_S25_F2233,1176589,1183747,99.3953,train,numeric,1,25,L1_S25,7158,0.6047
train_numeric,L1_S25_F2237,1176598,1183747,99.3961,train,numeric,1,25,L1_S25,7149,0.6039
train_numeric,L1_S25_F2239,1176601,1183747,99.3963,train,numeric,1,25,L1_S25,7146,0.6037
train_numeric,L1_S25_F2241,1179245,1183747,99.6197,train,numeric,1,25,L1_S25,4502,0.3803
train_numeric,L1_S25_F2243,1179245,1183747,99.6197,train,numeric,1,25,L1_S25,4502,0.3803
train_numeric,L1_S25_F2245,1179245,1183747,99.6197,train,numeric,1,25,L1_S25,4502,0.3803
train_numeric,L1_S25_F2247,1176600,1183747,99.3962,train,numeric,1,25,L1_S25,7147,0.6038
train_numeric,L1_S25_F2249,1180168,1183747,99.6977,train,numeric,1,25,L1_S25,3579,0.3023
train_numeric,L1_S25_F2258,1180168,1183747,99.6977,train,numeric,1,25,L1_S25,3579,0.3023
train_numeric,L1_S25_F2263,1180168,1183747,99.6977,train,numeric,1,25,L1_S25,3579,0.3023
train_numeric,L1_S25_F2268,1180168,1183747,99.6977,train,numeric,1,25,L1_S25,3579,0.3023
train_numeric,L1_S25_F2273,1180168,1183747,99.6977,train,numeric,1,25,L1_S25,3579,0.3023
train_numeric,L1_S25_F2278,1180168,1183747,99.6977,train,numeric,1,25,L1_S25,3579,0.3023
train_numeric,L1_S25_F2287,1180168,1183747,99.6977,train,numeric,1,25,L1_S25,3579,0.3023
train_numeric,L1_S25_F2292,1180168,1183747,99.6977,train,numeric,1,25,L1_S25,3579,0.3023
train_numeric,L1_S25_F2297,1180168,1183747,99.6977,train,numeric,1,25,L1_S25,3579,0.3023
train_numeric,L1_S25_F2302,1180168,1183747,99.6977,train,numeric,1,25,L1_S25,3579,0.3023
train_numeric,L1_S25_F2307,1180168,1183747,99.6977,train,numeric,1,25,L1_S25,3579,0.3023
train_numeric,L1_S25_F2312,1180168,1183747,99.6977,train,numeric,1,25,L1_S25,3579,0.3023
train_numeric,L1_S25_F2317,1180168,1183747,99.6977,train,numeric,1,25,L1_S25,3579,0.3023
train_numeric,L1_S25_F2322,1180168,1183747,99.6977,train,numeric,1,25,L1_S25,3579,0.3023
train_numeric,L1_S25_F2327,1180149,1183747,99.696,train,numeric,1,25,L1_S25,3598,0.304
train_numeric,L1_S25_F2336,1180149,1183747,99.696,train,numeric,1,25,L1_S25,3598,0.304
train_numeric,L1_S25_F2341,1180149,1183747,99.696,train,numeric,1,25,L1_S25,3598,0.304
train_numeric,L1_S25_F2346,1180149,1183747,99.696,train,numeric,1,25,L1_S25,3598,0.304
train_numeric,L1_S25_F2351,1180149,1183747,99.696,train,numeric,1,25,L1_S25,3598,0.304
train_numeric,L1_S25_F2356,1180149,1183747,99.696,train,numeric,1,25,L1_S25,3598,0.304
train_numeric,L1_S25_F2365,1180149,1183747,99.696,train,numeric,1,25,L1_S25,3598,0.304
train_numeric,L1_S25_F2370,1180149,1183747,99.696,train,numeric,1,25,L1_S25,3598,0.304
train_numeric,L1_S25_F2375,1180149,1183747,99.696,train,numeric,1,25,L1_S25,3598,0.304
train_numeric,L1_S25_F2380,1180149,1183747,99.696,train,numeric,1,25,L1_S25,3598,0.304
train_numeric,L1_S25_F2385,1180149,1183747,99.696,train,numeric,1,25,L1_S25,3598,0.304
train_numeric,L1_S25_F2390,1180149,1183747,99.696,train,numeric,1,25,L1_S25,3598,0.304
train_numeric,L1_S25_F2395,1180149,1183747,99.696,train,numeric,1,25,L1_S25,3598,0.304
train_numeric,L1_S25_F2400,1180149,1183747,99.696,train,numeric,1,25,L1_S25,3598,0.304
train_numeric,L1_S25_F2405,1180283,1183747,99.7074,train,numeric,1,25,L1_S25,3464,0.2926
train_numeric,L1_S25_F2408,1180283,1183747,99.7074,train,numeric,1,25,L1_S25,3464,0.2926
train_numeric,L1_S25_F2411,1180283,1183747,99.7074,train,numeric,1,25,L1_S25,3464,0.2926
train_numeric,L1_S25_F2414,1180283,1183747,99.7074,train,numeric,1,25,L1_S25,3464,0.2926
train_numeric,L1_S25_F2417,1180283,1183747,99.7074,train,numeric,1,25,L1_S25,3464,0.2926
train_numeric,L1_S25_F2420,1180283,1183747,99.7074,train,numeric,1,25,L1_S25,3464,0.2926
train_numeric,L1_S25_F2423,1180283,1183747,99.7074,train,numeric,1,25,L1_S25,3464,0.2926
train_numeric,L1_S25_F2426,1180283,1183747,99.7074,train,numeric,1,25,L1_S25,3464,0.2926
train_numeric,L1_S25_F2429,1180132,1183747,99.6946,train,numeric,1,25,L1_S25,3615,0.3054
train_numeric,L1_S25_F2431,1180132,1183747,99.6946,train,numeric,1,25,L1_S25,3615,0.3054
train_numeric,L1_S25_F2433,1180132,1183747,99.6946,train,numeric,1,25,L1_S25,3615,0.3054
train_numeric,L1_S25_F2435,1180132,1183747,99.6946,train,numeric,1,25,L1_S25,3615,0.3054
train_numeric,L1_S25_F2437,1180132,1183747,99.6946,train,numeric,1,25,L1_S25,3615,0.3054
train_numeric,L1_S25_F2439,1180132,1183747,99.6946,train,numeric,1,25,L1_S25,3615,0.3054
train_numeric,L1_S25_F2441,1180132,1183747,99.6946,train,numeric,1,25,L1_S25,3615,0.3054
train_numeric,L1_S25_F2443,1180132,1183747,99.6946,train,numeric,1,25,L1_S25,3615,0.3054
train_numeric,L1_S25_F2449,1176685,1183747,99.4034,train,numeric,1,25,L1_S25,7062,0.5966
train_numeric,L1_S25_F2451,1176685,1183747,99.4034,train,numeric,1,25,L1_S25,7062,0.5966
train_numeric,L1_S25_F2454,1176685,1183747,99.4034,train,numeric,1,25,L1_S25,7062,0.5966
train_numeric,L1_S25_F2456,1176685,1183747,99.4034,train,numeric,1,25,L1_S25,7062,0.5966
train_numeric,L1_S25_F2458,1176685,1183747,99.4034,train,numeric,1,25,L1_S25,7062,0.5966
train_numeric,L1_S25_F2460,1176685,1183747,99.4034,train,numeric,1,25,L1_S25,7062,0.5966
train_numeric,L1_S25_F2462,1176685,1183747,99.4034,train,numeric,1,25,L1_S25,7062,0.5966
train_numeric,L1_S25_F2464,1176685,1183747,99.4034,train,numeric,1,25,L1_S25,7062,0.5966
train_numeric,L1_S25_F2466,1176685,1183747,99.4034,train,numeric,1,25,L1_S25,7062,0.5966
train_numeric,L1_S25_F2468,1176685,1183747,99.4034,train,numeric,1,25,L1_S25,7062,0.5966
train_numeric,L1_S25_F2472,1173883,1183747,99.1667,train,numeric,1,25,L1_S25,9864,0.8333
train_numeric,L1_S25_F2475,1173883,1183747,99.1667,train,numeric,1,25,L1_S25,9864,0.8333
train_numeric,L1_S25_F2478,1173883,1183747,99.1667,train,numeric,1,25,L1_S25,9864,0.8333
train_numeric,L1_S25_F2481,1173883,1183747,99.1667,train,numeric,1,25,L1_S25,9864,0.8333
train_numeric,L1_S25_F2484,1173883,1183747,99.1667,train,numeric,1,25,L1_S25,9864,0.8333
train_numeric,L1_S25_F2487,1173883,1183747,99.1667,train,numeric,1,25,L1_S25,9864,0.8333
train_numeric,L1_S25_F2490,1173883,1183747,99.1667,train,numeric,1,25,L1_S25,9864,0.8333
train_numeric,L1_S25_F2493,1173883,1183747,99.1667,train,numeric,1,25,L1_S25,9864,0.8333
train_numeric,L1_S25_F2498,1179450,1183747,99.637,train,numeric,1,25,L1_S25,4297,0.363
train_numeric,L1_S25_F2500,1179450,1183747,99.637,train,numeric,1,25,L1_S25,4297,0.363
train_numeric,L1_S25_F2504,1179450,1183747,99.637,train,numeric,1,25,L1_S25,4297,0.363
train_numeric,L1_S25_F2506,1179451,1183747,99.6371,train,numeric,1,25,L1_S25,4296,0.3629
train_numeric,L1_S25_F2508,1180173,1183747,99.6981,train,numeric,1,25,L1_S25,3574,0.3019
train_numeric,L1_S25_F2510,1180173,1183747,99.6981,train,numeric,1,25,L1_S25,3574,0.3019
train_numeric,L1_S25_F2512,1180173,1183747,99.6981,train,numeric,1,25,L1_S25,3574,0.3019
train_numeric,L1_S25_F2514,1179452,1183747,99.6372,train,numeric,1,25,L1_S25,4295,0.3628
train_numeric,L1_S25_F2516,1181600,1183747,99.8186,train,numeric,1,25,L1_S25,2147,0.1814
train_numeric,L1_S25_F2525,1181600,1183747,99.8186,train,numeric,1,25,L1_S25,2147,0.1814
train_numeric,L1_S25_F2530,1181600,1183747,99.8186,train,numeric,1,25,L1_S25,2147,0.1814
train_numeric,L1_S25_F2535,1181600,1183747,99.8186,train,numeric,1,25,L1_S25,2147,0.1814
train_numeric,L1_S25_F2540,1181600,1183747,99.8186,train,numeric,1,25,L1_S25,2147,0.1814
train_numeric,L1_S25_F2545,1181600,1183747,99.8186,train,numeric,1,25,L1_S25,2147,0.1814
train_numeric,L1_S25_F2554,1181600,1183747,99.8186,train,numeric,1,25,L1_S25,2147,0.1814
train_numeric,L1_S25_F2559,1181600,1183747,99.8186,train,numeric,1,25,L1_S25,2147,0.1814
train_numeric,L1_S25_F2564,1181600,1183747,99.8186,train,numeric,1,25,L1_S25,2147,0.1814
train_numeric,L1_S25_F2569,1181600,1183747,99.8186,train,numeric,1,25,L1_S25,2147,0.1814
train_numeric,L1_S25_F2574,1181600,1183747,99.8186,train,numeric,1,25,L1_S25,2147,0.1814
train_numeric,L1_S25_F2579,1181600,1183747,99.8186,train,numeric,1,25,L1_S25,2147,0.1814
train_numeric,L1_S25_F2584,1181600,1183747,99.8186,train,numeric,1,25,L1_S25,2147,0.1814
train_numeric,L1_S25_F2589,1181600,1183747,99.8186,train,numeric,1,25,L1_S25,2147,0.1814
train_numeric,L1_S25_F2594,1181593,1183747,99.818,train,numeric,1,25,L1_S25,2154,0.182
train_numeric,L1_S25_F2603,1181593,1183747,99.818,train,numeric,1,25,L1_S25,2154,0.182
train_numeric,L1_S25_F2608,1181593,1183747,99.818,train,numeric,1,25,L1_S25,2154,0.182
train_numeric,L1_S25_F2613,1181593,1183747,99.818,train,numeric,1,25,L1_S25,2154,0.182
train_numeric,L1_S25_F2618,1181593,1183747,99.818,train,numeric,1,25,L1_S25,2154,0.182
train_numeric,L1_S25_F2623,1181593,1183747,99.818,train,numeric,1,25,L1_S25,2154,0.182
train_numeric,L1_S25_F2632,1181593,1183747,99.818,train,numeric,1,25,L1_S25,2154,0.182
train_numeric,L1_S25_F2637,1181593,1183747,99.818,train,numeric,1,25,L1_S25,2154,0.182
train_numeric,L1_S25_F2642,1181593,1183747,99.818,train,numeric,1,25,L1_S25,2154,0.182
train_numeric,L1_S25_F2647,1181593,1183747,99.818,train,numeric,1,25,L1_S25,2154,0.182
train_numeric,L1_S25_F2652,1181593,1183747,99.818,train,numeric,1,25,L1_S25,2154,0.182
train_numeric,L1_S25_F2657,1181593,1183747,99.818,train,numeric,1,25,L1_S25,2154,0.182
train_numeric,L1_S25_F2662,1181593,1183747,99.818,train,numeric,1,25,L1_S25,2154,0.182
train_numeric,L1_S25_F2667,1181593,1183747,99.818,train,numeric,1,25,L1_S25,2154,0.182
train_numeric,L1_S25_F2672,1181579,1183747,99.8169,train,numeric,1,25,L1_S25,2168,0.1831
train_numeric,L1_S25_F2677,1181579,1183747,99.8169,train,numeric,1,25,L1_S25,2168,0.1831
train_numeric,L1_S25_F2682,1181579,1183747,99.8169,train,numeric,1,25,L1_S25,2168,0.1831
train_numeric,L1_S25_F2687,1181579,1183747,99.8169,train,numeric,1,25,L1_S25,2168,0.1831
train_numeric,L1_S25_F2692,1181579,1183747,99.8169,train,numeric,1,25,L1_S25,2168,0.1831
train_numeric,L1_S25_F2697,1181579,1183747,99.8169,train,numeric,1,25,L1_S25,2168,0.1831
train_numeric,L1_S25_F2702,1181579,1183747,99.8169,train,numeric,1,25,L1_S25,2168,0.1831
train_numeric,L1_S25_F2707,1181579,1183747,99.8169,train,numeric,1,25,L1_S25,2168,0.1831
train_numeric,L1_S25_F2712,1181630,1183747,99.8212,train,numeric,1,25,L1_S25,2117,0.1788
train_numeric,L1_S25_F2714,1181630,1183747,99.8212,train,numeric,1,25,L1_S25,2117,0.1788
train_numeric,L1_S25_F2716,1181630,1183747,99.8212,train,numeric,1,25,L1_S25,2117,0.1788
train_numeric,L1_S25_F2718,1181630,1183747,99.8212,train,numeric,1,25,L1_S25,2117,0.1788
train_numeric,L1_S25_F2720,1181630,1183747,99.8212,train,numeric,1,25,L1_S25,2117,0.1788
train_numeric,L1_S25_F2722,1181630,1183747,99.8212,train,numeric,1,25,L1_S25,2117,0.1788
train_numeric,L1_S25_F2724,1181630,1183747,99.8212,train,numeric,1,25,L1_S25,2117,0.1788
train_numeric,L1_S25_F2726,1181630,1183747,99.8212,train,numeric,1,25,L1_S25,2117,0.1788
train_numeric,L1_S25_F2732,1179479,1183747,99.6394,train,numeric,1,25,L1_S25,4268,0.3606
train_numeric,L1_S25_F2734,1179479,1183747,99.6394,train,numeric,1,25,L1_S25,4268,0.3606
train_numeric,L1_S25_F2737,1179479,1183747,99.6394,train,numeric,1,25,L1_S25,4268,0.3606
train_numeric,L1_S25_F2739,1179479,1183747,99.6394,train,numeric,1,25,L1_S25,4268,0.3606
train_numeric,L1_S25_F2741,1179479,1183747,99.6394,train,numeric,1,25,L1_S25,4268,0.3606
train_numeric,L1_S25_F2743,1179479,1183747,99.6394,train,numeric,1,25,L1_S25,4268,0.3606
train_numeric,L1_S25_F2745,1179479,1183747,99.6394,train,numeric,1,25,L1_S25,4268,0.3606
train_numeric,L1_S25_F2747,1179479,1183747,99.6394,train,numeric,1,25,L1_S25,4268,0.3606
train_numeric,L1_S25_F2749,1179479,1183747,99.6394,train,numeric,1,25,L1_S25,4268,0.3606
train_numeric,L1_S25_F2751,1179479,1183747,99.6394,train,numeric,1,25,L1_S25,4268,0.3606
train_numeric,L1_S25_F2755,1181270,1183747,99.7907,train,numeric,1,25,L1_S25,2477,0.2093
train_numeric,L1_S25_F2758,1181270,1183747,99.7907,train,numeric,1,25,L1_S25,2477,0.2093
train_numeric,L1_S25_F2761,1181270,1183747,99.7907,train,numeric,1,25,L1_S25,2477,0.2093
train_numeric,L1_S25_F2764,1181270,1183747,99.7907,train,numeric,1,25,L1_S25,2477,0.2093
train_numeric,L1_S25_F2767,1181270,1183747,99.7907,train,numeric,1,25,L1_S25,2477,0.2093
train_numeric,L1_S25_F2770,1181270,1183747,99.7907,train,numeric,1,25,L1_S25,2477,0.2093
train_numeric,L1_S25_F2773,1181270,1183747,99.7907,train,numeric,1,25,L1_S25,2477,0.2093
train_numeric,L1_S25_F2776,1181270,1183747,99.7907,train,numeric,1,25,L1_S25,2477,0.2093
train_numeric,L1_S25_F2781,1165969,1183747,98.4982,train,numeric,1,25,L1_S25,17778,1.5018
train_numeric,L1_S25_F2783,1165969,1183747,98.4982,train,numeric,1,25,L1_S25,17778,1.5018
train_numeric,L1_S25_F2787,1165968,1183747,98.4981,train,numeric,1,25,L1_S25,17779,1.5019
train_numeric,L1_S25_F2789,1165971,1183747,98.4983,train,numeric,1,25,L1_S25,17776,1.5017
train_numeric,L1_S25_F2791,1169558,1183747,98.8013,train,numeric,1,25,L1_S25,14189,1.1987
train_numeric,L1_S25_F2793,1169558,1183747,98.8013,train,numeric,1,25,L1_S25,14189,1.1987
train_numeric,L1_S25_F2795,1169558,1183747,98.8013,train,numeric,1,25,L1_S25,14189,1.1987
train_numeric,L1_S25_F2797,1165970,1183747,98.4982,train,numeric,1,25,L1_S25,17777,1.5018
train_numeric,L1_S25_F2799,1174875,1183747,99.2505,train,numeric,1,25,L1_S25,8872,0.7495
train_numeric,L1_S25_F2808,1174875,1183747,99.2505,train,numeric,1,25,L1_S25,8872,0.7495
train_numeric,L1_S25_F2813,1174875,1183747,99.2505,train,numeric,1,25,L1_S25,8872,0.7495
train_numeric,L1_S25_F2818,1174875,1183747,99.2505,train,numeric,1,25,L1_S25,8872,0.7495
train_numeric,L1_S25_F2823,1174875,1183747,99.2505,train,numeric,1,25,L1_S25,8872,0.7495
train_numeric,L1_S25_F2828,1174875,1183747,99.2505,train,numeric,1,25,L1_S25,8872,0.7495
train_numeric,L1_S25_F2837,1174875,1183747,99.2505,train,numeric,1,25,L1_S25,8872,0.7495
train_numeric,L1_S25_F2842,1174875,1183747,99.2505,train,numeric,1,25,L1_S25,8872,0.7495
train_numeric,L1_S25_F2847,1174875,1183747,99.2505,train,numeric,1,25,L1_S25,8872,0.7495
train_numeric,L1_S25_F2852,1174875,1183747,99.2505,train,numeric,1,25,L1_S25,8872,0.7495
train_numeric,L1_S25_F2857,1174875,1183747,99.2505,train,numeric,1,25,L1_S25,8872,0.7495
train_numeric,L1_S25_F2862,1174875,1183747,99.2505,train,numeric,1,25,L1_S25,8872,0.7495
train_numeric,L1_S25_F2867,1174875,1183747,99.2505,train,numeric,1,25,L1_S25,8872,0.7495
train_numeric,L1_S25_F2872,1174875,1183747,99.2505,train,numeric,1,25,L1_S25,8872,0.7495
train_numeric,L1_S25_F2877,1174811,1183747,99.2451,train,numeric,1,25,L1_S25,8936,0.7549
train_numeric,L1_S25_F2886,1174811,1183747,99.2451,train,numeric,1,25,L1_S25,8936,0.7549
train_numeric,L1_S25_F2891,1174811,1183747,99.2451,train,numeric,1,25,L1_S25,8936,0.7549
train_numeric,L1_S25_F2896,1174811,1183747,99.2451,train,numeric,1,25,L1_S25,8936,0.7549
train_numeric,L1_S25_F2901,1174811,1183747,99.2451,train,numeric,1,25,L1_S25,8936,0.7549
train_numeric,L1_S25_F2906,1174811,1183747,99.2451,train,numeric,1,25,L1_S25,8936,0.7549
train_numeric,L1_S25_F2915,1174811,1183747,99.2451,train,numeric,1,25,L1_S25,8936,0.7549
train_numeric,L1_S25_F2920,1174811,1183747,99.2451,train,numeric,1,25,L1_S25,8936,0.7549
train_numeric,L1_S25_F2925,1174811,1183747,99.2451,train,numeric,1,25,L1_S25,8936,0.7549
train_numeric,L1_S25_F2930,1174811,1183747,99.2451,train,numeric,1,25,L1_S25,8936,0.7549
train_numeric,L1_S25_F2935,1174811,1183747,99.2451,train,numeric,1,25,L1_S25,8936,0.7549
train_numeric,L1_S25_F2940,1174811,1183747,99.2451,train,numeric,1,25,L1_S25,8936,0.7549
train_numeric,L1_S25_F2945,1174811,1183747,99.2451,train,numeric,1,25,L1_S25,8936,0.7549
train_numeric,L1_S25_F2950,1174811,1183747,99.2451,train,numeric,1,25,L1_S25,8936,0.7549
train_numeric,L1_S25_F2955,1174947,1183747,99.2566,train,numeric,1,25,L1_S25,8800,0.7434
train_numeric,L1_S25_F2960,1174947,1183747,99.2566,train,numeric,1,25,L1_S25,8800,0.7434
train_numeric,L1_S25_F2965,1174947,1183747,99.2566,train,numeric,1,25,L1_S25,8800,0.7434
train_numeric,L1_S25_F2970,1174947,1183747,99.2566,train,numeric,1,25,L1_S25,8800,0.7434
train_numeric,L1_S25_F2975,1174947,1183747,99.2566,train,numeric,1,25,L1_S25,8800,0.7434
train_numeric,L1_S25_F2980,1174947,1183747,99.2566,train,numeric,1,25,L1_S25,8800,0.7434
train_numeric,L1_S25_F2985,1174947,1183747,99.2566,train,numeric,1,25,L1_S25,8800,0.7434
train_numeric,L1_S25_F2990,1174947,1183747,99.2566,train,numeric,1,25,L1_S25,8800,0.7434
train_numeric,L1_S25_F2995,1174774,1183747,99.242,train,numeric,1,25,L1_S25,8973,0.758
train_numeric,L1_S25_F2997,1174774,1183747,99.242,train,numeric,1,25,L1_S25,8973,0.758
train_numeric,L1_S25_F2999,1174774,1183747,99.242,train,numeric,1,25,L1_S25,8973,0.758
train_numeric,L1_S25_F3001,1174774,1183747,99.242,train,numeric,1,25,L1_S25,8973,0.758
train_numeric,L1_S25_F3003,1174774,1183747,99.242,train,numeric,1,25,L1_S25,8973,0.758
train_numeric,L1_S25_F3005,1174774,1183747,99.242,train,numeric,1,25,L1_S25,8973,0.758
train_numeric,L1_S25_F3007,1174774,1183747,99.242,train,numeric,1,25,L1_S25,8973,0.758
train_numeric,L1_S25_F3009,1174774,1183747,99.242,train,numeric,1,25,L1_S25,8973,0.758
train_numeric,L1_S25_F3015,1165975,1183747,98.4987,train,numeric,1,25,L1_S25,17772,1.5013
train_numeric,L1_S25_F3017,1165975,1183747,98.4987,train,numeric,1,25,L1_S25,17772,1.5013
train_numeric,L1_S25_F3020,1165975,1183747,98.4987,train,numeric,1,25,L1_S25,17772,1.5013
train_numeric,L1_S25_F3022,1165975,1183747,98.4987,train,numeric,1,25,L1_S25,17772,1.5013
train_numeric,L1_S25_F3024,1165975,1183747,98.4987,train,numeric,1,25,L1_S25,17772,1.5013
train_numeric,L1_S25_F3026,1165975,1183747,98.4987,train,numeric,1,25,L1_S25,17772,1.5013
train_numeric,L1_S25_F3028,1165975,1183747,98.4987,train,numeric,1,25,L1_S25,17772,1.5013
train_numeric,L1_S25_F3030,1165975,1183747,98.4987,train,numeric,1,25,L1_S25,17772,1.5013
train_numeric,L1_S25_F3032,1165975,1183747,98.4987,train,numeric,1,25,L1_S25,17772,1.5013
train_numeric,L1_S25_F3034,1165975,1183747,98.4987,train,numeric,1,25,L1_S25,17772,1.5013
train_numeric,L2_S26_F3036,956736,1183747,80.8227,train,numeric,2,26,L2_S26,227011,19.1773
train_numeric,L2_S26_F3040,956736,1183747,80.8227,train,numeric,2,26,L2_S26,227011,19.1773
train_numeric,L2_S26_F3047,956736,1183747,80.8227,train,numeric,2,26,L2_S26,227011,19.1773
train_numeric,L2_S26_F3051,956736,1183747,80.8227,train,numeric,2,26,L2_S26,227011,19.1773
train_numeric,L2_S26_F3055,956736,1183747,80.8227,train,numeric,2,26,L2_S26,227011,19.1773
train_numeric,L2_S26_F3062,956736,1183747,80.8227,train,numeric,2,26,L2_S26,227011,19.1773
train_numeric,L2_S26_F3069,956736,1183747,80.8227,train,numeric,2,26,L2_S26,227011,19.1773
train_numeric,L2_S26_F3073,956736,1183747,80.8227,train,numeric,2,26,L2_S26,227011,19.1773
train_numeric,L2_S26_F3077,956736,1183747,80.8227,train,numeric,2,26,L2_S26,227011,19.1773
train_numeric,L2_S26_F3106,956736,1183747,80.8227,train,numeric,2,26,L2_S26,227011,19.1773
train_numeric,L2_S26_F3113,956736,1183747,80.8227,train,numeric,2,26,L2_S26,227011,19.1773
train_numeric,L2_S26_F3117,956736,1183747,80.8227,train,numeric,2,26,L2_S26,227011,19.1773
train_numeric,L2_S26_F3121,956736,1183747,80.8227,train,numeric,2,26,L2_S26,227011,19.1773
train_numeric,L2_S26_F3125,956736,1183747,80.8227,train,numeric,2,26,L2_S26,227011,19.1773
train_numeric,L2_S27_F3129,1063018,1183747,89.8011,train,numeric,2,27,L2_S27,120729,10.1989
train_numeric,L2_S27_F3133,1063018,1183747,89.8011,train,numeric,2,27,L2_S27,120729,10.1989
train_numeric,L2_S27_F3140,1063018,1183747,89.8011,train,numeric,2,27,L2_S27,120729,10.1989
train_numeric,L2_S27_F3144,1063018,1183747,89.8011,train,numeric,2,27,L2_S27,120729,10.1989
train_numeric,L2_S27_F3148,1063018,1183747,89.8011,train,numeric,2,27,L2_S27,120729,10.1989
train_numeric,L2_S27_F3155,1063018,1183747,89.8011,train,numeric,2,27,L2_S27,120729,10.1989
train_numeric,L2_S27_F3162,1063018,1183747,89.8011,train,numeric,2,27,L2_S27,120729,10.1989
train_numeric,L2_S27_F3166,1063018,1183747,89.8011,train,numeric,2,27,L2_S27,120729,10.1989
train_numeric,L2_S27_F3170,1063018,1183747,89.8011,train,numeric,2,27,L2_S27,120729,10.1989
train_numeric,L2_S27_F3199,1063018,1183747,89.8011,train,numeric,2,27,L2_S27,120729,10.1989
train_numeric,L2_S27_F3206,1063018,1183747,89.8011,train,numeric,2,27,L2_S27,120729,10.1989
train_numeric,L2_S27_F3210,1063018,1183747,89.8011,train,numeric,2,27,L2_S27,120729,10.1989
train_numeric,L2_S27_F3214,1063018,1183747,89.8011,train,numeric,2,27,L2_S27,120729,10.1989
train_numeric,L2_S27_F3218,1063018,1183747,89.8011,train,numeric,2,27,L2_S27,120729,10.1989
train_numeric,L2_S28_F3222,1174164,1183747,99.1905,train,numeric,2,28,L2_S28,9583,0.8095
train_numeric,L2_S28_F3226,1174164,1183747,99.1905,train,numeric,2,28,L2_S28,9583,0.8095
train_numeric,L2_S28_F3233,1174164,1183747,99.1905,train,numeric,2,28,L2_S28,9583,0.8095
train_numeric,L2_S28_F3237,1174164,1183747,99.1905,train,numeric,2,28,L2_S28,9583,0.8095
train_numeric,L2_S28_F3241,1174164,1183747,99.1905,train,numeric,2,28,L2_S28,9583,0.8095
train_numeric,L2_S28_F3248,1174164,1183747,99.1905,train,numeric,2,28,L2_S28,9583,0.8095
train_numeric,L2_S28_F3255,1174164,1183747,99.1905,train,numeric,2,28,L2_S28,9583,0.8095
train_numeric,L2_S28_F3259,1174164,1183747,99.1905,train,numeric,2,28,L2_S28,9583,0.8095
train_numeric,L2_S28_F3263,1174164,1183747,99.1905,train,numeric,2,28,L2_S28,9583,0.8095
train_numeric,L2_S28_F3292,1174164,1183747,99.1905,train,numeric,2,28,L2_S28,9583,0.8095
train_numeric,L2_S28_F3299,1174164,1183747,99.1905,train,numeric,2,28,L2_S28,9583,0.8095
train_numeric,L2_S28_F3303,1174164,1183747,99.1905,train,numeric,2,28,L2_S28,9583,0.8095
train_numeric,L2_S28_F3307,1174164,1183747,99.1905,train,numeric,2,28,L2_S28,9583,0.8095
train_numeric,L2_S28_F3311,1174164,1183747,99.1905,train,numeric,2,28,L2_S28,9583,0.8095
train_numeric,L3_S29_F3315,64118,1183747,5.4165,train,numeric,3,29,L3_S29,1119629,94.5835
train_numeric,L3_S29_F3318,64118,1183747,5.4165,train,numeric,3,29,L3_S29,1119629,94.5835
train_numeric,L3_S29_F3321,64118,1183747,5.4165,train,numeric,3,29,L3_S29,1119629,94.5835
train_numeric,L3_S29_F3324,64118,1183747,5.4165,train,numeric,3,29,L3_S29,1119629,94.5835
train_numeric,L3_S29_F3327,64118,1183747,5.4165,train,numeric,3,29,L3_S29,1119629,94.5835
train_numeric,L3_S29_F3330,64118,1183747,5.4165,train,numeric,3,29,L3_S29,1119629,94.5835
train_numeric,L3_S29_F3333,64118,1183747,5.4165,train,numeric,3,29,L3_S29,1119629,94.5835
train_numeric,L3_S29_F3336,64118,1183747,5.4165,train,numeric,3,29,L3_S29,1119629,94.5835
train_numeric,L3_S29_F3339,64118,1183747,5.4165,train,numeric,3,29,L3_S29,1119629,94.5835
train_numeric,L3_S29_F3342,64118,1183747,5.4165,train,numeric,3,29,L3_S29,1119629,94.5835
train_numeric,L3_S29_F3345,64118,1183747,5.4165,train,numeric,3,29,L3_S29,1119629,94.5835
train_numeric,L3_S29_F3348,64118,1183747,5.4165,train,numeric,3,29,L3_S29,1119629,94.5835
train_numeric,L3_S29_F3351,64118,1183747,5.4165,train,numeric,3,29,L3_S29,1119629,94.5835
train_numeric,L3_S29_F3354,64118,1183747,5.4165,train,numeric,3,29,L3_S29,1119629,94.5835
train_numeric,L3_S29_F3357,64118,1183747,5.4165,train,numeric,3,29,L3_S29,1119629,94.5835
train_numeric,L3_S29_F3360,64118,1183747,5.4165,train,numeric,3,29,L3_S29,1119629,94.5835
train_numeric,L3_S29_F3367,64118,1183747,5.4165,train,numeric,3,29,L3_S29,1119629,94.5835
train_numeric,L3_S29_F3370,64118,1183747,5.4165,train,numeric,3,29,L3_S29,1119629,94.5835
train_numeric,L3_S29_F3373,64118,1183747,5.4165,train,numeric,3,29,L3_S29,1119629,94.5835
train_numeric,L3_S29_F3376,64118,1183747,5.4165,train,numeric,3,29,L3_S29,1119629,94.5835
train_numeric,L3_S29_F3379,64118,1183747,5.4165,train,numeric,3,29,L3_S29,1119629,94.5835
train_numeric,L3_S29_F3382,64118,1183747,5.4165,train,numeric,3,29,L3_S29,1119629,94.5835
train_numeric,L3_S29_F3385,64118,1183747,5.4165,train,numeric,3,29,L3_S29,1119629,94.5835
train_numeric,L3_S29_F3388,64118,1183747,5.4165,train,numeric,3,29,L3_S29,1119629,94.5835
train_numeric,L3_S29_F3395,64118,1183747,5.4165,train,numeric,3,29,L3_S29,1119629,94.5835
train_numeric,L3_S29_F3398,64118,1183747,5.4165,train,numeric,3,29,L3_S29,1119629,94.5835
train_numeric,L3_S29_F3401,64118,1183747,5.4165,train,numeric,3,29,L3_S29,1119629,94.5835
train_numeric,L3_S29_F3404,64118,1183747,5.4165,train,numeric,3,29,L3_S29,1119629,94.5835
train_numeric,L3_S29_F3407,64118,1183747,5.4165,train,numeric,3,29,L3_S29,1119629,94.5835
train_numeric,L3_S29_F3412,64118,1183747,5.4165,train,numeric,3,29,L3_S29,1119629,94.5835
train_numeric,L3_S29_F3421,64118,1183747,5.4165,train,numeric,3,29,L3_S29,1119629,94.5835
train_numeric,L3_S29_F3424,64118,1183747,5.4165,train,numeric,3,29,L3_S29,1119629,94.5835
train_numeric,L3_S29_F3427,64118,1183747,5.4165,train,numeric,3,29,L3_S29,1119629,94.5835
train_numeric,L3_S29_F3430,64118,1183747,5.4165,train,numeric,3,29,L3_S29,1119629,94.5835
train_numeric,L3_S29_F3433,64118,1183747,5.4165,train,numeric,3,29,L3_S29,1119629,94.5835
train_numeric,L3_S29_F3436,64118,1183747,5.4165,train,numeric,3,29,L3_S29,1119629,94.5835
train_numeric,L3_S29_F3439,64118,1183747,5.4165,train,numeric,3,29,L3_S29,1119629,94.5835
train_numeric,L3_S29_F3442,64118,1183747,5.4165,train,numeric,3,29,L3_S29,1119629,94.5835
train_numeric,L3_S29_F3449,64118,1183747,5.4165,train,numeric,3,29,L3_S29,1119629,94.5835
train_numeric,L3_S29_F3452,64118,1183747,5.4165,train,numeric,3,29,L3_S29,1119629,94.5835
train_numeric,L3_S29_F3455,64118,1183747,5.4165,train,numeric,3,29,L3_S29,1119629,94.5835
train_numeric,L3_S29_F3458,64118,1183747,5.4165,train,numeric,3,29,L3_S29,1119629,94.5835
train_numeric,L3_S29_F3461,64118,1183747,5.4165,train,numeric,3,29,L3_S29,1119629,94.5835
train_numeric,L3_S29_F3464,64118,1183747,5.4165,train,numeric,3,29,L3_S29,1119629,94.5835
train_numeric,L3_S29_F3467,64118,1183747,5.4165,train,numeric,3,29,L3_S29,1119629,94.5835
train_numeric,L3_S29_F3470,64118,1183747,5.4165,train,numeric,3,29,L3_S29,1119629,94.5835
train_numeric,L3_S29_F3473,114423,1183747,9.6662,train,numeric,3,29,L3_S29,1069324,90.3338
train_numeric,L3_S29_F3476,114423,1183747,9.6662,train,numeric,3,29,L3_S29,1069324,90.3338
train_numeric,L3_S29_F3479,114423,1183747,9.6662,train,numeric,3,29,L3_S29,1069324,90.3338
train_numeric,L3_S29_F3482,64118,1183747,5.4165,train,numeric,3,29,L3_S29,1119629,94.5835
train_numeric,L3_S29_F3485,64118,1183747,5.4165,train,numeric,3,29,L3_S29,1119629,94.5835
train_numeric,L3_S29_F3488,64118,1183747,5.4165,train,numeric,3,29,L3_S29,1119629,94.5835
train_numeric,L3_S29_F3491,64118,1183747,5.4165,train,numeric,3,29,L3_S29,1119629,94.5835
train_numeric,L3_S30_F3494,63942,1183747,5.4017,train,numeric,3,30,L3_S30,1119805,94.5983
train_numeric,L3_S30_F3499,63945,1183747,5.4019,train,numeric,3,30,L3_S30,1119802,94.5981
train_numeric,L3_S30_F3504,64178,1183747,5.4216,train,numeric,3,30,L3_S30,1119569,94.5784
train_numeric,L3_S30_F3509,64178,1183747,5.4216,train,numeric,3,30,L3_S30,1119569,94.5784
train_numeric,L3_S30_F3514,64178,1183747,5.4216,train,numeric,3,30,L3_S30,1119569,94.5784
train_numeric,L3_S30_F3519,64178,1183747,5.4216,train,numeric,3,30,L3_S30,1119569,94.5784
train_numeric,L3_S30_F3524,64178,1183747,5.4216,train,numeric,3,30,L3_S30,1119569,94.5784
train_numeric,L3_S30_F3529,64178,1183747,5.4216,train,numeric,3,30,L3_S30,1119569,94.5784
train_numeric,L3_S30_F3534,64178,1183747,5.4216,train,numeric,3,30,L3_S30,1119569,94.5784
train_numeric,L3_S30_F3539,64178,1183747,5.4216,train,numeric,3,30,L3_S30,1119569,94.5784
train_numeric,L3_S30_F3544,64178,1183747,5.4216,train,numeric,3,30,L3_S30,1119569,94.5784
train_numeric,L3_S30_F3549,64178,1183747,5.4216,train,numeric,3,30,L3_S30,1119569,94.5784
train_numeric,L3_S30_F3554,64178,1183747,5.4216,train,numeric,3,30,L3_S30,1119569,94.5784
train_numeric,L3_S30_F3559,64178,1183747,5.4216,train,numeric,3,30,L3_S30,1119569,94.5784
train_numeric,L3_S30_F3564,373491,1183747,31.5516,train,numeric,3,30,L3_S30,810256,68.4484
train_numeric,L3_S30_F3569,373491,1183747,31.5516,train,numeric,3,30,L3_S30,810256,68.4484
train_numeric,L3_S30_F3574,373491,1183747,31.5516,train,numeric,3,30,L3_S30,810256,68.4484
train_numeric,L3_S30_F3579,373491,1183747,31.5516,train,numeric,3,30,L3_S30,810256,68.4484
train_numeric,L3_S30_F3584,373491,1183747,31.5516,train,numeric,3,30,L3_S30,810256,68.4484
train_numeric,L3_S30_F3589,373491,1183747,31.5516,train,numeric,3,30,L3_S30,810256,68.4484
train_numeric,L3_S30_F3594,373491,1183747,31.5516,train,numeric,3,30,L3_S30,810256,68.4484
train_numeric,L3_S30_F3599,373491,1183747,31.5516,train,numeric,3,30,L3_S30,810256,68.4484
train_numeric,L3_S30_F3604,373491,1183747,31.5516,train,numeric,3,30,L3_S30,810256,68.4484
train_numeric,L3_S30_F3609,373491,1183747,31.5516,train,numeric,3,30,L3_S30,810256,68.4484
train_numeric,L3_S30_F3614,373491,1183747,31.5516,train,numeric,3,30,L3_S30,810256,68.4484
train_numeric,L3_S30_F3619,373491,1183747,31.5516,train,numeric,3,30,L3_S30,810256,68.4484
train_numeric,L3_S30_F3624,373491,1183747,31.5516,train,numeric,3,30,L3_S30,810256,68.4484
train_numeric,L3_S30_F3629,373491,1183747,31.5516,train,numeric,3,30,L3_S30,810256,68.4484
train_numeric,L3_S30_F3634,373491,1183747,31.5516,train,numeric,3,30,L3_S30,810256,68.4484
train_numeric,L3_S30_F3639,373491,1183747,31.5516,train,numeric,3,30,L3_S30,810256,68.4484
train_numeric,L3_S30_F3644,373491,1183747,31.5516,train,numeric,3,30,L3_S30,810256,68.4484
train_numeric,L3_S30_F3649,373491,1183747,31.5516,train,numeric,3,30,L3_S30,810256,68.4484
train_numeric,L3_S30_F3654,373491,1183747,31.5516,train,numeric,3,30,L3_S30,810256,68.4484
train_numeric,L3_S30_F3659,373491,1183747,31.5516,train,numeric,3,30,L3_S30,810256,68.4484
train_numeric,L3_S30_F3664,373491,1183747,31.5516,train,numeric,3,30,L3_S30,810256,68.4484
train_numeric,L3_S30_F3669,373491,1183747,31.5516,train,numeric,3,30,L3_S30,810256,68.4484
train_numeric,L3_S30_F3674,373491,1183747,31.5516,train,numeric,3,30,L3_S30,810256,68.4484
train_numeric,L3_S30_F3679,373491,1183747,31.5516,train,numeric,3,30,L3_S30,810256,68.4484
train_numeric,L3_S30_F3684,373491,1183747,31.5516,train,numeric,3,30,L3_S30,810256,68.4484
train_numeric,L3_S30_F3689,373491,1183747,31.5516,train,numeric,3,30,L3_S30,810256,68.4484
train_numeric,L3_S30_F3694,373491,1183747,31.5516,train,numeric,3,30,L3_S30,810256,68.4484
train_numeric,L3_S30_F3699,373491,1183747,31.5516,train,numeric,3,30,L3_S30,810256,68.4484
train_numeric,L3_S30_F3704,373491,1183747,31.5516,train,numeric,3,30,L3_S30,810256,68.4484
train_numeric,L3_S30_F3709,373491,1183747,31.5516,train,numeric,3,30,L3_S30,810256,68.4484
train_numeric,L3_S30_F3714,373491,1183747,31.5516,train,numeric,3,30,L3_S30,810256,68.4484
train_numeric,L3_S30_F3719,373491,1183747,31.5516,train,numeric,3,30,L3_S30,810256,68.4484
train_numeric,L3_S30_F3724,63936,1183747,5.4012,train,numeric,3,30,L3_S30,1119811,94.5988
train_numeric,L3_S30_F3729,63936,1183747,5.4012,train,numeric,3,30,L3_S30,1119811,94.5988
train_numeric,L3_S30_F3734,63936,1183747,5.4012,train,numeric,3,30,L3_S30,1119811,94.5988
train_numeric,L3_S30_F3739,63936,1183747,5.4012,train,numeric,3,30,L3_S30,1119811,94.5988
train_numeric,L3_S30_F3744,64178,1183747,5.4216,train,numeric,3,30,L3_S30,1119569,94.5784
train_numeric,L3_S30_F3749,64178,1183747,5.4216,train,numeric,3,30,L3_S30,1119569,94.5784
train_numeric,L3_S30_F3754,64178,1183747,5.4216,train,numeric,3,30,L3_S30,1119569,94.5784
train_numeric,L3_S30_F3759,64178,1183747,5.4216,train,numeric,3,30,L3_S30,1119569,94.5784
train_numeric,L3_S30_F3764,63936,1183747,5.4012,train,numeric,3,30,L3_S30,1119811,94.5988
train_numeric,L3_S30_F3769,63936,1183747,5.4012,train,numeric,3,30,L3_S30,1119811,94.5988
train_numeric,L3_S30_F3774,63936,1183747,5.4012,train,numeric,3,30,L3_S30,1119811,94.5988
train_numeric,L3_S30_F3779,63936,1183747,5.4012,train,numeric,3,30,L3_S30,1119811,94.5988
train_numeric,L3_S30_F3784,63936,1183747,5.4012,train,numeric,3,30,L3_S30,1119811,94.5988
train_numeric,L3_S30_F3789,63936,1183747,5.4012,train,numeric,3,30,L3_S30,1119811,94.5988
train_numeric,L3_S30_F3794,63936,1183747,5.4012,train,numeric,3,30,L3_S30,1119811,94.5988
train_numeric,L3_S30_F3799,63936,1183747,5.4012,train,numeric,3,30,L3_S30,1119811,94.5988
train_numeric,L3_S30_F3804,63936,1183747,5.4012,train,numeric,3,30,L3_S30,1119811,94.5988
train_numeric,L3_S30_F3809,63936,1183747,5.4012,train,numeric,3,30,L3_S30,1119811,94.5988
train_numeric,L3_S30_F3814,63936,1183747,5.4012,train,numeric,3,30,L3_S30,1119811,94.5988
train_numeric,L3_S30_F3819,63936,1183747,5.4012,train,numeric,3,30,L3_S30,1119811,94.5988
train_numeric,L3_S30_F3824,63936,1183747,5.4012,train,numeric,3,30,L3_S30,1119811,94.5988
train_numeric,L3_S30_F3829,63936,1183747,5.4012,train,numeric,3,30,L3_S30,1119811,94.5988
train_numeric,L3_S31_F3834,1144744,1183747,96.7051,train,numeric,3,31,L3_S31,39003,3.2949
train_numeric,L3_S31_F3838,1144744,1183747,96.7051,train,numeric,3,31,L3_S31,39003,3.2949
train_numeric,L3_S31_F3842,1144744,1183747,96.7051,train,numeric,3,31,L3_S31,39003,3.2949
train_numeric,L3_S31_F3846,1144744,1183747,96.7051,train,numeric,3,31,L3_S31,39003,3.2949
train_numeric,L3_S32_F3850,1159204,1183747,97.9267,train,numeric,3,32,L3_S32,24543,2.0733
train_numeric,L3_S33_F3855,69052,1183747,5.8333,train,numeric,3,33,L3_S33,1114695,94.1667
train_numeric,L3_S33_F3857,69052,1183747,5.8333,train,numeric,3,33,L3_S33,1114695,94.1667
train_numeric,L3_S33_F3859,69052,1183747,5.8333,train,numeric,3,33,L3_S33,1114695,94.1667
train_numeric,L3_S33_F3861,69052,1183747,5.8333,train,numeric,3,33,L3_S33,1114695,94.1667
train_numeric,L3_S33_F3863,69052,1183747,5.8333,train,numeric,3,33,L3_S33,1114695,94.1667
train_numeric,L3_S33_F3865,69052,1183747,5.8333,train,numeric,3,33,L3_S33,1114695,94.1667
train_numeric,L3_S33_F3867,69052,1183747,5.8333,train,numeric,3,33,L3_S33,1114695,94.1667
train_numeric,L3_S33_F3869,69052,1183747,5.8333,train,numeric,3,33,L3_S33,1114695,94.1667
train_numeric,L3_S33_F3871,69052,1183747,5.8333,train,numeric,3,33,L3_S33,1114695,94.1667
train_numeric,L3_S33_F3873,69052,1183747,5.8333,train,numeric,3,33,L3_S33,1114695,94.1667
train_numeric,L3_S34_F3876,68629,1183747,5.7976,train,numeric,3,34,L3_S34,1115118,94.2024
train_numeric,L3_S34_F3878,68629,1183747,5.7976,train,numeric,3,34,L3_S34,1115118,94.2024
train_numeric,L3_S34_F3880,68629,1183747,5.7976,train,numeric,3,34,L3_S34,1115118,94.2024
train_numeric,L3_S34_F3882,68629,1183747,5.7976,train,numeric,3,34,L3_S34,1115118,94.2024
train_numeric,L3_S35_F3884,631690,1183747,53.3636,train,numeric,3,35,L3_S35,552057,46.6364
train_numeric,L3_S35_F3889,631690,1183747,53.3636,train,numeric,3,35,L3_S35,552057,46.6364
train_numeric,L3_S35_F3894,631700,1183747,53.3644,train,numeric,3,35,L3_S35,552047,46.6356
train_numeric,L3_S35_F3896,631700,1183747,53.3644,train,numeric,3,35,L3_S35,552047,46.6356
train_numeric,L3_S35_F3898,631639,1183747,53.3593,train,numeric,3,35,L3_S35,552108,46.6407
train_numeric,L3_S35_F3903,631639,1183747,53.3593,train,numeric,3,35,L3_S35,552108,46.6407
train_numeric,L3_S35_F3908,631639,1183747,53.3593,train,numeric,3,35,L3_S35,552108,46.6407
train_numeric,L3_S35_F3913,631639,1183747,53.3593,train,numeric,3,35,L3_S35,552108,46.6407
train_numeric,L3_S36_F3918,614716,1183747,51.9297,train,numeric,3,36,L3_S36,569031,48.0703
train_numeric,L3_S36_F3920,614716,1183747,51.9297,train,numeric,3,36,L3_S36,569031,48.0703
train_numeric,L3_S36_F3922,614716,1183747,51.9297,train,numeric,3,36,L3_S36,569031,48.0703
train_numeric,L3_S36_F3924,614716,1183747,51.9297,train,numeric,3,36,L3_S36,569031,48.0703
train_numeric,L3_S36_F3926,614715,1183747,51.9296,train,numeric,3,36,L3_S36,569032,48.0704
train_numeric,L3_S36_F3930,614715,1183747,51.9296,train,numeric,3,36,L3_S36,569032,48.0704
train_numeric,L3_S36_F3934,614715,1183747,51.9296,train,numeric,3,36,L3_S36,569032,48.0704
train_numeric,L3_S36_F3938,614715,1183747,51.9296,train,numeric,3,36,L3_S36,569032,48.0704
train_numeric,L3_S37_F3944,63353,1183747,5.3519,train,numeric,3,37,L3_S37,1120394,94.6481
train_numeric,L3_S37_F3946,63353,1183747,5.3519,train,numeric,3,37,L3_S37,1120394,94.6481
train_numeric,L3_S37_F3948,63353,1183747,5.3519,train,numeric,3,37,L3_S37,1120394,94.6481
train_numeric,L3_S37_F3950,63353,1183747,5.3519,train,numeric,3,37,L3_S37,1120394,94.6481
train_numeric,L3_S38_F3952,1156605,1183747,97.7071,train,numeric,3,38,L3_S38,27142,2.2929
train_numeric,L3_S38_F3956,1156605,1183747,97.7071,train,numeric,3,38,L3_S38,27142,2.2929
train_numeric,L3_S38_F3960,1156605,1183747,97.7071,train,numeric,3,38,L3_S38,27142,2.2929
train_numeric,L3_S39_F3964,1123839,1183747,94.9391,train,numeric,3,39,L3_S39,59908,5.0609
train_numeric,L3_S39_F3968,1123839,1183747,94.9391,train,numeric,3,39,L3_S39,59908,5.0609
train_numeric,L3_S39_F3972,1123839,1183747,94.9391,train,numeric,3,39,L3_S39,59908,5.0609
train_numeric,L3_S39_F3976,1123839,1183747,94.9391,train,numeric,3,39,L3_S39,59908,5.0609
train_numeric,L3_S40_F3980,1123851,1183747,94.9401,train,numeric,3,40,L3_S40,59896,5.0599
train_numeric,L3_S40_F3982,1123851,1183747,94.9401,train,numeric,3,40,L3_S40,59896,5.0599
train_numeric,L3_S40_F3984,1123833,1183747,94.9386,train,numeric,3,40,L3_S40,59914,5.0614
train_numeric,L3_S40_F3986,1123833,1183747,94.9386,train,numeric,3,40,L3_S40,59914,5.0614
train_numeric,L3_S40_F3988,1123833,1183747,94.9386,train,numeric,3,40,L3_S40,59914,5.0614
train_numeric,L3_S40_F3990,1123833,1183747,94.9386,train,numeric,3,40,L3_S40,59914,5.0614
train_numeric,L3_S40_F3992,1123833,1183747,94.9386,train,numeric,3,40,L3_S40,59914,5.0614
train_numeric,L3_S40_F3994,1123833,1183747,94.9386,train,numeric,3,40,L3_S40,59914,5.0614
train_numeric,L3_S41_F3996,1123834,1183747,94.9387,train,numeric,3,41,L3_S41,59913,5.0613
train_numeric,L3_S41_F3998,1123834,1183747,94.9387,train,numeric,3,41,L3_S41,59913,5.0613
train_numeric,L3_S41_F4000,1123834,1183747,94.9387,train,numeric,3,41,L3_S41,59913,5.0613
train_numeric,L3_S41_F4002,1123834,1183747,94.9387,train,numeric,3,41,L3_S41,59913,5.0613
train_numeric,L3_S41_F4004,1123834,1183747,94.9387,train,numeric,3,41,L3_S41,59913,5.0613
train_numeric,L3_S41_F4006,1123834,1183747,94.9387,train,numeric,3,41,L3_S41,59913,5.0613
train_numeric,L3_S41_F4008,1123834,1183747,94.9387,train,numeric,3,41,L3_S41,59913,5.0613
train_numeric,L3_S41_F4011,1123834,1183747,94.9387,train,numeric,3,41,L3_S41,59913,5.0613
train_numeric,L3_S41_F4014,1123834,1183747,94.9387,train,numeric,3,41,L3_S41,59913,5.0613
train_numeric,L3_S41_F4016,1123834,1183747,94.9387,train,numeric,3,41,L3_S41,59913,5.0613
train_numeric,L3_S41_F4018,1123834,1183747,94.9387,train,numeric,3,41,L3_S41,59913,5.0613
train_numeric,L3_S41_F4020,1123834,1183747,94.9387,train,numeric,3,41,L3_S41,59913,5.0613
train_numeric,L3_S41_F4023,1123834,1183747,94.9387,train,numeric,3,41,L3_S41,59913,5.0613
train_numeric,L3_S41_F4026,1123834,1183747,94.9387,train,numeric,3,41,L3_S41,59913,5.0613
train_numeric,L3_S43_F4060,1153196,1183747,97.4191,train,numeric,3,43,L3_S43,30551,2.5809
train_numeric,L3_S43_F4065,1153196,1183747,97.4191,train,numeric,3,43,L3_S43,30551,2.5809
train_numeric,L3_S43_F4070,1153196,1183747,97.4191,train,numeric,3,43,L3_S43,30551,2.5809
train_numeric,L3_S43_F4075,1153196,1183747,97.4191,train,numeric,3,43,L3_S43,30551,2.5809
train_numeric,L3_S43_F4080,1153202,1183747,97.4196,train,numeric,3,43,L3_S43,30545,2.5804
train_numeric,L3_S43_F4085,1153202,1183747,97.4196,train,numeric,3,43,L3_S43,30545,2.5804
train_numeric,L3_S43_F4090,1153202,1183747,97.4196,train,numeric,3,43,L3_S43,30545,2.5804
train_numeric,L3_S43_F4095,1153202,1183747,97.4196,train,numeric,3,43,L3_S43,30545,2.5804
train_numeric,L3_S44_F4100,1153943,1183747,97.4822,train,numeric,3,44,L3_S44,29804,2.5178
train_numeric,L3_S44_F4103,1153943,1183747,97.4822,train,numeric,3,44,L3_S44,29804,2.5178
train_numeric,L3_S44_F4106,1153943,1183747,97.4822,train,numeric,3,44,L3_S44,29804,2.5178
train_numeric,L3_S44_F4109,1153943,1183747,97.4822,train,numeric,3,44,L3_S44,29804,2.5178
train_numeric,L3_S44_F4112,1153943,1183747,97.4822,train,numeric,3,44,L3_S44,29804,2.5178
train_numeric,L3_S44_F4115,1153943,1183747,97.4822,train,numeric,3,44,L3_S44,29804,2.5178
train_numeric,L3_S44_F4118,1153943,1183747,97.4822,train,numeric,3,44,L3_S44,29804,2.5178
train_numeric,L3_S44_F4121,1153943,1183747,97.4822,train,numeric,3,44,L3_S44,29804,2.5178
train_numeric,L3_S45_F4124,1123815,1183747,94.9371,train,numeric,3,45,L3_S45,59932,5.0629
train_numeric,L3_S45_F4126,1123815,1183747,94.9371,train,numeric,3,45,L3_S45,59932,5.0629
train_numeric,L3_S45_F4128,1123815,1183747,94.9371,train,numeric,3,45,L3_S45,59932,5.0629
train_numeric,L3_S45_F4130,1123815,1183747,94.9371,train,numeric,3,45,L3_S45,59932,5.0629
train_numeric,L3_S45_F4132,1123815,1183747,94.9371,train,numeric,3,45,L3_S45,59932,5.0629
train_numeric,L3_S47_F4138,1123792,1183747,94.9352,train,numeric,3,47,L3_S47,59955,5.0648
train_numeric,L3_S47_F4143,1123792,1183747,94.9352,train,numeric,3,47,L3_S47,59955,5.0648
train_numeric,L3_S47_F4148,1123792,1183747,94.9352,train,numeric,3,47,L3_S47,59955,5.0648
train_numeric,L3_S47_F4153,1123792,1183747,94.9352,train,numeric,3,47,L3_S47,59955,5.0648
train_numeric,L3_S47_F4158,1123792,1183747,94.9352,train,numeric,3,47,L3_S47,59955,5.0648
train_numeric,L3_S47_F4163,1123792,1183747,94.9352,train,numeric,3,47,L3_S47,59955,5.0648
train_numeric,L3_S47_F4168,1123792,1183747,94.9352,train,numeric,3,47,L3_S47,59955,5.0648
train_numeric,L3_S47_F4173,1123792,1183747,94.9352,train,numeric,3,47,L3_S47,59955,5.0648
train_numeric,L3_S47_F4178,1123792,1183747,94.9352,train,numeric,3,47,L3_S47,59955,5.0648
train_numeric,L3_S47_F4183,1123792,1183747,94.9352,train,numeric,3,47,L3_S47,59955,5.0648
train_numeric,L3_S47_F4188,1123792,1183747,94.9352,train,numeric,3,47,L3_S47,59955,5.0648
train_numeric,L3_S48_F4193,1123824,1183747,94.9379,train,numeric,3,48,L3_S48,59923,5.0621
train_numeric,L3_S48_F4196,1123824,1183747,94.9379,train,numeric,3,48,L3_S48,59923,5.0621
train_numeric,L3_S48_F4198,1123824,1183747,94.9379,train,numeric,3,48,L3_S48,59923,5.0621
train_numeric,L3_S48_F4200,1123824,1183747,94.9379,train,numeric,3,48,L3_S48,59923,5.0621
train_numeric,L3_S48_F4202,1123824,1183747,94.9379,train,numeric,3,48,L3_S48,59923,5.0621
train_numeric,L3_S48_F4204,1123824,1183747,94.9379,train,numeric,3,48,L3_S48,59923,5.0621
train_numeric,L3_S49_F4206,1154084,1183747,97.4941,train,numeric,3,49,L3_S49,29663,2.5059
train_numeric,L3_S49_F4211,1154084,1183747,97.4941,train,numeric,3,49,L3_S49,29663,2.5059
train_numeric,L3_S49_F4216,1154074,1183747,97.4933,train,numeric,3,49,L3_S49,29673,2.5067
train_numeric,L3_S49_F4221,1154074,1183747,97.4933,train,numeric,3,49,L3_S49,29673,2.5067
train_numeric,L3_S49_F4226,1154074,1183747,97.4933,train,numeric,3,49,L3_S49,29673,2.5067
train_numeric,L3_S49_F4231,1154074,1183747,97.4933,train,numeric,3,49,L3_S49,29673,2.5067
train_numeric,L3_S49_F4236,1154074,1183747,97.4933,train,numeric,3,49,L3_S49,29673,2.5067
train_numeric,L3_S50_F4241,1153388,1183747,97.4353,train,numeric,3,50,L3_S50,30359,2.5647
train_numeric,L3_S50_F4243,1153388,1183747,97.4353,train,numeric,3,50,L3_S50,30359,2.5647
train_numeric,L3_S50_F4245,1153388,1183747,97.4353,train,numeric,3,50,L3_S50,30359,2.5647
train_numeric,L3_S50_F4247,1153388,1183747,97.4353,train,numeric,3,50,L3_S50,30359,2.5647
train_numeric,L3_S50_F4249,1153388,1183747,97.4353,train,numeric,3,50,L3_S50,30359,2.5647
train_numeric,L3_S50_F4251,1153388,1183747,97.4353,train,numeric,3,50,L3_S50,30359,2.5647
train_numeric,L3_S50_F4253,1153388,1183747,97.4353,train,numeric,3,50,L3_S50,30359,2.5647
train_numeric,L3_S51_F4256,1123894,1183747,94.9438,train,numeric,3,51,L3_S51,59853,5.0562
train_numeric,L3_S51_F4258,1123894,1183747,94.9438,train,numeric,3,51,L3_S51,59853,5.0562
train_numeric,L3_S51_F4260,1123894,1183747,94.9438,train,numeric,3,51,L3_S51,59853,5.0562
train_numeric,L3_S51_F4262,1123894,1183747,94.9438,train,numeric,3,51,L3_S51,59853,5.0562
train_categorical,L0_S1_F25,1183722,1183747,99.9979,train,categorical,0,1,L0_S1,25,0.0021
train_categorical,L0_S1_F27,1183722,1183747,99.9979,train,categorical,0,1,L0_S1,25,0.0021
train_categorical,L0_S1_F29,1183720,1183747,99.9977,train,categorical,0,1,L0_S1,27,0.0023
train_categorical,L0_S1_F31,1183720,1183747,99.9977,train,categorical,0,1,L0_S1,27,0.0023
train_categorical,L0_S2_F33,1183484,1183747,99.9778,train,categorical,0,2,L0_S2,263,0.0222
train_categorical,L0_S2_F35,1183484,1183747,99.9778,train,categorical,0,2,L0_S2,263,0.0222
train_categorical,L0_S2_F37,1183484,1183747,99.9778,train,categorical,0,2,L0_S2,263,0.0222
train_categorical,L0_S2_F39,1183484,1183747,99.9778,train,categorical,0,2,L0_S2,263,0.0222
train_categorical,L0_S2_F41,1183484,1183747,99.9778,train,categorical,0,2,L0_S2,263,0.0222
train_categorical,L0_S2_F43,1183484,1183747,99.9778,train,categorical,0,2,L0_S2,263,0.0222
train_categorical,L0_S2_F45,1183484,1183747,99.9778,train,categorical,0,2,L0_S2,263,0.0222
train_categorical,L0_S2_F47,1183484,1183747,99.9778,train,categorical,0,2,L0_S2,263,0.0222
train_categorical,L0_S2_F49,1183484,1183747,99.9778,train,categorical,0,2,L0_S2,263,0.0222
train_categorical,L0_S2_F51,1183484,1183747,99.9778,train,categorical,0,2,L0_S2,263,0.0222
train_categorical,L0_S2_F53,1183484,1183747,99.9778,train,categorical,0,2,L0_S2,263,0.0222
train_categorical,L0_S2_F55,1183484,1183747,99.9778,train,categorical,0,2,L0_S2,263,0.0222
train_categorical,L0_S2_F57,1183484,1183747,99.9778,train,categorical,0,2,L0_S2,263,0.0222
train_categorical,L0_S2_F59,1183484,1183747,99.9778,train,categorical,0,2,L0_S2,263,0.0222
train_categorical,L0_S2_F61,1183484,1183747,99.9778,train,categorical,0,2,L0_S2,263,0.0222
train_categorical,L0_S2_F63,1183484,1183747,99.9778,train,categorical,0,2,L0_S2,263,0.0222
train_categorical,L0_S2_F65,1183484,1183747,99.9778,train,categorical,0,2,L0_S2,263,0.0222
train_categorical,L0_S2_F67,1183484,1183747,99.9778,train,categorical,0,2,L0_S2,263,0.0222
train_categorical,L0_S3_F69,1183747,1183747,100.0,train,categorical,0,3,L0_S3,0,0.0
train_categorical,L0_S3_F71,1183747,1183747,100.0,train,categorical,0,3,L0_S3,0,0.0
train_categorical,L0_S3_F73,1183747,1183747,100.0,train,categorical,0,3,L0_S3,0,0.0
train_categorical,L0_S3_F75,1183747,1183747,100.0,train,categorical,0,3,L0_S3,0,0.0
train_categorical,L0_S3_F77,1183747,1183747,100.0,train,categorical,0,3,L0_S3,0,0.0
train_categorical,L0_S3_F79,1183747,1183747,100.0,train,categorical,0,3,L0_S3,0,0.0
train_categorical,L0_S3_F81,1183747,1183747,100.0,train,categorical,0,3,L0_S3,0,0.0
train_categorical,L0_S3_F83,1183747,1183747,100.0,train,categorical,0,3,L0_S3,0,0.0
train_categorical,L0_S3_F85,1183747,1183747,100.0,train,categorical,0,3,L0_S3,0,0.0
train_categorical,L0_S3_F87,1183747,1183747,100.0,train,categorical,0,3,L0_S3,0,0.0
train_categorical,L0_S3_F89,1183747,1183747,100.0,train,categorical,0,3,L0_S3,0,0.0
train_categorical,L0_S3_F91,1183747,1183747,100.0,train,categorical,0,3,L0_S3,0,0.0
train_categorical,L0_S3_F93,1183747,1183747,100.0,train,categorical,0,3,L0_S3,0,0.0
train_categorical,L0_S3_F95,1183747,1183747,100.0,train,categorical,0,3,L0_S3,0,0.0
train_categorical,L0_S3_F97,1183747,1183747,100.0,train,categorical,0,3,L0_S3,0,0.0
train_categorical,L0_S3_F99,1183747,1183747,100.0,train,categorical,0,3,L0_S3,0,0.0
train_categorical,L0_S3_F101,1183747,1183747,100.0,train,categorical,0,3,L0_S3,0,0.0
train_categorical,L0_S3_F103,1183747,1183747,100.0,train,categorical,0,3,L0_S3,0,0.0
train_categorical,L0_S4_F105,1183624,1183747,99.9896,train,categorical,0,4,L0_S4,123,0.0104
train_categorical,L0_S4_F107,1183674,1183747,99.9938,train,categorical,0,4,L0_S4,73,0.0062
train_categorical,L0_S4_F108,1183624,1183747,99.9896,train,categorical,0,4,L0_S4,123,0.0104
train_categorical,L0_S4_F110,1183676,1183747,99.994,train,categorical,0,4,L0_S4,71,0.006
train_categorical,L0_S4_F112,1183719,1183747,99.9976,train,categorical,0,4,L0_S4,28,0.0024
train_categorical,L0_S4_F113,1183676,1183747,99.994,train,categorical,0,4,L0_S4,71,0.006
train_categorical,L0_S6_F119,1183740,1183747,99.9994,train,categorical,0,6,L0_S6,7,0.0006
train_categorical,L0_S6_F121,1183740,1183747,99.9994,train,categorical,0,6,L0_S6,7,0.0006
train_categorical,L0_S6_F123,1183740,1183747,99.9994,train,categorical,0,6,L0_S6,7,0.0006
train_categorical,L0_S6_F125,1183740,1183747,99.9994,train,categorical,0,6,L0_S6,7,0.0006
train_categorical,L0_S6_F126,1183740,1183747,99.9994,train,categorical,0,6,L0_S6,7,0.0006
train_categorical,L0_S6_F128,1183740,1183747,99.9994,train,categorical,0,6,L0_S6,7,0.0006
train_categorical,L0_S6_F129,1183740,1183747,99.9994,train,categorical,0,6,L0_S6,7,0.0006
train_categorical,L0_S6_F131,1183740,1183747,99.9994,train,categorical,0,6,L0_S6,7,0.0006
train_categorical,L0_S6_F133,1183740,1183747,99.9994,train,categorical,0,6,L0_S6,7,0.0006
train_categorical,L0_S6_F135,1183740,1183747,99.9994,train,categorical,0,6,L0_S6,7,0.0006
train_categorical,L0_S9_F151,1183252,1183747,99.9582,train,categorical,0,9,L0_S9,495,0.0418
train_categorical,L0_S9_F153,1183664,1183747,99.993,train,categorical,0,9,L0_S9,83,0.007
train_categorical,L0_S9_F154,1183251,1183747,99.9581,train,categorical,0,9,L0_S9,496,0.0419
train_categorical,L0_S9_F156,1183271,1183747,99.9598,train,categorical,0,9,L0_S9,476,0.0402
train_categorical,L0_S9_F158,1183667,1183747,99.9932,train,categorical,0,9,L0_S9,80,0.0068
train_categorical,L0_S9_F159,1183271,1183747,99.9598,train,categorical,0,9,L0_S9,476,0.0402
train_categorical,L0_S9_F161,1183252,1183747,99.9582,train,categorical,0,9,L0_S9,495,0.0418
train_categorical,L0_S9_F163,1183664,1183747,99.993,train,categorical,0,9,L0_S9,83,0.007
train_categorical,L0_S9_F164,1183252,1183747,99.9582,train,categorical,0,9,L0_S9,495,0.0418
train_categorical,L0_S9_F166,1183259,1183747,99.9588,train,categorical,0,9,L0_S9,488,0.0412
train_categorical,L0_S9_F168,1183667,1183747,99.9932,train,categorical,0,9,L0_S9,80,0.0068
train_categorical,L0_S9_F169,1183259,1183747,99.9588,train,categorical,0,9,L0_S9,488,0.0412
train_categorical,L0_S9_F171,1183252,1183747,99.9582,train,categorical,0,9,L0_S9,495,0.0418
train_categorical,L0_S9_F173,1183664,1183747,99.993,train,categorical,0,9,L0_S9,83,0.007
train_categorical,L0_S9_F174,1183252,1183747,99.9582,train,categorical,0,9,L0_S9,495,0.0418
train_categorical,L0_S9_F176,1183271,1183747,99.9598,train,categorical,0,9,L0_S9,476,0.0402
train_categorical,L0_S9_F178,1183667,1183747,99.9932,train,categorical,0,9,L0_S9,80,0.0068
train_categorical,L0_S9_F179,1183271,1183747,99.9598,train,categorical,0,9,L0_S9,476,0.0402
train_categorical,L0_S9_F181,1183271,1183747,99.9598,train,categorical,0,9,L0_S9,476,0.0402
train_categorical,L0_S9_F183,1183667,1183747,99.9932,train,categorical,0,9,L0_S9,80,0.0068
train_categorical,L0_S9_F184,1183271,1183747,99.9598,train,categorical,0,9,L0_S9,476,0.0402
train_categorical,L0_S9_F186,1183271,1183747,99.9598,train,categorical,0,9,L0_S9,476,0.0402
train_categorical,L0_S9_F188,1183667,1183747,99.9932,train,categorical,0,9,L0_S9,80,0.0068
train_categorical,L0_S9_F189,1183271,1183747,99.9598,train,categorical,0,9,L0_S9,476,0.0402
train_categorical,L0_S9_F191,1183271,1183747,99.9598,train,categorical,0,9,L0_S9,476,0.0402
train_categorical,L0_S9_F193,1183667,1183747,99.9932,train,categorical,0,9,L0_S9,80,0.0068
train_categorical,L0_S9_F194,1183271,1183747,99.9598,train,categorical,0,9,L0_S9,476,0.0402
train_categorical,L0_S9_F196,1183271,1183747,99.9598,train,categorical,0,9,L0_S9,476,0.0402
train_categorical,L0_S9_F198,1183667,1183747,99.9932,train,categorical,0,9,L0_S9,80,0.0068
train_categorical,L0_S9_F199,1183271,1183747,99.9598,train,categorical,0,9,L0_S9,476,0.0402
train_categorical,L0_S9_F201,1183271,1183747,99.9598,train,categorical,0,9,L0_S9,476,0.0402
train_categorical,L0_S9_F203,1183667,1183747,99.9932,train,categorical,0,9,L0_S9,80,0.0068
train_categorical,L0_S9_F204,1183271,1183747,99.9598,train,categorical,0,9,L0_S9,476,0.0402
train_categorical,L0_S9_F206,1183271,1183747,99.9598,train,categorical,0,9,L0_S9,476,0.0402
train_categorical,L0_S9_F208,1183667,1183747,99.9932,train,categorical,0,9,L0_S9,80,0.0068
train_categorical,L0_S9_F209,1183271,1183747,99.9598,train,categorical,0,9,L0_S9,476,0.0402
train_categorical,L0_S9_F211,1183271,1183747,99.9598,train,categorical,0,9,L0_S9,476,0.0402
train_categorical,L0_S9_F213,1183667,1183747,99.9932,train,categorical,0,9,L0_S9,80,0.0068
train_categorical,L0_S9_F214,1183271,1183747,99.9598,train,categorical,0,9,L0_S9,476,0.0402
train_categorical,L0_S10_F215,1183244,1183747,99.9575,train,categorical,0,10,L0_S10,503,0.0425
train_categorical,L0_S10_F217,1183445,1183747,99.9745,train,categorical,0,10,L0_S10,302,0.0255
train_categorical,L0_S10_F218,1183244,1183747,99.9575,train,categorical,0,10,L0_S10,503,0.0425
train_categorical,L0_S10_F220,1183261,1183747,99.9589,train,categorical,0,10,L0_S10,486,0.0411
train_categorical,L0_S10_F222,1183453,1183747,99.9752,train,categorical,0,10,L0_S10,294,0.0248
train_categorical,L0_S10_F223,1183261,1183747,99.9589,train,categorical,0,10,L0_S10,486,0.0411
train_categorical,L0_S10_F225,1183244,1183747,99.9575,train,categorical,0,10,L0_S10,503,0.0425
train_categorical,L0_S10_F227,1183445,1183747,99.9745,train,categorical,0,10,L0_S10,302,0.0255
train_categorical,L0_S10_F228,1183244,1183747,99.9575,train,categorical,0,10,L0_S10,503,0.0425
train_categorical,L0_S10_F230,1183257,1183747,99.9586,train,categorical,0,10,L0_S10,490,0.0414
train_categorical,L0_S10_F232,1183453,1183747,99.9752,train,categorical,0,10,L0_S10,294,0.0248
train_categorical,L0_S10_F233,1183257,1183747,99.9586,train,categorical,0,10,L0_S10,490,0.0414
train_categorical,L0_S10_F235,1183244,1183747,99.9575,train,categorical,0,10,L0_S10,503,0.0425
train_categorical,L0_S10_F237,1183445,1183747,99.9745,train,categorical,0,10,L0_S10,302,0.0255
train_categorical,L0_S10_F238,1183244,1183747,99.9575,train,categorical,0,10,L0_S10,503,0.0425
train_categorical,L0_S10_F240,1183261,1183747,99.9589,train,categorical,0,10,L0_S10,486,0.0411
train_categorical,L0_S10_F242,1183453,1183747,99.9752,train,categorical,0,10,L0_S10,294,0.0248
train_categorical,L0_S10_F243,1183261,1183747,99.9589,train,categorical,0,10,L0_S10,486,0.0411
train_categorical,L0_S10_F245,1183261,1183747,99.9589,train,categorical,0,10,L0_S10,486,0.0411
train_categorical,L0_S10_F247,1183453,1183747,99.9752,train,categorical,0,10,L0_S10,294,0.0248
train_categorical,L0_S10_F248,1183261,1183747,99.9589,train,categorical,0,10,L0_S10,486,0.0411
train_categorical,L0_S10_F250,1183261,1183747,99.9589,train,categorical,0,10,L0_S10,486,0.0411
train_categorical,L0_S10_F252,1183453,1183747,99.9752,train,categorical,0,10,L0_S10,294,0.0248
train_categorical,L0_S10_F253,1183261,1183747,99.9589,train,categorical,0,10,L0_S10,486,0.0411
train_categorical,L0_S10_F255,1183261,1183747,99.9589,train,categorical,0,10,L0_S10,486,0.0411
train_categorical,L0_S10_F257,1183453,1183747,99.9752,train,categorical,0,10,L0_S10,294,0.0248
train_categorical,L0_S10_F258,1183261,1183747,99.9589,train,categorical,0,10,L0_S10,486,0.0411
train_categorical,L0_S10_F260,1183261,1183747,99.9589,train,categorical,0,10,L0_S10,486,0.0411
train_categorical,L0_S10_F262,1183453,1183747,99.9752,train,categorical,0,10,L0_S10,294,0.0248
train_categorical,L0_S10_F263,1183261,1183747,99.9589,train,categorical,0,10,L0_S10,486,0.0411
train_categorical,L0_S10_F265,1183261,1183747,99.9589,train,categorical,0,10,L0_S10,486,0.0411
train_categorical,L0_S10_F267,1183453,1183747,99.9752,train,categorical,0,10,L0_S10,294,0.0248
train_categorical,L0_S10_F268,1183261,1183747,99.9589,train,categorical,0,10,L0_S10,486,0.0411
train_categorical,L0_S10_F270,1183261,1183747,99.9589,train,categorical,0,10,L0_S10,486,0.0411
train_categorical,L0_S10_F272,1183453,1183747,99.9752,train,categorical,0,10,L0_S10,294,0.0248
train_categorical,L0_S10_F273,1183261,1183747,99.9589,train,categorical,0,10,L0_S10,486,0.0411
train_categorical,L0_S10_F275,1183261,1183747,99.9589,train,categorical,0,10,L0_S10,486,0.0411
train_categorical,L0_S10_F277,1183453,1183747,99.9752,train,categorical,0,10,L0_S10,294,0.0248
train_categorical,L0_S10_F278,1183261,1183747,99.9589,train,categorical,0,10,L0_S10,486,0.0411
train_categorical,L0_S11_F279,1183741,1183747,99.9995,train,categorical,0,11,L0_S11,6,0.0005
train_categorical,L0_S11_F281,1183741,1183747,99.9995,train,categorical,0,11,L0_S11,6,0.0005
train_categorical,L0_S11_F283,1183741,1183747,99.9995,train,categorical,0,11,L0_S11,6,0.0005
train_categorical,L0_S11_F285,1183741,1183747,99.9995,train,categorical,0,11,L0_S11,6,0.0005
train_categorical,L0_S11_F287,1183741,1183747,99.9995,train,categorical,0,11,L0_S11,6,0.0005
train_categorical,L0_S11_F289,1183741,1183747,99.9995,train,categorical,0,11,L0_S11,6,0.0005
train_categorical,L0_S11_F291,1183741,1183747,99.9995,train,categorical,0,11,L0_S11,6,0.0005
train_categorical,L0_S11_F293,1183741,1183747,99.9995,train,categorical,0,11,L0_S11,6,0.0005
train_categorical,L0_S11_F295,1183741,1183747,99.9995,train,categorical,0,11,L0_S11,6,0.0005
train_categorical,L0_S11_F297,1183741,1183747,99.9995,train,categorical,0,11,L0_S11,6,0.0005
train_categorical,L0_S11_F299,1183741,1183747,99.9995,train,categorical,0,11,L0_S11,6,0.0005
train_categorical,L0_S11_F301,1183741,1183747,99.9995,train,categorical,0,11,L0_S11,6,0.0005
train_categorical,L0_S11_F303,1183741,1183747,99.9995,train,categorical,0,11,L0_S11,6,0.0005
train_categorical,L0_S11_F305,1183741,1183747,99.9995,train,categorical,0,11,L0_S11,6,0.0005
train_categorical,L0_S11_F307,1183741,1183747,99.9995,train,categorical,0,11,L0_S11,6,0.0005
train_categorical,L0_S11_F309,1183741,1183747,99.9995,train,categorical,0,11,L0_S11,6,0.0005
train_categorical,L0_S11_F311,1183741,1183747,99.9995,train,categorical,0,11,L0_S11,6,0.0005
train_categorical,L0_S11_F313,1183741,1183747,99.9995,train,categorical,0,11,L0_S11,6,0.0005
train_categorical,L0_S11_F315,1183741,1183747,99.9995,train,categorical,0,11,L0_S11,6,0.0005
train_categorical,L0_S11_F317,1183741,1183747,99.9995,train,categorical,0,11,L0_S11,6,0.0005
train_categorical,L0_S11_F319,1183741,1183747,99.9995,train,categorical,0,11,L0_S11,6,0.0005
train_categorical,L0_S11_F321,1183741,1183747,99.9995,train,categorical,0,11,L0_S11,6,0.0005
train_categorical,L0_S11_F323,1183741,1183747,99.9995,train,categorical,0,11,L0_S11,6,0.0005
train_categorical,L0_S11_F325,1183741,1183747,99.9995,train,categorical,0,11,L0_S11,6,0.0005
train_categorical,L0_S11_F327,1183741,1183747,99.9995,train,categorical,0,11,L0_S11,6,0.0005
train_categorical,L0_S11_F329,1183741,1183747,99.9995,train,categorical,0,11,L0_S11,6,0.0005
train_categorical,L0_S14_F359,1183679,1183747,99.9943,train,categorical,0,14,L0_S14,68,0.0057
train_categorical,L0_S14_F361,1183679,1183747,99.9943,train,categorical,0,14,L0_S14,68,0.0057
train_categorical,L0_S14_F363,1183679,1183747,99.9943,train,categorical,0,14,L0_S14,68,0.0057
train_categorical,L0_S14_F365,1183679,1183747,99.9943,train,categorical,0,14,L0_S14,68,0.0057
train_categorical,L0_S14_F367,1183679,1183747,99.9943,train,categorical,0,14,L0_S14,68,0.0057
train_categorical,L0_S14_F369,1183679,1183747,99.9943,train,categorical,0,14,L0_S14,68,0.0057
train_categorical,L0_S14_F371,1183679,1183747,99.9943,train,categorical,0,14,L0_S14,68,0.0057
train_categorical,L0_S14_F373,1183679,1183747,99.9943,train,categorical,0,14,L0_S14,68,0.0057
train_categorical,L0_S14_F375,1183679,1183747,99.9943,train,categorical,0,14,L0_S14,68,0.0057
train_categorical,L0_S14_F377,1183679,1183747,99.9943,train,categorical,0,14,L0_S14,68,0.0057
train_categorical,L0_S14_F379,1183679,1183747,99.9943,train,categorical,0,14,L0_S14,68,0.0057
train_categorical,L0_S14_F381,1183679,1183747,99.9943,train,categorical,0,14,L0_S14,68,0.0057
train_categorical,L0_S14_F383,1183679,1183747,99.9943,train,categorical,0,14,L0_S14,68,0.0057
train_categorical,L0_S14_F385,1183679,1183747,99.9943,train,categorical,0,14,L0_S14,68,0.0057
train_categorical,L0_S14_F387,1183679,1183747,99.9943,train,categorical,0,14,L0_S14,68,0.0057
train_categorical,L0_S14_F389,1183679,1183747,99.9943,train,categorical,0,14,L0_S14,68,0.0057
train_categorical,L0_S14_F391,1183679,1183747,99.9943,train,categorical,0,14,L0_S14,68,0.0057
train_categorical,L0_S14_F393,1183679,1183747,99.9943,train,categorical,0,14,L0_S14,68,0.0057
train_categorical,L0_S15_F396,1183746,1183747,99.9999,train,categorical,0,15,L0_S15,1,0.0001
train_categorical,L0_S15_F399,1183746,1183747,99.9999,train,categorical,0,15,L0_S15,1,0.0001
train_categorical,L0_S15_F402,1183746,1183747,99.9999,train,categorical,0,15,L0_S15,1,0.0001
train_categorical,L0_S15_F405,1183746,1183747,99.9999,train,categorical,0,15,L0_S15,1,0.0001
train_categorical,L0_S15_F408,1183746,1183747,99.9999,train,categorical,0,15,L0_S15,1,0.0001
train_categorical,L0_S15_F411,1183746,1183747,99.9999,train,categorical,0,15,L0_S15,1,0.0001
train_categorical,L0_S15_F414,1183746,1183747,99.9999,train,categorical,0,15,L0_S15,1,0.0001
train_categorical,L0_S15_F417,1183746,1183747,99.9999,train,categorical,0,15,L0_S15,1,0.0001
train_categorical,L0_S15_F420,1183746,1183747,99.9999,train,categorical,0,15,L0_S15,1,0.0001
train_categorical,L0_S16_F422,1183670,1183747,99.9935,train,categorical,0,16,L0_S16,77,0.0065
train_categorical,L0_S16_F424,1183714,1183747,99.9972,train,categorical,0,16,L0_S16,33,0.0028
train_categorical,L0_S16_F425,1183670,1183747,99.9935,train,categorical,0,16,L0_S16,77,0.0065
train_categorical,L0_S16_F427,1183670,1183747,99.9935,train,categorical,0,16,L0_S16,77,0.0065
train_categorical,L0_S16_F429,1183714,1183747,99.9972,train,categorical,0,16,L0_S16,33,0.0028
train_categorical,L0_S16_F430,1183670,1183747,99.9935,train,categorical,0,16,L0_S16,77,0.0065
train_categorical,L0_S18_F436,1183747,1183747,100.0,train,categorical,0,18,L0_S18,0,0.0
train_categorical,L0_S18_F438,1183747,1183747,100.0,train,categorical,0,18,L0_S18,0,0.0
train_categorical,L0_S18_F440,1183747,1183747,100.0,train,categorical,0,18,L0_S18,0,0.0
train_categorical,L0_S18_F442,1183747,1183747,100.0,train,categorical,0,18,L0_S18,0,0.0
train_categorical,L0_S18_F443,1183747,1183747,100.0,train,categorical,0,18,L0_S18,0,0.0
train_categorical,L0_S18_F445,1183747,1183747,100.0,train,categorical,0,18,L0_S18,0,0.0
train_categorical,L0_S18_F446,1183747,1183747,100.0,train,categorical,0,18,L0_S18,0,0.0
train_categorical,L0_S18_F448,1183747,1183747,100.0,train,categorical,0,18,L0_S18,0,0.0
train_categorical,L0_S18_F450,1183747,1183747,100.0,train,categorical,0,18,L0_S18,0,0.0
train_categorical,L0_S18_F452,1183747,1183747,100.0,train,categorical,0,18,L0_S18,0,0.0
train_categorical,L0_S21_F468,1183640,1183747,99.991,train,categorical,0,21,L0_S21,107,0.009
train_categorical,L0_S21_F470,1183727,1183747,99.9983,train,categorical,0,21,L0_S21,20,0.0017
train_categorical,L0_S21_F471,1183640,1183747,99.991,train,categorical,0,21,L0_S21,107,0.009
train_categorical,L0_S21_F473,1183681,1183747,99.9944,train,categorical,0,21,L0_S21,66,0.0056
train_categorical,L0_S21_F475,1183730,1183747,99.9986,train,categorical,0,21,L0_S21,17,0.0014
train_categorical,L0_S21_F476,1183681,1183747,99.9944,train,categorical,0,21,L0_S21,66,0.0056
train_categorical,L0_S21_F478,1183640,1183747,99.991,train,categorical,0,21,L0_S21,107,0.009
train_categorical,L0_S21_F480,1183727,1183747,99.9983,train,categorical,0,21,L0_S21,20,0.0017
train_categorical,L0_S21_F481,1183640,1183747,99.991,train,categorical,0,21,L0_S21,107,0.009
train_categorical,L0_S21_F483,1183676,1183747,99.994,train,categorical,0,21,L0_S21,71,0.006
train_categorical,L0_S21_F485,1183730,1183747,99.9986,train,categorical,0,21,L0_S21,17,0.0014
train_categorical,L0_S21_F486,1183676,1183747,99.994,train,categorical,0,21,L0_S21,71,0.006
train_categorical,L0_S21_F488,1183640,1183747,99.991,train,categorical,0,21,L0_S21,107,0.009
train_categorical,L0_S21_F490,1183727,1183747,99.9983,train,categorical,0,21,L0_S21,20,0.0017
train_categorical,L0_S21_F491,1183640,1183747,99.991,train,categorical,0,21,L0_S21,107,0.009
train_categorical,L0_S21_F493,1183681,1183747,99.9944,train,categorical,0,21,L0_S21,66,0.0056
train_categorical,L0_S21_F495,1183730,1183747,99.9986,train,categorical,0,21,L0_S21,17,0.0014
train_categorical,L0_S21_F496,1183681,1183747,99.9944,train,categorical,0,21,L0_S21,66,0.0056
train_categorical,L0_S21_F498,1183681,1183747,99.9944,train,categorical,0,21,L0_S21,66,0.0056
train_categorical,L0_S21_F500,1183730,1183747,99.9986,train,categorical,0,21,L0_S21,17,0.0014
train_categorical,L0_S21_F501,1183681,1183747,99.9944,train,categorical,0,21,L0_S21,66,0.0056
train_categorical,L0_S21_F503,1183681,1183747,99.9944,train,categorical,0,21,L0_S21,66,0.0056
train_categorical,L0_S21_F505,1183730,1183747,99.9986,train,categorical,0,21,L0_S21,17,0.0014
train_categorical,L0_S21_F506,1183681,1183747,99.9944,train,categorical,0,21,L0_S21,66,0.0056
train_categorical,L0_S21_F508,1183681,1183747,99.9944,train,categorical,0,21,L0_S21,66,0.0056
train_categorical,L0_S21_F510,1183730,1183747,99.9986,train,categorical,0,21,L0_S21,17,0.0014
train_categorical,L0_S21_F511,1183681,1183747,99.9944,train,categorical,0,21,L0_S21,66,0.0056
train_categorical,L0_S21_F513,1183681,1183747,99.9944,train,categorical,0,21,L0_S21,66,0.0056
train_categorical,L0_S21_F515,1183730,1183747,99.9986,train,categorical,0,21,L0_S21,17,0.0014
train_categorical,L0_S21_F516,1183681,1183747,99.9944,train,categorical,0,21,L0_S21,66,0.0056
train_categorical,L0_S21_F518,1183681,1183747,99.9944,train,categorical,0,21,L0_S21,66,0.0056
train_categorical,L0_S21_F520,1183730,1183747,99.9986,train,categorical,0,21,L0_S21,17,0.0014
train_categorical,L0_S21_F521,1183681,1183747,99.9944,train,categorical,0,21,L0_S21,66,0.0056
train_categorical,L0_S21_F523,1183681,1183747,99.9944,train,categorical,0,21,L0_S21,66,0.0056
train_categorical,L0_S21_F525,1183730,1183747,99.9986,train,categorical,0,21,L0_S21,17,0.0014
train_categorical,L0_S21_F526,1183681,1183747,99.9944,train,categorical,0,21,L0_S21,66,0.0056
train_categorical,L0_S21_F528,1183681,1183747,99.9944,train,categorical,0,21,L0_S21,66,0.0056
train_categorical,L0_S21_F530,1183730,1183747,99.9986,train,categorical,0,21,L0_S21,17,0.0014
train_categorical,L0_S21_F531,1183681,1183747,99.9944,train,categorical,0,21,L0_S21,66,0.0056
train_categorical,L0_S21_F533,1183681,1183747,99.9944,train,categorical,0,21,L0_S21,66,0.0056
train_categorical,L0_S21_F535,1183730,1183747,99.9986,train,categorical,0,21,L0_S21,17,0.0014
train_categorical,L0_S21_F536,1183681,1183747,99.9944,train,categorical,0,21,L0_S21,66,0.0056
train_categorical,L0_S21_F538,1183681,1183747,99.9944,train,categorical,0,21,L0_S21,66,0.0056
train_categorical,L0_S21_F540,1183730,1183747,99.9986,train,categorical,0,21,L0_S21,17,0.0014
train_categorical,L0_S21_F541,1183681,1183747,99.9944,train,categorical,0,21,L0_S21,66,0.0056
train_categorical,L0_S22_F542,1183669,1183747,99.9934,train,categorical,0,22,L0_S22,78,0.0066
train_categorical,L0_S22_F544,1183718,1183747,99.9976,train,categorical,0,22,L0_S22,29,0.0024
train_categorical,L0_S22_F545,1183667,1183747,99.9932,train,categorical,0,22,L0_S22,80,0.0068
train_categorical,L0_S22_F547,1183677,1183747,99.9941,train,categorical,0,22,L0_S22,70,0.0059
train_categorical,L0_S22_F549,1183719,1183747,99.9976,train,categorical,0,22,L0_S22,28,0.0024
train_categorical,L0_S22_F550,1183677,1183747,99.9941,train,categorical,0,22,L0_S22,70,0.0059
train_categorical,L0_S22_F552,1183669,1183747,99.9934,train,categorical,0,22,L0_S22,78,0.0066
train_categorical,L0_S22_F554,1183718,1183747,99.9976,train,categorical,0,22,L0_S22,29,0.0024
train_categorical,L0_S22_F555,1183669,1183747,99.9934,train,categorical,0,22,L0_S22,78,0.0066
train_categorical,L0_S22_F557,1183673,1183747,99.9937,train,categorical,0,22,L0_S22,74,0.0063
train_categorical,L0_S22_F559,1183719,1183747,99.9976,train,categorical,0,22,L0_S22,28,0.0024
train_categorical,L0_S22_F560,1183673,1183747,99.9937,train,categorical,0,22,L0_S22,74,0.0063
train_categorical,L0_S22_F562,1183669,1183747,99.9934,train,categorical,0,22,L0_S22,78,0.0066
train_categorical,L0_S22_F564,1183718,1183747,99.9976,train,categorical,0,22,L0_S22,29,0.0024
train_categorical,L0_S22_F565,1183669,1183747,99.9934,train,categorical,0,22,L0_S22,78,0.0066
train_categorical,L0_S22_F567,1183677,1183747,99.9941,train,categorical,0,22,L0_S22,70,0.0059
train_categorical,L0_S22_F569,1183719,1183747,99.9976,train,categorical,0,22,L0_S22,28,0.0024
train_categorical,L0_S22_F570,1183677,1183747,99.9941,train,categorical,0,22,L0_S22,70,0.0059
train_categorical,L0_S22_F572,1183677,1183747,99.9941,train,categorical,0,22,L0_S22,70,0.0059
train_categorical,L0_S22_F574,1183719,1183747,99.9976,train,categorical,0,22,L0_S22,28,0.0024
train_categorical,L0_S22_F575,1183677,1183747,99.9941,train,categorical,0,22,L0_S22,70,0.0059
train_categorical,L0_S22_F577,1183677,1183747,99.9941,train,categorical,0,22,L0_S22,70,0.0059
train_categorical,L0_S22_F579,1183719,1183747,99.9976,train,categorical,0,22,L0_S22,28,0.0024
train_categorical,L0_S22_F580,1183677,1183747,99.9941,train,categorical,0,22,L0_S22,70,0.0059
train_categorical,L0_S22_F582,1183677,1183747,99.9941,train,categorical,0,22,L0_S22,70,0.0059
train_categorical,L0_S22_F584,1183719,1183747,99.9976,train,categorical,0,22,L0_S22,28,0.0024
train_categorical,L0_S22_F585,1183677,1183747,99.9941,train,categorical,0,22,L0_S22,70,0.0059
train_categorical,L0_S22_F587,1183677,1183747,99.9941,train,categorical,0,22,L0_S22,70,0.0059
train_categorical,L0_S22_F589,1183719,1183747,99.9976,train,categorical,0,22,L0_S22,28,0.0024
train_categorical,L0_S22_F590,1183677,1183747,99.9941,train,categorical,0,22,L0_S22,70,0.0059
train_categorical,L0_S22_F592,1183677,1183747,99.9941,train,categorical,0,22,L0_S22,70,0.0059
train_categorical,L0_S22_F594,1183719,1183747,99.9976,train,categorical,0,22,L0_S22,28,0.0024
train_categorical,L0_S22_F595,1183677,1183747,99.9941,train,categorical,0,22,L0_S22,70,0.0059
train_categorical,L0_S22_F597,1183677,1183747,99.9941,train,categorical,0,22,L0_S22,70,0.0059
train_categorical,L0_S22_F599,1183719,1183747,99.9976,train,categorical,0,22,L0_S22,28,0.0024
train_categorical,L0_S22_F600,1183677,1183747,99.9941,train,categorical,0,22,L0_S22,70,0.0059
train_categorical,L0_S22_F602,1183677,1183747,99.9941,train,categorical,0,22,L0_S22,70,0.0059
train_categorical,L0_S22_F604,1183719,1183747,99.9976,train,categorical,0,22,L0_S22,28,0.0024
train_categorical,L0_S22_F605,1183677,1183747,99.9941,train,categorical,0,22,L0_S22,70,0.0059
train_categorical,L0_S22_F607,1183677,1183747,99.9941,train,categorical,0,22,L0_S22,70,0.0059
train_categorical,L0_S22_F609,1183719,1183747,99.9976,train,categorical,0,22,L0_S22,28,0.0024
train_categorical,L0_S22_F610,1183677,1183747,99.9941,train,categorical,0,22,L0_S22,70,0.0059
train_categorical,L0_S22_F612,1183677,1183747,99.9941,train,categorical,0,22,L0_S22,70,0.0059
train_categorical,L0_S22_F614,1183719,1183747,99.9976,train,categorical,0,22,L0_S22,28,0.0024
train_categorical,L0_S22_F615,1183677,1183747,99.9941,train,categorical,0,22,L0_S22,70,0.0059
train_categorical,L0_S23_F616,1183747,1183747,100.0,train,categorical,0,23,L0_S23,0,0.0
train_categorical,L0_S23_F618,1183747,1183747,100.0,train,categorical,0,23,L0_S23,0,0.0
train_categorical,L0_S23_F620,1183747,1183747,100.0,train,categorical,0,23,L0_S23,0,0.0
train_categorical,L0_S23_F622,1183747,1183747,100.0,train,categorical,0,23,L0_S23,0,0.0
train_categorical,L0_S23_F624,1183747,1183747,100.0,train,categorical,0,23,L0_S23,0,0.0
train_categorical,L0_S23_F626,1183747,1183747,100.0,train,categorical,0,23,L0_S23,0,0.0
train_categorical,L0_S23_F628,1183747,1183747,100.0,train,categorical,0,23,L0_S23,0,0.0
train_categorical,L0_S23_F630,1183747,1183747,100.0,train,categorical,0,23,L0_S23,0,0.0
train_categorical,L0_S23_F632,1183747,1183747,100.0,train,categorical,0,23,L0_S23,0,0.0
train_categorical,L0_S23_F634,1183747,1183747,100.0,train,categorical,0,23,L0_S23,0,0.0
train_categorical,L0_S23_F636,1183747,1183747,100.0,train,categorical,0,23,L0_S23,0,0.0
train_categorical,L0_S23_F638,1183747,1183747,100.0,train,categorical,0,23,L0_S23,0,0.0
train_categorical,L0_S23_F640,1183747,1183747,100.0,train,categorical,0,23,L0_S23,0,0.0
train_categorical,L0_S23_F642,1183747,1183747,100.0,train,categorical,0,23,L0_S23,0,0.0
train_categorical,L0_S23_F644,1183747,1183747,100.0,train,categorical,0,23,L0_S23,0,0.0
train_categorical,L0_S23_F646,1183747,1183747,100.0,train,categorical,0,23,L0_S23,0,0.0
train_categorical,L0_S23_F648,1183747,1183747,100.0,train,categorical,0,23,L0_S23,0,0.0
train_categorical,L0_S23_F650,1183747,1183747,100.0,train,categorical,0,23,L0_S23,0,0.0
train_categorical,L0_S23_F652,1183747,1183747,100.0,train,categorical,0,23,L0_S23,0,0.0
train_categorical,L0_S23_F654,1183747,1183747,100.0,train,categorical,0,23,L0_S23,0,0.0
train_categorical,L0_S23_F656,1183747,1183747,100.0,train,categorical,0,23,L0_S23,0,0.0
train_categorical,L0_S23_F658,1183747,1183747,100.0,train,categorical,0,23,L0_S23,0,0.0
train_categorical,L0_S23_F660,1183747,1183747,100.0,train,categorical,0,23,L0_S23,0,0.0
train_categorical,L0_S23_F662,1183747,1183747,100.0,train,categorical,0,23,L0_S23,0,0.0
train_categorical,L0_S23_F664,1183747,1183747,100.0,train,categorical,0,23,L0_S23,0,0.0
train_categorical,L0_S23_F666,1183747,1183747,100.0,train,categorical,0,23,L0_S23,0,0.0
train_categorical,L0_S23_F668,1183747,1183747,100.0,train,categorical,0,23,L0_S23,0,0.0
train_categorical,L0_S23_F670,1183747,1183747,100.0,train,categorical,0,23,L0_S23,0,0.0
train_categorical,L0_S23_F672,1183747,1183747,100.0,train,categorical,0,23,L0_S23,0,0.0
train_categorical,L0_S23_F674,1183747,1183747,100.0,train,categorical,0,23,L0_S23,0,0.0
train_categorical,L1_S24_F675,1159885,1183747,97.9842,train,categorical,1,24,L1_S24,23862,2.0158
train_categorical,L1_S24_F676,1183747,1183747,100.0,train,categorical,1,24,L1_S24,0,0.0
train_categorical,L1_S24_F678,1183747,1183747,100.0,train,categorical,1,24,L1_S24,0,0.0
train_categorical,L1_S24_F680,1183747,1183747,100.0,train,categorical,1,24,L1_S24,0,0.0
train_categorical,L1_S24_F682,1183747,1183747,100.0,train,categorical,1,24,L1_S24,0,0.0
train_categorical,L1_S24_F684,1183747,1183747,100.0,train,categorical,1,24,L1_S24,0,0.0
train_categorical,L1_S24_F686,1183747,1183747,100.0,train,categorical,1,24,L1_S24,0,0.0
train_categorical,L1_S24_F688,1183747,1183747,100.0,train,categorical,1,24,L1_S24,0,0.0
train_categorical,L1_S24_F690,1183747,1183747,100.0,train,categorical,1,24,L1_S24,0,0.0
train_categorical,L1_S24_F692,1183747,1183747,100.0,train,categorical,1,24,L1_S24,0,0.0
train_categorical,L1_S24_F694,1183747,1183747,100.0,train,categorical,1,24,L1_S24,0,0.0
train_categorical,L1_S24_F695,1176355,1183747,99.3755,train,categorical,1,24,L1_S24,7392,0.6245
train_categorical,L1_S24_F696,1183730,1183747,99.9986,train,categorical,1,24,L1_S24,17,0.0014
train_categorical,L1_S24_F698,1160110,1183747,98.0032,train,categorical,1,24,L1_S24,23637,1.9968
train_categorical,L1_S24_F699,1183730,1183747,99.9986,train,categorical,1,24,L1_S24,17,0.0014
train_categorical,L1_S24_F701,1183730,1183747,99.9986,train,categorical,1,24,L1_S24,17,0.0014
train_categorical,L1_S24_F703,1159921,1183747,97.9872,train,categorical,1,24,L1_S24,23826,2.0128
train_categorical,L1_S24_F704,1183730,1183747,99.9986,train,categorical,1,24,L1_S24,17,0.0014
train_categorical,L1_S24_F705,1159921,1183747,97.9872,train,categorical,1,24,L1_S24,23826,2.0128
train_categorical,L1_S24_F706,1183730,1183747,99.9986,train,categorical,1,24,L1_S24,17,0.0014
train_categorical,L1_S24_F708,1159921,1183747,97.9872,train,categorical,1,24,L1_S24,23826,2.0128
train_categorical,L1_S24_F709,1183730,1183747,99.9986,train,categorical,1,24,L1_S24,17,0.0014
train_categorical,L1_S24_F710,1159921,1183747,97.9872,train,categorical,1,24,L1_S24,23826,2.0128
train_categorical,L1_S24_F711,1183730,1183747,99.9986,train,categorical,1,24,L1_S24,17,0.0014
train_categorical,L1_S24_F713,1159921,1183747,97.9872,train,categorical,1,24,L1_S24,23826,2.0128
train_categorical,L1_S24_F714,1183730,1183747,99.9986,train,categorical,1,24,L1_S24,17,0.0014
train_categorical,L1_S24_F715,1183730,1183747,99.9986,train,categorical,1,24,L1_S24,17,0.0014
train_categorical,L1_S24_F717,1160110,1183747,98.0032,train,categorical,1,24,L1_S24,23637,1.9968
train_categorical,L1_S24_F718,1183730,1183747,99.9986,train,categorical,1,24,L1_S24,17,0.0014
train_categorical,L1_S24_F720,1183730,1183747,99.9986,train,categorical,1,24,L1_S24,17,0.0014
train_categorical,L1_S24_F722,1160110,1183747,98.0032,train,categorical,1,24,L1_S24,23637,1.9968
train_categorical,L1_S24_F723,1183730,1183747,99.9986,train,categorical,1,24,L1_S24,17,0.0014
train_categorical,L1_S24_F724,1183730,1183747,99.9986,train,categorical,1,24,L1_S24,17,0.0014
train_categorical,L1_S24_F726,1159921,1183747,97.9872,train,categorical,1,24,L1_S24,23826,2.0128
train_categorical,L1_S24_F727,1183730,1183747,99.9986,train,categorical,1,24,L1_S24,17,0.0014
train_categorical,L1_S24_F729,1183730,1183747,99.9986,train,categorical,1,24,L1_S24,17,0.0014
train_categorical,L1_S24_F731,1159921,1183747,97.9872,train,categorical,1,24,L1_S24,23826,2.0128
train_categorical,L1_S24_F732,1183730,1183747,99.9986,train,categorical,1,24,L1_S24,17,0.0014
train_categorical,L1_S24_F734,1183730,1183747,99.9986,train,categorical,1,24,L1_S24,17,0.0014
train_categorical,L1_S24_F736,1159921,1183747,97.9872,train,categorical,1,24,L1_S24,23826,2.0128
train_categorical,L1_S24_F737,1183730,1183747,99.9986,train,categorical,1,24,L1_S24,17,0.0014
train_categorical,L1_S24_F738,1183730,1183747,99.9986,train,categorical,1,24,L1_S24,17,0.0014
train_categorical,L1_S24_F740,1159921,1183747,97.9872,train,categorical,1,24,L1_S24,23826,2.0128
train_categorical,L1_S24_F741,1183730,1183747,99.9986,train,categorical,1,24,L1_S24,17,0.0014
train_categorical,L1_S24_F742,1183730,1183747,99.9986,train,categorical,1,24,L1_S24,17,0.0014
train_categorical,L1_S24_F744,1159921,1183747,97.9872,train,categorical,1,24,L1_S24,23826,2.0128
train_categorical,L1_S24_F745,1183730,1183747,99.9986,train,categorical,1,24,L1_S24,17,0.0014
train_categorical,L1_S24_F747,1183730,1183747,99.9986,train,categorical,1,24,L1_S24,17,0.0014
train_categorical,L1_S24_F749,1160110,1183747,98.0032,train,categorical,1,24,L1_S24,23637,1.9968
train_categorical,L1_S24_F750,1183730,1183747,99.9986,train,categorical,1,24,L1_S24,17,0.0014
train_categorical,L1_S24_F752,1183730,1183747,99.9986,train,categorical,1,24,L1_S24,17,0.0014
train_categorical,L1_S24_F754,1160110,1183747,98.0032,train,categorical,1,24,L1_S24,23637,1.9968
train_categorical,L1_S24_F755,1183730,1183747,99.9986,train,categorical,1,24,L1_S24,17,0.0014
train_categorical,L1_S24_F757,1183730,1183747,99.9986,train,categorical,1,24,L1_S24,17,0.0014
train_categorical,L1_S24_F759,1160110,1183747,98.0032,train,categorical,1,24,L1_S24,23637,1.9968
train_categorical,L1_S24_F760,1183730,1183747,99.9986,train,categorical,1,24,L1_S24,17,0.0014
train_categorical,L1_S24_F762,1183730,1183747,99.9986,train,categorical,1,24,L1_S24,17,0.0014
train_categorical,L1_S24_F764,1160110,1183747,98.0032,train,categorical,1,24,L1_S24,23637,1.9968
train_categorical,L1_S24_F765,1183730,1183747,99.9986,train,categorical,1,24,L1_S24,17,0.0014
train_categorical,L1_S24_F767,1183730,1183747,99.9986,train,categorical,1,24,L1_S24,17,0.0014
train_categorical,L1_S24_F769,1160110,1183747,98.0032,train,categorical,1,24,L1_S24,23637,1.9968
train_categorical,L1_S24_F770,1183730,1183747,99.9986,train,categorical,1,24,L1_S24,17,0.0014
train_categorical,L1_S24_F771,1183730,1183747,99.9986,train,categorical,1,24,L1_S24,17,0.0014
train_categorical,L1_S24_F773,1160201,1183747,98.0109,train,categorical,1,24,L1_S24,23546,1.9891
train_categorical,L1_S24_F774,1183730,1183747,99.9986,train,categorical,1,24,L1_S24,17,0.0014
train_categorical,L1_S24_F776,1183730,1183747,99.9986,train,categorical,1,24,L1_S24,17,0.0014
train_categorical,L1_S24_F778,1160110,1183747,98.0032,train,categorical,1,24,L1_S24,23637,1.9968
train_categorical,L1_S24_F779,1183730,1183747,99.9986,train,categorical,1,24,L1_S24,17,0.0014
train_categorical,L1_S24_F781,1183730,1183747,99.9986,train,categorical,1,24,L1_S24,17,0.0014
train_categorical,L1_S24_F783,1160110,1183747,98.0032,train,categorical,1,24,L1_S24,23637,1.9968
train_categorical,L1_S24_F784,1183730,1183747,99.9986,train,categorical,1,24,L1_S24,17,0.0014
train_categorical,L1_S24_F786,1183730,1183747,99.9986,train,categorical,1,24,L1_S24,17,0.0014
train_categorical,L1_S24_F788,1160110,1183747,98.0032,train,categorical,1,24,L1_S24,23637,1.9968
train_categorical,L1_S24_F789,1183730,1183747,99.9986,train,categorical,1,24,L1_S24,17,0.0014
train_categorical,L1_S24_F791,1183730,1183747,99.9986,train,categorical,1,24,L1_S24,17,0.0014
train_categorical,L1_S24_F793,1160110,1183747,98.0032,train,categorical,1,24,L1_S24,23637,1.9968
train_categorical,L1_S24_F794,1183730,1183747,99.9986,train,categorical,1,24,L1_S24,17,0.0014
train_categorical,L1_S24_F796,1183730,1183747,99.9986,train,categorical,1,24,L1_S24,17,0.0014
train_categorical,L1_S24_F798,1160110,1183747,98.0032,train,categorical,1,24,L1_S24,23637,1.9968
train_categorical,L1_S24_F799,1183730,1183747,99.9986,train,categorical,1,24,L1_S24,17,0.0014
train_categorical,L1_S24_F803,1183745,1183747,99.9998,train,categorical,1,24,L1_S24,2,0.0002
train_categorical,L1_S24_F805,1183745,1183747,99.9998,train,categorical,1,24,L1_S24,2,0.0002
train_categorical,L1_S24_F817,1183735,1183747,99.999,train,categorical,1,24,L1_S24,12,0.001
train_categorical,L1_S24_F819,1171721,1183747,98.9841,train,categorical,1,24,L1_S24,12026,1.0159
train_categorical,L1_S24_F820,1183735,1183747,99.999,train,categorical,1,24,L1_S24,12,0.001
train_categorical,L1_S24_F821,1183735,1183747,99.999,train,categorical,1,24,L1_S24,12,0.001
train_categorical,L1_S24_F823,1171721,1183747,98.9841,train,categorical,1,24,L1_S24,12026,1.0159
train_categorical,L1_S24_F824,1183735,1183747,99.999,train,categorical,1,24,L1_S24,12,0.001
train_categorical,L1_S24_F825,1183735,1183747,99.999,train,categorical,1,24,L1_S24,12,0.001
train_categorical,L1_S24_F827,1171721,1183747,98.9841,train,categorical,1,24,L1_S24,12026,1.0159
train_categorical,L1_S24_F828,1183735,1183747,99.999,train,categorical,1,24,L1_S24,12,0.001
train_categorical,L1_S24_F830,1183735,1183747,99.999,train,categorical,1,24,L1_S24,12,0.001
train_categorical,L1_S24_F832,1171721,1183747,98.9841,train,categorical,1,24,L1_S24,12026,1.0159
train_categorical,L1_S24_F833,1183735,1183747,99.999,train,categorical,1,24,L1_S24,12,0.001
train_categorical,L1_S24_F835,1183735,1183747,99.999,train,categorical,1,24,L1_S24,12,0.001
train_categorical,L1_S24_F837,1171721,1183747,98.9841,train,categorical,1,24,L1_S24,12026,1.0159
train_categorical,L1_S24_F838,1183735,1183747,99.999,train,categorical,1,24,L1_S24,12,0.001
train_categorical,L1_S24_F840,1183735,1183747,99.999,train,categorical,1,24,L1_S24,12,0.001
train_categorical,L1_S24_F842,1171721,1183747,98.9841,train,categorical,1,24,L1_S24,12026,1.0159
train_categorical,L1_S24_F843,1183735,1183747,99.999,train,categorical,1,24,L1_S24,12,0.001
train_categorical,L1_S24_F845,1183735,1183747,99.999,train,categorical,1,24,L1_S24,12,0.001
train_categorical,L1_S24_F847,1171721,1183747,98.9841,train,categorical,1,24,L1_S24,12026,1.0159
train_categorical,L1_S24_F848,1183735,1183747,99.999,train,categorical,1,24,L1_S24,12,0.001
train_categorical,L1_S24_F849,1183735,1183747,99.999,train,categorical,1,24,L1_S24,12,0.001
train_categorical,L1_S24_F851,1171721,1183747,98.9841,train,categorical,1,24,L1_S24,12026,1.0159
train_categorical,L1_S24_F852,1183735,1183747,99.999,train,categorical,1,24,L1_S24,12,0.001
train_categorical,L1_S24_F853,1183735,1183747,99.999,train,categorical,1,24,L1_S24,12,0.001
train_categorical,L1_S24_F855,1171721,1183747,98.9841,train,categorical,1,24,L1_S24,12026,1.0159
train_categorical,L1_S24_F856,1183735,1183747,99.999,train,categorical,1,24,L1_S24,12,0.001
train_categorical,L1_S24_F858,1183735,1183747,99.999,train,categorical,1,24,L1_S24,12,0.001
train_categorical,L1_S24_F860,1171721,1183747,98.9841,train,categorical,1,24,L1_S24,12026,1.0159
train_categorical,L1_S24_F861,1183735,1183747,99.999,train,categorical,1,24,L1_S24,12,0.001
train_categorical,L1_S24_F863,1183735,1183747,99.999,train,categorical,1,24,L1_S24,12,0.001
train_categorical,L1_S24_F865,1171721,1183747,98.9841,train,categorical,1,24,L1_S24,12026,1.0159
train_categorical,L1_S24_F866,1183735,1183747,99.999,train,categorical,1,24,L1_S24,12,0.001
train_categorical,L1_S24_F868,1183735,1183747,99.999,train,categorical,1,24,L1_S24,12,0.001
train_categorical,L1_S24_F870,1171721,1183747,98.9841,train,categorical,1,24,L1_S24,12026,1.0159
train_categorical,L1_S24_F871,1183735,1183747,99.999,train,categorical,1,24,L1_S24,12,0.001
train_categorical,L1_S24_F873,1183735,1183747,99.999,train,categorical,1,24,L1_S24,12,0.001
train_categorical,L1_S24_F875,1171721,1183747,98.9841,train,categorical,1,24,L1_S24,12026,1.0159
train_categorical,L1_S24_F876,1183735,1183747,99.999,train,categorical,1,24,L1_S24,12,0.001
train_categorical,L1_S24_F878,1183735,1183747,99.999,train,categorical,1,24,L1_S24,12,0.001
train_categorical,L1_S24_F880,1171721,1183747,98.9841,train,categorical,1,24,L1_S24,12026,1.0159
train_categorical,L1_S24_F881,1183735,1183747,99.999,train,categorical,1,24,L1_S24,12,0.001
train_categorical,L1_S24_F883,1183735,1183747,99.999,train,categorical,1,24,L1_S24,12,0.001
train_categorical,L1_S24_F885,1171721,1183747,98.9841,train,categorical,1,24,L1_S24,12026,1.0159
train_categorical,L1_S24_F886,1183735,1183747,99.999,train,categorical,1,24,L1_S24,12,0.001
train_categorical,L1_S24_F888,1183735,1183747,99.999,train,categorical,1,24,L1_S24,12,0.001
train_categorical,L1_S24_F890,1171721,1183747,98.9841,train,categorical,1,24,L1_S24,12026,1.0159
train_categorical,L1_S24_F891,1183735,1183747,99.999,train,categorical,1,24,L1_S24,12,0.001
train_categorical,L1_S24_F893,1183735,1183747,99.999,train,categorical,1,24,L1_S24,12,0.001
train_categorical,L1_S24_F895,1171721,1183747,98.9841,train,categorical,1,24,L1_S24,12026,1.0159
train_categorical,L1_S24_F896,1183735,1183747,99.999,train,categorical,1,24,L1_S24,12,0.001
train_categorical,L1_S24_F898,1183735,1183747,99.999,train,categorical,1,24,L1_S24,12,0.001
train_categorical,L1_S24_F900,1171721,1183747,98.9841,train,categorical,1,24,L1_S24,12026,1.0159
train_categorical,L1_S24_F901,1183735,1183747,99.999,train,categorical,1,24,L1_S24,12,0.001
train_categorical,L1_S24_F903,1183735,1183747,99.999,train,categorical,1,24,L1_S24,12,0.001
train_categorical,L1_S24_F905,1171721,1183747,98.9841,train,categorical,1,24,L1_S24,12026,1.0159
train_categorical,L1_S24_F906,1183735,1183747,99.999,train,categorical,1,24,L1_S24,12,0.001
train_categorical,L1_S24_F908,1183738,1183747,99.9992,train,categorical,1,24,L1_S24,9,0.0008
train_categorical,L1_S24_F910,1171913,1183747,99.0003,train,categorical,1,24,L1_S24,11834,0.9997
train_categorical,L1_S24_F911,1183738,1183747,99.9992,train,categorical,1,24,L1_S24,9,0.0008
train_categorical,L1_S24_F912,1183738,1183747,99.9992,train,categorical,1,24,L1_S24,9,0.0008
train_categorical,L1_S24_F914,1171913,1183747,99.0003,train,categorical,1,24,L1_S24,11834,0.9997
train_categorical,L1_S24_F915,1183738,1183747,99.9992,train,categorical,1,24,L1_S24,9,0.0008
train_categorical,L1_S24_F916,1183738,1183747,99.9992,train,categorical,1,24,L1_S24,9,0.0008
train_categorical,L1_S24_F918,1171913,1183747,99.0003,train,categorical,1,24,L1_S24,11834,0.9997
train_categorical,L1_S24_F919,1183738,1183747,99.9992,train,categorical,1,24,L1_S24,9,0.0008
train_categorical,L1_S24_F921,1183738,1183747,99.9992,train,categorical,1,24,L1_S24,9,0.0008
train_categorical,L1_S24_F923,1171913,1183747,99.0003,train,categorical,1,24,L1_S24,11834,0.9997
train_categorical,L1_S24_F924,1183738,1183747,99.9992,train,categorical,1,24,L1_S24,9,0.0008
train_categorical,L1_S24_F926,1183738,1183747,99.9992,train,categorical,1,24,L1_S24,9,0.0008
train_categorical,L1_S24_F928,1171913,1183747,99.0003,train,categorical,1,24,L1_S24,11834,0.9997
train_categorical,L1_S24_F929,1183738,1183747,99.9992,train,categorical,1,24,L1_S24,9,0.0008
train_categorical,L1_S24_F931,1183738,1183747,99.9992,train,categorical,1,24,L1_S24,9,0.0008
train_categorical,L1_S24_F933,1171913,1183747,99.0003,train,categorical,1,24,L1_S24,11834,0.9997
train_categorical,L1_S24_F934,1183738,1183747,99.9992,train,categorical,1,24,L1_S24,9,0.0008
train_categorical,L1_S24_F936,1183738,1183747,99.9992,train,categorical,1,24,L1_S24,9,0.0008
train_categorical,L1_S24_F938,1171913,1183747,99.0003,train,categorical,1,24,L1_S24,11834,0.9997
train_categorical,L1_S24_F939,1183738,1183747,99.9992,train,categorical,1,24,L1_S24,9,0.0008
train_categorical,L1_S24_F940,1183738,1183747,99.9992,train,categorical,1,24,L1_S24,9,0.0008
train_categorical,L1_S24_F942,1171913,1183747,99.0003,train,categorical,1,24,L1_S24,11834,0.9997
train_categorical,L1_S24_F943,1183738,1183747,99.9992,train,categorical,1,24,L1_S24,9,0.0008
train_categorical,L1_S24_F944,1183738,1183747,99.9992,train,categorical,1,24,L1_S24,9,0.0008
train_categorical,L1_S24_F946,1171913,1183747,99.0003,train,categorical,1,24,L1_S24,11834,0.9997
train_categorical,L1_S24_F947,1183738,1183747,99.9992,train,categorical,1,24,L1_S24,9,0.0008
train_categorical,L1_S24_F949,1183738,1183747,99.9992,train,categorical,1,24,L1_S24,9,0.0008
train_categorical,L1_S24_F951,1171913,1183747,99.0003,train,categorical,1,24,L1_S24,11834,0.9997
train_categorical,L1_S24_F952,1183738,1183747,99.9992,train,categorical,1,24,L1_S24,9,0.0008
train_categorical,L1_S24_F954,1183738,1183747,99.9992,train,categorical,1,24,L1_S24,9,0.0008
train_categorical,L1_S24_F956,1171913,1183747,99.0003,train,categorical,1,24,L1_S24,11834,0.9997
train_categorical,L1_S24_F957,1183738,1183747,99.9992,train,categorical,1,24,L1_S24,9,0.0008
train_categorical,L1_S24_F959,1183738,1183747,99.9992,train,categorical,1,24,L1_S24,9,0.0008
train_categorical,L1_S24_F961,1171913,1183747,99.0003,train,categorical,1,24,L1_S24,11834,0.9997
train_categorical,L1_S24_F962,1183738,1183747,99.9992,train,categorical,1,24,L1_S24,9,0.0008
train_categorical,L1_S24_F964,1183738,1183747,99.9992,train,categorical,1,24,L1_S24,9,0.0008
train_categorical,L1_S24_F966,1171913,1183747,99.0003,train,categorical,1,24,L1_S24,11834,0.9997
train_categorical,L1_S24_F967,1183738,1183747,99.9992,train,categorical,1,24,L1_S24,9,0.0008
train_categorical,L1_S24_F969,1183738,1183747,99.9992,train,categorical,1,24,L1_S24,9,0.0008
train_categorical,L1_S24_F971,1171913,1183747,99.0003,train,categorical,1,24,L1_S24,11834,0.9997
train_categorical,L1_S24_F972,1183738,1183747,99.9992,train,categorical,1,24,L1_S24,9,0.0008
train_categorical,L1_S24_F974,1183738,1183747,99.9992,train,categorical,1,24,L1_S24,9,0.0008
train_categorical,L1_S24_F976,1171913,1183747,99.0003,train,categorical,1,24,L1_S24,11834,0.9997
train_categorical,L1_S24_F977,1183738,1183747,99.9992,train,categorical,1,24,L1_S24,9,0.0008
train_categorical,L1_S24_F979,1183738,1183747,99.9992,train,categorical,1,24,L1_S24,9,0.0008
train_categorical,L1_S24_F981,1171913,1183747,99.0003,train,categorical,1,24,L1_S24,11834,0.9997
train_categorical,L1_S24_F982,1183738,1183747,99.9992,train,categorical,1,24,L1_S24,9,0.0008
train_categorical,L1_S24_F984,1183738,1183747,99.9992,train,categorical,1,24,L1_S24,9,0.0008
train_categorical,L1_S24_F986,1171913,1183747,99.0003,train,categorical,1,24,L1_S24,11834,0.9997
train_categorical,L1_S24_F987,1183738,1183747,99.9992,train,categorical,1,24,L1_S24,9,0.0008
train_categorical,L1_S24_F989,1183738,1183747,99.9992,train,categorical,1,24,L1_S24,9,0.0008
train_categorical,L1_S24_F991,1171913,1183747,99.0003,train,categorical,1,24,L1_S24,11834,0.9997
train_categorical,L1_S24_F992,1183738,1183747,99.9992,train,categorical,1,24,L1_S24,9,0.0008
train_categorical,L1_S24_F994,1183738,1183747,99.9992,train,categorical,1,24,L1_S24,9,0.0008
train_categorical,L1_S24_F996,1171913,1183747,99.0003,train,categorical,1,24,L1_S24,11834,0.9997
train_categorical,L1_S24_F997,1183738,1183747,99.9992,train,categorical,1,24,L1_S24,9,0.0008
train_categorical,L1_S24_F1017,1183745,1183747,99.9998,train,categorical,1,24,L1_S24,2,0.0002
train_categorical,L1_S24_F1019,1183745,1183747,99.9998,train,categorical,1,24,L1_S24,2,0.0002
train_categorical,L1_S24_F1020,1183745,1183747,99.9998,train,categorical,1,24,L1_S24,2,0.0002
train_categorical,L1_S24_F1022,1183745,1183747,99.9998,train,categorical,1,24,L1_S24,2,0.0002
train_categorical,L1_S24_F1024,1183745,1183747,99.9998,train,categorical,1,24,L1_S24,2,0.0002
train_categorical,L1_S24_F1025,1183745,1183747,99.9998,train,categorical,1,24,L1_S24,2,0.0002
train_categorical,L1_S24_F1027,1183745,1183747,99.9998,train,categorical,1,24,L1_S24,2,0.0002
train_categorical,L1_S24_F1029,1183745,1183747,99.9998,train,categorical,1,24,L1_S24,2,0.0002
train_categorical,L1_S24_F1030,1183745,1183747,99.9998,train,categorical,1,24,L1_S24,2,0.0002
train_categorical,L1_S24_F1032,1183745,1183747,99.9998,train,categorical,1,24,L1_S24,2,0.0002
train_categorical,L1_S24_F1034,1183745,1183747,99.9998,train,categorical,1,24,L1_S24,2,0.0002
train_categorical,L1_S24_F1035,1183745,1183747,99.9998,train,categorical,1,24,L1_S24,2,0.0002
train_categorical,L1_S24_F1037,1183745,1183747,99.9998,train,categorical,1,24,L1_S24,2,0.0002
train_categorical,L1_S24_F1039,1183745,1183747,99.9998,train,categorical,1,24,L1_S24,2,0.0002
train_categorical,L1_S24_F1040,1183745,1183747,99.9998,train,categorical,1,24,L1_S24,2,0.0002
train_categorical,L1_S24_F1042,1183745,1183747,99.9998,train,categorical,1,24,L1_S24,2,0.0002
train_categorical,L1_S24_F1044,1183745,1183747,99.9998,train,categorical,1,24,L1_S24,2,0.0002
train_categorical,L1_S24_F1045,1183745,1183747,99.9998,train,categorical,1,24,L1_S24,2,0.0002
train_categorical,L1_S24_F1047,1183745,1183747,99.9998,train,categorical,1,24,L1_S24,2,0.0002
train_categorical,L1_S24_F1049,1183745,1183747,99.9998,train,categorical,1,24,L1_S24,2,0.0002
train_categorical,L1_S24_F1050,1183745,1183747,99.9998,train,categorical,1,24,L1_S24,2,0.0002
train_categorical,L1_S24_F1052,1183745,1183747,99.9998,train,categorical,1,24,L1_S24,2,0.0002
train_categorical,L1_S24_F1054,1183745,1183747,99.9998,train,categorical,1,24,L1_S24,2,0.0002
train_categorical,L1_S24_F1055,1183745,1183747,99.9998,train,categorical,1,24,L1_S24,2,0.0002
train_categorical,L1_S24_F1057,1183745,1183747,99.9998,train,categorical,1,24,L1_S24,2,0.0002
train_categorical,L1_S24_F1059,1183745,1183747,99.9998,train,categorical,1,24,L1_S24,2,0.0002
train_categorical,L1_S24_F1060,1183745,1183747,99.9998,train,categorical,1,24,L1_S24,2,0.0002
train_categorical,L1_S24_F1061,1183714,1183747,99.9972,train,categorical,1,24,L1_S24,33,0.0028
train_categorical,L1_S24_F1063,1183714,1183747,99.9972,train,categorical,1,24,L1_S24,33,0.0028
train_categorical,L1_S24_F1064,1159920,1183747,97.9872,train,categorical,1,24,L1_S24,23827,2.0128
train_categorical,L1_S24_F1065,1183714,1183747,99.9972,train,categorical,1,24,L1_S24,33,0.0028
train_categorical,L1_S24_F1067,1183714,1183747,99.9972,train,categorical,1,24,L1_S24,33,0.0028
train_categorical,L1_S24_F1069,1183714,1183747,99.9972,train,categorical,1,24,L1_S24,33,0.0028
train_categorical,L1_S24_F1071,1183714,1183747,99.9972,train,categorical,1,24,L1_S24,33,0.0028
train_categorical,L1_S24_F1073,1183714,1183747,99.9972,train,categorical,1,24,L1_S24,33,0.0028
train_categorical,L1_S24_F1075,1183714,1183747,99.9972,train,categorical,1,24,L1_S24,33,0.0028
train_categorical,L1_S24_F1076,1183714,1183747,99.9972,train,categorical,1,24,L1_S24,33,0.0028
train_categorical,L1_S24_F1078,1183714,1183747,99.9972,train,categorical,1,24,L1_S24,33,0.0028
train_categorical,L1_S24_F1080,1183714,1183747,99.9972,train,categorical,1,24,L1_S24,33,0.0028
train_categorical,L1_S24_F1082,1183714,1183747,99.9972,train,categorical,1,24,L1_S24,33,0.0028
train_categorical,L1_S24_F1084,1183714,1183747,99.9972,train,categorical,1,24,L1_S24,33,0.0028
train_categorical,L1_S24_F1086,1183714,1183747,99.9972,train,categorical,1,24,L1_S24,33,0.0028
train_categorical,L1_S24_F1088,1183714,1183747,99.9972,train,categorical,1,24,L1_S24,33,0.0028
train_categorical,L1_S24_F1090,1183714,1183747,99.9972,train,categorical,1,24,L1_S24,33,0.0028
train_categorical,L1_S24_F1091,1183714,1183747,99.9972,train,categorical,1,24,L1_S24,33,0.0028
train_categorical,L1_S24_F1093,1183714,1183747,99.9972,train,categorical,1,24,L1_S24,33,0.0028
train_categorical,L1_S24_F1095,1183714,1183747,99.9972,train,categorical,1,24,L1_S24,33,0.0028
train_categorical,L1_S24_F1097,1183714,1183747,99.9972,train,categorical,1,24,L1_S24,33,0.0028
train_categorical,L1_S24_F1099,1183714,1183747,99.9972,train,categorical,1,24,L1_S24,33,0.0028
train_categorical,L1_S24_F1101,1183714,1183747,99.9972,train,categorical,1,24,L1_S24,33,0.0028
train_categorical,L1_S24_F1103,1183714,1183747,99.9972,train,categorical,1,24,L1_S24,33,0.0028
train_categorical,L1_S24_F1105,1183714,1183747,99.9972,train,categorical,1,24,L1_S24,33,0.0028
train_categorical,L1_S24_F1107,1183714,1183747,99.9972,train,categorical,1,24,L1_S24,33,0.0028
train_categorical,L1_S24_F1109,1183714,1183747,99.9972,train,categorical,1,24,L1_S24,33,0.0028
train_categorical,L1_S24_F1111,1183714,1183747,99.9972,train,categorical,1,24,L1_S24,33,0.0028
train_categorical,L1_S24_F1113,1183714,1183747,99.9972,train,categorical,1,24,L1_S24,33,0.0028
train_categorical,L1_S24_F1114,1156545,1183747,97.702,train,categorical,1,24,L1_S24,27202,2.298
train_categorical,L1_S24_F1115,1183746,1183747,99.9999,train,categorical,1,24,L1_S24,1,0.0001
train_categorical,L1_S24_F1117,1183746,1183747,99.9999,train,categorical,1,24,L1_S24,1,0.0001
train_categorical,L1_S24_F1119,1183746,1183747,99.9999,train,categorical,1,24,L1_S24,1,0.0001
train_categorical,L1_S24_F1121,1183746,1183747,99.9999,train,categorical,1,24,L1_S24,1,0.0001
train_categorical,L1_S24_F1123,1183746,1183747,99.9999,train,categorical,1,24,L1_S24,1,0.0001
train_categorical,L1_S24_F1125,1183746,1183747,99.9999,train,categorical,1,24,L1_S24,1,0.0001
train_categorical,L1_S24_F1127,1183746,1183747,99.9999,train,categorical,1,24,L1_S24,1,0.0001
train_categorical,L1_S24_F1129,1183746,1183747,99.9999,train,categorical,1,24,L1_S24,1,0.0001
train_categorical,L1_S24_F1131,1183746,1183747,99.9999,train,categorical,1,24,L1_S24,1,0.0001
train_categorical,L1_S24_F1133,1183746,1183747,99.9999,train,categorical,1,24,L1_S24,1,0.0001
train_categorical,L1_S24_F1136,1156570,1183747,97.7042,train,categorical,1,24,L1_S24,27177,2.2958
train_categorical,L1_S24_F1137,1156570,1183747,97.7042,train,categorical,1,24,L1_S24,27177,2.2958
train_categorical,L1_S24_F1139,1156570,1183747,97.7042,train,categorical,1,24,L1_S24,27177,2.2958
train_categorical,L1_S24_F1140,1156570,1183747,97.7042,train,categorical,1,24,L1_S24,27177,2.2958
train_categorical,L1_S24_F1142,1156570,1183747,97.7042,train,categorical,1,24,L1_S24,27177,2.2958
train_categorical,L1_S24_F1144,1156570,1183747,97.7042,train,categorical,1,24,L1_S24,27177,2.2958
train_categorical,L1_S24_F1147,1156570,1183747,97.7042,train,categorical,1,24,L1_S24,27177,2.2958
train_categorical,L1_S24_F1150,1156570,1183747,97.7042,train,categorical,1,24,L1_S24,27177,2.2958
train_categorical,L1_S24_F1152,1156570,1183747,97.7042,train,categorical,1,24,L1_S24,27177,2.2958
train_categorical,L1_S24_F1154,1156570,1183747,97.7042,train,categorical,1,24,L1_S24,27177,2.2958
train_categorical,L1_S24_F1156,1156935,1183747,97.735,train,categorical,1,24,L1_S24,26812,2.265
train_categorical,L1_S24_F1157,1183747,1183747,100.0,train,categorical,1,24,L1_S24,0,0.0
train_categorical,L1_S24_F1159,1183747,1183747,100.0,train,categorical,1,24,L1_S24,0,0.0
train_categorical,L1_S24_F1160,1183747,1183747,100.0,train,categorical,1,24,L1_S24,0,0.0
train_categorical,L1_S24_F1162,1183743,1183747,99.9997,train,categorical,1,24,L1_S24,4,0.0003
train_categorical,L1_S24_F1164,1183743,1183747,99.9997,train,categorical,1,24,L1_S24,4,0.0003
train_categorical,L1_S24_F1165,1183743,1183747,99.9997,train,categorical,1,24,L1_S24,4,0.0003
train_categorical,L1_S24_F1167,1183747,1183747,100.0,train,categorical,1,24,L1_S24,0,0.0
train_categorical,L1_S24_F1169,1183747,1183747,100.0,train,categorical,1,24,L1_S24,0,0.0
train_categorical,L1_S24_F1177,1183747,1183747,100.0,train,categorical,1,24,L1_S24,0,0.0
train_categorical,L1_S24_F1179,1183747,1183747,100.0,train,categorical,1,24,L1_S24,0,0.0
train_categorical,L1_S24_F1181,1183747,1183747,100.0,train,categorical,1,24,L1_S24,0,0.0
train_categorical,L1_S24_F1183,1183747,1183747,100.0,train,categorical,1,24,L1_S24,0,0.0
train_categorical,L1_S24_F1185,1183722,1183747,99.9979,train,categorical,1,24,L1_S24,25,0.0021
train_categorical,L1_S24_F1187,1170106,1183747,98.8476,train,categorical,1,24,L1_S24,13641,1.1524
train_categorical,L1_S24_F1188,1183722,1183747,99.9979,train,categorical,1,24,L1_S24,25,0.0021
train_categorical,L1_S24_F1189,1183722,1183747,99.9979,train,categorical,1,24,L1_S24,25,0.0021
train_categorical,L1_S24_F1191,1170106,1183747,98.8476,train,categorical,1,24,L1_S24,13641,1.1524
train_categorical,L1_S24_F1192,1183722,1183747,99.9979,train,categorical,1,24,L1_S24,25,0.0021
train_categorical,L1_S24_F1193,1183722,1183747,99.9979,train,categorical,1,24,L1_S24,25,0.0021
train_categorical,L1_S24_F1195,1170106,1183747,98.8476,train,categorical,1,24,L1_S24,13641,1.1524
train_categorical,L1_S24_F1196,1183722,1183747,99.9979,train,categorical,1,24,L1_S24,25,0.0021
train_categorical,L1_S24_F1198,1183722,1183747,99.9979,train,categorical,1,24,L1_S24,25,0.0021
train_categorical,L1_S24_F1200,1170106,1183747,98.8476,train,categorical,1,24,L1_S24,13641,1.1524
train_categorical,L1_S24_F1201,1183722,1183747,99.9979,train,categorical,1,24,L1_S24,25,0.0021
train_categorical,L1_S24_F1203,1183722,1183747,99.9979,train,categorical,1,24,L1_S24,25,0.0021
train_categorical,L1_S24_F1205,1170106,1183747,98.8476,train,categorical,1,24,L1_S24,13641,1.1524
train_categorical,L1_S24_F1206,1183722,1183747,99.9979,train,categorical,1,24,L1_S24,25,0.0021
train_categorical,L1_S24_F1208,1183722,1183747,99.9979,train,categorical,1,24,L1_S24,25,0.0021
train_categorical,L1_S24_F1210,1170106,1183747,98.8476,train,categorical,1,24,L1_S24,13641,1.1524
train_categorical,L1_S24_F1211,1183722,1183747,99.9979,train,categorical,1,24,L1_S24,25,0.0021
train_categorical,L1_S24_F1213,1183722,1183747,99.9979,train,categorical,1,24,L1_S24,25,0.0021
train_categorical,L1_S24_F1215,1170106,1183747,98.8476,train,categorical,1,24,L1_S24,13641,1.1524
train_categorical,L1_S24_F1216,1183722,1183747,99.9979,train,categorical,1,24,L1_S24,25,0.0021
train_categorical,L1_S24_F1217,1183722,1183747,99.9979,train,categorical,1,24,L1_S24,25,0.0021
train_categorical,L1_S24_F1219,1170106,1183747,98.8476,train,categorical,1,24,L1_S24,13641,1.1524
train_categorical,L1_S24_F1220,1183722,1183747,99.9979,train,categorical,1,24,L1_S24,25,0.0021
train_categorical,L1_S24_F1221,1183722,1183747,99.9979,train,categorical,1,24,L1_S24,25,0.0021
train_categorical,L1_S24_F1223,1170106,1183747,98.8476,train,categorical,1,24,L1_S24,13641,1.1524
train_categorical,L1_S24_F1224,1183722,1183747,99.9979,train,categorical,1,24,L1_S24,25,0.0021
train_categorical,L1_S24_F1226,1183722,1183747,99.9979,train,categorical,1,24,L1_S24,25,0.0021
train_categorical,L1_S24_F1228,1170106,1183747,98.8476,train,categorical,1,24,L1_S24,13641,1.1524
train_categorical,L1_S24_F1229,1183722,1183747,99.9979,train,categorical,1,24,L1_S24,25,0.0021
train_categorical,L1_S24_F1231,1183722,1183747,99.9979,train,categorical,1,24,L1_S24,25,0.0021
train_categorical,L1_S24_F1233,1170106,1183747,98.8476,train,categorical,1,24,L1_S24,13641,1.1524
train_categorical,L1_S24_F1234,1183722,1183747,99.9979,train,categorical,1,24,L1_S24,25,0.0021
train_categorical,L1_S24_F1236,1183722,1183747,99.9979,train,categorical,1,24,L1_S24,25,0.0021
train_categorical,L1_S24_F1238,1170106,1183747,98.8476,train,categorical,1,24,L1_S24,13641,1.1524
train_categorical,L1_S24_F1239,1183722,1183747,99.9979,train,categorical,1,24,L1_S24,25,0.0021
train_categorical,L1_S24_F1241,1183722,1183747,99.9979,train,categorical,1,24,L1_S24,25,0.0021
train_categorical,L1_S24_F1243,1170106,1183747,98.8476,train,categorical,1,24,L1_S24,13641,1.1524
train_categorical,L1_S24_F1244,1183722,1183747,99.9979,train,categorical,1,24,L1_S24,25,0.0021
train_categorical,L1_S24_F1246,1183722,1183747,99.9979,train,categorical,1,24,L1_S24,25,0.0021
train_categorical,L1_S24_F1248,1170106,1183747,98.8476,train,categorical,1,24,L1_S24,13641,1.1524
train_categorical,L1_S24_F1249,1183722,1183747,99.9979,train,categorical,1,24,L1_S24,25,0.0021
train_categorical,L1_S24_F1251,1183722,1183747,99.9979,train,categorical,1,24,L1_S24,25,0.0021
train_categorical,L1_S24_F1253,1170106,1183747,98.8476,train,categorical,1,24,L1_S24,13641,1.1524
train_categorical,L1_S24_F1254,1183722,1183747,99.9979,train,categorical,1,24,L1_S24,25,0.0021
train_categorical,L1_S24_F1256,1183722,1183747,99.9979,train,categorical,1,24,L1_S24,25,0.0021
train_categorical,L1_S24_F1258,1170106,1183747,98.8476,train,categorical,1,24,L1_S24,13641,1.1524
train_categorical,L1_S24_F1259,1183722,1183747,99.9979,train,categorical,1,24,L1_S24,25,0.0021
train_categorical,L1_S24_F1261,1183722,1183747,99.9979,train,categorical,1,24,L1_S24,25,0.0021
train_categorical,L1_S24_F1263,1170106,1183747,98.8476,train,categorical,1,24,L1_S24,13641,1.1524
train_categorical,L1_S24_F1264,1183722,1183747,99.9979,train,categorical,1,24,L1_S24,25,0.0021
train_categorical,L1_S24_F1266,1183722,1183747,99.9979,train,categorical,1,24,L1_S24,25,0.0021
train_categorical,L1_S24_F1268,1170106,1183747,98.8476,train,categorical,1,24,L1_S24,13641,1.1524
train_categorical,L1_S24_F1269,1183722,1183747,99.9979,train,categorical,1,24,L1_S24,25,0.0021
train_categorical,L1_S24_F1271,1183722,1183747,99.9979,train,categorical,1,24,L1_S24,25,0.0021
train_categorical,L1_S24_F1273,1170106,1183747,98.8476,train,categorical,1,24,L1_S24,13641,1.1524
train_categorical,L1_S24_F1274,1183722,1183747,99.9979,train,categorical,1,24,L1_S24,25,0.0021
train_categorical,L1_S24_F1276,1183725,1183747,99.9981,train,categorical,1,24,L1_S24,22,0.0019
train_categorical,L1_S24_F1278,1170184,1183747,98.8542,train,categorical,1,24,L1_S24,13563,1.1458
train_categorical,L1_S24_F1279,1183725,1183747,99.9981,train,categorical,1,24,L1_S24,22,0.0019
train_categorical,L1_S24_F1280,1183725,1183747,99.9981,train,categorical,1,24,L1_S24,22,0.0019
train_categorical,L1_S24_F1282,1170184,1183747,98.8542,train,categorical,1,24,L1_S24,13563,1.1458
train_categorical,L1_S24_F1283,1183725,1183747,99.9981,train,categorical,1,24,L1_S24,22,0.0019
train_categorical,L1_S24_F1284,1183725,1183747,99.9981,train,categorical,1,24,L1_S24,22,0.0019
train_categorical,L1_S24_F1286,1170184,1183747,98.8542,train,categorical,1,24,L1_S24,13563,1.1458
train_categorical,L1_S24_F1287,1183725,1183747,99.9981,train,categorical,1,24,L1_S24,22,0.0019
train_categorical,L1_S24_F1289,1183725,1183747,99.9981,train,categorical,1,24,L1_S24,22,0.0019
train_categorical,L1_S24_F1291,1170184,1183747,98.8542,train,categorical,1,24,L1_S24,13563,1.1458
train_categorical,L1_S24_F1292,1183725,1183747,99.9981,train,categorical,1,24,L1_S24,22,0.0019
train_categorical,L1_S24_F1294,1183725,1183747,99.9981,train,categorical,1,24,L1_S24,22,0.0019
train_categorical,L1_S24_F1296,1170184,1183747,98.8542,train,categorical,1,24,L1_S24,13563,1.1458
train_categorical,L1_S24_F1297,1183725,1183747,99.9981,train,categorical,1,24,L1_S24,22,0.0019
train_categorical,L1_S24_F1299,1183725,1183747,99.9981,train,categorical,1,24,L1_S24,22,0.0019
train_categorical,L1_S24_F1301,1170184,1183747,98.8542,train,categorical,1,24,L1_S24,13563,1.1458
train_categorical,L1_S24_F1302,1183725,1183747,99.9981,train,categorical,1,24,L1_S24,22,0.0019
train_categorical,L1_S24_F1304,1183725,1183747,99.9981,train,categorical,1,24,L1_S24,22,0.0019
train_categorical,L1_S24_F1306,1170184,1183747,98.8542,train,categorical,1,24,L1_S24,13563,1.1458
train_categorical,L1_S24_F1307,1183725,1183747,99.9981,train,categorical,1,24,L1_S24,22,0.0019
train_categorical,L1_S24_F1308,1183725,1183747,99.9981,train,categorical,1,24,L1_S24,22,0.0019
train_categorical,L1_S24_F1310,1170184,1183747,98.8542,train,categorical,1,24,L1_S24,13563,1.1458
train_categorical,L1_S24_F1311,1183725,1183747,99.9981,train,categorical,1,24,L1_S24,22,0.0019
train_categorical,L1_S24_F1312,1183725,1183747,99.9981,train,categorical,1,24,L1_S24,22,0.0019
train_categorical,L1_S24_F1314,1170184,1183747,98.8542,train,categorical,1,24,L1_S24,13563,1.1458
train_categorical,L1_S24_F1315,1183725,1183747,99.9981,train,categorical,1,24,L1_S24,22,0.0019
train_categorical,L1_S24_F1317,1183725,1183747,99.9981,train,categorical,1,24,L1_S24,22,0.0019
train_categorical,L1_S24_F1319,1170184,1183747,98.8542,train,categorical,1,24,L1_S24,13563,1.1458
train_categorical,L1_S24_F1320,1183725,1183747,99.9981,train,categorical,1,24,L1_S24,22,0.0019
train_categorical,L1_S24_F1322,1183725,1183747,99.9981,train,categorical,1,24,L1_S24,22,0.0019
train_categorical,L1_S24_F1324,1170184,1183747,98.8542,train,categorical,1,24,L1_S24,13563,1.1458
train_categorical,L1_S24_F1325,1183725,1183747,99.9981,train,categorical,1,24,L1_S24,22,0.0019
train_categorical,L1_S24_F1327,1183725,1183747,99.9981,train,categorical,1,24,L1_S24,22,0.0019
train_categorical,L1_S24_F1329,1170184,1183747,98.8542,train,categorical,1,24,L1_S24,13563,1.1458
train_categorical,L1_S24_F1330,1183725,1183747,99.9981,train,categorical,1,24,L1_S24,22,0.0019
train_categorical,L1_S24_F1332,1183725,1183747,99.9981,train,categorical,1,24,L1_S24,22,0.0019
train_categorical,L1_S24_F1334,1170184,1183747,98.8542,train,categorical,1,24,L1_S24,13563,1.1458
train_categorical,L1_S24_F1335,1183725,1183747,99.9981,train,categorical,1,24,L1_S24,22,0.0019
train_categorical,L1_S24_F1337,1183725,1183747,99.9981,train,categorical,1,24,L1_S24,22,0.0019
train_categorical,L1_S24_F1339,1170184,1183747,98.8542,train,categorical,1,24,L1_S24,13563,1.1458
train_categorical,L1_S24_F1340,1183725,1183747,99.9981,train,categorical,1,24,L1_S24,22,0.0019
train_categorical,L1_S24_F1342,1183725,1183747,99.9981,train,categorical,1,24,L1_S24,22,0.0019
train_categorical,L1_S24_F1344,1170184,1183747,98.8542,train,categorical,1,24,L1_S24,13563,1.1458
train_categorical,L1_S24_F1345,1183725,1183747,99.9981,train,categorical,1,24,L1_S24,22,0.0019
train_categorical,L1_S24_F1347,1183725,1183747,99.9981,train,categorical,1,24,L1_S24,22,0.0019
train_categorical,L1_S24_F1349,1170184,1183747,98.8542,train,categorical,1,24,L1_S24,13563,1.1458
train_categorical,L1_S24_F1350,1183725,1183747,99.9981,train,categorical,1,24,L1_S24,22,0.0019
train_categorical,L1_S24_F1352,1183725,1183747,99.9981,train,categorical,1,24,L1_S24,22,0.0019
train_categorical,L1_S24_F1354,1170184,1183747,98.8542,train,categorical,1,24,L1_S24,13563,1.1458
train_categorical,L1_S24_F1355,1183725,1183747,99.9981,train,categorical,1,24,L1_S24,22,0.0019
train_categorical,L1_S24_F1357,1183725,1183747,99.9981,train,categorical,1,24,L1_S24,22,0.0019
train_categorical,L1_S24_F1359,1170184,1183747,98.8542,train,categorical,1,24,L1_S24,13563,1.1458
train_categorical,L1_S24_F1360,1183725,1183747,99.9981,train,categorical,1,24,L1_S24,22,0.0019
train_categorical,L1_S24_F1362,1183725,1183747,99.9981,train,categorical,1,24,L1_S24,22,0.0019
train_categorical,L1_S24_F1364,1170184,1183747,98.8542,train,categorical,1,24,L1_S24,13563,1.1458
train_categorical,L1_S24_F1365,1183725,1183747,99.9981,train,categorical,1,24,L1_S24,22,0.0019
train_categorical,L1_S24_F1367,1183746,1183747,99.9999,train,categorical,1,24,L1_S24,1,0.0001
train_categorical,L1_S24_F1369,1183746,1183747,99.9999,train,categorical,1,24,L1_S24,1,0.0001
train_categorical,L1_S24_F1370,1183746,1183747,99.9999,train,categorical,1,24,L1_S24,1,0.0001
train_categorical,L1_S24_F1372,1183746,1183747,99.9999,train,categorical,1,24,L1_S24,1,0.0001
train_categorical,L1_S24_F1374,1183746,1183747,99.9999,train,categorical,1,24,L1_S24,1,0.0001
train_categorical,L1_S24_F1375,1183746,1183747,99.9999,train,categorical,1,24,L1_S24,1,0.0001
train_categorical,L1_S24_F1377,1183746,1183747,99.9999,train,categorical,1,24,L1_S24,1,0.0001
train_categorical,L1_S24_F1379,1183746,1183747,99.9999,train,categorical,1,24,L1_S24,1,0.0001
train_categorical,L1_S24_F1380,1183746,1183747,99.9999,train,categorical,1,24,L1_S24,1,0.0001
train_categorical,L1_S24_F1382,1183746,1183747,99.9999,train,categorical,1,24,L1_S24,1,0.0001
train_categorical,L1_S24_F1384,1183746,1183747,99.9999,train,categorical,1,24,L1_S24,1,0.0001
train_categorical,L1_S24_F1385,1183746,1183747,99.9999,train,categorical,1,24,L1_S24,1,0.0001
train_categorical,L1_S24_F1387,1183746,1183747,99.9999,train,categorical,1,24,L1_S24,1,0.0001
train_categorical,L1_S24_F1389,1183746,1183747,99.9999,train,categorical,1,24,L1_S24,1,0.0001
train_categorical,L1_S24_F1390,1183746,1183747,99.9999,train,categorical,1,24,L1_S24,1,0.0001
train_categorical,L1_S24_F1392,1183746,1183747,99.9999,train,categorical,1,24,L1_S24,1,0.0001
train_categorical,L1_S24_F1394,1183746,1183747,99.9999,train,categorical,1,24,L1_S24,1,0.0001
train_categorical,L1_S24_F1395,1183746,1183747,99.9999,train,categorical,1,24,L1_S24,1,0.0001
train_categorical,L1_S24_F1397,1183746,1183747,99.9999,train,categorical,1,24,L1_S24,1,0.0001
train_categorical,L1_S24_F1399,1183746,1183747,99.9999,train,categorical,1,24,L1_S24,1,0.0001
train_categorical,L1_S24_F1400,1183746,1183747,99.9999,train,categorical,1,24,L1_S24,1,0.0001
train_categorical,L1_S24_F1402,1183746,1183747,99.9999,train,categorical,1,24,L1_S24,1,0.0001
train_categorical,L1_S24_F1404,1183746,1183747,99.9999,train,categorical,1,24,L1_S24,1,0.0001
train_categorical,L1_S24_F1405,1183746,1183747,99.9999,train,categorical,1,24,L1_S24,1,0.0001
train_categorical,L1_S24_F1407,1183746,1183747,99.9999,train,categorical,1,24,L1_S24,1,0.0001
train_categorical,L1_S24_F1409,1183746,1183747,99.9999,train,categorical,1,24,L1_S24,1,0.0001
train_categorical,L1_S24_F1410,1183746,1183747,99.9999,train,categorical,1,24,L1_S24,1,0.0001
train_categorical,L1_S24_F1412,1183744,1183747,99.9997,train,categorical,1,24,L1_S24,3,0.0003
train_categorical,L1_S24_F1414,1183745,1183747,99.9998,train,categorical,1,24,L1_S24,2,0.0002
train_categorical,L1_S24_F1415,1183744,1183747,99.9997,train,categorical,1,24,L1_S24,3,0.0003
train_categorical,L1_S24_F1417,1183744,1183747,99.9997,train,categorical,1,24,L1_S24,3,0.0003
train_categorical,L1_S24_F1419,1183745,1183747,99.9998,train,categorical,1,24,L1_S24,2,0.0002
train_categorical,L1_S24_F1420,1183744,1183747,99.9997,train,categorical,1,24,L1_S24,3,0.0003
train_categorical,L1_S24_F1422,1183744,1183747,99.9997,train,categorical,1,24,L1_S24,3,0.0003
train_categorical,L1_S24_F1424,1183745,1183747,99.9998,train,categorical,1,24,L1_S24,2,0.0002
train_categorical,L1_S24_F1425,1183744,1183747,99.9997,train,categorical,1,24,L1_S24,3,0.0003
train_categorical,L1_S24_F1427,1183744,1183747,99.9997,train,categorical,1,24,L1_S24,3,0.0003
train_categorical,L1_S24_F1429,1183745,1183747,99.9998,train,categorical,1,24,L1_S24,2,0.0002
train_categorical,L1_S24_F1430,1183744,1183747,99.9997,train,categorical,1,24,L1_S24,3,0.0003
train_categorical,L1_S24_F1432,1183744,1183747,99.9997,train,categorical,1,24,L1_S24,3,0.0003
train_categorical,L1_S24_F1434,1183745,1183747,99.9998,train,categorical,1,24,L1_S24,2,0.0002
train_categorical,L1_S24_F1435,1183744,1183747,99.9997,train,categorical,1,24,L1_S24,3,0.0003
train_categorical,L1_S24_F1437,1183744,1183747,99.9997,train,categorical,1,24,L1_S24,3,0.0003
train_categorical,L1_S24_F1439,1183745,1183747,99.9998,train,categorical,1,24,L1_S24,2,0.0002
train_categorical,L1_S24_F1440,1183744,1183747,99.9997,train,categorical,1,24,L1_S24,3,0.0003
train_categorical,L1_S24_F1442,1183744,1183747,99.9997,train,categorical,1,24,L1_S24,3,0.0003
train_categorical,L1_S24_F1444,1183745,1183747,99.9998,train,categorical,1,24,L1_S24,2,0.0002
train_categorical,L1_S24_F1445,1183744,1183747,99.9997,train,categorical,1,24,L1_S24,3,0.0003
train_categorical,L1_S24_F1447,1183744,1183747,99.9997,train,categorical,1,24,L1_S24,3,0.0003
train_categorical,L1_S24_F1449,1183745,1183747,99.9998,train,categorical,1,24,L1_S24,2,0.0002
train_categorical,L1_S24_F1450,1183744,1183747,99.9997,train,categorical,1,24,L1_S24,3,0.0003
train_categorical,L1_S24_F1452,1183744,1183747,99.9997,train,categorical,1,24,L1_S24,3,0.0003
train_categorical,L1_S24_F1454,1183745,1183747,99.9998,train,categorical,1,24,L1_S24,2,0.0002
train_categorical,L1_S24_F1455,1183744,1183747,99.9997,train,categorical,1,24,L1_S24,3,0.0003
train_categorical,L1_S24_F1456,1183719,1183747,99.9976,train,categorical,1,24,L1_S24,28,0.0024
train_categorical,L1_S24_F1458,1183719,1183747,99.9976,train,categorical,1,24,L1_S24,28,0.0024
train_categorical,L1_S24_F1459,1156595,1183747,97.7063,train,categorical,1,24,L1_S24,27152,2.2937
train_categorical,L1_S24_F1460,1183719,1183747,99.9976,train,categorical,1,24,L1_S24,28,0.0024
train_categorical,L1_S24_F1462,1183719,1183747,99.9976,train,categorical,1,24,L1_S24,28,0.0024
train_categorical,L1_S24_F1464,1183719,1183747,99.9976,train,categorical,1,24,L1_S24,28,0.0024
train_categorical,L1_S24_F1466,1183719,1183747,99.9976,train,categorical,1,24,L1_S24,28,0.0024
train_categorical,L1_S24_F1468,1183719,1183747,99.9976,train,categorical,1,24,L1_S24,28,0.0024
train_categorical,L1_S24_F1470,1183719,1183747,99.9976,train,categorical,1,24,L1_S24,28,0.0024
train_categorical,L1_S24_F1471,1183719,1183747,99.9976,train,categorical,1,24,L1_S24,28,0.0024
train_categorical,L1_S24_F1473,1183719,1183747,99.9976,train,categorical,1,24,L1_S24,28,0.0024
train_categorical,L1_S24_F1475,1183719,1183747,99.9976,train,categorical,1,24,L1_S24,28,0.0024
train_categorical,L1_S24_F1477,1183719,1183747,99.9976,train,categorical,1,24,L1_S24,28,0.0024
train_categorical,L1_S24_F1479,1183719,1183747,99.9976,train,categorical,1,24,L1_S24,28,0.0024
train_categorical,L1_S24_F1481,1183719,1183747,99.9976,train,categorical,1,24,L1_S24,28,0.0024
train_categorical,L1_S24_F1483,1183719,1183747,99.9976,train,categorical,1,24,L1_S24,28,0.0024
train_categorical,L1_S24_F1485,1183719,1183747,99.9976,train,categorical,1,24,L1_S24,28,0.0024
train_categorical,L1_S24_F1487,1183719,1183747,99.9976,train,categorical,1,24,L1_S24,28,0.0024
train_categorical,L1_S24_F1489,1183719,1183747,99.9976,train,categorical,1,24,L1_S24,28,0.0024
train_categorical,L1_S24_F1491,1183719,1183747,99.9976,train,categorical,1,24,L1_S24,28,0.0024
train_categorical,L1_S24_F1493,1183719,1183747,99.9976,train,categorical,1,24,L1_S24,28,0.0024
train_categorical,L1_S24_F1495,1183719,1183747,99.9976,train,categorical,1,24,L1_S24,28,0.0024
train_categorical,L1_S24_F1497,1183719,1183747,99.9976,train,categorical,1,24,L1_S24,28,0.0024
train_categorical,L1_S24_F1499,1183719,1183747,99.9976,train,categorical,1,24,L1_S24,28,0.0024
train_categorical,L1_S24_F1501,1183719,1183747,99.9976,train,categorical,1,24,L1_S24,28,0.0024
train_categorical,L1_S24_F1503,1183719,1183747,99.9976,train,categorical,1,24,L1_S24,28,0.0024
train_categorical,L1_S24_F1505,1183719,1183747,99.9976,train,categorical,1,24,L1_S24,28,0.0024
train_categorical,L1_S24_F1507,1183719,1183747,99.9976,train,categorical,1,24,L1_S24,28,0.0024
train_categorical,L1_S24_F1509,1183719,1183747,99.9976,train,categorical,1,24,L1_S24,28,0.0024
train_categorical,L1_S24_F1510,1050840,1183747,88.7723,train,categorical,1,24,L1_S24,132907,11.2277
train_categorical,L1_S24_F1521,1183741,1183747,99.9995,train,categorical,1,24,L1_S24,6,0.0005
train_categorical,L1_S24_F1523,1051175,1183747,88.8006,train,categorical,1,24,L1_S24,132572,11.1994
train_categorical,L1_S24_F1524,1183741,1183747,99.9995,train,categorical,1,24,L1_S24,6,0.0005
train_categorical,L1_S24_F1525,1051175,1183747,88.8006,train,categorical,1,24,L1_S24,132572,11.1994
train_categorical,L1_S24_F1526,1183741,1183747,99.9995,train,categorical,1,24,L1_S24,6,0.0005
train_categorical,L1_S24_F1528,1051175,1183747,88.8006,train,categorical,1,24,L1_S24,132572,11.1994
train_categorical,L1_S24_F1529,1183741,1183747,99.9995,train,categorical,1,24,L1_S24,6,0.0005
train_categorical,L1_S24_F1530,1051175,1183747,88.8006,train,categorical,1,24,L1_S24,132572,11.1994
train_categorical,L1_S24_F1531,1183741,1183747,99.9995,train,categorical,1,24,L1_S24,6,0.0005
train_categorical,L1_S24_F1533,1051175,1183747,88.8006,train,categorical,1,24,L1_S24,132572,11.1994
train_categorical,L1_S24_F1534,1183741,1183747,99.9995,train,categorical,1,24,L1_S24,6,0.0005
train_categorical,L1_S24_F1535,1183741,1183747,99.9995,train,categorical,1,24,L1_S24,6,0.0005
train_categorical,L1_S24_F1537,1051177,1183747,88.8008,train,categorical,1,24,L1_S24,132570,11.1992
train_categorical,L1_S24_F1538,1183741,1183747,99.9995,train,categorical,1,24,L1_S24,6,0.0005
train_categorical,L1_S24_F1540,1183741,1183747,99.9995,train,categorical,1,24,L1_S24,6,0.0005
train_categorical,L1_S24_F1542,1051175,1183747,88.8006,train,categorical,1,24,L1_S24,132572,11.1994
train_categorical,L1_S24_F1543,1183741,1183747,99.9995,train,categorical,1,24,L1_S24,6,0.0005
train_categorical,L1_S24_F1545,1183741,1183747,99.9995,train,categorical,1,24,L1_S24,6,0.0005
train_categorical,L1_S24_F1547,1051175,1183747,88.8006,train,categorical,1,24,L1_S24,132572,11.1994
train_categorical,L1_S24_F1548,1183741,1183747,99.9995,train,categorical,1,24,L1_S24,6,0.0005
train_categorical,L1_S24_F1549,1183741,1183747,99.9995,train,categorical,1,24,L1_S24,6,0.0005
train_categorical,L1_S24_F1551,1051175,1183747,88.8006,train,categorical,1,24,L1_S24,132572,11.1994
train_categorical,L1_S24_F1552,1183741,1183747,99.9995,train,categorical,1,24,L1_S24,6,0.0005
train_categorical,L1_S24_F1553,1183741,1183747,99.9995,train,categorical,1,24,L1_S24,6,0.0005
train_categorical,L1_S24_F1555,1051175,1183747,88.8006,train,categorical,1,24,L1_S24,132572,11.1994
train_categorical,L1_S24_F1556,1183741,1183747,99.9995,train,categorical,1,24,L1_S24,6,0.0005
train_categorical,L1_S24_F1557,1183741,1183747,99.9995,train,categorical,1,24,L1_S24,6,0.0005
train_categorical,L1_S24_F1559,1053560,1183747,89.0021,train,categorical,1,24,L1_S24,130187,10.9979
train_categorical,L1_S24_F1560,1183741,1183747,99.9995,train,categorical,1,24,L1_S24,6,0.0005
train_categorical,L1_S24_F1561,1183747,1183747,100.0,train,categorical,1,24,L1_S24,0,0.0
train_categorical,L1_S24_F1563,1183747,1183747,100.0,train,categorical,1,24,L1_S24,0,0.0
train_categorical,L1_S24_F1564,1183747,1183747,100.0,train,categorical,1,24,L1_S24,0,0.0
train_categorical,L1_S24_F1577,1183746,1183747,99.9999,train,categorical,1,24,L1_S24,1,0.0001
train_categorical,L1_S24_F1580,1183746,1183747,99.9999,train,categorical,1,24,L1_S24,1,0.0001
train_categorical,L1_S24_F1582,1183611,1183747,99.9885,train,categorical,1,24,L1_S24,136,0.0115
train_categorical,L1_S24_F1584,1117164,1183747,94.3752,train,categorical,1,24,L1_S24,66583,5.6248
train_categorical,L1_S24_F1585,1183611,1183747,99.9885,train,categorical,1,24,L1_S24,136,0.0115
train_categorical,L1_S24_F1586,1183611,1183747,99.9885,train,categorical,1,24,L1_S24,136,0.0115
train_categorical,L1_S24_F1588,1117164,1183747,94.3752,train,categorical,1,24,L1_S24,66583,5.6248
train_categorical,L1_S24_F1589,1183611,1183747,99.9885,train,categorical,1,24,L1_S24,136,0.0115
train_categorical,L1_S24_F1590,1183611,1183747,99.9885,train,categorical,1,24,L1_S24,136,0.0115
train_categorical,L1_S24_F1592,1117164,1183747,94.3752,train,categorical,1,24,L1_S24,66583,5.6248
train_categorical,L1_S24_F1593,1183611,1183747,99.9885,train,categorical,1,24,L1_S24,136,0.0115
train_categorical,L1_S24_F1595,1183611,1183747,99.9885,train,categorical,1,24,L1_S24,136,0.0115
train_categorical,L1_S24_F1597,1117164,1183747,94.3752,train,categorical,1,24,L1_S24,66583,5.6248
train_categorical,L1_S24_F1598,1183611,1183747,99.9885,train,categorical,1,24,L1_S24,136,0.0115
train_categorical,L1_S24_F1600,1183611,1183747,99.9885,train,categorical,1,24,L1_S24,136,0.0115
train_categorical,L1_S24_F1602,1117164,1183747,94.3752,train,categorical,1,24,L1_S24,66583,5.6248
train_categorical,L1_S24_F1603,1183611,1183747,99.9885,train,categorical,1,24,L1_S24,136,0.0115
train_categorical,L1_S24_F1605,1183611,1183747,99.9885,train,categorical,1,24,L1_S24,136,0.0115
train_categorical,L1_S24_F1607,1117164,1183747,94.3752,train,categorical,1,24,L1_S24,66583,5.6248
train_categorical,L1_S24_F1608,1183611,1183747,99.9885,train,categorical,1,24,L1_S24,136,0.0115
train_categorical,L1_S24_F1610,1183611,1183747,99.9885,train,categorical,1,24,L1_S24,136,0.0115
train_categorical,L1_S24_F1612,1117164,1183747,94.3752,train,categorical,1,24,L1_S24,66583,5.6248
train_categorical,L1_S24_F1613,1183611,1183747,99.9885,train,categorical,1,24,L1_S24,136,0.0115
train_categorical,L1_S24_F1614,1183611,1183747,99.9885,train,categorical,1,24,L1_S24,136,0.0115
train_categorical,L1_S24_F1616,1117164,1183747,94.3752,train,categorical,1,24,L1_S24,66583,5.6248
train_categorical,L1_S24_F1617,1183611,1183747,99.9885,train,categorical,1,24,L1_S24,136,0.0115
train_categorical,L1_S24_F1618,1183611,1183747,99.9885,train,categorical,1,24,L1_S24,136,0.0115
train_categorical,L1_S24_F1620,1117164,1183747,94.3752,train,categorical,1,24,L1_S24,66583,5.6248
train_categorical,L1_S24_F1621,1183611,1183747,99.9885,train,categorical,1,24,L1_S24,136,0.0115
train_categorical,L1_S24_F1623,1183611,1183747,99.9885,train,categorical,1,24,L1_S24,136,0.0115
train_categorical,L1_S24_F1625,1117164,1183747,94.3752,train,categorical,1,24,L1_S24,66583,5.6248
train_categorical,L1_S24_F1626,1183611,1183747,99.9885,train,categorical,1,24,L1_S24,136,0.0115
train_categorical,L1_S24_F1628,1183611,1183747,99.9885,train,categorical,1,24,L1_S24,136,0.0115
train_categorical,L1_S24_F1630,1117164,1183747,94.3752,train,categorical,1,24,L1_S24,66583,5.6248
train_categorical,L1_S24_F1631,1183611,1183747,99.9885,train,categorical,1,24,L1_S24,136,0.0115
train_categorical,L1_S24_F1633,1183611,1183747,99.9885,train,categorical,1,24,L1_S24,136,0.0115
train_categorical,L1_S24_F1635,1117164,1183747,94.3752,train,categorical,1,24,L1_S24,66583,5.6248
train_categorical,L1_S24_F1636,1183611,1183747,99.9885,train,categorical,1,24,L1_S24,136,0.0115
train_categorical,L1_S24_F1638,1183611,1183747,99.9885,train,categorical,1,24,L1_S24,136,0.0115
train_categorical,L1_S24_F1640,1117164,1183747,94.3752,train,categorical,1,24,L1_S24,66583,5.6248
train_categorical,L1_S24_F1641,1183611,1183747,99.9885,train,categorical,1,24,L1_S24,136,0.0115
train_categorical,L1_S24_F1643,1183611,1183747,99.9885,train,categorical,1,24,L1_S24,136,0.0115
train_categorical,L1_S24_F1645,1117164,1183747,94.3752,train,categorical,1,24,L1_S24,66583,5.6248
train_categorical,L1_S24_F1646,1183611,1183747,99.9885,train,categorical,1,24,L1_S24,136,0.0115
train_categorical,L1_S24_F1648,1183611,1183747,99.9885,train,categorical,1,24,L1_S24,136,0.0115
train_categorical,L1_S24_F1650,1117164,1183747,94.3752,train,categorical,1,24,L1_S24,66583,5.6248
train_categorical,L1_S24_F1651,1183611,1183747,99.9885,train,categorical,1,24,L1_S24,136,0.0115
train_categorical,L1_S24_F1653,1183611,1183747,99.9885,train,categorical,1,24,L1_S24,136,0.0115
train_categorical,L1_S24_F1655,1117164,1183747,94.3752,train,categorical,1,24,L1_S24,66583,5.6248
train_categorical,L1_S24_F1656,1183611,1183747,99.9885,train,categorical,1,24,L1_S24,136,0.0115
train_categorical,L1_S24_F1658,1183611,1183747,99.9885,train,categorical,1,24,L1_S24,136,0.0115
train_categorical,L1_S24_F1660,1117164,1183747,94.3752,train,categorical,1,24,L1_S24,66583,5.6248
train_categorical,L1_S24_F1661,1183611,1183747,99.9885,train,categorical,1,24,L1_S24,136,0.0115
train_categorical,L1_S24_F1663,1183611,1183747,99.9885,train,categorical,1,24,L1_S24,136,0.0115
train_categorical,L1_S24_F1665,1117164,1183747,94.3752,train,categorical,1,24,L1_S24,66583,5.6248
train_categorical,L1_S24_F1666,1183611,1183747,99.9885,train,categorical,1,24,L1_S24,136,0.0115
train_categorical,L1_S24_F1668,1183611,1183747,99.9885,train,categorical,1,24,L1_S24,136,0.0115
train_categorical,L1_S24_F1670,1117164,1183747,94.3752,train,categorical,1,24,L1_S24,66583,5.6248
train_categorical,L1_S24_F1671,1183611,1183747,99.9885,train,categorical,1,24,L1_S24,136,0.0115
train_categorical,L1_S24_F1673,1183747,1183747,100.0,train,categorical,1,24,L1_S24,0,0.0
train_categorical,L1_S24_F1675,1117247,1183747,94.3822,train,categorical,1,24,L1_S24,66500,5.6178
train_categorical,L1_S24_F1676,1183747,1183747,100.0,train,categorical,1,24,L1_S24,0,0.0
train_categorical,L1_S24_F1677,1183747,1183747,100.0,train,categorical,1,24,L1_S24,0,0.0
train_categorical,L1_S24_F1679,1117247,1183747,94.3822,train,categorical,1,24,L1_S24,66500,5.6178
train_categorical,L1_S24_F1680,1183747,1183747,100.0,train,categorical,1,24,L1_S24,0,0.0
train_categorical,L1_S24_F1681,1183747,1183747,100.0,train,categorical,1,24,L1_S24,0,0.0
train_categorical,L1_S24_F1683,1117247,1183747,94.3822,train,categorical,1,24,L1_S24,66500,5.6178
train_categorical,L1_S24_F1684,1183747,1183747,100.0,train,categorical,1,24,L1_S24,0,0.0
train_categorical,L1_S24_F1686,1183747,1183747,100.0,train,categorical,1,24,L1_S24,0,0.0
train_categorical,L1_S24_F1688,1117247,1183747,94.3822,train,categorical,1,24,L1_S24,66500,5.6178
train_categorical,L1_S24_F1689,1183747,1183747,100.0,train,categorical,1,24,L1_S24,0,0.0
train_categorical,L1_S24_F1691,1183747,1183747,100.0,train,categorical,1,24,L1_S24,0,0.0
train_categorical,L1_S24_F1693,1117247,1183747,94.3822,train,categorical,1,24,L1_S24,66500,5.6178
train_categorical,L1_S24_F1694,1183747,1183747,100.0,train,categorical,1,24,L1_S24,0,0.0
train_categorical,L1_S24_F1696,1183747,1183747,100.0,train,categorical,1,24,L1_S24,0,0.0
train_categorical,L1_S24_F1698,1117247,1183747,94.3822,train,categorical,1,24,L1_S24,66500,5.6178
train_categorical,L1_S24_F1699,1183747,1183747,100.0,train,categorical,1,24,L1_S24,0,0.0
train_categorical,L1_S24_F1701,1183747,1183747,100.0,train,categorical,1,24,L1_S24,0,0.0
train_categorical,L1_S24_F1703,1117247,1183747,94.3822,train,categorical,1,24,L1_S24,66500,5.6178
train_categorical,L1_S24_F1704,1183747,1183747,100.0,train,categorical,1,24,L1_S24,0,0.0
train_categorical,L1_S24_F1705,1183747,1183747,100.0,train,categorical,1,24,L1_S24,0,0.0
train_categorical,L1_S24_F1707,1117247,1183747,94.3822,train,categorical,1,24,L1_S24,66500,5.6178
train_categorical,L1_S24_F1708,1183747,1183747,100.0,train,categorical,1,24,L1_S24,0,0.0
train_categorical,L1_S24_F1709,1183747,1183747,100.0,train,categorical,1,24,L1_S24,0,0.0
train_categorical,L1_S24_F1711,1117247,1183747,94.3822,train,categorical,1,24,L1_S24,66500,5.6178
train_categorical,L1_S24_F1712,1183747,1183747,100.0,train,categorical,1,24,L1_S24,0,0.0
train_categorical,L1_S24_F1714,1183747,1183747,100.0,train,categorical,1,24,L1_S24,0,0.0
train_categorical,L1_S24_F1716,1117247,1183747,94.3822,train,categorical,1,24,L1_S24,66500,5.6178
train_categorical,L1_S24_F1717,1183747,1183747,100.0,train,categorical,1,24,L1_S24,0,0.0
train_categorical,L1_S24_F1719,1183747,1183747,100.0,train,categorical,1,24,L1_S24,0,0.0
train_categorical,L1_S24_F1721,1117247,1183747,94.3822,train,categorical,1,24,L1_S24,66500,5.6178
train_categorical,L1_S24_F1722,1183747,1183747,100.0,train,categorical,1,24,L1_S24,0,0.0
train_categorical,L1_S24_F1724,1183747,1183747,100.0,train,categorical,1,24,L1_S24,0,0.0
train_categorical,L1_S24_F1726,1117247,1183747,94.3822,train,categorical,1,24,L1_S24,66500,5.6178
train_categorical,L1_S24_F1727,1183747,1183747,100.0,train,categorical,1,24,L1_S24,0,0.0
train_categorical,L1_S24_F1729,1183747,1183747,100.0,train,categorical,1,24,L1_S24,0,0.0
train_categorical,L1_S24_F1731,1117247,1183747,94.3822,train,categorical,1,24,L1_S24,66500,5.6178
train_categorical,L1_S24_F1732,1183747,1183747,100.0,train,categorical,1,24,L1_S24,0,0.0
train_categorical,L1_S24_F1734,1183747,1183747,100.0,train,categorical,1,24,L1_S24,0,0.0
train_categorical,L1_S24_F1736,1117247,1183747,94.3822,train,categorical,1,24,L1_S24,66500,5.6178
train_categorical,L1_S24_F1737,1183747,1183747,100.0,train,categorical,1,24,L1_S24,0,0.0
train_categorical,L1_S24_F1739,1183747,1183747,100.0,train,categorical,1,24,L1_S24,0,0.0
train_categorical,L1_S24_F1741,1117247,1183747,94.3822,train,categorical,1,24,L1_S24,66500,5.6178
train_categorical,L1_S24_F1742,1183747,1183747,100.0,train,categorical,1,24,L1_S24,0,0.0
train_categorical,L1_S24_F1744,1183747,1183747,100.0,train,categorical,1,24,L1_S24,0,0.0
train_categorical,L1_S24_F1746,1117247,1183747,94.3822,train,categorical,1,24,L1_S24,66500,5.6178
train_categorical,L1_S24_F1747,1183747,1183747,100.0,train,categorical,1,24,L1_S24,0,0.0
train_categorical,L1_S24_F1749,1183747,1183747,100.0,train,categorical,1,24,L1_S24,0,0.0
train_categorical,L1_S24_F1751,1117247,1183747,94.3822,train,categorical,1,24,L1_S24,66500,5.6178
train_categorical,L1_S24_F1752,1183747,1183747,100.0,train,categorical,1,24,L1_S24,0,0.0
train_categorical,L1_S24_F1754,1183747,1183747,100.0,train,categorical,1,24,L1_S24,0,0.0
train_categorical,L1_S24_F1756,1117247,1183747,94.3822,train,categorical,1,24,L1_S24,66500,5.6178
train_categorical,L1_S24_F1757,1183747,1183747,100.0,train,categorical,1,24,L1_S24,0,0.0
train_categorical,L1_S24_F1759,1183747,1183747,100.0,train,categorical,1,24,L1_S24,0,0.0
train_categorical,L1_S24_F1761,1117247,1183747,94.3822,train,categorical,1,24,L1_S24,66500,5.6178
train_categorical,L1_S24_F1762,1183747,1183747,100.0,train,categorical,1,24,L1_S24,0,0.0
train_categorical,L1_S24_F1764,1183718,1183747,99.9976,train,categorical,1,24,L1_S24,29,0.0024
train_categorical,L1_S24_F1766,1183718,1183747,99.9976,train,categorical,1,24,L1_S24,29,0.0024
train_categorical,L1_S24_F1767,1183718,1183747,99.9976,train,categorical,1,24,L1_S24,29,0.0024
train_categorical,L1_S24_F1769,1183731,1183747,99.9986,train,categorical,1,24,L1_S24,16,0.0014
train_categorical,L1_S24_F1771,1183731,1183747,99.9986,train,categorical,1,24,L1_S24,16,0.0014
train_categorical,L1_S24_F1772,1183731,1183747,99.9986,train,categorical,1,24,L1_S24,16,0.0014
train_categorical,L1_S24_F1774,1183718,1183747,99.9976,train,categorical,1,24,L1_S24,29,0.0024
train_categorical,L1_S24_F1776,1183718,1183747,99.9976,train,categorical,1,24,L1_S24,29,0.0024
train_categorical,L1_S24_F1777,1183718,1183747,99.9976,train,categorical,1,24,L1_S24,29,0.0024
train_categorical,L1_S24_F1779,1183718,1183747,99.9976,train,categorical,1,24,L1_S24,29,0.0024
train_categorical,L1_S24_F1781,1183718,1183747,99.9976,train,categorical,1,24,L1_S24,29,0.0024
train_categorical,L1_S24_F1782,1183718,1183747,99.9976,train,categorical,1,24,L1_S24,29,0.0024
train_categorical,L1_S24_F1784,1183718,1183747,99.9976,train,categorical,1,24,L1_S24,29,0.0024
train_categorical,L1_S24_F1786,1183718,1183747,99.9976,train,categorical,1,24,L1_S24,29,0.0024
train_categorical,L1_S24_F1787,1183718,1183747,99.9976,train,categorical,1,24,L1_S24,29,0.0024
train_categorical,L1_S24_F1789,1183718,1183747,99.9976,train,categorical,1,24,L1_S24,29,0.0024
train_categorical,L1_S24_F1791,1183718,1183747,99.9976,train,categorical,1,24,L1_S24,29,0.0024
train_categorical,L1_S24_F1792,1183718,1183747,99.9976,train,categorical,1,24,L1_S24,29,0.0024
train_categorical,L1_S24_F1794,1183718,1183747,99.9976,train,categorical,1,24,L1_S24,29,0.0024
train_categorical,L1_S24_F1796,1183718,1183747,99.9976,train,categorical,1,24,L1_S24,29,0.0024
train_categorical,L1_S24_F1797,1183718,1183747,99.9976,train,categorical,1,24,L1_S24,29,0.0024
train_categorical,L1_S24_F1799,1183718,1183747,99.9976,train,categorical,1,24,L1_S24,29,0.0024
train_categorical,L1_S24_F1801,1183718,1183747,99.9976,train,categorical,1,24,L1_S24,29,0.0024
train_categorical,L1_S24_F1802,1183718,1183747,99.9976,train,categorical,1,24,L1_S24,29,0.0024
train_categorical,L1_S24_F1804,1183718,1183747,99.9976,train,categorical,1,24,L1_S24,29,0.0024
train_categorical,L1_S24_F1806,1183718,1183747,99.9976,train,categorical,1,24,L1_S24,29,0.0024
train_categorical,L1_S24_F1807,1183718,1183747,99.9976,train,categorical,1,24,L1_S24,29,0.0024
train_categorical,L1_S24_F1827,1050825,1183747,88.7711,train,categorical,1,24,L1_S24,132922,11.2289
train_categorical,L1_S25_F1852,1128281,1183747,95.3144,train,categorical,1,25,L1_S25,55466,4.6856
train_categorical,L1_S25_F1853,1183747,1183747,100.0,train,categorical,1,25,L1_S25,0,0.0
train_categorical,L1_S25_F1856,1183747,1183747,100.0,train,categorical,1,25,L1_S25,0,0.0
train_categorical,L1_S25_F1859,1183747,1183747,100.0,train,categorical,1,25,L1_S25,0,0.0
train_categorical,L1_S25_F1861,1183747,1183747,100.0,train,categorical,1,25,L1_S25,0,0.0
train_categorical,L1_S25_F1863,1183747,1183747,100.0,train,categorical,1,25,L1_S25,0,0.0
train_categorical,L1_S25_F1866,1183739,1183747,99.9993,train,categorical,1,25,L1_S25,8,0.0007
train_categorical,L1_S25_F1868,1183742,1183747,99.9996,train,categorical,1,25,L1_S25,5,0.0004
train_categorical,L1_S25_F1870,1183739,1183747,99.9993,train,categorical,1,25,L1_S25,8,0.0007
train_categorical,L1_S25_F1872,1183742,1183747,99.9996,train,categorical,1,25,L1_S25,5,0.0004
train_categorical,L1_S25_F1874,1183739,1183747,99.9993,train,categorical,1,25,L1_S25,8,0.0007
train_categorical,L1_S25_F1876,1183742,1183747,99.9996,train,categorical,1,25,L1_S25,5,0.0004
train_categorical,L1_S25_F1878,1183739,1183747,99.9993,train,categorical,1,25,L1_S25,8,0.0007
train_categorical,L1_S25_F1880,1183742,1183747,99.9996,train,categorical,1,25,L1_S25,5,0.0004
train_categorical,L1_S25_F1882,1183732,1183747,99.9987,train,categorical,1,25,L1_S25,15,0.0013
train_categorical,L1_S25_F1884,1183745,1183747,99.9998,train,categorical,1,25,L1_S25,2,0.0002
train_categorical,L1_S25_F1886,1183745,1183747,99.9998,train,categorical,1,25,L1_S25,2,0.0002
train_categorical,L1_S25_F1888,1183746,1183747,99.9999,train,categorical,1,25,L1_S25,1,0.0001
train_categorical,L1_S25_F1889,1183745,1183747,99.9998,train,categorical,1,25,L1_S25,2,0.0002
train_categorical,L1_S25_F1897,1183735,1183747,99.999,train,categorical,1,25,L1_S25,12,0.001
train_categorical,L1_S25_F1899,1183742,1183747,99.9996,train,categorical,1,25,L1_S25,5,0.0004
train_categorical,L1_S25_F1901,1183529,1183747,99.9816,train,categorical,1,25,L1_S25,218,0.0184
train_categorical,L1_S25_F1903,1155768,1183747,97.6364,train,categorical,1,25,L1_S25,27979,2.3636
train_categorical,L1_S25_F1904,1183529,1183747,99.9816,train,categorical,1,25,L1_S25,218,0.0184
train_categorical,L1_S25_F1905,1183529,1183747,99.9816,train,categorical,1,25,L1_S25,218,0.0184
train_categorical,L1_S25_F1907,1155768,1183747,97.6364,train,categorical,1,25,L1_S25,27979,2.3636
train_categorical,L1_S25_F1908,1183529,1183747,99.9816,train,categorical,1,25,L1_S25,218,0.0184
train_categorical,L1_S25_F1910,1183529,1183747,99.9816,train,categorical,1,25,L1_S25,218,0.0184
train_categorical,L1_S25_F1912,1155768,1183747,97.6364,train,categorical,1,25,L1_S25,27979,2.3636
train_categorical,L1_S25_F1913,1183529,1183747,99.9816,train,categorical,1,25,L1_S25,218,0.0184
train_categorical,L1_S25_F1915,1183529,1183747,99.9816,train,categorical,1,25,L1_S25,218,0.0184
train_categorical,L1_S25_F1917,1155768,1183747,97.6364,train,categorical,1,25,L1_S25,27979,2.3636
train_categorical,L1_S25_F1918,1183529,1183747,99.9816,train,categorical,1,25,L1_S25,218,0.0184
train_categorical,L1_S25_F1920,1183529,1183747,99.9816,train,categorical,1,25,L1_S25,218,0.0184
train_categorical,L1_S25_F1922,1155768,1183747,97.6364,train,categorical,1,25,L1_S25,27979,2.3636
train_categorical,L1_S25_F1923,1183529,1183747,99.9816,train,categorical,1,25,L1_S25,218,0.0184
train_categorical,L1_S25_F1925,1183529,1183747,99.9816,train,categorical,1,25,L1_S25,218,0.0184
train_categorical,L1_S25_F1927,1155768,1183747,97.6364,train,categorical,1,25,L1_S25,27979,2.3636
train_categorical,L1_S25_F1928,1183529,1183747,99.9816,train,categorical,1,25,L1_S25,218,0.0184
train_categorical,L1_S25_F1930,1183529,1183747,99.9816,train,categorical,1,25,L1_S25,218,0.0184
train_categorical,L1_S25_F1932,1155768,1183747,97.6364,train,categorical,1,25,L1_S25,27979,2.3636
train_categorical,L1_S25_F1933,1183529,1183747,99.9816,train,categorical,1,25,L1_S25,218,0.0184
train_categorical,L1_S25_F1934,1183529,1183747,99.9816,train,categorical,1,25,L1_S25,218,0.0184
train_categorical,L1_S25_F1936,1155768,1183747,97.6364,train,categorical,1,25,L1_S25,27979,2.3636
train_categorical,L1_S25_F1937,1183529,1183747,99.9816,train,categorical,1,25,L1_S25,218,0.0184
train_categorical,L1_S25_F1939,1183529,1183747,99.9816,train,categorical,1,25,L1_S25,218,0.0184
train_categorical,L1_S25_F1941,1155768,1183747,97.6364,train,categorical,1,25,L1_S25,27979,2.3636
train_categorical,L1_S25_F1942,1183529,1183747,99.9816,train,categorical,1,25,L1_S25,218,0.0184
train_categorical,L1_S25_F1944,1183529,1183747,99.9816,train,categorical,1,25,L1_S25,218,0.0184
train_categorical,L1_S25_F1946,1155768,1183747,97.6364,train,categorical,1,25,L1_S25,27979,2.3636
train_categorical,L1_S25_F1947,1183529,1183747,99.9816,train,categorical,1,25,L1_S25,218,0.0184
train_categorical,L1_S25_F1949,1183529,1183747,99.9816,train,categorical,1,25,L1_S25,218,0.0184
train_categorical,L1_S25_F1951,1155768,1183747,97.6364,train,categorical,1,25,L1_S25,27979,2.3636
train_categorical,L1_S25_F1952,1183529,1183747,99.9816,train,categorical,1,25,L1_S25,218,0.0184
train_categorical,L1_S25_F1954,1183529,1183747,99.9816,train,categorical,1,25,L1_S25,218,0.0184
train_categorical,L1_S25_F1956,1155768,1183747,97.6364,train,categorical,1,25,L1_S25,27979,2.3636
train_categorical,L1_S25_F1957,1183529,1183747,99.9816,train,categorical,1,25,L1_S25,218,0.0184
train_categorical,L1_S25_F1959,1183529,1183747,99.9816,train,categorical,1,25,L1_S25,218,0.0184
train_categorical,L1_S25_F1961,1155768,1183747,97.6364,train,categorical,1,25,L1_S25,27979,2.3636
train_categorical,L1_S25_F1962,1183529,1183747,99.9816,train,categorical,1,25,L1_S25,218,0.0184
train_categorical,L1_S25_F1964,1183529,1183747,99.9816,train,categorical,1,25,L1_S25,218,0.0184
train_categorical,L1_S25_F1966,1155768,1183747,97.6364,train,categorical,1,25,L1_S25,27979,2.3636
train_categorical,L1_S25_F1967,1183529,1183747,99.9816,train,categorical,1,25,L1_S25,218,0.0184
train_categorical,L1_S25_F1969,1183529,1183747,99.9816,train,categorical,1,25,L1_S25,218,0.0184
train_categorical,L1_S25_F1971,1155768,1183747,97.6364,train,categorical,1,25,L1_S25,27979,2.3636
train_categorical,L1_S25_F1972,1183529,1183747,99.9816,train,categorical,1,25,L1_S25,218,0.0184
train_categorical,L1_S25_F1974,1183529,1183747,99.9816,train,categorical,1,25,L1_S25,218,0.0184
train_categorical,L1_S25_F1976,1155768,1183747,97.6364,train,categorical,1,25,L1_S25,27979,2.3636
train_categorical,L1_S25_F1977,1183529,1183747,99.9816,train,categorical,1,25,L1_S25,218,0.0184
train_categorical,L1_S25_F1979,1183632,1183747,99.9903,train,categorical,1,25,L1_S25,115,0.0097
train_categorical,L1_S25_F1981,1156219,1183747,97.6745,train,categorical,1,25,L1_S25,27528,2.3255
train_categorical,L1_S25_F1982,1183632,1183747,99.9903,train,categorical,1,25,L1_S25,115,0.0097
train_categorical,L1_S25_F1983,1183632,1183747,99.9903,train,categorical,1,25,L1_S25,115,0.0097
train_categorical,L1_S25_F1985,1156219,1183747,97.6745,train,categorical,1,25,L1_S25,27528,2.3255
train_categorical,L1_S25_F1986,1183632,1183747,99.9903,train,categorical,1,25,L1_S25,115,0.0097
train_categorical,L1_S25_F1988,1183632,1183747,99.9903,train,categorical,1,25,L1_S25,115,0.0097
train_categorical,L1_S25_F1990,1156219,1183747,97.6745,train,categorical,1,25,L1_S25,27528,2.3255
train_categorical,L1_S25_F1991,1183632,1183747,99.9903,train,categorical,1,25,L1_S25,115,0.0097
train_categorical,L1_S25_F1993,1183632,1183747,99.9903,train,categorical,1,25,L1_S25,115,0.0097
train_categorical,L1_S25_F1995,1156219,1183747,97.6745,train,categorical,1,25,L1_S25,27528,2.3255
train_categorical,L1_S25_F1996,1183632,1183747,99.9903,train,categorical,1,25,L1_S25,115,0.0097
train_categorical,L1_S25_F1998,1183632,1183747,99.9903,train,categorical,1,25,L1_S25,115,0.0097
train_categorical,L1_S25_F2000,1156219,1183747,97.6745,train,categorical,1,25,L1_S25,27528,2.3255
train_categorical,L1_S25_F2001,1183632,1183747,99.9903,train,categorical,1,25,L1_S25,115,0.0097
train_categorical,L1_S25_F2003,1183632,1183747,99.9903,train,categorical,1,25,L1_S25,115,0.0097
train_categorical,L1_S25_F2005,1156219,1183747,97.6745,train,categorical,1,25,L1_S25,27528,2.3255
train_categorical,L1_S25_F2006,1183632,1183747,99.9903,train,categorical,1,25,L1_S25,115,0.0097
train_categorical,L1_S25_F2008,1183632,1183747,99.9903,train,categorical,1,25,L1_S25,115,0.0097
train_categorical,L1_S25_F2010,1156219,1183747,97.6745,train,categorical,1,25,L1_S25,27528,2.3255
train_categorical,L1_S25_F2011,1183632,1183747,99.9903,train,categorical,1,25,L1_S25,115,0.0097
train_categorical,L1_S25_F2012,1183632,1183747,99.9903,train,categorical,1,25,L1_S25,115,0.0097
train_categorical,L1_S25_F2014,1156219,1183747,97.6745,train,categorical,1,25,L1_S25,27528,2.3255
train_categorical,L1_S25_F2015,1183632,1183747,99.9903,train,categorical,1,25,L1_S25,115,0.0097
train_categorical,L1_S25_F2017,1183632,1183747,99.9903,train,categorical,1,25,L1_S25,115,0.0097
train_categorical,L1_S25_F2019,1156219,1183747,97.6745,train,categorical,1,25,L1_S25,27528,2.3255
train_categorical,L1_S25_F2020,1183632,1183747,99.9903,train,categorical,1,25,L1_S25,115,0.0097
train_categorical,L1_S25_F2022,1183632,1183747,99.9903,train,categorical,1,25,L1_S25,115,0.0097
train_categorical,L1_S25_F2024,1156219,1183747,97.6745,train,categorical,1,25,L1_S25,27528,2.3255
train_categorical,L1_S25_F2025,1183632,1183747,99.9903,train,categorical,1,25,L1_S25,115,0.0097
train_categorical,L1_S25_F2027,1183632,1183747,99.9903,train,categorical,1,25,L1_S25,115,0.0097
train_categorical,L1_S25_F2029,1156219,1183747,97.6745,train,categorical,1,25,L1_S25,27528,2.3255
train_categorical,L1_S25_F2030,1183632,1183747,99.9903,train,categorical,1,25,L1_S25,115,0.0097
train_categorical,L1_S25_F2032,1183632,1183747,99.9903,train,categorical,1,25,L1_S25,115,0.0097
train_categorical,L1_S25_F2034,1156219,1183747,97.6745,train,categorical,1,25,L1_S25,27528,2.3255
train_categorical,L1_S25_F2035,1183632,1183747,99.9903,train,categorical,1,25,L1_S25,115,0.0097
train_categorical,L1_S25_F2037,1183632,1183747,99.9903,train,categorical,1,25,L1_S25,115,0.0097
train_categorical,L1_S25_F2039,1156219,1183747,97.6745,train,categorical,1,25,L1_S25,27528,2.3255
train_categorical,L1_S25_F2040,1183632,1183747,99.9903,train,categorical,1,25,L1_S25,115,0.0097
train_categorical,L1_S25_F2042,1183632,1183747,99.9903,train,categorical,1,25,L1_S25,115,0.0097
train_categorical,L1_S25_F2044,1156219,1183747,97.6745,train,categorical,1,25,L1_S25,27528,2.3255
train_categorical,L1_S25_F2045,1183632,1183747,99.9903,train,categorical,1,25,L1_S25,115,0.0097
train_categorical,L1_S25_F2047,1183632,1183747,99.9903,train,categorical,1,25,L1_S25,115,0.0097
train_categorical,L1_S25_F2049,1156219,1183747,97.6745,train,categorical,1,25,L1_S25,27528,2.3255
train_categorical,L1_S25_F2050,1183632,1183747,99.9903,train,categorical,1,25,L1_S25,115,0.0097
train_categorical,L1_S25_F2052,1183632,1183747,99.9903,train,categorical,1,25,L1_S25,115,0.0097
train_categorical,L1_S25_F2054,1156219,1183747,97.6745,train,categorical,1,25,L1_S25,27528,2.3255
train_categorical,L1_S25_F2055,1183632,1183747,99.9903,train,categorical,1,25,L1_S25,115,0.0097
train_categorical,L1_S25_F2057,1183740,1183747,99.9994,train,categorical,1,25,L1_S25,7,0.0006
train_categorical,L1_S25_F2059,1183744,1183747,99.9997,train,categorical,1,25,L1_S25,3,0.0003
train_categorical,L1_S25_F2060,1183740,1183747,99.9994,train,categorical,1,25,L1_S25,7,0.0006
train_categorical,L1_S25_F2062,1183740,1183747,99.9994,train,categorical,1,25,L1_S25,7,0.0006
train_categorical,L1_S25_F2064,1183744,1183747,99.9997,train,categorical,1,25,L1_S25,3,0.0003
train_categorical,L1_S25_F2065,1183740,1183747,99.9994,train,categorical,1,25,L1_S25,7,0.0006
train_categorical,L1_S25_F2067,1183740,1183747,99.9994,train,categorical,1,25,L1_S25,7,0.0006
train_categorical,L1_S25_F2069,1183744,1183747,99.9997,train,categorical,1,25,L1_S25,3,0.0003
train_categorical,L1_S25_F2070,1183740,1183747,99.9994,train,categorical,1,25,L1_S25,7,0.0006
train_categorical,L1_S25_F2072,1183740,1183747,99.9994,train,categorical,1,25,L1_S25,7,0.0006
train_categorical,L1_S25_F2074,1183744,1183747,99.9997,train,categorical,1,25,L1_S25,3,0.0003
train_categorical,L1_S25_F2075,1183740,1183747,99.9994,train,categorical,1,25,L1_S25,7,0.0006
train_categorical,L1_S25_F2077,1183740,1183747,99.9994,train,categorical,1,25,L1_S25,7,0.0006
train_categorical,L1_S25_F2079,1183744,1183747,99.9997,train,categorical,1,25,L1_S25,3,0.0003
train_categorical,L1_S25_F2080,1183740,1183747,99.9994,train,categorical,1,25,L1_S25,7,0.0006
train_categorical,L1_S25_F2082,1183740,1183747,99.9994,train,categorical,1,25,L1_S25,7,0.0006
train_categorical,L1_S25_F2084,1183744,1183747,99.9997,train,categorical,1,25,L1_S25,3,0.0003
train_categorical,L1_S25_F2085,1183740,1183747,99.9994,train,categorical,1,25,L1_S25,7,0.0006
train_categorical,L1_S25_F2087,1183740,1183747,99.9994,train,categorical,1,25,L1_S25,7,0.0006
train_categorical,L1_S25_F2089,1183744,1183747,99.9997,train,categorical,1,25,L1_S25,3,0.0003
train_categorical,L1_S25_F2090,1183740,1183747,99.9994,train,categorical,1,25,L1_S25,7,0.0006
train_categorical,L1_S25_F2092,1183740,1183747,99.9994,train,categorical,1,25,L1_S25,7,0.0006
train_categorical,L1_S25_F2094,1183744,1183747,99.9997,train,categorical,1,25,L1_S25,3,0.0003
train_categorical,L1_S25_F2095,1183740,1183747,99.9994,train,categorical,1,25,L1_S25,7,0.0006
train_categorical,L1_S25_F2097,1183743,1183747,99.9997,train,categorical,1,25,L1_S25,4,0.0003
train_categorical,L1_S25_F2099,1178385,1183747,99.547,train,categorical,1,25,L1_S25,5362,0.453
train_categorical,L1_S25_F2100,1183743,1183747,99.9997,train,categorical,1,25,L1_S25,4,0.0003
train_categorical,L1_S25_F2102,1183743,1183747,99.9997,train,categorical,1,25,L1_S25,4,0.0003
train_categorical,L1_S25_F2104,1178385,1183747,99.547,train,categorical,1,25,L1_S25,5362,0.453
train_categorical,L1_S25_F2105,1183743,1183747,99.9997,train,categorical,1,25,L1_S25,4,0.0003
train_categorical,L1_S25_F2107,1183743,1183747,99.9997,train,categorical,1,25,L1_S25,4,0.0003
train_categorical,L1_S25_F2109,1178385,1183747,99.547,train,categorical,1,25,L1_S25,5362,0.453
train_categorical,L1_S25_F2110,1183743,1183747,99.9997,train,categorical,1,25,L1_S25,4,0.0003
train_categorical,L1_S25_F2112,1183743,1183747,99.9997,train,categorical,1,25,L1_S25,4,0.0003
train_categorical,L1_S25_F2114,1178385,1183747,99.547,train,categorical,1,25,L1_S25,5362,0.453
train_categorical,L1_S25_F2115,1183743,1183747,99.9997,train,categorical,1,25,L1_S25,4,0.0003
train_categorical,L1_S25_F2117,1183743,1183747,99.9997,train,categorical,1,25,L1_S25,4,0.0003
train_categorical,L1_S25_F2119,1178385,1183747,99.547,train,categorical,1,25,L1_S25,5362,0.453
train_categorical,L1_S25_F2120,1183743,1183747,99.9997,train,categorical,1,25,L1_S25,4,0.0003
train_categorical,L1_S25_F2122,1183743,1183747,99.9997,train,categorical,1,25,L1_S25,4,0.0003
train_categorical,L1_S25_F2124,1178385,1183747,99.547,train,categorical,1,25,L1_S25,5362,0.453
train_categorical,L1_S25_F2125,1183743,1183747,99.9997,train,categorical,1,25,L1_S25,4,0.0003
train_categorical,L1_S25_F2127,1183743,1183747,99.9997,train,categorical,1,25,L1_S25,4,0.0003
train_categorical,L1_S25_F2129,1178385,1183747,99.547,train,categorical,1,25,L1_S25,5362,0.453
train_categorical,L1_S25_F2130,1183743,1183747,99.9997,train,categorical,1,25,L1_S25,4,0.0003
train_categorical,L1_S25_F2132,1183743,1183747,99.9997,train,categorical,1,25,L1_S25,4,0.0003
train_categorical,L1_S25_F2134,1178385,1183747,99.547,train,categorical,1,25,L1_S25,5362,0.453
train_categorical,L1_S25_F2135,1183743,1183747,99.9997,train,categorical,1,25,L1_S25,4,0.0003
train_categorical,L1_S25_F2137,1183705,1183747,99.9965,train,categorical,1,25,L1_S25,42,0.0035
train_categorical,L1_S25_F2139,1183705,1183747,99.9965,train,categorical,1,25,L1_S25,42,0.0035
train_categorical,L1_S25_F2141,1128755,1183747,95.3544,train,categorical,1,25,L1_S25,54992,4.6456
train_categorical,L1_S25_F2142,1183705,1183747,99.9965,train,categorical,1,25,L1_S25,42,0.0035
train_categorical,L1_S25_F2145,1183705,1183747,99.9965,train,categorical,1,25,L1_S25,42,0.0035
train_categorical,L1_S25_F2148,1183705,1183747,99.9965,train,categorical,1,25,L1_S25,42,0.0035
train_categorical,L1_S25_F2150,1183705,1183747,99.9965,train,categorical,1,25,L1_S25,42,0.0035
train_categorical,L1_S25_F2153,1183705,1183747,99.9965,train,categorical,1,25,L1_S25,42,0.0035
train_categorical,L1_S25_F2156,1183705,1183747,99.9965,train,categorical,1,25,L1_S25,42,0.0035
train_categorical,L1_S25_F2159,1183705,1183747,99.9965,train,categorical,1,25,L1_S25,42,0.0035
train_categorical,L1_S25_F2162,1183705,1183747,99.9965,train,categorical,1,25,L1_S25,42,0.0035
train_categorical,L1_S25_F2165,1183705,1183747,99.9965,train,categorical,1,25,L1_S25,42,0.0035
train_categorical,L1_S25_F2168,1183705,1183747,99.9965,train,categorical,1,25,L1_S25,42,0.0035
train_categorical,L1_S25_F2171,1183705,1183747,99.9965,train,categorical,1,25,L1_S25,42,0.0035
train_categorical,L1_S25_F2174,1183705,1183747,99.9965,train,categorical,1,25,L1_S25,42,0.0035
train_categorical,L1_S25_F2177,1183705,1183747,99.9965,train,categorical,1,25,L1_S25,42,0.0035
train_categorical,L1_S25_F2179,1183746,1183747,99.9999,train,categorical,1,25,L1_S25,1,0.0001
train_categorical,L1_S25_F2182,1183746,1183747,99.9999,train,categorical,1,25,L1_S25,1,0.0001
train_categorical,L1_S25_F2185,1183746,1183747,99.9999,train,categorical,1,25,L1_S25,1,0.0001
train_categorical,L1_S25_F2188,1183746,1183747,99.9999,train,categorical,1,25,L1_S25,1,0.0001
train_categorical,L1_S25_F2191,1183746,1183747,99.9999,train,categorical,1,25,L1_S25,1,0.0001
train_categorical,L1_S25_F2194,1183746,1183747,99.9999,train,categorical,1,25,L1_S25,1,0.0001
train_categorical,L1_S25_F2197,1183746,1183747,99.9999,train,categorical,1,25,L1_S25,1,0.0001
train_categorical,L1_S25_F2200,1183746,1183747,99.9999,train,categorical,1,25,L1_S25,1,0.0001
train_categorical,L1_S25_F2203,1183746,1183747,99.9999,train,categorical,1,25,L1_S25,1,0.0001
train_categorical,L1_S25_F2205,1183738,1183747,99.9992,train,categorical,1,25,L1_S25,9,0.0008
train_categorical,L1_S25_F2208,1183738,1183747,99.9992,train,categorical,1,25,L1_S25,9,0.0008
train_categorical,L1_S25_F2211,1183738,1183747,99.9992,train,categorical,1,25,L1_S25,9,0.0008
train_categorical,L1_S25_F2213,1183738,1183747,99.9992,train,categorical,1,25,L1_S25,9,0.0008
train_categorical,L1_S25_F2215,1183738,1183747,99.9992,train,categorical,1,25,L1_S25,9,0.0008
train_categorical,L1_S25_F2218,1183738,1183747,99.9992,train,categorical,1,25,L1_S25,9,0.0008
train_categorical,L1_S25_F2221,1183738,1183747,99.9992,train,categorical,1,25,L1_S25,9,0.0008
train_categorical,L1_S25_F2224,1183738,1183747,99.9992,train,categorical,1,25,L1_S25,9,0.0008
train_categorical,L1_S25_F2227,1183738,1183747,99.9992,train,categorical,1,25,L1_S25,9,0.0008
train_categorical,L1_S25_F2229,1176589,1183747,99.3953,train,categorical,1,25,L1_S25,7158,0.6047
train_categorical,L1_S25_F2250,1183681,1183747,99.9944,train,categorical,1,25,L1_S25,66,0.0056
train_categorical,L1_S25_F2252,1180168,1183747,99.6977,train,categorical,1,25,L1_S25,3579,0.3023
train_categorical,L1_S25_F2253,1183681,1183747,99.9944,train,categorical,1,25,L1_S25,66,0.0056
train_categorical,L1_S25_F2254,1183681,1183747,99.9944,train,categorical,1,25,L1_S25,66,0.0056
train_categorical,L1_S25_F2256,1180168,1183747,99.6977,train,categorical,1,25,L1_S25,3579,0.3023
train_categorical,L1_S25_F2257,1183681,1183747,99.9944,train,categorical,1,25,L1_S25,66,0.0056
train_categorical,L1_S25_F2259,1183681,1183747,99.9944,train,categorical,1,25,L1_S25,66,0.0056
train_categorical,L1_S25_F2261,1180168,1183747,99.6977,train,categorical,1,25,L1_S25,3579,0.3023
train_categorical,L1_S25_F2262,1183681,1183747,99.9944,train,categorical,1,25,L1_S25,66,0.0056
train_categorical,L1_S25_F2264,1183681,1183747,99.9944,train,categorical,1,25,L1_S25,66,0.0056
train_categorical,L1_S25_F2266,1180168,1183747,99.6977,train,categorical,1,25,L1_S25,3579,0.3023
train_categorical,L1_S25_F2267,1183681,1183747,99.9944,train,categorical,1,25,L1_S25,66,0.0056
train_categorical,L1_S25_F2269,1183681,1183747,99.9944,train,categorical,1,25,L1_S25,66,0.0056
train_categorical,L1_S25_F2271,1180168,1183747,99.6977,train,categorical,1,25,L1_S25,3579,0.3023
train_categorical,L1_S25_F2272,1183681,1183747,99.9944,train,categorical,1,25,L1_S25,66,0.0056
train_categorical,L1_S25_F2274,1183681,1183747,99.9944,train,categorical,1,25,L1_S25,66,0.0056
train_categorical,L1_S25_F2276,1180168,1183747,99.6977,train,categorical,1,25,L1_S25,3579,0.3023
train_categorical,L1_S25_F2277,1183681,1183747,99.9944,train,categorical,1,25,L1_S25,66,0.0056
train_categorical,L1_S25_F2279,1183681,1183747,99.9944,train,categorical,1,25,L1_S25,66,0.0056
train_categorical,L1_S25_F2281,1180168,1183747,99.6977,train,categorical,1,25,L1_S25,3579,0.3023
train_categorical,L1_S25_F2282,1183681,1183747,99.9944,train,categorical,1,25,L1_S25,66,0.0056
train_categorical,L1_S25_F2283,1183681,1183747,99.9944,train,categorical,1,25,L1_S25,66,0.0056
train_categorical,L1_S25_F2285,1180168,1183747,99.6977,train,categorical,1,25,L1_S25,3579,0.3023
train_categorical,L1_S25_F2286,1183681,1183747,99.9944,train,categorical,1,25,L1_S25,66,0.0056
train_categorical,L1_S25_F2288,1183681,1183747,99.9944,train,categorical,1,25,L1_S25,66,0.0056
train_categorical,L1_S25_F2290,1180168,1183747,99.6977,train,categorical,1,25,L1_S25,3579,0.3023
train_categorical,L1_S25_F2291,1183681,1183747,99.9944,train,categorical,1,25,L1_S25,66,0.0056
train_categorical,L1_S25_F2293,1183681,1183747,99.9944,train,categorical,1,25,L1_S25,66,0.0056
train_categorical,L1_S25_F2295,1180168,1183747,99.6977,train,categorical,1,25,L1_S25,3579,0.3023
train_categorical,L1_S25_F2296,1183681,1183747,99.9944,train,categorical,1,25,L1_S25,66,0.0056
train_categorical,L1_S25_F2298,1183681,1183747,99.9944,train,categorical,1,25,L1_S25,66,0.0056
train_categorical,L1_S25_F2300,1180168,1183747,99.6977,train,categorical,1,25,L1_S25,3579,0.3023
train_categorical,L1_S25_F2301,1183681,1183747,99.9944,train,categorical,1,25,L1_S25,66,0.0056
train_categorical,L1_S25_F2303,1183681,1183747,99.9944,train,categorical,1,25,L1_S25,66,0.0056
train_categorical,L1_S25_F2305,1180168,1183747,99.6977,train,categorical,1,25,L1_S25,3579,0.3023
train_categorical,L1_S25_F2306,1183681,1183747,99.9944,train,categorical,1,25,L1_S25,66,0.0056
train_categorical,L1_S25_F2308,1183681,1183747,99.9944,train,categorical,1,25,L1_S25,66,0.0056
train_categorical,L1_S25_F2310,1180168,1183747,99.6977,train,categorical,1,25,L1_S25,3579,0.3023
train_categorical,L1_S25_F2311,1183681,1183747,99.9944,train,categorical,1,25,L1_S25,66,0.0056
train_categorical,L1_S25_F2313,1183681,1183747,99.9944,train,categorical,1,25,L1_S25,66,0.0056
train_categorical,L1_S25_F2315,1180168,1183747,99.6977,train,categorical,1,25,L1_S25,3579,0.3023
train_categorical,L1_S25_F2316,1183681,1183747,99.9944,train,categorical,1,25,L1_S25,66,0.0056
train_categorical,L1_S25_F2318,1183681,1183747,99.9944,train,categorical,1,25,L1_S25,66,0.0056
train_categorical,L1_S25_F2320,1180168,1183747,99.6977,train,categorical,1,25,L1_S25,3579,0.3023
train_categorical,L1_S25_F2321,1183681,1183747,99.9944,train,categorical,1,25,L1_S25,66,0.0056
train_categorical,L1_S25_F2323,1183681,1183747,99.9944,train,categorical,1,25,L1_S25,66,0.0056
train_categorical,L1_S25_F2325,1180168,1183747,99.6977,train,categorical,1,25,L1_S25,3579,0.3023
train_categorical,L1_S25_F2326,1183681,1183747,99.9944,train,categorical,1,25,L1_S25,66,0.0056
train_categorical,L1_S25_F2328,1183729,1183747,99.9985,train,categorical,1,25,L1_S25,18,0.0015
train_categorical,L1_S25_F2330,1180149,1183747,99.696,train,categorical,1,25,L1_S25,3598,0.304
train_categorical,L1_S25_F2331,1183729,1183747,99.9985,train,categorical,1,25,L1_S25,18,0.0015
train_categorical,L1_S25_F2332,1183729,1183747,99.9985,train,categorical,1,25,L1_S25,18,0.0015
train_categorical,L1_S25_F2334,1180149,1183747,99.696,train,categorical,1,25,L1_S25,3598,0.304
train_categorical,L1_S25_F2335,1183729,1183747,99.9985,train,categorical,1,25,L1_S25,18,0.0015
train_categorical,L1_S25_F2337,1183729,1183747,99.9985,train,categorical,1,25,L1_S25,18,0.0015
train_categorical,L1_S25_F2339,1180149,1183747,99.696,train,categorical,1,25,L1_S25,3598,0.304
train_categorical,L1_S25_F2340,1183729,1183747,99.9985,train,categorical,1,25,L1_S25,18,0.0015
train_categorical,L1_S25_F2342,1183729,1183747,99.9985,train,categorical,1,25,L1_S25,18,0.0015
train_categorical,L1_S25_F2344,1180149,1183747,99.696,train,categorical,1,25,L1_S25,3598,0.304
train_categorical,L1_S25_F2345,1183729,1183747,99.9985,train,categorical,1,25,L1_S25,18,0.0015
train_categorical,L1_S25_F2347,1183729,1183747,99.9985,train,categorical,1,25,L1_S25,18,0.0015
train_categorical,L1_S25_F2349,1180149,1183747,99.696,train,categorical,1,25,L1_S25,3598,0.304
train_categorical,L1_S25_F2350,1183729,1183747,99.9985,train,categorical,1,25,L1_S25,18,0.0015
train_categorical,L1_S25_F2352,1183729,1183747,99.9985,train,categorical,1,25,L1_S25,18,0.0015
train_categorical,L1_S25_F2354,1180149,1183747,99.696,train,categorical,1,25,L1_S25,3598,0.304
train_categorical,L1_S25_F2355,1183729,1183747,99.9985,train,categorical,1,25,L1_S25,18,0.0015
train_categorical,L1_S25_F2357,1183729,1183747,99.9985,train,categorical,1,25,L1_S25,18,0.0015
train_categorical,L1_S25_F2359,1180149,1183747,99.696,train,categorical,1,25,L1_S25,3598,0.304
train_categorical,L1_S25_F2360,1183729,1183747,99.9985,train,categorical,1,25,L1_S25,18,0.0015
train_categorical,L1_S25_F2361,1183729,1183747,99.9985,train,categorical,1,25,L1_S25,18,0.0015
train_categorical,L1_S25_F2363,1180149,1183747,99.696,train,categorical,1,25,L1_S25,3598,0.304
train_categorical,L1_S25_F2364,1183729,1183747,99.9985,train,categorical,1,25,L1_S25,18,0.0015
train_categorical,L1_S25_F2366,1183729,1183747,99.9985,train,categorical,1,25,L1_S25,18,0.0015
train_categorical,L1_S25_F2368,1180149,1183747,99.696,train,categorical,1,25,L1_S25,3598,0.304
train_categorical,L1_S25_F2369,1183729,1183747,99.9985,train,categorical,1,25,L1_S25,18,0.0015
train_categorical,L1_S25_F2371,1183729,1183747,99.9985,train,categorical,1,25,L1_S25,18,0.0015
train_categorical,L1_S25_F2373,1180149,1183747,99.696,train,categorical,1,25,L1_S25,3598,0.304
train_categorical,L1_S25_F2374,1183729,1183747,99.9985,train,categorical,1,25,L1_S25,18,0.0015
train_categorical,L1_S25_F2376,1183729,1183747,99.9985,train,categorical,1,25,L1_S25,18,0.0015
train_categorical,L1_S25_F2378,1180149,1183747,99.696,train,categorical,1,25,L1_S25,3598,0.304
train_categorical,L1_S25_F2379,1183729,1183747,99.9985,train,categorical,1,25,L1_S25,18,0.0015
train_categorical,L1_S25_F2381,1183729,1183747,99.9985,train,categorical,1,25,L1_S25,18,0.0015
train_categorical,L1_S25_F2383,1180149,1183747,99.696,train,categorical,1,25,L1_S25,3598,0.304
train_categorical,L1_S25_F2384,1183729,1183747,99.9985,train,categorical,1,25,L1_S25,18,0.0015
train_categorical,L1_S25_F2386,1183729,1183747,99.9985,train,categorical,1,25,L1_S25,18,0.0015
train_categorical,L1_S25_F2388,1180149,1183747,99.696,train,categorical,1,25,L1_S25,3598,0.304
train_categorical,L1_S25_F2389,1183729,1183747,99.9985,train,categorical,1,25,L1_S25,18,0.0015
train_categorical,L1_S25_F2391,1183729,1183747,99.9985,train,categorical,1,25,L1_S25,18,0.0015
train_categorical,L1_S25_F2393,1180149,1183747,99.696,train,categorical,1,25,L1_S25,3598,0.304
train_categorical,L1_S25_F2394,1183729,1183747,99.9985,train,categorical,1,25,L1_S25,18,0.0015
train_categorical,L1_S25_F2396,1183729,1183747,99.9985,train,categorical,1,25,L1_S25,18,0.0015
train_categorical,L1_S25_F2398,1180149,1183747,99.696,train,categorical,1,25,L1_S25,3598,0.304
train_categorical,L1_S25_F2399,1183729,1183747,99.9985,train,categorical,1,25,L1_S25,18,0.0015
train_categorical,L1_S25_F2401,1183729,1183747,99.9985,train,categorical,1,25,L1_S25,18,0.0015
train_categorical,L1_S25_F2403,1180149,1183747,99.696,train,categorical,1,25,L1_S25,3598,0.304
train_categorical,L1_S25_F2404,1183729,1183747,99.9985,train,categorical,1,25,L1_S25,18,0.0015
train_categorical,L1_S25_F2407,1183746,1183747,99.9999,train,categorical,1,25,L1_S25,1,0.0001
train_categorical,L1_S25_F2410,1183746,1183747,99.9999,train,categorical,1,25,L1_S25,1,0.0001
train_categorical,L1_S25_F2413,1183746,1183747,99.9999,train,categorical,1,25,L1_S25,1,0.0001
train_categorical,L1_S25_F2416,1183746,1183747,99.9999,train,categorical,1,25,L1_S25,1,0.0001
train_categorical,L1_S25_F2419,1183746,1183747,99.9999,train,categorical,1,25,L1_S25,1,0.0001
train_categorical,L1_S25_F2422,1183746,1183747,99.9999,train,categorical,1,25,L1_S25,1,0.0001
train_categorical,L1_S25_F2425,1183746,1183747,99.9999,train,categorical,1,25,L1_S25,1,0.0001
train_categorical,L1_S25_F2428,1183746,1183747,99.9999,train,categorical,1,25,L1_S25,1,0.0001
train_categorical,L1_S25_F2447,1176685,1183747,99.4034,train,categorical,1,25,L1_S25,7062,0.5966
train_categorical,L1_S25_F2470,1183669,1183747,99.9934,train,categorical,1,25,L1_S25,78,0.0066
train_categorical,L1_S25_F2473,1183669,1183747,99.9934,train,categorical,1,25,L1_S25,78,0.0066
train_categorical,L1_S25_F2476,1183669,1183747,99.9934,train,categorical,1,25,L1_S25,78,0.0066
train_categorical,L1_S25_F2479,1183669,1183747,99.9934,train,categorical,1,25,L1_S25,78,0.0066
train_categorical,L1_S25_F2482,1183669,1183747,99.9934,train,categorical,1,25,L1_S25,78,0.0066
train_categorical,L1_S25_F2485,1183669,1183747,99.9934,train,categorical,1,25,L1_S25,78,0.0066
train_categorical,L1_S25_F2488,1183669,1183747,99.9934,train,categorical,1,25,L1_S25,78,0.0066
train_categorical,L1_S25_F2491,1183669,1183747,99.9934,train,categorical,1,25,L1_S25,78,0.0066
train_categorical,L1_S25_F2494,1183669,1183747,99.9934,train,categorical,1,25,L1_S25,78,0.0066
train_categorical,L1_S25_F2496,1179450,1183747,99.637,train,categorical,1,25,L1_S25,4297,0.363
train_categorical,L1_S25_F2517,1183740,1183747,99.9994,train,categorical,1,25,L1_S25,7,0.0006
train_categorical,L1_S25_F2519,1181600,1183747,99.8186,train,categorical,1,25,L1_S25,2147,0.1814
train_categorical,L1_S25_F2520,1183740,1183747,99.9994,train,categorical,1,25,L1_S25,7,0.0006
train_categorical,L1_S25_F2521,1183740,1183747,99.9994,train,categorical,1,25,L1_S25,7,0.0006
train_categorical,L1_S25_F2523,1181600,1183747,99.8186,train,categorical,1,25,L1_S25,2147,0.1814
train_categorical,L1_S25_F2524,1183740,1183747,99.9994,train,categorical,1,25,L1_S25,7,0.0006
train_categorical,L1_S25_F2526,1183740,1183747,99.9994,train,categorical,1,25,L1_S25,7,0.0006
train_categorical,L1_S25_F2528,1181600,1183747,99.8186,train,categorical,1,25,L1_S25,2147,0.1814
train_categorical,L1_S25_F2529,1183740,1183747,99.9994,train,categorical,1,25,L1_S25,7,0.0006
train_categorical,L1_S25_F2531,1183740,1183747,99.9994,train,categorical,1,25,L1_S25,7,0.0006
train_categorical,L1_S25_F2533,1181600,1183747,99.8186,train,categorical,1,25,L1_S25,2147,0.1814
train_categorical,L1_S25_F2534,1183740,1183747,99.9994,train,categorical,1,25,L1_S25,7,0.0006
train_categorical,L1_S25_F2536,1183740,1183747,99.9994,train,categorical,1,25,L1_S25,7,0.0006
train_categorical,L1_S25_F2538,1181600,1183747,99.8186,train,categorical,1,25,L1_S25,2147,0.1814
train_categorical,L1_S25_F2539,1183740,1183747,99.9994,train,categorical,1,25,L1_S25,7,0.0006
train_categorical,L1_S25_F2541,1183740,1183747,99.9994,train,categorical,1,25,L1_S25,7,0.0006
train_categorical,L1_S25_F2543,1181600,1183747,99.8186,train,categorical,1,25,L1_S25,2147,0.1814
train_categorical,L1_S25_F2544,1183740,1183747,99.9994,train,categorical,1,25,L1_S25,7,0.0006
train_categorical,L1_S25_F2546,1183740,1183747,99.9994,train,categorical,1,25,L1_S25,7,0.0006
train_categorical,L1_S25_F2548,1181600,1183747,99.8186,train,categorical,1,25,L1_S25,2147,0.1814
train_categorical,L1_S25_F2549,1183740,1183747,99.9994,train,categorical,1,25,L1_S25,7,0.0006
train_categorical,L1_S25_F2550,1183740,1183747,99.9994,train,categorical,1,25,L1_S25,7,0.0006
train_categorical,L1_S25_F2552,1181600,1183747,99.8186,train,categorical,1,25,L1_S25,2147,0.1814
train_categorical,L1_S25_F2553,1183740,1183747,99.9994,train,categorical,1,25,L1_S25,7,0.0006
train_categorical,L1_S25_F2555,1183740,1183747,99.9994,train,categorical,1,25,L1_S25,7,0.0006
train_categorical,L1_S25_F2557,1181600,1183747,99.8186,train,categorical,1,25,L1_S25,2147,0.1814
train_categorical,L1_S25_F2558,1183740,1183747,99.9994,train,categorical,1,25,L1_S25,7,0.0006
train_categorical,L1_S25_F2560,1183740,1183747,99.9994,train,categorical,1,25,L1_S25,7,0.0006
train_categorical,L1_S25_F2562,1181600,1183747,99.8186,train,categorical,1,25,L1_S25,2147,0.1814
train_categorical,L1_S25_F2563,1183740,1183747,99.9994,train,categorical,1,25,L1_S25,7,0.0006
train_categorical,L1_S25_F2565,1183740,1183747,99.9994,train,categorical,1,25,L1_S25,7,0.0006
train_categorical,L1_S25_F2567,1181600,1183747,99.8186,train,categorical,1,25,L1_S25,2147,0.1814
train_categorical,L1_S25_F2568,1183740,1183747,99.9994,train,categorical,1,25,L1_S25,7,0.0006
train_categorical,L1_S25_F2570,1183740,1183747,99.9994,train,categorical,1,25,L1_S25,7,0.0006
train_categorical,L1_S25_F2572,1181600,1183747,99.8186,train,categorical,1,25,L1_S25,2147,0.1814
train_categorical,L1_S25_F2573,1183740,1183747,99.9994,train,categorical,1,25,L1_S25,7,0.0006
train_categorical,L1_S25_F2575,1183740,1183747,99.9994,train,categorical,1,25,L1_S25,7,0.0006
train_categorical,L1_S25_F2577,1181600,1183747,99.8186,train,categorical,1,25,L1_S25,2147,0.1814
train_categorical,L1_S25_F2578,1183740,1183747,99.9994,train,categorical,1,25,L1_S25,7,0.0006
train_categorical,L1_S25_F2580,1183740,1183747,99.9994,train,categorical,1,25,L1_S25,7,0.0006
train_categorical,L1_S25_F2582,1181600,1183747,99.8186,train,categorical,1,25,L1_S25,2147,0.1814
train_categorical,L1_S25_F2583,1183740,1183747,99.9994,train,categorical,1,25,L1_S25,7,0.0006
train_categorical,L1_S25_F2585,1183740,1183747,99.9994,train,categorical,1,25,L1_S25,7,0.0006
train_categorical,L1_S25_F2587,1181600,1183747,99.8186,train,categorical,1,25,L1_S25,2147,0.1814
train_categorical,L1_S25_F2588,1183740,1183747,99.9994,train,categorical,1,25,L1_S25,7,0.0006
train_categorical,L1_S25_F2590,1183740,1183747,99.9994,train,categorical,1,25,L1_S25,7,0.0006
train_categorical,L1_S25_F2592,1181600,1183747,99.8186,train,categorical,1,25,L1_S25,2147,0.1814
train_categorical,L1_S25_F2593,1183740,1183747,99.9994,train,categorical,1,25,L1_S25,7,0.0006
train_categorical,L1_S25_F2595,1183742,1183747,99.9996,train,categorical,1,25,L1_S25,5,0.0004
train_categorical,L1_S25_F2597,1181593,1183747,99.818,train,categorical,1,25,L1_S25,2154,0.182
train_categorical,L1_S25_F2598,1183742,1183747,99.9996,train,categorical,1,25,L1_S25,5,0.0004
train_categorical,L1_S25_F2599,1183742,1183747,99.9996,train,categorical,1,25,L1_S25,5,0.0004
train_categorical,L1_S25_F2601,1181593,1183747,99.818,train,categorical,1,25,L1_S25,2154,0.182
train_categorical,L1_S25_F2602,1183742,1183747,99.9996,train,categorical,1,25,L1_S25,5,0.0004
train_categorical,L1_S25_F2604,1183742,1183747,99.9996,train,categorical,1,25,L1_S25,5,0.0004
train_categorical,L1_S25_F2606,1181593,1183747,99.818,train,categorical,1,25,L1_S25,2154,0.182
train_categorical,L1_S25_F2607,1183742,1183747,99.9996,train,categorical,1,25,L1_S25,5,0.0004
train_categorical,L1_S25_F2609,1183742,1183747,99.9996,train,categorical,1,25,L1_S25,5,0.0004
train_categorical,L1_S25_F2611,1181593,1183747,99.818,train,categorical,1,25,L1_S25,2154,0.182
train_categorical,L1_S25_F2612,1183742,1183747,99.9996,train,categorical,1,25,L1_S25,5,0.0004
train_categorical,L1_S25_F2614,1183742,1183747,99.9996,train,categorical,1,25,L1_S25,5,0.0004
train_categorical,L1_S25_F2616,1181593,1183747,99.818,train,categorical,1,25,L1_S25,2154,0.182
train_categorical,L1_S25_F2617,1183742,1183747,99.9996,train,categorical,1,25,L1_S25,5,0.0004
train_categorical,L1_S25_F2619,1183742,1183747,99.9996,train,categorical,1,25,L1_S25,5,0.0004
train_categorical,L1_S25_F2621,1181593,1183747,99.818,train,categorical,1,25,L1_S25,2154,0.182
train_categorical,L1_S25_F2622,1183742,1183747,99.9996,train,categorical,1,25,L1_S25,5,0.0004
train_categorical,L1_S25_F2624,1183742,1183747,99.9996,train,categorical,1,25,L1_S25,5,0.0004
train_categorical,L1_S25_F2626,1181593,1183747,99.818,train,categorical,1,25,L1_S25,2154,0.182
train_categorical,L1_S25_F2627,1183742,1183747,99.9996,train,categorical,1,25,L1_S25,5,0.0004
train_categorical,L1_S25_F2628,1183742,1183747,99.9996,train,categorical,1,25,L1_S25,5,0.0004
train_categorical,L1_S25_F2630,1181593,1183747,99.818,train,categorical,1,25,L1_S25,2154,0.182
train_categorical,L1_S25_F2631,1183742,1183747,99.9996,train,categorical,1,25,L1_S25,5,0.0004
train_categorical,L1_S25_F2633,1183742,1183747,99.9996,train,categorical,1,25,L1_S25,5,0.0004
train_categorical,L1_S25_F2635,1181593,1183747,99.818,train,categorical,1,25,L1_S25,2154,0.182
train_categorical,L1_S25_F2636,1183742,1183747,99.9996,train,categorical,1,25,L1_S25,5,0.0004
train_categorical,L1_S25_F2638,1183742,1183747,99.9996,train,categorical,1,25,L1_S25,5,0.0004
train_categorical,L1_S25_F2640,1181593,1183747,99.818,train,categorical,1,25,L1_S25,2154,0.182
train_categorical,L1_S25_F2641,1183742,1183747,99.9996,train,categorical,1,25,L1_S25,5,0.0004
train_categorical,L1_S25_F2643,1183742,1183747,99.9996,train,categorical,1,25,L1_S25,5,0.0004
train_categorical,L1_S25_F2645,1181593,1183747,99.818,train,categorical,1,25,L1_S25,2154,0.182
train_categorical,L1_S25_F2646,1183742,1183747,99.9996,train,categorical,1,25,L1_S25,5,0.0004
train_categorical,L1_S25_F2648,1183742,1183747,99.9996,train,categorical,1,25,L1_S25,5,0.0004
train_categorical,L1_S25_F2650,1181593,1183747,99.818,train,categorical,1,25,L1_S25,2154,0.182
train_categorical,L1_S25_F2651,1183742,1183747,99.9996,train,categorical,1,25,L1_S25,5,0.0004
train_categorical,L1_S25_F2653,1183742,1183747,99.9996,train,categorical,1,25,L1_S25,5,0.0004
train_categorical,L1_S25_F2655,1181593,1183747,99.818,train,categorical,1,25,L1_S25,2154,0.182
train_categorical,L1_S25_F2656,1183742,1183747,99.9996,train,categorical,1,25,L1_S25,5,0.0004
train_categorical,L1_S25_F2658,1183742,1183747,99.9996,train,categorical,1,25,L1_S25,5,0.0004
train_categorical,L1_S25_F2660,1181593,1183747,99.818,train,categorical,1,25,L1_S25,2154,0.182
train_categorical,L1_S25_F2661,1183742,1183747,99.9996,train,categorical,1,25,L1_S25,5,0.0004
train_categorical,L1_S25_F2663,1183742,1183747,99.9996,train,categorical,1,25,L1_S25,5,0.0004
train_categorical,L1_S25_F2665,1181593,1183747,99.818,train,categorical,1,25,L1_S25,2154,0.182
train_categorical,L1_S25_F2666,1183742,1183747,99.9996,train,categorical,1,25,L1_S25,5,0.0004
train_categorical,L1_S25_F2668,1183742,1183747,99.9996,train,categorical,1,25,L1_S25,5,0.0004
train_categorical,L1_S25_F2670,1181593,1183747,99.818,train,categorical,1,25,L1_S25,2154,0.182
train_categorical,L1_S25_F2671,1183742,1183747,99.9996,train,categorical,1,25,L1_S25,5,0.0004
train_categorical,L1_S25_F2673,1183739,1183747,99.9993,train,categorical,1,25,L1_S25,8,0.0007
train_categorical,L1_S25_F2675,1183739,1183747,99.9993,train,categorical,1,25,L1_S25,8,0.0007
train_categorical,L1_S25_F2676,1183739,1183747,99.9993,train,categorical,1,25,L1_S25,8,0.0007
train_categorical,L1_S25_F2678,1183739,1183747,99.9993,train,categorical,1,25,L1_S25,8,0.0007
train_categorical,L1_S25_F2680,1183739,1183747,99.9993,train,categorical,1,25,L1_S25,8,0.0007
train_categorical,L1_S25_F2681,1183739,1183747,99.9993,train,categorical,1,25,L1_S25,8,0.0007
train_categorical,L1_S25_F2683,1183739,1183747,99.9993,train,categorical,1,25,L1_S25,8,0.0007
train_categorical,L1_S25_F2685,1183739,1183747,99.9993,train,categorical,1,25,L1_S25,8,0.0007
train_categorical,L1_S25_F2686,1183739,1183747,99.9993,train,categorical,1,25,L1_S25,8,0.0007
train_categorical,L1_S25_F2688,1183739,1183747,99.9993,train,categorical,1,25,L1_S25,8,0.0007
train_categorical,L1_S25_F2690,1183739,1183747,99.9993,train,categorical,1,25,L1_S25,8,0.0007
train_categorical,L1_S25_F2691,1183739,1183747,99.9993,train,categorical,1,25,L1_S25,8,0.0007
train_categorical,L1_S25_F2693,1183739,1183747,99.9993,train,categorical,1,25,L1_S25,8,0.0007
train_categorical,L1_S25_F2695,1183739,1183747,99.9993,train,categorical,1,25,L1_S25,8,0.0007
train_categorical,L1_S25_F2696,1183739,1183747,99.9993,train,categorical,1,25,L1_S25,8,0.0007
train_categorical,L1_S25_F2698,1183739,1183747,99.9993,train,categorical,1,25,L1_S25,8,0.0007
train_categorical,L1_S25_F2700,1183739,1183747,99.9993,train,categorical,1,25,L1_S25,8,0.0007
train_categorical,L1_S25_F2701,1183739,1183747,99.9993,train,categorical,1,25,L1_S25,8,0.0007
train_categorical,L1_S25_F2703,1183739,1183747,99.9993,train,categorical,1,25,L1_S25,8,0.0007
train_categorical,L1_S25_F2705,1183739,1183747,99.9993,train,categorical,1,25,L1_S25,8,0.0007
train_categorical,L1_S25_F2706,1183739,1183747,99.9993,train,categorical,1,25,L1_S25,8,0.0007
train_categorical,L1_S25_F2708,1183739,1183747,99.9993,train,categorical,1,25,L1_S25,8,0.0007
train_categorical,L1_S25_F2710,1183739,1183747,99.9993,train,categorical,1,25,L1_S25,8,0.0007
train_categorical,L1_S25_F2711,1183739,1183747,99.9993,train,categorical,1,25,L1_S25,8,0.0007
train_categorical,L1_S25_F2730,1179479,1183747,99.6394,train,categorical,1,25,L1_S25,4268,0.3606
train_categorical,L1_S25_F2753,1183689,1183747,99.9951,train,categorical,1,25,L1_S25,58,0.0049
train_categorical,L1_S25_F2756,1183689,1183747,99.9951,train,categorical,1,25,L1_S25,58,0.0049
train_categorical,L1_S25_F2759,1183689,1183747,99.9951,train,categorical,1,25,L1_S25,58,0.0049
train_categorical,L1_S25_F2762,1183689,1183747,99.9951,train,categorical,1,25,L1_S25,58,0.0049
train_categorical,L1_S25_F2765,1183689,1183747,99.9951,train,categorical,1,25,L1_S25,58,0.0049
train_categorical,L1_S25_F2768,1183689,1183747,99.9951,train,categorical,1,25,L1_S25,58,0.0049
train_categorical,L1_S25_F2771,1183689,1183747,99.9951,train,categorical,1,25,L1_S25,58,0.0049
train_categorical,L1_S25_F2774,1183689,1183747,99.9951,train,categorical,1,25,L1_S25,58,0.0049
train_categorical,L1_S25_F2777,1183689,1183747,99.9951,train,categorical,1,25,L1_S25,58,0.0049
train_categorical,L1_S25_F2779,1165969,1183747,98.4982,train,categorical,1,25,L1_S25,17778,1.5018
train_categorical,L1_S25_F2800,1183721,1183747,99.9978,train,categorical,1,25,L1_S25,26,0.0022
train_categorical,L1_S25_F2802,1174875,1183747,99.2505,train,categorical,1,25,L1_S25,8872,0.7495
train_categorical,L1_S25_F2803,1183721,1183747,99.9978,train,categorical,1,25,L1_S25,26,0.0022
train_categorical,L1_S25_F2804,1183721,1183747,99.9978,train,categorical,1,25,L1_S25,26,0.0022
train_categorical,L1_S25_F2806,1174875,1183747,99.2505,train,categorical,1,25,L1_S25,8872,0.7495
train_categorical,L1_S25_F2807,1183721,1183747,99.9978,train,categorical,1,25,L1_S25,26,0.0022
train_categorical,L1_S25_F2809,1183721,1183747,99.9978,train,categorical,1,25,L1_S25,26,0.0022
train_categorical,L1_S25_F2811,1174875,1183747,99.2505,train,categorical,1,25,L1_S25,8872,0.7495
train_categorical,L1_S25_F2812,1183721,1183747,99.9978,train,categorical,1,25,L1_S25,26,0.0022
train_categorical,L1_S25_F2814,1183721,1183747,99.9978,train,categorical,1,25,L1_S25,26,0.0022
train_categorical,L1_S25_F2816,1174875,1183747,99.2505,train,categorical,1,25,L1_S25,8872,0.7495
train_categorical,L1_S25_F2817,1183721,1183747,99.9978,train,categorical,1,25,L1_S25,26,0.0022
train_categorical,L1_S25_F2819,1183721,1183747,99.9978,train,categorical,1,25,L1_S25,26,0.0022
train_categorical,L1_S25_F2821,1174875,1183747,99.2505,train,categorical,1,25,L1_S25,8872,0.7495
train_categorical,L1_S25_F2822,1183721,1183747,99.9978,train,categorical,1,25,L1_S25,26,0.0022
train_categorical,L1_S25_F2824,1183721,1183747,99.9978,train,categorical,1,25,L1_S25,26,0.0022
train_categorical,L1_S25_F2826,1174875,1183747,99.2505,train,categorical,1,25,L1_S25,8872,0.7495
train_categorical,L1_S25_F2827,1183721,1183747,99.9978,train,categorical,1,25,L1_S25,26,0.0022
train_categorical,L1_S25_F2829,1183721,1183747,99.9978,train,categorical,1,25,L1_S25,26,0.0022
train_categorical,L1_S25_F2831,1174875,1183747,99.2505,train,categorical,1,25,L1_S25,8872,0.7495
train_categorical,L1_S25_F2832,1183721,1183747,99.9978,train,categorical,1,25,L1_S25,26,0.0022
train_categorical,L1_S25_F2833,1183721,1183747,99.9978,train,categorical,1,25,L1_S25,26,0.0022
train_categorical,L1_S25_F2835,1174875,1183747,99.2505,train,categorical,1,25,L1_S25,8872,0.7495
train_categorical,L1_S25_F2836,1183721,1183747,99.9978,train,categorical,1,25,L1_S25,26,0.0022
train_categorical,L1_S25_F2838,1183721,1183747,99.9978,train,categorical,1,25,L1_S25,26,0.0022
train_categorical,L1_S25_F2840,1174875,1183747,99.2505,train,categorical,1,25,L1_S25,8872,0.7495
train_categorical,L1_S25_F2841,1183721,1183747,99.9978,train,categorical,1,25,L1_S25,26,0.0022
train_categorical,L1_S25_F2843,1183721,1183747,99.9978,train,categorical,1,25,L1_S25,26,0.0022
train_categorical,L1_S25_F2845,1174875,1183747,99.2505,train,categorical,1,25,L1_S25,8872,0.7495
train_categorical,L1_S25_F2846,1183721,1183747,99.9978,train,categorical,1,25,L1_S25,26,0.0022
train_categorical,L1_S25_F2848,1183721,1183747,99.9978,train,categorical,1,25,L1_S25,26,0.0022
train_categorical,L1_S25_F2850,1174875,1183747,99.2505,train,categorical,1,25,L1_S25,8872,0.7495
train_categorical,L1_S25_F2851,1183721,1183747,99.9978,train,categorical,1,25,L1_S25,26,0.0022
train_categorical,L1_S25_F2853,1183721,1183747,99.9978,train,categorical,1,25,L1_S25,26,0.0022
train_categorical,L1_S25_F2855,1174875,1183747,99.2505,train,categorical,1,25,L1_S25,8872,0.7495
train_categorical,L1_S25_F2856,1183721,1183747,99.9978,train,categorical,1,25,L1_S25,26,0.0022
train_categorical,L1_S25_F2858,1183721,1183747,99.9978,train,categorical,1,25,L1_S25,26,0.0022
train_categorical,L1_S25_F2860,1174875,1183747,99.2505,train,categorical,1,25,L1_S25,8872,0.7495
train_categorical,L1_S25_F2861,1183721,1183747,99.9978,train,categorical,1,25,L1_S25,26,0.0022
train_categorical,L1_S25_F2863,1183721,1183747,99.9978,train,categorical,1,25,L1_S25,26,0.0022
train_categorical,L1_S25_F2865,1174875,1183747,99.2505,train,categorical,1,25,L1_S25,8872,0.7495
train_categorical,L1_S25_F2866,1183721,1183747,99.9978,train,categorical,1,25,L1_S25,26,0.0022
train_categorical,L1_S25_F2868,1183721,1183747,99.9978,train,categorical,1,25,L1_S25,26,0.0022
train_categorical,L1_S25_F2870,1174875,1183747,99.2505,train,categorical,1,25,L1_S25,8872,0.7495
train_categorical,L1_S25_F2871,1183721,1183747,99.9978,train,categorical,1,25,L1_S25,26,0.0022
train_categorical,L1_S25_F2873,1183721,1183747,99.9978,train,categorical,1,25,L1_S25,26,0.0022
train_categorical,L1_S25_F2875,1174875,1183747,99.2505,train,categorical,1,25,L1_S25,8872,0.7495
train_categorical,L1_S25_F2876,1183721,1183747,99.9978,train,categorical,1,25,L1_S25,26,0.0022
train_categorical,L1_S25_F2878,1183746,1183747,99.9999,train,categorical,1,25,L1_S25,1,0.0001
train_categorical,L1_S25_F2880,1174811,1183747,99.2451,train,categorical,1,25,L1_S25,8936,0.7549
train_categorical,L1_S25_F2881,1183746,1183747,99.9999,train,categorical,1,25,L1_S25,1,0.0001
train_categorical,L1_S25_F2882,1183746,1183747,99.9999,train,categorical,1,25,L1_S25,1,0.0001
train_categorical,L1_S25_F2884,1174811,1183747,99.2451,train,categorical,1,25,L1_S25,8936,0.7549
train_categorical,L1_S25_F2885,1183746,1183747,99.9999,train,categorical,1,25,L1_S25,1,0.0001
train_categorical,L1_S25_F2887,1183746,1183747,99.9999,train,categorical,1,25,L1_S25,1,0.0001
train_categorical,L1_S25_F2889,1174811,1183747,99.2451,train,categorical,1,25,L1_S25,8936,0.7549
train_categorical,L1_S25_F2890,1183746,1183747,99.9999,train,categorical,1,25,L1_S25,1,0.0001
train_categorical,L1_S25_F2892,1183746,1183747,99.9999,train,categorical,1,25,L1_S25,1,0.0001
train_categorical,L1_S25_F2894,1174811,1183747,99.2451,train,categorical,1,25,L1_S25,8936,0.7549
train_categorical,L1_S25_F2895,1183746,1183747,99.9999,train,categorical,1,25,L1_S25,1,0.0001
train_categorical,L1_S25_F2897,1183746,1183747,99.9999,train,categorical,1,25,L1_S25,1,0.0001
train_categorical,L1_S25_F2899,1174811,1183747,99.2451,train,categorical,1,25,L1_S25,8936,0.7549
train_categorical,L1_S25_F2900,1183746,1183747,99.9999,train,categorical,1,25,L1_S25,1,0.0001
train_categorical,L1_S25_F2902,1183746,1183747,99.9999,train,categorical,1,25,L1_S25,1,0.0001
train_categorical,L1_S25_F2904,1174811,1183747,99.2451,train,categorical,1,25,L1_S25,8936,0.7549
train_categorical,L1_S25_F2905,1183746,1183747,99.9999,train,categorical,1,25,L1_S25,1,0.0001
train_categorical,L1_S25_F2907,1183746,1183747,99.9999,train,categorical,1,25,L1_S25,1,0.0001
train_categorical,L1_S25_F2909,1174811,1183747,99.2451,train,categorical,1,25,L1_S25,8936,0.7549
train_categorical,L1_S25_F2910,1183746,1183747,99.9999,train,categorical,1,25,L1_S25,1,0.0001
train_categorical,L1_S25_F2911,1183746,1183747,99.9999,train,categorical,1,25,L1_S25,1,0.0001
train_categorical,L1_S25_F2913,1174811,1183747,99.2451,train,categorical,1,25,L1_S25,8936,0.7549
train_categorical,L1_S25_F2914,1183746,1183747,99.9999,train,categorical,1,25,L1_S25,1,0.0001
train_categorical,L1_S25_F2916,1183746,1183747,99.9999,train,categorical,1,25,L1_S25,1,0.0001
train_categorical,L1_S25_F2918,1174811,1183747,99.2451,train,categorical,1,25,L1_S25,8936,0.7549
train_categorical,L1_S25_F2919,1183746,1183747,99.9999,train,categorical,1,25,L1_S25,1,0.0001
train_categorical,L1_S25_F2921,1183746,1183747,99.9999,train,categorical,1,25,L1_S25,1,0.0001
train_categorical,L1_S25_F2923,1174811,1183747,99.2451,train,categorical,1,25,L1_S25,8936,0.7549
train_categorical,L1_S25_F2924,1183746,1183747,99.9999,train,categorical,1,25,L1_S25,1,0.0001
train_categorical,L1_S25_F2926,1183746,1183747,99.9999,train,categorical,1,25,L1_S25,1,0.0001
train_categorical,L1_S25_F2928,1174811,1183747,99.2451,train,categorical,1,25,L1_S25,8936,0.7549
train_categorical,L1_S25_F2929,1183746,1183747,99.9999,train,categorical,1,25,L1_S25,1,0.0001
train_categorical,L1_S25_F2931,1183746,1183747,99.9999,train,categorical,1,25,L1_S25,1,0.0001
train_categorical,L1_S25_F2933,1174811,1183747,99.2451,train,categorical,1,25,L1_S25,8936,0.7549
train_categorical,L1_S25_F2934,1183746,1183747,99.9999,train,categorical,1,25,L1_S25,1,0.0001
train_categorical,L1_S25_F2936,1183746,1183747,99.9999,train,categorical,1,25,L1_S25,1,0.0001
train_categorical,L1_S25_F2938,1174811,1183747,99.2451,train,categorical,1,25,L1_S25,8936,0.7549
train_categorical,L1_S25_F2939,1183746,1183747,99.9999,train,categorical,1,25,L1_S25,1,0.0001
train_categorical,L1_S25_F2941,1183746,1183747,99.9999,train,categorical,1,25,L1_S25,1,0.0001
train_categorical,L1_S25_F2943,1174811,1183747,99.2451,train,categorical,1,25,L1_S25,8936,0.7549
train_categorical,L1_S25_F2944,1183746,1183747,99.9999,train,categorical,1,25,L1_S25,1,0.0001
train_categorical,L1_S25_F2946,1183746,1183747,99.9999,train,categorical,1,25,L1_S25,1,0.0001
train_categorical,L1_S25_F2948,1174811,1183747,99.2451,train,categorical,1,25,L1_S25,8936,0.7549
train_categorical,L1_S25_F2949,1183746,1183747,99.9999,train,categorical,1,25,L1_S25,1,0.0001
train_categorical,L1_S25_F2951,1183746,1183747,99.9999,train,categorical,1,25,L1_S25,1,0.0001
train_categorical,L1_S25_F2953,1174811,1183747,99.2451,train,categorical,1,25,L1_S25,8936,0.7549
train_categorical,L1_S25_F2954,1183746,1183747,99.9999,train,categorical,1,25,L1_S25,1,0.0001
train_categorical,L1_S25_F2956,1183747,1183747,100.0,train,categorical,1,25,L1_S25,0,0.0
train_categorical,L1_S25_F2958,1176792,1183747,99.4125,train,categorical,1,25,L1_S25,6955,0.5875
train_categorical,L1_S25_F2959,1183747,1183747,100.0,train,categorical,1,25,L1_S25,0,0.0
train_categorical,L1_S25_F2961,1183747,1183747,100.0,train,categorical,1,25,L1_S25,0,0.0
train_categorical,L1_S25_F2963,1176792,1183747,99.4125,train,categorical,1,25,L1_S25,6955,0.5875
train_categorical,L1_S25_F2964,1183747,1183747,100.0,train,categorical,1,25,L1_S25,0,0.0
train_categorical,L1_S25_F2966,1183747,1183747,100.0,train,categorical,1,25,L1_S25,0,0.0
train_categorical,L1_S25_F2968,1176792,1183747,99.4125,train,categorical,1,25,L1_S25,6955,0.5875
train_categorical,L1_S25_F2969,1183747,1183747,100.0,train,categorical,1,25,L1_S25,0,0.0
train_categorical,L1_S25_F2971,1183747,1183747,100.0,train,categorical,1,25,L1_S25,0,0.0
train_categorical,L1_S25_F2973,1176792,1183747,99.4125,train,categorical,1,25,L1_S25,6955,0.5875
train_categorical,L1_S25_F2974,1183747,1183747,100.0,train,categorical,1,25,L1_S25,0,0.0
train_categorical,L1_S25_F2976,1183747,1183747,100.0,train,categorical,1,25,L1_S25,0,0.0
train_categorical,L1_S25_F2978,1176792,1183747,99.4125,train,categorical,1,25,L1_S25,6955,0.5875
train_categorical,L1_S25_F2979,1183747,1183747,100.0,train,categorical,1,25,L1_S25,0,0.0
train_categorical,L1_S25_F2981,1183747,1183747,100.0,train,categorical,1,25,L1_S25,0,0.0
train_categorical,L1_S25_F2983,1176792,1183747,99.4125,train,categorical,1,25,L1_S25,6955,0.5875
train_categorical,L1_S25_F2984,1183747,1183747,100.0,train,categorical,1,25,L1_S25,0,0.0
train_categorical,L1_S25_F2986,1183747,1183747,100.0,train,categorical,1,25,L1_S25,0,0.0
train_categorical,L1_S25_F2988,1176792,1183747,99.4125,train,categorical,1,25,L1_S25,6955,0.5875
train_categorical,L1_S25_F2989,1183747,1183747,100.0,train,categorical,1,25,L1_S25,0,0.0
train_categorical,L1_S25_F2991,1183747,1183747,100.0,train,categorical,1,25,L1_S25,0,0.0
train_categorical,L1_S25_F2993,1176792,1183747,99.4125,train,categorical,1,25,L1_S25,6955,0.5875
train_categorical,L1_S25_F2994,1183747,1183747,100.0,train,categorical,1,25,L1_S25,0,0.0
train_categorical,L1_S25_F3013,1165975,1183747,98.4987,train,categorical,1,25,L1_S25,17772,1.5013
train_categorical,L2_S26_F3038,956736,1183747,80.8227,train,categorical,2,26,L2_S26,227011,19.1773
train_categorical,L2_S26_F3039,1183714,1183747,99.9972,train,categorical,2,26,L2_S26,33,0.0028
train_categorical,L2_S26_F3042,956736,1183747,80.8227,train,categorical,2,26,L2_S26,227011,19.1773
train_categorical,L2_S26_F3043,1183714,1183747,99.9972,train,categorical,2,26,L2_S26,33,0.0028
train_categorical,L2_S26_F3045,956736,1183747,80.8227,train,categorical,2,26,L2_S26,227011,19.1773
train_categorical,L2_S26_F3046,1183714,1183747,99.9972,train,categorical,2,26,L2_S26,33,0.0028
train_categorical,L2_S26_F3049,956736,1183747,80.8227,train,categorical,2,26,L2_S26,227011,19.1773
train_categorical,L2_S26_F3050,1183714,1183747,99.9972,train,categorical,2,26,L2_S26,33,0.0028
train_categorical,L2_S26_F3053,956736,1183747,80.8227,train,categorical,2,26,L2_S26,227011,19.1773
train_categorical,L2_S26_F3054,1183714,1183747,99.9972,train,categorical,2,26,L2_S26,33,0.0028
train_categorical,L2_S26_F3057,956736,1183747,80.8227,train,categorical,2,26,L2_S26,227011,19.1773
train_categorical,L2_S26_F3058,1183714,1183747,99.9972,train,categorical,2,26,L2_S26,33,0.0028
train_categorical,L2_S26_F3060,956736,1183747,80.8227,train,categorical,2,26,L2_S26,227011,19.1773
train_categorical,L2_S26_F3061,1183714,1183747,99.9972,train,categorical,2,26,L2_S26,33,0.0028
train_categorical,L2_S26_F3064,956736,1183747,80.8227,train,categorical,2,26,L2_S26,227011,19.1773
train_categorical,L2_S26_F3065,1183714,1183747,99.9972,train,categorical,2,26,L2_S26,33,0.0028
train_categorical,L2_S26_F3067,956736,1183747,80.8227,train,categorical,2,26,L2_S26,227011,19.1773
train_categorical,L2_S26_F3068,1183714,1183747,99.9972,train,categorical,2,26,L2_S26,33,0.0028
train_categorical,L2_S26_F3071,956736,1183747,80.8227,train,categorical,2,26,L2_S26,227011,19.1773
train_categorical,L2_S26_F3072,1183714,1183747,99.9972,train,categorical,2,26,L2_S26,33,0.0028
train_categorical,L2_S26_F3075,956736,1183747,80.8227,train,categorical,2,26,L2_S26,227011,19.1773
train_categorical,L2_S26_F3076,1183714,1183747,99.9972,train,categorical,2,26,L2_S26,33,0.0028
train_categorical,L2_S26_F3079,956736,1183747,80.8227,train,categorical,2,26,L2_S26,227011,19.1773
train_categorical,L2_S26_F3080,1183714,1183747,99.9972,train,categorical,2,26,L2_S26,33,0.0028
train_categorical,L2_S26_F3082,956737,1183747,80.8228,train,categorical,2,26,L2_S26,227010,19.1772
train_categorical,L2_S26_F3083,1183714,1183747,99.9972,train,categorical,2,26,L2_S26,33,0.0028
train_categorical,L2_S26_F3085,956737,1183747,80.8228,train,categorical,2,26,L2_S26,227010,19.1772
train_categorical,L2_S26_F3086,1183714,1183747,99.9972,train,categorical,2,26,L2_S26,33,0.0028
train_categorical,L2_S26_F3088,956737,1183747,80.8228,train,categorical,2,26,L2_S26,227010,19.1772
train_categorical,L2_S26_F3089,1183714,1183747,99.9972,train,categorical,2,26,L2_S26,33,0.0028
train_categorical,L2_S26_F3091,956737,1183747,80.8228,train,categorical,2,26,L2_S26,227010,19.1772
train_categorical,L2_S26_F3092,1183714,1183747,99.9972,train,categorical,2,26,L2_S26,33,0.0028
train_categorical,L2_S26_F3094,956737,1183747,80.8228,train,categorical,2,26,L2_S26,227010,19.1772
train_categorical,L2_S26_F3095,1183714,1183747,99.9972,train,categorical,2,26,L2_S26,33,0.0028
train_categorical,L2_S26_F3097,956737,1183747,80.8228,train,categorical,2,26,L2_S26,227010,19.1772
train_categorical,L2_S26_F3098,1183714,1183747,99.9972,train,categorical,2,26,L2_S26,33,0.0028
train_categorical,L2_S26_F3099,956736,1183747,80.8227,train,categorical,2,26,L2_S26,227011,19.1773
train_categorical,L2_S26_F3101,956736,1183747,80.8227,train,categorical,2,26,L2_S26,227011,19.1773
train_categorical,L2_S26_F3102,1183714,1183747,99.9972,train,categorical,2,26,L2_S26,33,0.0028
train_categorical,L2_S26_F3104,956736,1183747,80.8227,train,categorical,2,26,L2_S26,227011,19.1773
train_categorical,L2_S26_F3105,1183714,1183747,99.9972,train,categorical,2,26,L2_S26,33,0.0028
train_categorical,L2_S26_F3108,956736,1183747,80.8227,train,categorical,2,26,L2_S26,227011,19.1773
train_categorical,L2_S26_F3109,1183714,1183747,99.9972,train,categorical,2,26,L2_S26,33,0.0028
train_categorical,L2_S26_F3111,956736,1183747,80.8227,train,categorical,2,26,L2_S26,227011,19.1773
train_categorical,L2_S26_F3112,1183714,1183747,99.9972,train,categorical,2,26,L2_S26,33,0.0028
train_categorical,L2_S26_F3115,956736,1183747,80.8227,train,categorical,2,26,L2_S26,227011,19.1773
train_categorical,L2_S26_F3116,1183714,1183747,99.9972,train,categorical,2,26,L2_S26,33,0.0028
train_categorical,L2_S26_F3119,956736,1183747,80.8227,train,categorical,2,26,L2_S26,227011,19.1773
train_categorical,L2_S26_F3120,1183714,1183747,99.9972,train,categorical,2,26,L2_S26,33,0.0028
train_categorical,L2_S26_F3123,956736,1183747,80.8227,train,categorical,2,26,L2_S26,227011,19.1773
train_categorical,L2_S26_F3124,1183714,1183747,99.9972,train,categorical,2,26,L2_S26,33,0.0028
train_categorical,L2_S26_F3127,956736,1183747,80.8227,train,categorical,2,26,L2_S26,227011,19.1773
train_categorical,L2_S26_F3128,1183714,1183747,99.9972,train,categorical,2,26,L2_S26,33,0.0028
train_categorical,L2_S27_F3131,1063018,1183747,89.8011,train,categorical,2,27,L2_S27,120729,10.1989
train_categorical,L2_S27_F3132,1183676,1183747,99.994,train,categorical,2,27,L2_S27,71,0.006
train_categorical,L2_S27_F3135,1063018,1183747,89.8011,train,categorical,2,27,L2_S27,120729,10.1989
train_categorical,L2_S27_F3136,1183676,1183747,99.994,train,categorical,2,27,L2_S27,71,0.006
train_categorical,L2_S27_F3138,1063018,1183747,89.8011,train,categorical,2,27,L2_S27,120729,10.1989
train_categorical,L2_S27_F3139,1183676,1183747,99.994,train,categorical,2,27,L2_S27,71,0.006
train_categorical,L2_S27_F3142,1063018,1183747,89.8011,train,categorical,2,27,L2_S27,120729,10.1989
train_categorical,L2_S27_F3143,1183676,1183747,99.994,train,categorical,2,27,L2_S27,71,0.006
train_categorical,L2_S27_F3146,1063018,1183747,89.8011,train,categorical,2,27,L2_S27,120729,10.1989
train_categorical,L2_S27_F3147,1183676,1183747,99.994,train,categorical,2,27,L2_S27,71,0.006
train_categorical,L2_S27_F3150,1063018,1183747,89.8011,train,categorical,2,27,L2_S27,120729,10.1989
train_categorical,L2_S27_F3151,1183676,1183747,99.994,train,categorical,2,27,L2_S27,71,0.006
train_categorical,L2_S27_F3153,1063018,1183747,89.8011,train,categorical,2,27,L2_S27,120729,10.1989
train_categorical,L2_S27_F3154,1183676,1183747,99.994,train,categorical,2,27,L2_S27,71,0.006
train_categorical,L2_S27_F3157,1063018,1183747,89.8011,train,categorical,2,27,L2_S27,120729,10.1989
train_categorical,L2_S27_F3158,1183676,1183747,99.994,train,categorical,2,27,L2_S27,71,0.006
train_categorical,L2_S27_F3160,1063018,1183747,89.8011,train,categorical,2,27,L2_S27,120729,10.1989
train_categorical,L2_S27_F3161,1183676,1183747,99.994,train,categorical,2,27,L2_S27,71,0.006
train_categorical,L2_S27_F3164,1063018,1183747,89.8011,train,categorical,2,27,L2_S27,120729,10.1989
train_categorical,L2_S27_F3165,1183676,1183747,99.994,train,categorical,2,27,L2_S27,71,0.006
train_categorical,L2_S27_F3168,1063018,1183747,89.8011,train,categorical,2,27,L2_S27,120729,10.1989
train_categorical,L2_S27_F3169,1183676,1183747,99.994,train,categorical,2,27,L2_S27,71,0.006
train_categorical,L2_S27_F3172,1063018,1183747,89.8011,train,categorical,2,27,L2_S27,120729,10.1989
train_categorical,L2_S27_F3173,1183676,1183747,99.994,train,categorical,2,27,L2_S27,71,0.006
train_categorical,L2_S27_F3175,1063018,1183747,89.8011,train,categorical,2,27,L2_S27,120729,10.1989
train_categorical,L2_S27_F3176,1183676,1183747,99.994,train,categorical,2,27,L2_S27,71,0.006
train_categorical,L2_S27_F3178,1063018,1183747,89.8011,train,categorical,2,27,L2_S27,120729,10.1989
train_categorical,L2_S27_F3179,1183676,1183747,99.994,train,categorical,2,27,L2_S27,71,0.006
train_categorical,L2_S27_F3181,1063018,1183747,89.8011,train,categorical,2,27,L2_S27,120729,10.1989
train_categorical,L2_S27_F3182,1183676,1183747,99.994,train,categorical,2,27,L2_S27,71,0.006
train_categorical,L2_S27_F3184,1063018,1183747,89.8011,train,categorical,2,27,L2_S27,120729,10.1989
train_categorical,L2_S27_F3185,1183676,1183747,99.994,train,categorical,2,27,L2_S27,71,0.006
train_categorical,L2_S27_F3187,1063018,1183747,89.8011,train,categorical,2,27,L2_S27,120729,10.1989
train_categorical,L2_S27_F3188,1183676,1183747,99.994,train,categorical,2,27,L2_S27,71,0.006
train_categorical,L2_S27_F3190,1063018,1183747,89.8011,train,categorical,2,27,L2_S27,120729,10.1989
train_categorical,L2_S27_F3191,1183676,1183747,99.994,train,categorical,2,27,L2_S27,71,0.006
train_categorical,L2_S27_F3192,1063018,1183747,89.8011,train,categorical,2,27,L2_S27,120729,10.1989
train_categorical,L2_S27_F3194,1063018,1183747,89.8011,train,categorical,2,27,L2_S27,120729,10.1989
train_categorical,L2_S27_F3195,1183676,1183747,99.994,train,categorical,2,27,L2_S27,71,0.006
train_categorical,L2_S27_F3197,1063018,1183747,89.8011,train,categorical,2,27,L2_S27,120729,10.1989
train_categorical,L2_S27_F3198,1183676,1183747,99.994,train,categorical,2,27,L2_S27,71,0.006
train_categorical,L2_S27_F3201,1063018,1183747,89.8011,train,categorical,2,27,L2_S27,120729,10.1989
train_categorical,L2_S27_F3202,1183676,1183747,99.994,train,categorical,2,27,L2_S27,71,0.006
train_categorical,L2_S27_F3204,1063018,1183747,89.8011,train,categorical,2,27,L2_S27,120729,10.1989
train_categorical,L2_S27_F3205,1183676,1183747,99.994,train,categorical,2,27,L2_S27,71,0.006
train_categorical,L2_S27_F3208,1063018,1183747,89.8011,train,categorical,2,27,L2_S27,120729,10.1989
train_categorical,L2_S27_F3209,1183676,1183747,99.994,train,categorical,2,27,L2_S27,71,0.006
train_categorical,L2_S27_F3212,1063018,1183747,89.8011,train,categorical,2,27,L2_S27,120729,10.1989
train_categorical,L2_S27_F3213,1183676,1183747,99.994,train,categorical,2,27,L2_S27,71,0.006
train_categorical,L2_S27_F3216,1063018,1183747,89.8011,train,categorical,2,27,L2_S27,120729,10.1989
train_categorical,L2_S27_F3217,1183676,1183747,99.994,train,categorical,2,27,L2_S27,71,0.006
train_categorical,L2_S27_F3220,1063018,1183747,89.8011,train,categorical,2,27,L2_S27,120729,10.1989
train_categorical,L2_S27_F3221,1183676,1183747,99.994,train,categorical,2,27,L2_S27,71,0.006
train_categorical,L2_S28_F3224,1174164,1183747,99.1905,train,categorical,2,28,L2_S28,9583,0.8095
train_categorical,L2_S28_F3225,1183724,1183747,99.9981,train,categorical,2,28,L2_S28,23,0.0019
train_categorical,L2_S28_F3228,1174164,1183747,99.1905,train,categorical,2,28,L2_S28,9583,0.8095
train_categorical,L2_S28_F3229,1183724,1183747,99.9981,train,categorical,2,28,L2_S28,23,0.0019
train_categorical,L2_S28_F3231,1174164,1183747,99.1905,train,categorical,2,28,L2_S28,9583,0.8095
train_categorical,L2_S28_F3232,1183724,1183747,99.9981,train,categorical,2,28,L2_S28,23,0.0019
train_categorical,L2_S28_F3235,1174164,1183747,99.1905,train,categorical,2,28,L2_S28,9583,0.8095
train_categorical,L2_S28_F3236,1183724,1183747,99.9981,train,categorical,2,28,L2_S28,23,0.0019
train_categorical,L2_S28_F3239,1174164,1183747,99.1905,train,categorical,2,28,L2_S28,9583,0.8095
train_categorical,L2_S28_F3240,1183724,1183747,99.9981,train,categorical,2,28,L2_S28,23,0.0019
train_categorical,L2_S28_F3243,1174164,1183747,99.1905,train,categorical,2,28,L2_S28,9583,0.8095
train_categorical,L2_S28_F3244,1183724,1183747,99.9981,train,categorical,2,28,L2_S28,23,0.0019
train_categorical,L2_S28_F3246,1174164,1183747,99.1905,train,categorical,2,28,L2_S28,9583,0.8095
train_categorical,L2_S28_F3247,1183724,1183747,99.9981,train,categorical,2,28,L2_S28,23,0.0019
train_categorical,L2_S28_F3250,1174164,1183747,99.1905,train,categorical,2,28,L2_S28,9583,0.8095
train_categorical,L2_S28_F3251,1183724,1183747,99.9981,train,categorical,2,28,L2_S28,23,0.0019
train_categorical,L2_S28_F3253,1174164,1183747,99.1905,train,categorical,2,28,L2_S28,9583,0.8095
train_categorical,L2_S28_F3254,1183724,1183747,99.9981,train,categorical,2,28,L2_S28,23,0.0019
train_categorical,L2_S28_F3257,1174164,1183747,99.1905,train,categorical,2,28,L2_S28,9583,0.8095
train_categorical,L2_S28_F3258,1183724,1183747,99.9981,train,categorical,2,28,L2_S28,23,0.0019
train_categorical,L2_S28_F3261,1174164,1183747,99.1905,train,categorical,2,28,L2_S28,9583,0.8095
train_categorical,L2_S28_F3262,1183724,1183747,99.9981,train,categorical,2,28,L2_S28,23,0.0019
train_categorical,L2_S28_F3265,1174164,1183747,99.1905,train,categorical,2,28,L2_S28,9583,0.8095
train_categorical,L2_S28_F3266,1183724,1183747,99.9981,train,categorical,2,28,L2_S28,23,0.0019
train_categorical,L2_S28_F3268,1174164,1183747,99.1905,train,categorical,2,28,L2_S28,9583,0.8095
train_categorical,L2_S28_F3269,1183724,1183747,99.9981,train,categorical,2,28,L2_S28,23,0.0019
train_categorical,L2_S28_F3271,1174164,1183747,99.1905,train,categorical,2,28,L2_S28,9583,0.8095
train_categorical,L2_S28_F3272,1183724,1183747,99.9981,train,categorical,2,28,L2_S28,23,0.0019
train_categorical,L2_S28_F3274,1174164,1183747,99.1905,train,categorical,2,28,L2_S28,9583,0.8095
train_categorical,L2_S28_F3275,1183724,1183747,99.9981,train,categorical,2,28,L2_S28,23,0.0019
train_categorical,L2_S28_F3277,1174164,1183747,99.1905,train,categorical,2,28,L2_S28,9583,0.8095
train_categorical,L2_S28_F3278,1183724,1183747,99.9981,train,categorical,2,28,L2_S28,23,0.0019
train_categorical,L2_S28_F3280,1174164,1183747,99.1905,train,categorical,2,28,L2_S28,9583,0.8095
train_categorical,L2_S28_F3281,1183724,1183747,99.9981,train,categorical,2,28,L2_S28,23,0.0019
train_categorical,L2_S28_F3283,1174164,1183747,99.1905,train,categorical,2,28,L2_S28,9583,0.8095
train_categorical,L2_S28_F3284,1183724,1183747,99.9981,train,categorical,2,28,L2_S28,23,0.0019
train_categorical,L2_S28_F3285,1174164,1183747,99.1905,train,categorical,2,28,L2_S28,9583,0.8095
train_categorical,L2_S28_F3287,1174164,1183747,99.1905,train,categorical,2,28,L2_S28,9583,0.8095
train_categorical,L2_S28_F3288,1183724,1183747,99.9981,train,categorical,2,28,L2_S28,23,0.0019
train_categorical,L2_S28_F3290,1174164,1183747,99.1905,train,categorical,2,28,L2_S28,9583,0.8095
train_categorical,L2_S28_F3291,1183724,1183747,99.9981,train,categorical,2,28,L2_S28,23,0.0019
train_categorical,L2_S28_F3294,1174164,1183747,99.1905,train,categorical,2,28,L2_S28,9583,0.8095
train_categorical,L2_S28_F3295,1183724,1183747,99.9981,train,categorical,2,28,L2_S28,23,0.0019
train_categorical,L2_S28_F3297,1174164,1183747,99.1905,train,categorical,2,28,L2_S28,9583,0.8095
train_categorical,L2_S28_F3298,1183724,1183747,99.9981,train,categorical,2,28,L2_S28,23,0.0019
train_categorical,L2_S28_F3301,1174164,1183747,99.1905,train,categorical,2,28,L2_S28,9583,0.8095
train_categorical,L2_S28_F3302,1183724,1183747,99.9981,train,categorical,2,28,L2_S28,23,0.0019
train_categorical,L2_S28_F3305,1174164,1183747,99.1905,train,categorical,2,28,L2_S28,9583,0.8095
train_categorical,L2_S28_F3306,1183724,1183747,99.9981,train,categorical,2,28,L2_S28,23,0.0019
train_categorical,L2_S28_F3309,1174164,1183747,99.1905,train,categorical,2,28,L2_S28,9583,0.8095
train_categorical,L2_S28_F3310,1183724,1183747,99.9981,train,categorical,2,28,L2_S28,23,0.0019
train_categorical,L2_S28_F3313,1174164,1183747,99.1905,train,categorical,2,28,L2_S28,9583,0.8095
train_categorical,L2_S28_F3314,1183724,1183747,99.9981,train,categorical,2,28,L2_S28,23,0.0019
train_categorical,L3_S29_F3317,398310,1183747,33.6482,train,categorical,3,29,L3_S29,785437,66.3518
train_categorical,L3_S29_F3320,398310,1183747,33.6482,train,categorical,3,29,L3_S29,785437,66.3518
train_categorical,L3_S29_F3323,398310,1183747,33.6482,train,categorical,3,29,L3_S29,785437,66.3518
train_categorical,L3_S29_F3326,398310,1183747,33.6482,train,categorical,3,29,L3_S29,785437,66.3518
train_categorical,L3_S29_F3329,398310,1183747,33.6482,train,categorical,3,29,L3_S29,785437,66.3518
train_categorical,L3_S29_F3332,398310,1183747,33.6482,train,categorical,3,29,L3_S29,785437,66.3518
train_categorical,L3_S29_F3335,398310,1183747,33.6482,train,categorical,3,29,L3_S29,785437,66.3518
train_categorical,L3_S29_F3338,398310,1183747,33.6482,train,categorical,3,29,L3_S29,785437,66.3518
train_categorical,L3_S29_F3341,398310,1183747,33.6482,train,categorical,3,29,L3_S29,785437,66.3518
train_categorical,L3_S29_F3344,398310,1183747,33.6482,train,categorical,3,29,L3_S29,785437,66.3518
train_categorical,L3_S29_F3347,398310,1183747,33.6482,train,categorical,3,29,L3_S29,785437,66.3518
train_categorical,L3_S29_F3350,398310,1183747,33.6482,train,categorical,3,29,L3_S29,785437,66.3518
train_categorical,L3_S29_F3353,398310,1183747,33.6482,train,categorical,3,29,L3_S29,785437,66.3518
train_categorical,L3_S29_F3356,398310,1183747,33.6482,train,categorical,3,29,L3_S29,785437,66.3518
train_categorical,L3_S29_F3359,398310,1183747,33.6482,train,categorical,3,29,L3_S29,785437,66.3518
train_categorical,L3_S29_F3362,398310,1183747,33.6482,train,categorical,3,29,L3_S29,785437,66.3518
train_categorical,L3_S29_F3364,398310,1183747,33.6482,train,categorical,3,29,L3_S29,785437,66.3518
train_categorical,L3_S29_F3366,398310,1183747,33.6482,train,categorical,3,29,L3_S29,785437,66.3518
train_categorical,L3_S29_F3369,398310,1183747,33.6482,train,categorical,3,29,L3_S29,785437,66.3518
train_categorical,L3_S29_F3372,398310,1183747,33.6482,train,categorical,3,29,L3_S29,785437,66.3518
train_categorical,L3_S29_F3375,398310,1183747,33.6482,train,categorical,3,29,L3_S29,785437,66.3518
train_categorical,L3_S29_F3378,398310,1183747,33.6482,train,categorical,3,29,L3_S29,785437,66.3518
train_categorical,L3_S29_F3381,398310,1183747,33.6482,train,categorical,3,29,L3_S29,785437,66.3518
train_categorical,L3_S29_F3384,398310,1183747,33.6482,train,categorical,3,29,L3_S29,785437,66.3518
train_categorical,L3_S29_F3387,398310,1183747,33.6482,train,categorical,3,29,L3_S29,785437,66.3518
train_categorical,L3_S29_F3390,398310,1183747,33.6482,train,categorical,3,29,L3_S29,785437,66.3518
train_categorical,L3_S29_F3392,398310,1183747,33.6482,train,categorical,3,29,L3_S29,785437,66.3518
train_categorical,L3_S29_F3394,398310,1183747,33.6482,train,categorical,3,29,L3_S29,785437,66.3518
train_categorical,L3_S29_F3397,398310,1183747,33.6482,train,categorical,3,29,L3_S29,785437,66.3518
train_categorical,L3_S29_F3400,398310,1183747,33.6482,train,categorical,3,29,L3_S29,785437,66.3518
train_categorical,L3_S29_F3403,398310,1183747,33.6482,train,categorical,3,29,L3_S29,785437,66.3518
train_categorical,L3_S29_F3406,398310,1183747,33.6482,train,categorical,3,29,L3_S29,785437,66.3518
train_categorical,L3_S29_F3409,398310,1183747,33.6482,train,categorical,3,29,L3_S29,785437,66.3518
train_categorical,L3_S29_F3411,398310,1183747,33.6482,train,categorical,3,29,L3_S29,785437,66.3518
train_categorical,L3_S29_F3414,398310,1183747,33.6482,train,categorical,3,29,L3_S29,785437,66.3518
train_categorical,L3_S29_F3416,398310,1183747,33.6482,train,categorical,3,29,L3_S29,785437,66.3518
train_categorical,L3_S29_F3418,398310,1183747,33.6482,train,categorical,3,29,L3_S29,785437,66.3518
train_categorical,L3_S29_F3420,398310,1183747,33.6482,train,categorical,3,29,L3_S29,785437,66.3518
train_categorical,L3_S29_F3423,398310,1183747,33.6482,train,categorical,3,29,L3_S29,785437,66.3518
train_categorical,L3_S29_F3426,398310,1183747,33.6482,train,categorical,3,29,L3_S29,785437,66.3518
train_categorical,L3_S29_F3429,398310,1183747,33.6482,train,categorical,3,29,L3_S29,785437,66.3518
train_categorical,L3_S29_F3432,398310,1183747,33.6482,train,categorical,3,29,L3_S29,785437,66.3518
train_categorical,L3_S29_F3435,398310,1183747,33.6482,train,categorical,3,29,L3_S29,785437,66.3518
train_categorical,L3_S29_F3438,398310,1183747,33.6482,train,categorical,3,29,L3_S29,785437,66.3518
train_categorical,L3_S29_F3441,398310,1183747,33.6482,train,categorical,3,29,L3_S29,785437,66.3518
train_categorical,L3_S29_F3444,398310,1183747,33.6482,train,categorical,3,29,L3_S29,785437,66.3518
train_categorical,L3_S29_F3446,398310,1183747,33.6482,train,categorical,3,29,L3_S29,785437,66.3518
train_categorical,L3_S29_F3448,398310,1183747,33.6482,train,categorical,3,29,L3_S29,785437,66.3518
train_categorical,L3_S29_F3451,398310,1183747,33.6482,train,categorical,3,29,L3_S29,785437,66.3518
train_categorical,L3_S29_F3454,398310,1183747,33.6482,train,categorical,3,29,L3_S29,785437,66.3518
train_categorical,L3_S29_F3457,398310,1183747,33.6482,train,categorical,3,29,L3_S29,785437,66.3518
train_categorical,L3_S29_F3460,398310,1183747,33.6482,train,categorical,3,29,L3_S29,785437,66.3518
train_categorical,L3_S29_F3463,398310,1183747,33.6482,train,categorical,3,29,L3_S29,785437,66.3518
train_categorical,L3_S29_F3466,398310,1183747,33.6482,train,categorical,3,29,L3_S29,785437,66.3518
train_categorical,L3_S29_F3469,398310,1183747,33.6482,train,categorical,3,29,L3_S29,785437,66.3518
train_categorical,L3_S29_F3472,398310,1183747,33.6482,train,categorical,3,29,L3_S29,785437,66.3518
train_categorical,L3_S29_F3475,432385,1183747,36.5268,train,categorical,3,29,L3_S29,751362,63.4732
train_categorical,L3_S29_F3478,432385,1183747,36.5268,train,categorical,3,29,L3_S29,751362,63.4732
train_categorical,L3_S29_F3481,432385,1183747,36.5268,train,categorical,3,29,L3_S29,751362,63.4732
train_categorical,L3_S29_F3484,398310,1183747,33.6482,train,categorical,3,29,L3_S29,785437,66.3518
train_categorical,L3_S29_F3487,398310,1183747,33.6482,train,categorical,3,29,L3_S29,785437,66.3518
train_categorical,L3_S29_F3490,398310,1183747,33.6482,train,categorical,3,29,L3_S29,785437,66.3518
train_categorical,L3_S29_F3493,398310,1183747,33.6482,train,categorical,3,29,L3_S29,785437,66.3518
train_categorical,L3_S30_F3495,1183740,1183747,99.9994,train,categorical,3,30,L3_S30,7,0.0006
train_categorical,L3_S30_F3497,1183744,1183747,99.9997,train,categorical,3,30,L3_S30,3,0.0003
train_categorical,L3_S30_F3498,1183740,1183747,99.9994,train,categorical,3,30,L3_S30,7,0.0006
train_categorical,L3_S30_F3500,1183740,1183747,99.9994,train,categorical,3,30,L3_S30,7,0.0006
train_categorical,L3_S30_F3502,1183744,1183747,99.9997,train,categorical,3,30,L3_S30,3,0.0003
train_categorical,L3_S30_F3503,1183740,1183747,99.9994,train,categorical,3,30,L3_S30,7,0.0006
train_categorical,L3_S30_F3505,1183734,1183747,99.9989,train,categorical,3,30,L3_S30,13,0.0011
train_categorical,L3_S30_F3507,1183744,1183747,99.9997,train,categorical,3,30,L3_S30,3,0.0003
train_categorical,L3_S30_F3508,1183734,1183747,99.9989,train,categorical,3,30,L3_S30,13,0.0011
train_categorical,L3_S30_F3510,1183734,1183747,99.9989,train,categorical,3,30,L3_S30,13,0.0011
train_categorical,L3_S30_F3512,1183744,1183747,99.9997,train,categorical,3,30,L3_S30,3,0.0003
train_categorical,L3_S30_F3513,1183734,1183747,99.9989,train,categorical,3,30,L3_S30,13,0.0011
train_categorical,L3_S30_F3515,1183734,1183747,99.9989,train,categorical,3,30,L3_S30,13,0.0011
train_categorical,L3_S30_F3517,1183744,1183747,99.9997,train,categorical,3,30,L3_S30,3,0.0003
train_categorical,L3_S30_F3518,1183734,1183747,99.9989,train,categorical,3,30,L3_S30,13,0.0011
train_categorical,L3_S30_F3520,1183734,1183747,99.9989,train,categorical,3,30,L3_S30,13,0.0011
train_categorical,L3_S30_F3522,1183744,1183747,99.9997,train,categorical,3,30,L3_S30,3,0.0003
train_categorical,L3_S30_F3523,1183734,1183747,99.9989,train,categorical,3,30,L3_S30,13,0.0011
train_categorical,L3_S30_F3525,1183734,1183747,99.9989,train,categorical,3,30,L3_S30,13,0.0011
train_categorical,L3_S30_F3527,1183744,1183747,99.9997,train,categorical,3,30,L3_S30,3,0.0003
train_categorical,L3_S30_F3528,1183734,1183747,99.9989,train,categorical,3,30,L3_S30,13,0.0011
train_categorical,L3_S30_F3530,1183734,1183747,99.9989,train,categorical,3,30,L3_S30,13,0.0011
train_categorical,L3_S30_F3532,1183744,1183747,99.9997,train,categorical,3,30,L3_S30,3,0.0003
train_categorical,L3_S30_F3533,1183734,1183747,99.9989,train,categorical,3,30,L3_S30,13,0.0011
train_categorical,L3_S30_F3535,1183734,1183747,99.9989,train,categorical,3,30,L3_S30,13,0.0011
train_categorical,L3_S30_F3537,1183744,1183747,99.9997,train,categorical,3,30,L3_S30,3,0.0003
train_categorical,L3_S30_F3538,1183734,1183747,99.9989,train,categorical,3,30,L3_S30,13,0.0011
train_categorical,L3_S30_F3540,1183734,1183747,99.9989,train,categorical,3,30,L3_S30,13,0.0011
train_categorical,L3_S30_F3542,1183744,1183747,99.9997,train,categorical,3,30,L3_S30,3,0.0003
train_categorical,L3_S30_F3543,1183734,1183747,99.9989,train,categorical,3,30,L3_S30,13,0.0011
train_categorical,L3_S30_F3545,1183734,1183747,99.9989,train,categorical,3,30,L3_S30,13,0.0011
train_categorical,L3_S30_F3547,1183744,1183747,99.9997,train,categorical,3,30,L3_S30,3,0.0003
train_categorical,L3_S30_F3548,1183734,1183747,99.9989,train,categorical,3,30,L3_S30,13,0.0011
train_categorical,L3_S30_F3550,1183734,1183747,99.9989,train,categorical,3,30,L3_S30,13,0.0011
train_categorical,L3_S30_F3552,1183744,1183747,99.9997,train,categorical,3,30,L3_S30,3,0.0003
train_categorical,L3_S30_F3553,1183734,1183747,99.9989,train,categorical,3,30,L3_S30,13,0.0011
train_categorical,L3_S30_F3555,1183734,1183747,99.9989,train,categorical,3,30,L3_S30,13,0.0011
train_categorical,L3_S30_F3557,1183744,1183747,99.9997,train,categorical,3,30,L3_S30,3,0.0003
train_categorical,L3_S30_F3558,1183734,1183747,99.9989,train,categorical,3,30,L3_S30,13,0.0011
train_categorical,L3_S30_F3560,1183734,1183747,99.9989,train,categorical,3,30,L3_S30,13,0.0011
train_categorical,L3_S30_F3562,1183744,1183747,99.9997,train,categorical,3,30,L3_S30,3,0.0003
train_categorical,L3_S30_F3563,1183734,1183747,99.9989,train,categorical,3,30,L3_S30,13,0.0011
train_categorical,L3_S30_F3565,1183738,1183747,99.9992,train,categorical,3,30,L3_S30,9,0.0008
train_categorical,L3_S30_F3567,1183744,1183747,99.9997,train,categorical,3,30,L3_S30,3,0.0003
train_categorical,L3_S30_F3568,1183738,1183747,99.9992,train,categorical,3,30,L3_S30,9,0.0008
train_categorical,L3_S30_F3570,1183738,1183747,99.9992,train,categorical,3,30,L3_S30,9,0.0008
train_categorical,L3_S30_F3572,1183744,1183747,99.9997,train,categorical,3,30,L3_S30,3,0.0003
train_categorical,L3_S30_F3573,1183738,1183747,99.9992,train,categorical,3,30,L3_S30,9,0.0008
train_categorical,L3_S30_F3575,1183738,1183747,99.9992,train,categorical,3,30,L3_S30,9,0.0008
train_categorical,L3_S30_F3577,1183744,1183747,99.9997,train,categorical,3,30,L3_S30,3,0.0003
train_categorical,L3_S30_F3578,1183738,1183747,99.9992,train,categorical,3,30,L3_S30,9,0.0008
train_categorical,L3_S30_F3580,1183738,1183747,99.9992,train,categorical,3,30,L3_S30,9,0.0008
train_categorical,L3_S30_F3582,1183744,1183747,99.9997,train,categorical,3,30,L3_S30,3,0.0003
train_categorical,L3_S30_F3583,1183738,1183747,99.9992,train,categorical,3,30,L3_S30,9,0.0008
train_categorical,L3_S30_F3585,1183738,1183747,99.9992,train,categorical,3,30,L3_S30,9,0.0008
train_categorical,L3_S30_F3587,1183744,1183747,99.9997,train,categorical,3,30,L3_S30,3,0.0003
train_categorical,L3_S30_F3588,1183738,1183747,99.9992,train,categorical,3,30,L3_S30,9,0.0008
train_categorical,L3_S30_F3590,1183738,1183747,99.9992,train,categorical,3,30,L3_S30,9,0.0008
train_categorical,L3_S30_F3592,1183744,1183747,99.9997,train,categorical,3,30,L3_S30,3,0.0003
train_categorical,L3_S30_F3593,1183738,1183747,99.9992,train,categorical,3,30,L3_S30,9,0.0008
train_categorical,L3_S30_F3595,1183738,1183747,99.9992,train,categorical,3,30,L3_S30,9,0.0008
train_categorical,L3_S30_F3597,1183744,1183747,99.9997,train,categorical,3,30,L3_S30,3,0.0003
train_categorical,L3_S30_F3598,1183738,1183747,99.9992,train,categorical,3,30,L3_S30,9,0.0008
train_categorical,L3_S30_F3600,1183738,1183747,99.9992,train,categorical,3,30,L3_S30,9,0.0008
train_categorical,L3_S30_F3602,1183744,1183747,99.9997,train,categorical,3,30,L3_S30,3,0.0003
train_categorical,L3_S30_F3603,1183738,1183747,99.9992,train,categorical,3,30,L3_S30,9,0.0008
train_categorical,L3_S30_F3605,1183738,1183747,99.9992,train,categorical,3,30,L3_S30,9,0.0008
train_categorical,L3_S30_F3607,1183744,1183747,99.9997,train,categorical,3,30,L3_S30,3,0.0003
train_categorical,L3_S30_F3608,1183738,1183747,99.9992,train,categorical,3,30,L3_S30,9,0.0008
train_categorical,L3_S30_F3610,1183738,1183747,99.9992,train,categorical,3,30,L3_S30,9,0.0008
train_categorical,L3_S30_F3612,1183744,1183747,99.9997,train,categorical,3,30,L3_S30,3,0.0003
train_categorical,L3_S30_F3613,1183738,1183747,99.9992,train,categorical,3,30,L3_S30,9,0.0008
train_categorical,L3_S30_F3615,1183738,1183747,99.9992,train,categorical,3,30,L3_S30,9,0.0008
train_categorical,L3_S30_F3617,1183744,1183747,99.9997,train,categorical,3,30,L3_S30,3,0.0003
train_categorical,L3_S30_F3618,1183738,1183747,99.9992,train,categorical,3,30,L3_S30,9,0.0008
train_categorical,L3_S30_F3620,1183738,1183747,99.9992,train,categorical,3,30,L3_S30,9,0.0008
train_categorical,L3_S30_F3622,1183744,1183747,99.9997,train,categorical,3,30,L3_S30,3,0.0003
train_categorical,L3_S30_F3623,1183738,1183747,99.9992,train,categorical,3,30,L3_S30,9,0.0008
train_categorical,L3_S30_F3625,1183738,1183747,99.9992,train,categorical,3,30,L3_S30,9,0.0008
train_categorical,L3_S30_F3627,1183744,1183747,99.9997,train,categorical,3,30,L3_S30,3,0.0003
train_categorical,L3_S30_F3628,1183738,1183747,99.9992,train,categorical,3,30,L3_S30,9,0.0008
train_categorical,L3_S30_F3630,1183738,1183747,99.9992,train,categorical,3,30,L3_S30,9,0.0008
train_categorical,L3_S30_F3632,1183744,1183747,99.9997,train,categorical,3,30,L3_S30,3,0.0003
train_categorical,L3_S30_F3633,1183738,1183747,99.9992,train,categorical,3,30,L3_S30,9,0.0008
train_categorical,L3_S30_F3635,1183738,1183747,99.9992,train,categorical,3,30,L3_S30,9,0.0008
train_categorical,L3_S30_F3637,1183744,1183747,99.9997,train,categorical,3,30,L3_S30,3,0.0003
train_categorical,L3_S30_F3638,1183738,1183747,99.9992,train,categorical,3,30,L3_S30,9,0.0008
train_categorical,L3_S30_F3640,1183738,1183747,99.9992,train,categorical,3,30,L3_S30,9,0.0008
train_categorical,L3_S30_F3642,1183744,1183747,99.9997,train,categorical,3,30,L3_S30,3,0.0003
train_categorical,L3_S30_F3643,1183738,1183747,99.9992,train,categorical,3,30,L3_S30,9,0.0008
train_categorical,L3_S30_F3645,1183738,1183747,99.9992,train,categorical,3,30,L3_S30,9,0.0008
train_categorical,L3_S30_F3647,1183744,1183747,99.9997,train,categorical,3,30,L3_S30,3,0.0003
train_categorical,L3_S30_F3648,1183738,1183747,99.9992,train,categorical,3,30,L3_S30,9,0.0008
train_categorical,L3_S30_F3650,1183738,1183747,99.9992,train,categorical,3,30,L3_S30,9,0.0008
train_categorical,L3_S30_F3652,1183744,1183747,99.9997,train,categorical,3,30,L3_S30,3,0.0003
train_categorical,L3_S30_F3653,1183738,1183747,99.9992,train,categorical,3,30,L3_S30,9,0.0008
train_categorical,L3_S30_F3655,1183738,1183747,99.9992,train,categorical,3,30,L3_S30,9,0.0008
train_categorical,L3_S30_F3657,1183744,1183747,99.9997,train,categorical,3,30,L3_S30,3,0.0003
train_categorical,L3_S30_F3658,1183738,1183747,99.9992,train,categorical,3,30,L3_S30,9,0.0008
train_categorical,L3_S30_F3660,1183738,1183747,99.9992,train,categorical,3,30,L3_S30,9,0.0008
train_categorical,L3_S30_F3662,1183744,1183747,99.9997,train,categorical,3,30,L3_S30,3,0.0003
train_categorical,L3_S30_F3663,1183738,1183747,99.9992,train,categorical,3,30,L3_S30,9,0.0008
train_categorical,L3_S30_F3665,1183738,1183747,99.9992,train,categorical,3,30,L3_S30,9,0.0008
train_categorical,L3_S30_F3667,1183744,1183747,99.9997,train,categorical,3,30,L3_S30,3,0.0003
train_categorical,L3_S30_F3668,1183738,1183747,99.9992,train,categorical,3,30,L3_S30,9,0.0008
train_categorical,L3_S30_F3670,1183738,1183747,99.9992,train,categorical,3,30,L3_S30,9,0.0008
train_categorical,L3_S30_F3672,1183744,1183747,99.9997,train,categorical,3,30,L3_S30,3,0.0003
train_categorical,L3_S30_F3673,1183738,1183747,99.9992,train,categorical,3,30,L3_S30,9,0.0008
train_categorical,L3_S30_F3675,1183738,1183747,99.9992,train,categorical,3,30,L3_S30,9,0.0008
train_categorical,L3_S30_F3677,1183744,1183747,99.9997,train,categorical,3,30,L3_S30,3,0.0003
train_categorical,L3_S30_F3678,1183738,1183747,99.9992,train,categorical,3,30,L3_S30,9,0.0008
train_categorical,L3_S30_F3680,1183738,1183747,99.9992,train,categorical,3,30,L3_S30,9,0.0008
train_categorical,L3_S30_F3682,1183744,1183747,99.9997,train,categorical,3,30,L3_S30,3,0.0003
train_categorical,L3_S30_F3683,1183738,1183747,99.9992,train,categorical,3,30,L3_S30,9,0.0008
train_categorical,L3_S30_F3685,1183738,1183747,99.9992,train,categorical,3,30,L3_S30,9,0.0008
train_categorical,L3_S30_F3687,1183744,1183747,99.9997,train,categorical,3,30,L3_S30,3,0.0003
train_categorical,L3_S30_F3688,1183738,1183747,99.9992,train,categorical,3,30,L3_S30,9,0.0008
train_categorical,L3_S30_F3690,1183738,1183747,99.9992,train,categorical,3,30,L3_S30,9,0.0008
train_categorical,L3_S30_F3692,1183744,1183747,99.9997,train,categorical,3,30,L3_S30,3,0.0003
train_categorical,L3_S30_F3693,1183738,1183747,99.9992,train,categorical,3,30,L3_S30,9,0.0008
train_categorical,L3_S30_F3695,1183738,1183747,99.9992,train,categorical,3,30,L3_S30,9,0.0008
train_categorical,L3_S30_F3697,1183744,1183747,99.9997,train,categorical,3,30,L3_S30,3,0.0003
train_categorical,L3_S30_F3698,1183738,1183747,99.9992,train,categorical,3,30,L3_S30,9,0.0008
train_categorical,L3_S30_F3700,1183738,1183747,99.9992,train,categorical,3,30,L3_S30,9,0.0008
train_categorical,L3_S30_F3702,1183744,1183747,99.9997,train,categorical,3,30,L3_S30,3,0.0003
train_categorical,L3_S30_F3703,1183738,1183747,99.9992,train,categorical,3,30,L3_S30,9,0.0008
train_categorical,L3_S30_F3705,1183738,1183747,99.9992,train,categorical,3,30,L3_S30,9,0.0008
train_categorical,L3_S30_F3707,1183744,1183747,99.9997,train,categorical,3,30,L3_S30,3,0.0003
train_categorical,L3_S30_F3708,1183738,1183747,99.9992,train,categorical,3,30,L3_S30,9,0.0008
train_categorical,L3_S30_F3710,1183738,1183747,99.9992,train,categorical,3,30,L3_S30,9,0.0008
train_categorical,L3_S30_F3712,1183744,1183747,99.9997,train,categorical,3,30,L3_S30,3,0.0003
train_categorical,L3_S30_F3713,1183738,1183747,99.9992,train,categorical,3,30,L3_S30,9,0.0008
train_categorical,L3_S30_F3715,1183738,1183747,99.9992,train,categorical,3,30,L3_S30,9,0.0008
train_categorical,L3_S30_F3717,1183744,1183747,99.9997,train,categorical,3,30,L3_S30,3,0.0003
train_categorical,L3_S30_F3718,1183738,1183747,99.9992,train,categorical,3,30,L3_S30,9,0.0008
train_categorical,L3_S30_F3720,1183738,1183747,99.9992,train,categorical,3,30,L3_S30,9,0.0008
train_categorical,L3_S30_F3722,1183744,1183747,99.9997,train,categorical,3,30,L3_S30,3,0.0003
train_categorical,L3_S30_F3723,1183738,1183747,99.9992,train,categorical,3,30,L3_S30,9,0.0008
train_categorical,L3_S30_F3725,1183734,1183747,99.9989,train,categorical,3,30,L3_S30,13,0.0011
train_categorical,L3_S30_F3727,1183744,1183747,99.9997,train,categorical,3,30,L3_S30,3,0.0003
train_categorical,L3_S30_F3728,1183734,1183747,99.9989,train,categorical,3,30,L3_S30,13,0.0011
train_categorical,L3_S30_F3730,1183734,1183747,99.9989,train,categorical,3,30,L3_S30,13,0.0011
train_categorical,L3_S30_F3732,1183744,1183747,99.9997,train,categorical,3,30,L3_S30,3,0.0003
train_categorical,L3_S30_F3733,1183734,1183747,99.9989,train,categorical,3,30,L3_S30,13,0.0011
train_categorical,L3_S30_F3735,1183734,1183747,99.9989,train,categorical,3,30,L3_S30,13,0.0011
train_categorical,L3_S30_F3737,1183744,1183747,99.9997,train,categorical,3,30,L3_S30,3,0.0003
train_categorical,L3_S30_F3738,1183734,1183747,99.9989,train,categorical,3,30,L3_S30,13,0.0011
train_categorical,L3_S30_F3740,1183734,1183747,99.9989,train,categorical,3,30,L3_S30,13,0.0011
train_categorical,L3_S30_F3742,1183744,1183747,99.9997,train,categorical,3,30,L3_S30,3,0.0003
train_categorical,L3_S30_F3743,1183734,1183747,99.9989,train,categorical,3,30,L3_S30,13,0.0011
train_categorical,L3_S30_F3745,1183734,1183747,99.9989,train,categorical,3,30,L3_S30,13,0.0011
train_categorical,L3_S30_F3747,1183744,1183747,99.9997,train,categorical,3,30,L3_S30,3,0.0003
train_categorical,L3_S30_F3748,1183734,1183747,99.9989,train,categorical,3,30,L3_S30,13,0.0011
train_categorical,L3_S30_F3750,1183734,1183747,99.9989,train,categorical,3,30,L3_S30,13,0.0011
train_categorical,L3_S30_F3752,1183744,1183747,99.9997,train,categorical,3,30,L3_S30,3,0.0003
train_categorical,L3_S30_F3753,1183734,1183747,99.9989,train,categorical,3,30,L3_S30,13,0.0011
train_categorical,L3_S30_F3755,1183734,1183747,99.9989,train,categorical,3,30,L3_S30,13,0.0011
train_categorical,L3_S30_F3757,1183744,1183747,99.9997,train,categorical,3,30,L3_S30,3,0.0003
train_categorical,L3_S30_F3758,1183734,1183747,99.9989,train,categorical,3,30,L3_S30,13,0.0011
train_categorical,L3_S30_F3760,1183734,1183747,99.9989,train,categorical,3,30,L3_S30,13,0.0011
train_categorical,L3_S30_F3762,1183744,1183747,99.9997,train,categorical,3,30,L3_S30,3,0.0003
train_categorical,L3_S30_F3763,1183734,1183747,99.9989,train,categorical,3,30,L3_S30,13,0.0011
train_categorical,L3_S30_F3765,1183734,1183747,99.9989,train,categorical,3,30,L3_S30,13,0.0011
train_categorical,L3_S30_F3767,1183744,1183747,99.9997,train,categorical,3,30,L3_S30,3,0.0003
train_categorical,L3_S30_F3768,1183734,1183747,99.9989,train,categorical,3,30,L3_S30,13,0.0011
train_categorical,L3_S30_F3770,1183734,1183747,99.9989,train,categorical,3,30,L3_S30,13,0.0011
train_categorical,L3_S30_F3772,1183744,1183747,99.9997,train,categorical,3,30,L3_S30,3,0.0003
train_categorical,L3_S30_F3773,1183734,1183747,99.9989,train,categorical,3,30,L3_S30,13,0.0011
train_categorical,L3_S30_F3775,1183734,1183747,99.9989,train,categorical,3,30,L3_S30,13,0.0011
train_categorical,L3_S30_F3777,1183744,1183747,99.9997,train,categorical,3,30,L3_S30,3,0.0003
train_categorical,L3_S30_F3778,1183734,1183747,99.9989,train,categorical,3,30,L3_S30,13,0.0011
train_categorical,L3_S30_F3780,1183734,1183747,99.9989,train,categorical,3,30,L3_S30,13,0.0011
train_categorical,L3_S30_F3782,1183744,1183747,99.9997,train,categorical,3,30,L3_S30,3,0.0003
train_categorical,L3_S30_F3783,1183734,1183747,99.9989,train,categorical,3,30,L3_S30,13,0.0011
train_categorical,L3_S30_F3785,1183734,1183747,99.9989,train,categorical,3,30,L3_S30,13,0.0011
train_categorical,L3_S30_F3787,1183744,1183747,99.9997,train,categorical,3,30,L3_S30,3,0.0003
train_categorical,L3_S30_F3788,1183734,1183747,99.9989,train,categorical,3,30,L3_S30,13,0.0011
train_categorical,L3_S30_F3790,1183734,1183747,99.9989,train,categorical,3,30,L3_S30,13,0.0011
train_categorical,L3_S30_F3792,1183744,1183747,99.9997,train,categorical,3,30,L3_S30,3,0.0003
train_categorical,L3_S30_F3793,1183734,1183747,99.9989,train,categorical,3,30,L3_S30,13,0.0011
train_categorical,L3_S30_F3795,1183734,1183747,99.9989,train,categorical,3,30,L3_S30,13,0.0011
train_categorical,L3_S30_F3797,1183744,1183747,99.9997,train,categorical,3,30,L3_S30,3,0.0003
train_categorical,L3_S30_F3798,1183734,1183747,99.9989,train,categorical,3,30,L3_S30,13,0.0011
train_categorical,L3_S30_F3800,1183734,1183747,99.9989,train,categorical,3,30,L3_S30,13,0.0011
train_categorical,L3_S30_F3802,1183744,1183747,99.9997,train,categorical,3,30,L3_S30,3,0.0003
train_categorical,L3_S30_F3803,1183734,1183747,99.9989,train,categorical,3,30,L3_S30,13,0.0011
train_categorical,L3_S30_F3805,1183734,1183747,99.9989,train,categorical,3,30,L3_S30,13,0.0011
train_categorical,L3_S30_F3807,1183744,1183747,99.9997,train,categorical,3,30,L3_S30,3,0.0003
train_categorical,L3_S30_F3808,1183734,1183747,99.9989,train,categorical,3,30,L3_S30,13,0.0011
train_categorical,L3_S30_F3810,1183734,1183747,99.9989,train,categorical,3,30,L3_S30,13,0.0011
train_categorical,L3_S30_F3812,1183744,1183747,99.9997,train,categorical,3,30,L3_S30,3,0.0003
train_categorical,L3_S30_F3813,1183734,1183747,99.9989,train,categorical,3,30,L3_S30,13,0.0011
train_categorical,L3_S30_F3815,1183734,1183747,99.9989,train,categorical,3,30,L3_S30,13,0.0011
train_categorical,L3_S30_F3817,1183744,1183747,99.9997,train,categorical,3,30,L3_S30,3,0.0003
train_categorical,L3_S30_F3818,1183734,1183747,99.9989,train,categorical,3,30,L3_S30,13,0.0011
train_categorical,L3_S30_F3820,1183734,1183747,99.9989,train,categorical,3,30,L3_S30,13,0.0011
train_categorical,L3_S30_F3822,1183744,1183747,99.9997,train,categorical,3,30,L3_S30,3,0.0003
train_categorical,L3_S30_F3823,1183734,1183747,99.9989,train,categorical,3,30,L3_S30,13,0.0011
train_categorical,L3_S30_F3825,1183734,1183747,99.9989,train,categorical,3,30,L3_S30,13,0.0011
train_categorical,L3_S30_F3827,1183744,1183747,99.9997,train,categorical,3,30,L3_S30,3,0.0003
train_categorical,L3_S30_F3828,1183734,1183747,99.9989,train,categorical,3,30,L3_S30,13,0.0011
train_categorical,L3_S30_F3830,1183734,1183747,99.9989,train,categorical,3,30,L3_S30,13,0.0011
train_categorical,L3_S30_F3832,1183744,1183747,99.9997,train,categorical,3,30,L3_S30,3,0.0003
train_categorical,L3_S30_F3833,1183734,1183747,99.9989,train,categorical,3,30,L3_S30,13,0.0011
train_categorical,L3_S31_F3835,1183740,1183747,99.9994,train,categorical,3,31,L3_S31,7,0.0006
train_categorical,L3_S31_F3837,1183740,1183747,99.9994,train,categorical,3,31,L3_S31,7,0.0006
train_categorical,L3_S31_F3839,1183740,1183747,99.9994,train,categorical,3,31,L3_S31,7,0.0006
train_categorical,L3_S31_F3841,1183740,1183747,99.9994,train,categorical,3,31,L3_S31,7,0.0006
train_categorical,L3_S31_F3843,1183740,1183747,99.9994,train,categorical,3,31,L3_S31,7,0.0006
train_categorical,L3_S31_F3845,1183740,1183747,99.9994,train,categorical,3,31,L3_S31,7,0.0006
train_categorical,L3_S31_F3847,1183740,1183747,99.9994,train,categorical,3,31,L3_S31,7,0.0006
train_categorical,L3_S31_F3849,1183740,1183747,99.9994,train,categorical,3,31,L3_S31,7,0.0006
train_categorical,L3_S32_F3851,1162165,1183747,98.1768,train,categorical,3,32,L3_S32,21582,1.8232
train_categorical,L3_S32_F3853,1183687,1183747,99.9949,train,categorical,3,32,L3_S32,60,0.0051
train_categorical,L3_S32_F3854,1162165,1183747,98.1768,train,categorical,3,32,L3_S32,21582,1.8232
train_categorical,L3_S35_F3885,1183737,1183747,99.9992,train,categorical,3,35,L3_S35,10,0.0008
train_categorical,L3_S35_F3887,1183737,1183747,99.9992,train,categorical,3,35,L3_S35,10,0.0008
train_categorical,L3_S35_F3888,1183737,1183747,99.9992,train,categorical,3,35,L3_S35,10,0.0008
train_categorical,L3_S35_F3890,1183737,1183747,99.9992,train,categorical,3,35,L3_S35,10,0.0008
train_categorical,L3_S35_F3892,1183737,1183747,99.9992,train,categorical,3,35,L3_S35,10,0.0008
train_categorical,L3_S35_F3893,1183737,1183747,99.9992,train,categorical,3,35,L3_S35,10,0.0008
train_categorical,L3_S35_F3899,1183686,1183747,99.9948,train,categorical,3,35,L3_S35,61,0.0052
train_categorical,L3_S35_F3901,1183737,1183747,99.9992,train,categorical,3,35,L3_S35,10,0.0008
train_categorical,L3_S35_F3902,1183686,1183747,99.9948,train,categorical,3,35,L3_S35,61,0.0052
train_categorical,L3_S35_F3904,1183686,1183747,99.9948,train,categorical,3,35,L3_S35,61,0.0052
train_categorical,L3_S35_F3906,1183737,1183747,99.9992,train,categorical,3,35,L3_S35,10,0.0008
train_categorical,L3_S35_F3907,1183686,1183747,99.9948,train,categorical,3,35,L3_S35,61,0.0052
train_categorical,L3_S35_F3909,1183686,1183747,99.9948,train,categorical,3,35,L3_S35,61,0.0052
train_categorical,L3_S35_F3911,1183737,1183747,99.9992,train,categorical,3,35,L3_S35,10,0.0008
train_categorical,L3_S35_F3912,1183686,1183747,99.9948,train,categorical,3,35,L3_S35,61,0.0052
train_categorical,L3_S35_F3914,1183686,1183747,99.9948,train,categorical,3,35,L3_S35,61,0.0052
train_categorical,L3_S35_F3916,1183737,1183747,99.9992,train,categorical,3,35,L3_S35,10,0.0008
train_categorical,L3_S35_F3917,1183686,1183747,99.9948,train,categorical,3,35,L3_S35,61,0.0052
train_categorical,L3_S36_F3927,1183746,1183747,99.9999,train,categorical,3,36,L3_S36,1,0.0001
train_categorical,L3_S36_F3929,1183746,1183747,99.9999,train,categorical,3,36,L3_S36,1,0.0001
train_categorical,L3_S36_F3931,1183746,1183747,99.9999,train,categorical,3,36,L3_S36,1,0.0001
train_categorical,L3_S36_F3933,1183746,1183747,99.9999,train,categorical,3,36,L3_S36,1,0.0001
train_categorical,L3_S36_F3935,1183746,1183747,99.9999,train,categorical,3,36,L3_S36,1,0.0001
train_categorical,L3_S36_F3937,1183746,1183747,99.9999,train,categorical,3,36,L3_S36,1,0.0001
train_categorical,L3_S36_F3939,1183746,1183747,99.9999,train,categorical,3,36,L3_S36,1,0.0001
train_categorical,L3_S36_F3941,1183746,1183747,99.9999,train,categorical,3,36,L3_S36,1,0.0001
train_categorical,L3_S38_F3954,1183744,1183747,99.9997,train,categorical,3,38,L3_S38,3,0.0003
train_categorical,L3_S38_F3955,1183744,1183747,99.9997,train,categorical,3,38,L3_S38,3,0.0003
train_categorical,L3_S38_F3958,1183744,1183747,99.9997,train,categorical,3,38,L3_S38,3,0.0003
train_categorical,L3_S38_F3959,1183744,1183747,99.9997,train,categorical,3,38,L3_S38,3,0.0003
train_categorical,L3_S38_F3962,1183744,1183747,99.9997,train,categorical,3,38,L3_S38,3,0.0003
train_categorical,L3_S38_F3963,1183744,1183747,99.9997,train,categorical,3,38,L3_S38,3,0.0003
train_categorical,L3_S39_F3965,1183744,1183747,99.9997,train,categorical,3,39,L3_S39,3,0.0003
train_categorical,L3_S39_F3967,1183744,1183747,99.9997,train,categorical,3,39,L3_S39,3,0.0003
train_categorical,L3_S39_F3969,1183744,1183747,99.9997,train,categorical,3,39,L3_S39,3,0.0003
train_categorical,L3_S39_F3971,1183744,1183747,99.9997,train,categorical,3,39,L3_S39,3,0.0003
train_categorical,L3_S39_F3973,1183744,1183747,99.9997,train,categorical,3,39,L3_S39,3,0.0003
train_categorical,L3_S39_F3975,1183744,1183747,99.9997,train,categorical,3,39,L3_S39,3,0.0003
train_categorical,L3_S39_F3977,1183744,1183747,99.9997,train,categorical,3,39,L3_S39,3,0.0003
train_categorical,L3_S39_F3979,1183744,1183747,99.9997,train,categorical,3,39,L3_S39,3,0.0003
train_categorical,L3_S42_F4028,1183732,1183747,99.9987,train,categorical,3,42,L3_S42,15,0.0013
train_categorical,L3_S42_F4030,1183746,1183747,99.9999,train,categorical,3,42,L3_S42,1,0.0001
train_categorical,L3_S42_F4031,1183736,1183747,99.9991,train,categorical,3,42,L3_S42,11,0.0009
train_categorical,L3_S42_F4032,1183732,1183747,99.9987,train,categorical,3,42,L3_S42,15,0.0013
train_categorical,L3_S42_F4034,1183746,1183747,99.9999,train,categorical,3,42,L3_S42,1,0.0001
train_categorical,L3_S42_F4035,1183736,1183747,99.9991,train,categorical,3,42,L3_S42,11,0.0009
train_categorical,L3_S42_F4036,1183732,1183747,99.9987,train,categorical,3,42,L3_S42,15,0.0013
train_categorical,L3_S42_F4038,1183746,1183747,99.9999,train,categorical,3,42,L3_S42,1,0.0001
train_categorical,L3_S42_F4039,1183736,1183747,99.9991,train,categorical,3,42,L3_S42,11,0.0009
train_categorical,L3_S42_F4040,1183732,1183747,99.9987,train,categorical,3,42,L3_S42,15,0.0013
train_categorical,L3_S42_F4042,1183746,1183747,99.9999,train,categorical,3,42,L3_S42,1,0.0001
train_categorical,L3_S42_F4043,1183736,1183747,99.9991,train,categorical,3,42,L3_S42,11,0.0009
train_categorical,L3_S42_F4044,1183739,1183747,99.9993,train,categorical,3,42,L3_S42,8,0.0007
train_categorical,L3_S42_F4046,1183746,1183747,99.9999,train,categorical,3,42,L3_S42,1,0.0001
train_categorical,L3_S42_F4047,1183743,1183747,99.9997,train,categorical,3,42,L3_S42,4,0.0003
train_categorical,L3_S42_F4048,1183739,1183747,99.9993,train,categorical,3,42,L3_S42,8,0.0007
train_categorical,L3_S42_F4050,1183746,1183747,99.9999,train,categorical,3,42,L3_S42,1,0.0001
train_categorical,L3_S42_F4051,1183743,1183747,99.9997,train,categorical,3,42,L3_S42,4,0.0003
train_categorical,L3_S42_F4052,1183739,1183747,99.9993,train,categorical,3,42,L3_S42,8,0.0007
train_categorical,L3_S42_F4054,1183746,1183747,99.9999,train,categorical,3,42,L3_S42,1,0.0001
train_categorical,L3_S42_F4055,1183743,1183747,99.9997,train,categorical,3,42,L3_S42,4,0.0003
train_categorical,L3_S42_F4056,1183739,1183747,99.9993,train,categorical,3,42,L3_S42,8,0.0007
train_categorical,L3_S42_F4058,1183746,1183747,99.9999,train,categorical,3,42,L3_S42,1,0.0001
train_categorical,L3_S42_F4059,1183743,1183747,99.9997,train,categorical,3,42,L3_S42,4,0.0003
train_categorical,L3_S43_F4061,1183464,1183747,99.9761,train,categorical,3,43,L3_S43,283,0.0239
train_categorical,L3_S43_F4063,1183746,1183747,99.9999,train,categorical,3,43,L3_S43,1,0.0001
train_categorical,L3_S43_F4064,1183464,1183747,99.9761,train,categorical,3,43,L3_S43,283,0.0239
train_categorical,L3_S43_F4066,1183464,1183747,99.9761,train,categorical,3,43,L3_S43,283,0.0239
train_categorical,L3_S43_F4068,1183746,1183747,99.9999,train,categorical,3,43,L3_S43,1,0.0001
train_categorical,L3_S43_F4069,1183464,1183747,99.9761,train,categorical,3,43,L3_S43,283,0.0239
train_categorical,L3_S43_F4071,1183464,1183747,99.9761,train,categorical,3,43,L3_S43,283,0.0239
train_categorical,L3_S43_F4073,1183746,1183747,99.9999,train,categorical,3,43,L3_S43,1,0.0001
train_categorical,L3_S43_F4074,1183464,1183747,99.9761,train,categorical,3,43,L3_S43,283,0.0239
train_categorical,L3_S43_F4076,1183464,1183747,99.9761,train,categorical,3,43,L3_S43,283,0.0239
train_categorical,L3_S43_F4078,1183746,1183747,99.9999,train,categorical,3,43,L3_S43,1,0.0001
train_categorical,L3_S43_F4079,1183464,1183747,99.9761,train,categorical,3,43,L3_S43,283,0.0239
train_categorical,L3_S43_F4081,1183470,1183747,99.9766,train,categorical,3,43,L3_S43,277,0.0234
train_categorical,L3_S43_F4083,1183746,1183747,99.9999,train,categorical,3,43,L3_S43,1,0.0001
train_categorical,L3_S43_F4084,1183470,1183747,99.9766,train,categorical,3,43,L3_S43,277,0.0234
train_categorical,L3_S43_F4086,1183470,1183747,99.9766,train,categorical,3,43,L3_S43,277,0.0234
train_categorical,L3_S43_F4088,1183746,1183747,99.9999,train,categorical,3,43,L3_S43,1,0.0001
train_categorical,L3_S43_F4089,1183470,1183747,99.9766,train,categorical,3,43,L3_S43,277,0.0234
train_categorical,L3_S43_F4091,1183470,1183747,99.9766,train,categorical,3,43,L3_S43,277,0.0234
train_categorical,L3_S43_F4093,1183746,1183747,99.9999,train,categorical,3,43,L3_S43,1,0.0001
train_categorical,L3_S43_F4094,1183470,1183747,99.9766,train,categorical,3,43,L3_S43,277,0.0234
train_categorical,L3_S43_F4096,1183470,1183747,99.9766,train,categorical,3,43,L3_S43,277,0.0234
train_categorical,L3_S43_F4098,1183746,1183747,99.9999,train,categorical,3,43,L3_S43,1,0.0001
train_categorical,L3_S43_F4099,1183470,1183747,99.9766,train,categorical,3,43,L3_S43,277,0.0234
train_categorical,L3_S44_F4102,1181654,1183747,99.8232,train,categorical,3,44,L3_S44,2093,0.1768
train_categorical,L3_S44_F4105,1181654,1183747,99.8232,train,categorical,3,44,L3_S44,2093,0.1768
train_categorical,L3_S44_F4108,1181654,1183747,99.8232,train,categorical,3,44,L3_S44,2093,0.1768
train_categorical,L3_S44_F4111,1181654,1183747,99.8232,train,categorical,3,44,L3_S44,2093,0.1768
train_categorical,L3_S44_F4114,1181654,1183747,99.8232,train,categorical,3,44,L3_S44,2093,0.1768
train_categorical,L3_S44_F4117,1181654,1183747,99.8232,train,categorical,3,44,L3_S44,2093,0.1768
train_categorical,L3_S44_F4120,1181654,1183747,99.8232,train,categorical,3,44,L3_S44,2093,0.1768
train_categorical,L3_S44_F4123,1181654,1183747,99.8232,train,categorical,3,44,L3_S44,2093,0.1768
train_categorical,L3_S46_F4134,1183746,1183747,99.9999,train,categorical,3,46,L3_S46,1,0.0001
train_categorical,L3_S46_F4136,1183747,1183747,100.0,train,categorical,3,46,L3_S46,0,0.0
train_categorical,L3_S46_F4137,1183747,1183747,100.0,train,categorical,3,46,L3_S46,0,0.0
train_categorical,L3_S47_F4139,1183747,1183747,100.0,train,categorical,3,47,L3_S47,0,0.0
train_categorical,L3_S47_F4141,1123792,1183747,94.9352,train,categorical,3,47,L3_S47,59955,5.0648
train_categorical,L3_S47_F4142,1183747,1183747,100.0,train,categorical,3,47,L3_S47,0,0.0
train_categorical,L3_S47_F4144,1183747,1183747,100.0,train,categorical,3,47,L3_S47,0,0.0
train_categorical,L3_S47_F4146,1123792,1183747,94.9352,train,categorical,3,47,L3_S47,59955,5.0648
train_categorical,L3_S47_F4147,1183747,1183747,100.0,train,categorical,3,47,L3_S47,0,0.0
train_categorical,L3_S47_F4149,1183747,1183747,100.0,train,categorical,3,47,L3_S47,0,0.0
train_categorical,L3_S47_F4151,1123792,1183747,94.9352,train,categorical,3,47,L3_S47,59955,5.0648
train_categorical,L3_S47_F4152,1183747,1183747,100.0,train,categorical,3,47,L3_S47,0,0.0
train_categorical,L3_S47_F4154,1183747,1183747,100.0,train,categorical,3,47,L3_S47,0,0.0
train_categorical,L3_S47_F4156,1123792,1183747,94.9352,train,categorical,3,47,L3_S47,59955,5.0648
train_categorical,L3_S47_F4157,1183747,1183747,100.0,train,categorical,3,47,L3_S47,0,0.0
train_categorical,L3_S47_F4159,1183747,1183747,100.0,train,categorical,3,47,L3_S47,0,0.0
train_categorical,L3_S47_F4161,1123792,1183747,94.9352,train,categorical,3,47,L3_S47,59955,5.0648
train_categorical,L3_S47_F4162,1183747,1183747,100.0,train,categorical,3,47,L3_S47,0,0.0
train_categorical,L3_S47_F4164,1183747,1183747,100.0,train,categorical,3,47,L3_S47,0,0.0
train_categorical,L3_S47_F4166,1123792,1183747,94.9352,train,categorical,3,47,L3_S47,59955,5.0648
train_categorical,L3_S47_F4167,1183747,1183747,100.0,train,categorical,3,47,L3_S47,0,0.0
train_categorical,L3_S47_F4169,1183747,1183747,100.0,train,categorical,3,47,L3_S47,0,0.0
train_categorical,L3_S47_F4171,1123792,1183747,94.9352,train,categorical,3,47,L3_S47,59955,5.0648
train_categorical,L3_S47_F4172,1183747,1183747,100.0,train,categorical,3,47,L3_S47,0,0.0
train_categorical,L3_S47_F4174,1183747,1183747,100.0,train,categorical,3,47,L3_S47,0,0.0
train_categorical,L3_S47_F4176,1123792,1183747,94.9352,train,categorical,3,47,L3_S47,59955,5.0648
train_categorical,L3_S47_F4177,1183747,1183747,100.0,train,categorical,3,47,L3_S47,0,0.0
train_categorical,L3_S47_F4179,1183747,1183747,100.0,train,categorical,3,47,L3_S47,0,0.0
train_categorical,L3_S47_F4181,1123792,1183747,94.9352,train,categorical,3,47,L3_S47,59955,5.0648
train_categorical,L3_S47_F4182,1183747,1183747,100.0,train,categorical,3,47,L3_S47,0,0.0
train_categorical,L3_S47_F4184,1183747,1183747,100.0,train,categorical,3,47,L3_S47,0,0.0
train_categorical,L3_S47_F4186,1123792,1183747,94.9352,train,categorical,3,47,L3_S47,59955,5.0648
train_categorical,L3_S47_F4187,1183747,1183747,100.0,train,categorical,3,47,L3_S47,0,0.0
train_categorical,L3_S47_F4189,1183747,1183747,100.0,train,categorical,3,47,L3_S47,0,0.0
train_categorical,L3_S47_F4191,1123792,1183747,94.9352,train,categorical,3,47,L3_S47,59955,5.0648
train_categorical,L3_S47_F4192,1183747,1183747,100.0,train,categorical,3,47,L3_S47,0,0.0
train_categorical,L3_S49_F4207,1183714,1183747,99.9972,train,categorical,3,49,L3_S49,33,0.0028
train_categorical,L3_S49_F4209,1183714,1183747,99.9972,train,categorical,3,49,L3_S49,33,0.0028
train_categorical,L3_S49_F4210,1183714,1183747,99.9972,train,categorical,3,49,L3_S49,33,0.0028
train_categorical,L3_S49_F4212,1183714,1183747,99.9972,train,categorical,3,49,L3_S49,33,0.0028
train_categorical,L3_S49_F4214,1183714,1183747,99.9972,train,categorical,3,49,L3_S49,33,0.0028
train_categorical,L3_S49_F4215,1183714,1183747,99.9972,train,categorical,3,49,L3_S49,33,0.0028
train_categorical,L3_S49_F4217,1183704,1183747,99.9964,train,categorical,3,49,L3_S49,43,0.0036
train_categorical,L3_S49_F4219,1183714,1183747,99.9972,train,categorical,3,49,L3_S49,33,0.0028
train_categorical,L3_S49_F4220,1183704,1183747,99.9964,train,categorical,3,49,L3_S49,43,0.0036
train_categorical,L3_S49_F4222,1183704,1183747,99.9964,train,categorical,3,49,L3_S49,43,0.0036
train_categorical,L3_S49_F4224,1183714,1183747,99.9972,train,categorical,3,49,L3_S49,33,0.0028
train_categorical,L3_S49_F4225,1183704,1183747,99.9964,train,categorical,3,49,L3_S49,43,0.0036
train_categorical,L3_S49_F4227,1183704,1183747,99.9964,train,categorical,3,49,L3_S49,43,0.0036
train_categorical,L3_S49_F4229,1183714,1183747,99.9972,train,categorical,3,49,L3_S49,33,0.0028
train_categorical,L3_S49_F4230,1183704,1183747,99.9964,train,categorical,3,49,L3_S49,43,0.0036
train_categorical,L3_S49_F4232,1183704,1183747,99.9964,train,categorical,3,49,L3_S49,43,0.0036
train_categorical,L3_S49_F4234,1183714,1183747,99.9972,train,categorical,3,49,L3_S49,33,0.0028
train_categorical,L3_S49_F4235,1183704,1183747,99.9964,train,categorical,3,49,L3_S49,43,0.0036
train_categorical,L3_S49_F4237,1183704,1183747,99.9964,train,categorical,3,49,L3_S49,43,0.0036
train_categorical,L3_S49_F4239,1183714,1183747,99.9972,train,categorical,3,49,L3_S49,33,0.0028
train_categorical,L3_S49_F4240,1183704,1183747,99.9964,train,categorical,3,49,L3_S49,43,0.0036
train_date,L0_S0_D1,509885,1183747,43.0738,train,date,0,0,L0_S0,673862,56.9262
train_date,L0_S0_D3,509885,1183747,43.0738,train,date,0,0,L0_S0,673862,56.9262
train_date,L0_S0_D5,509885,1183747,43.0738,train,date,0,0,L0_S0,673862,56.9262
train_date,L0_S0_D7,509885,1183747,43.0738,train,date,0,0,L0_S0,673862,56.9262
train_date,L0_S0_D9,509885,1183747,43.0738,train,date,0,0,L0_S0,673862,56.9262
train_date,L0_S0_D11,509885,1183747,43.0738,train,date,0,0,L0_S0,673862,56.9262
train_date,L0_S0_D13,509885,1183747,43.0738,train,date,0,0,L0_S0,673862,56.9262
train_date,L0_S0_D15,509885,1183747,43.0738,train,date,0,0,L0_S0,673862,56.9262
train_date,L0_S0_D17,509885,1183747,43.0738,train,date,0,0,L0_S0,673862,56.9262
train_date,L0_S0_D19,509885,1183747,43.0738,train,date,0,0,L0_S0,673862,56.9262
train_date,L0_S0_D21,509885,1183747,43.0738,train,date,0,0,L0_S0,673862,56.9262
train_date,L0_S0_D23,509885,1183747,43.0738,train,date,0,0,L0_S0,673862,56.9262
train_date,L0_S1_D26,509845,1183747,43.0704,train,date,0,1,L0_S1,673902,56.9296
train_date,L0_S1_D30,509843,1183747,43.0703,train,date,0,1,L0_S1,673904,56.9297
train_date,L0_S2_D34,843973,1183747,71.2967,train,date,0,2,L0_S2,339774,28.7033
train_date,L0_S2_D38,843973,1183747,71.2967,train,date,0,2,L0_S2,339774,28.7033
train_date,L0_S2_D42,843973,1183747,71.2967,train,date,0,2,L0_S2,339774,28.7033
train_date,L0_S2_D46,843973,1183747,71.2967,train,date,0,2,L0_S2,339774,28.7033
train_date,L0_S2_D50,843973,1183747,71.2967,train,date,0,2,L0_S2,339774,28.7033
train_date,L0_S2_D54,843973,1183747,71.2967,train,date,0,2,L0_S2,339774,28.7033
train_date,L0_S2_D58,843973,1183747,71.2967,train,date,0,2,L0_S2,339774,28.7033
train_date,L0_S2_D62,843973,1183747,71.2967,train,date,0,2,L0_S2,339774,28.7033
train_date,L0_S2_D66,843973,1183747,71.2967,train,date,0,2,L0_S2,339774,28.7033
train_date,L0_S3_D70,849039,1183747,71.7247,train,date,0,3,L0_S3,334708,28.2753
train_date,L0_S3_D74,849039,1183747,71.7247,train,date,0,3,L0_S3,334708,28.2753
train_date,L0_S3_D78,849039,1183747,71.7247,train,date,0,3,L0_S3,334708,28.2753
train_date,L0_S3_D82,849039,1183747,71.7247,train,date,0,3,L0_S3,334708,28.2753
train_date,L0_S3_D86,849039,1183747,71.7247,train,date,0,3,L0_S3,334708,28.2753
train_date,L0_S3_D90,849039,1183747,71.7247,train,date,0,3,L0_S3,334708,28.2753
train_date,L0_S3_D94,849039,1183747,71.7247,train,date,0,3,L0_S3,334708,28.2753
train_date,L0_S3_D98,849039,1183747,71.7247,train,date,0,3,L0_S3,334708,28.2753
train_date,L0_S3_D102,849039,1183747,71.7247,train,date,0,3,L0_S3,334708,28.2753
train_date,L0_S4_D106,848452,1183747,71.6751,train,date,0,4,L0_S4,335295,28.3249
train_date,L0_S4_D111,848504,1183747,71.6795,train,date,0,4,L0_S4,335243,28.3205
train_date,L0_S5_D115,844235,1183747,71.3189,train,date,0,5,L0_S5,339512,28.6811
train_date,L0_S5_D117,844235,1183747,71.3189,train,date,0,5,L0_S5,339512,28.6811
train_date,L0_S6_D120,844759,1183747,71.3631,train,date,0,6,L0_S6,338988,28.6369
train_date,L0_S6_D124,844759,1183747,71.3631,train,date,0,6,L0_S6,338988,28.6369
train_date,L0_S6_D127,844759,1183747,71.3631,train,date,0,6,L0_S6,338988,28.6369
train_date,L0_S6_D130,844759,1183747,71.3631,train,date,0,6,L0_S6,338988,28.6369
train_date,L0_S6_D134,844759,1183747,71.3631,train,date,0,6,L0_S6,338988,28.6369
train_date,L0_S7_D137,848049,1183747,71.6411,train,date,0,7,L0_S7,335698,28.3589
train_date,L0_S7_D139,848049,1183747,71.6411,train,date,0,7,L0_S7,335698,28.3589
train_date,L0_S7_D140,848049,1183747,71.6411,train,date,0,7,L0_S7,335698,28.3589
train_date,L0_S7_D141,848049,1183747,71.6411,train,date,0,7,L0_S7,335698,28.3589
train_date,L0_S7_D143,848049,1183747,71.6411,train,date,0,7,L0_S7,335698,28.3589
train_date,L0_S8_D145,509866,1183747,43.0722,train,date,0,8,L0_S8,673881,56.9278
train_date,L0_S8_D147,509866,1183747,43.0722,train,date,0,8,L0_S8,673881,56.9278
train_date,L0_S8_D148,509866,1183747,43.0722,train,date,0,8,L0_S8,673881,56.9278
train_date,L0_S8_D150,509866,1183747,43.0722,train,date,0,8,L0_S8,673881,56.9278
train_date,L0_S9_D152,958068,1183747,80.9352,train,date,0,9,L0_S9,225679,19.0648
train_date,L0_S9_D157,958088,1183747,80.9369,train,date,0,9,L0_S9,225659,19.0631
train_date,L0_S9_D162,958069,1183747,80.9353,train,date,0,9,L0_S9,225678,19.0647
train_date,L0_S9_D167,958076,1183747,80.9359,train,date,0,9,L0_S9,225671,19.0641
train_date,L0_S9_D172,958069,1183747,80.9353,train,date,0,9,L0_S9,225678,19.0647
train_date,L0_S9_D177,958088,1183747,80.9369,train,date,0,9,L0_S9,225659,19.0631
train_date,L0_S9_D182,958088,1183747,80.9369,train,date,0,9,L0_S9,225659,19.0631
train_date,L0_S9_D187,958088,1183747,80.9369,train,date,0,9,L0_S9,225659,19.0631
train_date,L0_S9_D192,958088,1183747,80.9369,train,date,0,9,L0_S9,225659,19.0631
train_date,L0_S9_D197,958088,1183747,80.9369,train,date,0,9,L0_S9,225659,19.0631
train_date,L0_S9_D202,958088,1183747,80.9369,train,date,0,9,L0_S9,225659,19.0631
train_date,L0_S9_D207,958088,1183747,80.9369,train,date,0,9,L0_S9,225659,19.0631
train_date,L0_S9_D212,958088,1183747,80.9369,train,date,0,9,L0_S9,225659,19.0631
train_date,L0_S10_D216,959207,1183747,81.0314,train,date,0,10,L0_S10,224540,18.9686
train_date,L0_S10_D221,959224,1183747,81.0329,train,date,0,10,L0_S10,224523,18.9671
train_date,L0_S10_D226,959207,1183747,81.0314,train,date,0,10,L0_S10,224540,18.9686
train_date,L0_S10_D231,959220,1183747,81.0325,train,date,0,10,L0_S10,224527,18.9675
train_date,L0_S10_D236,959207,1183747,81.0314,train,date,0,10,L0_S10,224540,18.9686
train_date,L0_S10_D241,959224,1183747,81.0329,train,date,0,10,L0_S10,224523,18.9671
train_date,L0_S10_D246,959224,1183747,81.0329,train,date,0,10,L0_S10,224523,18.9671
train_date,L0_S10_D251,959224,1183747,81.0329,train,date,0,10,L0_S10,224523,18.9671
train_date,L0_S10_D256,959224,1183747,81.0329,train,date,0,10,L0_S10,224523,18.9671
train_date,L0_S10_D261,959224,1183747,81.0329,train,date,0,10,L0_S10,224523,18.9671
train_date,L0_S10_D266,959224,1183747,81.0329,train,date,0,10,L0_S10,224523,18.9671
train_date,L0_S10_D271,959224,1183747,81.0329,train,date,0,10,L0_S10,224523,18.9671
train_date,L0_S10_D276,959224,1183747,81.0329,train,date,0,10,L0_S10,224523,18.9671
train_date,L0_S11_D280,958295,1183747,80.9544,train,date,0,11,L0_S11,225452,19.0456
train_date,L0_S11_D284,958295,1183747,80.9544,train,date,0,11,L0_S11,225452,19.0456
train_date,L0_S11_D288,958295,1183747,80.9544,train,date,0,11,L0_S11,225452,19.0456
train_date,L0_S11_D292,958295,1183747,80.9544,train,date,0,11,L0_S11,225452,19.0456
train_date,L0_S11_D296,958295,1183747,80.9544,train,date,0,11,L0_S11,225452,19.0456
train_date,L0_S11_D300,958295,1183747,80.9544,train,date,0,11,L0_S11,225452,19.0456
train_date,L0_S11_D304,958295,1183747,80.9544,train,date,0,11,L0_S11,225452,19.0456
train_date,L0_S11_D308,958295,1183747,80.9544,train,date,0,11,L0_S11,225452,19.0456
train_date,L0_S11_D312,958295,1183747,80.9544,train,date,0,11,L0_S11,225452,19.0456
train_date,L0_S11_D316,958295,1183747,80.9544,train,date,0,11,L0_S11,225452,19.0456
train_date,L0_S11_D320,958295,1183747,80.9544,train,date,0,11,L0_S11,225452,19.0456
train_date,L0_S11_D324,958295,1183747,80.9544,train,date,0,11,L0_S11,225452,19.0456
train_date,L0_S11_D328,958295,1183747,80.9544,train,date,0,11,L0_S11,225452,19.0456
train_date,L0_S12_D331,941686,1183747,79.5513,train,date,0,12,L0_S12,242061,20.4487
train_date,L0_S12_D333,941686,1183747,79.5513,train,date,0,12,L0_S12,242061,20.4487
train_date,L0_S12_D335,941686,1183747,79.5513,train,date,0,12,L0_S12,242061,20.4487
train_date,L0_S12_D337,941686,1183747,79.5513,train,date,0,12,L0_S12,242061,20.4487
train_date,L0_S12_D339,941686,1183747,79.5513,train,date,0,12,L0_S12,242061,20.4487
train_date,L0_S12_D341,941686,1183747,79.5513,train,date,0,12,L0_S12,242061,20.4487
train_date,L0_S12_D343,941686,1183747,79.5513,train,date,0,12,L0_S12,242061,20.4487
train_date,L0_S12_D345,941686,1183747,79.5513,train,date,0,12,L0_S12,242061,20.4487
train_date,L0_S12_D347,941686,1183747,79.5513,train,date,0,12,L0_S12,242061,20.4487
train_date,L0_S12_D349,941686,1183747,79.5513,train,date,0,12,L0_S12,242061,20.4487
train_date,L0_S12_D351,941686,1183747,79.5513,train,date,0,12,L0_S12,242061,20.4487
train_date,L0_S12_D353,941686,1183747,79.5513,train,date,0,12,L0_S12,242061,20.4487
train_date,L0_S13_D355,941682,1183747,79.551,train,date,0,13,L0_S13,242065,20.449
train_date,L0_S13_D357,941682,1183747,79.551,train,date,0,13,L0_S13,242065,20.449
train_date,L0_S14_D360,1063122,1183747,89.8099,train,date,0,14,L0_S14,120625,10.1901
train_date,L0_S14_D364,1063122,1183747,89.8099,train,date,0,14,L0_S14,120625,10.1901
train_date,L0_S14_D368,1063122,1183747,89.8099,train,date,0,14,L0_S14,120625,10.1901
train_date,L0_S14_D372,1063122,1183747,89.8099,train,date,0,14,L0_S14,120625,10.1901
train_date,L0_S14_D376,1063122,1183747,89.8099,train,date,0,14,L0_S14,120625,10.1901
train_date,L0_S14_D380,1063122,1183747,89.8099,train,date,0,14,L0_S14,120625,10.1901
train_date,L0_S14_D384,1063122,1183747,89.8099,train,date,0,14,L0_S14,120625,10.1901
train_date,L0_S14_D388,1063122,1183747,89.8099,train,date,0,14,L0_S14,120625,10.1901
train_date,L0_S14_D392,1063122,1183747,89.8099,train,date,0,14,L0_S14,120625,10.1901
train_date,L0_S15_D395,1062302,1183747,89.7406,train,date,0,15,L0_S15,121445,10.2594
train_date,L0_S15_D398,1062302,1183747,89.7406,train,date,0,15,L0_S15,121445,10.2594
train_date,L0_S15_D401,1062302,1183747,89.7406,train,date,0,15,L0_S15,121445,10.2594
train_date,L0_S15_D404,1062302,1183747,89.7406,train,date,0,15,L0_S15,121445,10.2594
train_date,L0_S15_D407,1062302,1183747,89.7406,train,date,0,15,L0_S15,121445,10.2594
train_date,L0_S15_D410,1062302,1183747,89.7406,train,date,0,15,L0_S15,121445,10.2594
train_date,L0_S15_D413,1062302,1183747,89.7406,train,date,0,15,L0_S15,121445,10.2594
train_date,L0_S15_D416,1062302,1183747,89.7406,train,date,0,15,L0_S15,121445,10.2594
train_date,L0_S15_D419,1062302,1183747,89.7406,train,date,0,15,L0_S15,121445,10.2594
train_date,L0_S16_D423,1064608,1183747,89.9354,train,date,0,16,L0_S16,119139,10.0646
train_date,L0_S16_D428,1064608,1183747,89.9354,train,date,0,16,L0_S16,119139,10.0646
train_date,L0_S17_D432,1060720,1183747,89.607,train,date,0,17,L0_S17,123027,10.393
train_date,L0_S17_D434,1060720,1183747,89.607,train,date,0,17,L0_S17,123027,10.393
train_date,L0_S18_D437,1062666,1183747,89.7714,train,date,0,18,L0_S18,121081,10.2286
train_date,L0_S18_D441,1062666,1183747,89.7714,train,date,0,18,L0_S18,121081,10.2286
train_date,L0_S18_D444,1062666,1183747,89.7714,train,date,0,18,L0_S18,121081,10.2286
train_date,L0_S18_D447,1062666,1183747,89.7714,train,date,0,18,L0_S18,121081,10.2286
train_date,L0_S18_D451,1062666,1183747,89.7714,train,date,0,18,L0_S18,121081,10.2286
train_date,L0_S19_D454,1062720,1183747,89.7759,train,date,0,19,L0_S19,121027,10.2241
train_date,L0_S19_D456,1062720,1183747,89.7759,train,date,0,19,L0_S19,121027,10.2241
train_date,L0_S19_D457,1062720,1183747,89.7759,train,date,0,19,L0_S19,121027,10.2241
train_date,L0_S19_D458,1062720,1183747,89.7759,train,date,0,19,L0_S19,121027,10.2241
train_date,L0_S19_D460,1062720,1183747,89.7759,train,date,0,19,L0_S19,121027,10.2241
train_date,L0_S20_D462,941636,1183747,79.5471,train,date,0,20,L0_S20,242111,20.4529
train_date,L0_S20_D464,941636,1183747,79.5471,train,date,0,20,L0_S20,242111,20.4529
train_date,L0_S20_D465,941636,1183747,79.5471,train,date,0,20,L0_S20,242111,20.4529
train_date,L0_S20_D467,941636,1183747,79.5471,train,date,0,20,L0_S20,242111,20.4529
train_date,L0_S21_D469,1102338,1183747,93.1228,train,date,0,21,L0_S21,81409,6.8772
train_date,L0_S21_D474,1102379,1183747,93.1262,train,date,0,21,L0_S21,81368,6.8738
train_date,L0_S21_D479,1102338,1183747,93.1228,train,date,0,21,L0_S21,81409,6.8772
train_date,L0_S21_D484,1102374,1183747,93.1258,train,date,0,21,L0_S21,81373,6.8742
train_date,L0_S21_D489,1102338,1183747,93.1228,train,date,0,21,L0_S21,81409,6.8772
train_date,L0_S21_D494,1102379,1183747,93.1262,train,date,0,21,L0_S21,81368,6.8738
train_date,L0_S21_D499,1102379,1183747,93.1262,train,date,0,21,L0_S21,81368,6.8738
train_date,L0_S21_D504,1102379,1183747,93.1262,train,date,0,21,L0_S21,81368,6.8738
train_date,L0_S21_D509,1102379,1183747,93.1262,train,date,0,21,L0_S21,81368,6.8738
train_date,L0_S21_D514,1102379,1183747,93.1262,train,date,0,21,L0_S21,81368,6.8738
train_date,L0_S21_D519,1102379,1183747,93.1262,train,date,0,21,L0_S21,81368,6.8738
train_date,L0_S21_D524,1102379,1183747,93.1262,train,date,0,21,L0_S21,81368,6.8738
train_date,L0_S21_D529,1102379,1183747,93.1262,train,date,0,21,L0_S21,81368,6.8738
train_date,L0_S21_D534,1102379,1183747,93.1262,train,date,0,21,L0_S21,81368,6.8738
train_date,L0_S21_D539,1102379,1183747,93.1262,train,date,0,21,L0_S21,81368,6.8738
train_date,L0_S22_D543,1103147,1183747,93.1911,train,date,0,22,L0_S22,80600,6.8089
train_date,L0_S22_D548,1103156,1183747,93.1919,train,date,0,22,L0_S22,80591,6.8081
train_date,L0_S22_D553,1103148,1183747,93.1912,train,date,0,22,L0_S22,80599,6.8088
train_date,L0_S22_D558,1103152,1183747,93.1915,train,date,0,22,L0_S22,80595,6.8085
train_date,L0_S22_D563,1103148,1183747,93.1912,train,date,0,22,L0_S22,80599,6.8088
train_date,L0_S22_D568,1103156,1183747,93.1919,train,date,0,22,L0_S22,80591,6.8081
train_date,L0_S22_D573,1103156,1183747,93.1919,train,date,0,22,L0_S22,80591,6.8081
train_date,L0_S22_D578,1103156,1183747,93.1919,train,date,0,22,L0_S22,80591,6.8081
train_date,L0_S22_D583,1103156,1183747,93.1919,train,date,0,22,L0_S22,80591,6.8081
train_date,L0_S22_D588,1103156,1183747,93.1919,train,date,0,22,L0_S22,80591,6.8081
train_date,L0_S22_D593,1103156,1183747,93.1919,train,date,0,22,L0_S22,80591,6.8081
train_date,L0_S22_D598,1103156,1183747,93.1919,train,date,0,22,L0_S22,80591,6.8081
train_date,L0_S22_D603,1103156,1183747,93.1919,train,date,0,22,L0_S22,80591,6.8081
train_date,L0_S22_D608,1103156,1183747,93.1919,train,date,0,22,L0_S22,80591,6.8081
train_date,L0_S22_D613,1103156,1183747,93.1919,train,date,0,22,L0_S22,80591,6.8081
train_date,L0_S23_D617,1103457,1183747,93.2173,train,date,0,23,L0_S23,80290,6.7827
train_date,L0_S23_D621,1103457,1183747,93.2173,train,date,0,23,L0_S23,80290,6.7827
train_date,L0_S23_D625,1103457,1183747,93.2173,train,date,0,23,L0_S23,80290,6.7827
train_date,L0_S23_D629,1103457,1183747,93.2173,train,date,0,23,L0_S23,80290,6.7827
train_date,L0_S23_D633,1103457,1183747,93.2173,train,date,0,23,L0_S23,80290,6.7827
train_date,L0_S23_D637,1103457,1183747,93.2173,train,date,0,23,L0_S23,80290,6.7827
train_date,L0_S23_D641,1103457,1183747,93.2173,train,date,0,23,L0_S23,80290,6.7827
train_date,L0_S23_D645,1103457,1183747,93.2173,train,date,0,23,L0_S23,80290,6.7827
train_date,L0_S23_D649,1103457,1183747,93.2173,train,date,0,23,L0_S23,80290,6.7827
train_date,L0_S23_D653,1103457,1183747,93.2173,train,date,0,23,L0_S23,80290,6.7827
train_date,L0_S23_D657,1103457,1183747,93.2173,train,date,0,23,L0_S23,80290,6.7827
train_date,L0_S23_D661,1103457,1183747,93.2173,train,date,0,23,L0_S23,80290,6.7827
train_date,L0_S23_D665,1103457,1183747,93.2173,train,date,0,23,L0_S23,80290,6.7827
train_date,L0_S23_D669,1103457,1183747,93.2173,train,date,0,23,L0_S23,80290,6.7827
train_date,L0_S23_D673,1103457,1183747,93.2173,train,date,0,23,L0_S23,80290,6.7827
train_date,L1_S24_D677,1159885,1183747,97.9842,train,date,1,24,L1_S24,23862,2.0158
train_date,L1_S24_D681,1159885,1183747,97.9842,train,date,1,24,L1_S24,23862,2.0158
train_date,L1_S24_D685,1159885,1183747,97.9842,train,date,1,24,L1_S24,23862,2.0158
train_date,L1_S24_D689,1159885,1183747,97.9842,train,date,1,24,L1_S24,23862,2.0158
train_date,L1_S24_D693,1159885,1183747,97.9842,train,date,1,24,L1_S24,23862,2.0158
train_date,L1_S24_D697,1160110,1183747,98.0032,train,date,1,24,L1_S24,23637,1.9968
train_date,L1_S24_D702,1159921,1183747,97.9872,train,date,1,24,L1_S24,23826,2.0128
train_date,L1_S24_D707,1159921,1183747,97.9872,train,date,1,24,L1_S24,23826,2.0128
train_date,L1_S24_D712,1159921,1183747,97.9872,train,date,1,24,L1_S24,23826,2.0128
train_date,L1_S24_D716,1160110,1183747,98.0032,train,date,1,24,L1_S24,23637,1.9968
train_date,L1_S24_D721,1160110,1183747,98.0032,train,date,1,24,L1_S24,23637,1.9968
train_date,L1_S24_D725,1159921,1183747,97.9872,train,date,1,24,L1_S24,23826,2.0128
train_date,L1_S24_D730,1159921,1183747,97.9872,train,date,1,24,L1_S24,23826,2.0128
train_date,L1_S24_D735,1159921,1183747,97.9872,train,date,1,24,L1_S24,23826,2.0128
train_date,L1_S24_D739,1159921,1183747,97.9872,train,date,1,24,L1_S24,23826,2.0128
train_date,L1_S24_D743,1159921,1183747,97.9872,train,date,1,24,L1_S24,23826,2.0128
train_date,L1_S24_D748,1160110,1183747,98.0032,train,date,1,24,L1_S24,23637,1.9968
train_date,L1_S24_D753,1160110,1183747,98.0032,train,date,1,24,L1_S24,23637,1.9968
train_date,L1_S24_D758,1160110,1183747,98.0032,train,date,1,24,L1_S24,23637,1.9968
train_date,L1_S24_D763,1160110,1183747,98.0032,train,date,1,24,L1_S24,23637,1.9968
train_date,L1_S24_D768,1160110,1183747,98.0032,train,date,1,24,L1_S24,23637,1.9968
train_date,L1_S24_D772,1160201,1183747,98.0109,train,date,1,24,L1_S24,23546,1.9891
train_date,L1_S24_D777,1160110,1183747,98.0032,train,date,1,24,L1_S24,23637,1.9968
train_date,L1_S24_D782,1160110,1183747,98.0032,train,date,1,24,L1_S24,23637,1.9968
train_date,L1_S24_D787,1160110,1183747,98.0032,train,date,1,24,L1_S24,23637,1.9968
train_date,L1_S24_D792,1160110,1183747,98.0032,train,date,1,24,L1_S24,23637,1.9968
train_date,L1_S24_D797,1160110,1183747,98.0032,train,date,1,24,L1_S24,23637,1.9968
train_date,L1_S24_D801,1159906,1183747,97.986,train,date,1,24,L1_S24,23841,2.014
train_date,L1_S24_D804,1159906,1183747,97.986,train,date,1,24,L1_S24,23841,2.014
train_date,L1_S24_D807,1159911,1183747,97.9864,train,date,1,24,L1_S24,23836,2.0136
train_date,L1_S24_D809,1159911,1183747,97.9864,train,date,1,24,L1_S24,23836,2.0136
train_date,L1_S24_D811,1159911,1183747,97.9864,train,date,1,24,L1_S24,23836,2.0136
train_date,L1_S24_D813,1159908,1183747,97.9861,train,date,1,24,L1_S24,23839,2.0139
train_date,L1_S24_D815,1159908,1183747,97.9861,train,date,1,24,L1_S24,23839,2.0139
train_date,L1_S24_D818,1171721,1183747,98.9841,train,date,1,24,L1_S24,12026,1.0159
train_date,L1_S24_D822,1171721,1183747,98.9841,train,date,1,24,L1_S24,12026,1.0159
train_date,L1_S24_D826,1171721,1183747,98.9841,train,date,1,24,L1_S24,12026,1.0159
train_date,L1_S24_D831,1171721,1183747,98.9841,train,date,1,24,L1_S24,12026,1.0159
train_date,L1_S24_D836,1171721,1183747,98.9841,train,date,1,24,L1_S24,12026,1.0159
train_date,L1_S24_D841,1171721,1183747,98.9841,train,date,1,24,L1_S24,12026,1.0159
train_date,L1_S24_D846,1171721,1183747,98.9841,train,date,1,24,L1_S24,12026,1.0159
train_date,L1_S24_D850,1171721,1183747,98.9841,train,date,1,24,L1_S24,12026,1.0159
train_date,L1_S24_D854,1171721,1183747,98.9841,train,date,1,24,L1_S24,12026,1.0159
train_date,L1_S24_D859,1171721,1183747,98.9841,train,date,1,24,L1_S24,12026,1.0159
train_date,L1_S24_D864,1171721,1183747,98.9841,train,date,1,24,L1_S24,12026,1.0159
train_date,L1_S24_D869,1171721,1183747,98.9841,train,date,1,24,L1_S24,12026,1.0159
train_date,L1_S24_D874,1171721,1183747,98.9841,train,date,1,24,L1_S24,12026,1.0159
train_date,L1_S24_D879,1171721,1183747,98.9841,train,date,1,24,L1_S24,12026,1.0159
train_date,L1_S24_D884,1171721,1183747,98.9841,train,date,1,24,L1_S24,12026,1.0159
train_date,L1_S24_D889,1171721,1183747,98.9841,train,date,1,24,L1_S24,12026,1.0159
train_date,L1_S24_D894,1171721,1183747,98.9841,train,date,1,24,L1_S24,12026,1.0159
train_date,L1_S24_D899,1171721,1183747,98.9841,train,date,1,24,L1_S24,12026,1.0159
train_date,L1_S24_D904,1171721,1183747,98.9841,train,date,1,24,L1_S24,12026,1.0159
train_date,L1_S24_D909,1171913,1183747,99.0003,train,date,1,24,L1_S24,11834,0.9997
train_date,L1_S24_D913,1171913,1183747,99.0003,train,date,1,24,L1_S24,11834,0.9997
train_date,L1_S24_D917,1171913,1183747,99.0003,train,date,1,24,L1_S24,11834,0.9997
train_date,L1_S24_D922,1171913,1183747,99.0003,train,date,1,24,L1_S24,11834,0.9997
train_date,L1_S24_D927,1171913,1183747,99.0003,train,date,1,24,L1_S24,11834,0.9997
train_date,L1_S24_D932,1171913,1183747,99.0003,train,date,1,24,L1_S24,11834,0.9997
train_date,L1_S24_D937,1171913,1183747,99.0003,train,date,1,24,L1_S24,11834,0.9997
train_date,L1_S24_D941,1171913,1183747,99.0003,train,date,1,24,L1_S24,11834,0.9997
train_date,L1_S24_D945,1171913,1183747,99.0003,train,date,1,24,L1_S24,11834,0.9997
train_date,L1_S24_D950,1171913,1183747,99.0003,train,date,1,24,L1_S24,11834,0.9997
train_date,L1_S24_D955,1171913,1183747,99.0003,train,date,1,24,L1_S24,11834,0.9997
train_date,L1_S24_D960,1171913,1183747,99.0003,train,date,1,24,L1_S24,11834,0.9997
train_date,L1_S24_D965,1171913,1183747,99.0003,train,date,1,24,L1_S24,11834,0.9997
train_date,L1_S24_D970,1171913,1183747,99.0003,train,date,1,24,L1_S24,11834,0.9997
train_date,L1_S24_D975,1171913,1183747,99.0003,train,date,1,24,L1_S24,11834,0.9997
train_date,L1_S24_D980,1171913,1183747,99.0003,train,date,1,24,L1_S24,11834,0.9997
train_date,L1_S24_D985,1171913,1183747,99.0003,train,date,1,24,L1_S24,11834,0.9997
train_date,L1_S24_D990,1171913,1183747,99.0003,train,date,1,24,L1_S24,11834,0.9997
train_date,L1_S24_D995,1171913,1183747,99.0003,train,date,1,24,L1_S24,11834,0.9997
train_date,L1_S24_D999,1171868,1183747,98.9965,train,date,1,24,L1_S24,11879,1.0035
train_date,L1_S24_D1001,1171868,1183747,98.9965,train,date,1,24,L1_S24,11879,1.0035
train_date,L1_S24_D1003,1171868,1183747,98.9965,train,date,1,24,L1_S24,11879,1.0035
train_date,L1_S24_D1005,1171868,1183747,98.9965,train,date,1,24,L1_S24,11879,1.0035
train_date,L1_S24_D1007,1171868,1183747,98.9965,train,date,1,24,L1_S24,11879,1.0035
train_date,L1_S24_D1009,1171868,1183747,98.9965,train,date,1,24,L1_S24,11879,1.0035
train_date,L1_S24_D1011,1171868,1183747,98.9965,train,date,1,24,L1_S24,11879,1.0035
train_date,L1_S24_D1013,1171868,1183747,98.9965,train,date,1,24,L1_S24,11879,1.0035
train_date,L1_S24_D1015,1171868,1183747,98.9965,train,date,1,24,L1_S24,11879,1.0035
train_date,L1_S24_D1018,1171796,1183747,98.9904,train,date,1,24,L1_S24,11951,1.0096
train_date,L1_S24_D1023,1171796,1183747,98.9904,train,date,1,24,L1_S24,11951,1.0096
train_date,L1_S24_D1028,1171796,1183747,98.9904,train,date,1,24,L1_S24,11951,1.0096
train_date,L1_S24_D1033,1171796,1183747,98.9904,train,date,1,24,L1_S24,11951,1.0096
train_date,L1_S24_D1038,1171796,1183747,98.9904,train,date,1,24,L1_S24,11951,1.0096
train_date,L1_S24_D1043,1171796,1183747,98.9904,train,date,1,24,L1_S24,11951,1.0096
train_date,L1_S24_D1048,1171796,1183747,98.9904,train,date,1,24,L1_S24,11951,1.0096
train_date,L1_S24_D1053,1171796,1183747,98.9904,train,date,1,24,L1_S24,11951,1.0096
train_date,L1_S24_D1058,1171796,1183747,98.9904,train,date,1,24,L1_S24,11951,1.0096
train_date,L1_S24_D1062,1159920,1183747,97.9872,train,date,1,24,L1_S24,23827,2.0128
train_date,L1_S24_D1066,1159920,1183747,97.9872,train,date,1,24,L1_S24,23827,2.0128
train_date,L1_S24_D1070,1159920,1183747,97.9872,train,date,1,24,L1_S24,23827,2.0128
train_date,L1_S24_D1074,1159920,1183747,97.9872,train,date,1,24,L1_S24,23827,2.0128
train_date,L1_S24_D1077,1159920,1183747,97.9872,train,date,1,24,L1_S24,23827,2.0128
train_date,L1_S24_D1081,1159920,1183747,97.9872,train,date,1,24,L1_S24,23827,2.0128
train_date,L1_S24_D1085,1159920,1183747,97.9872,train,date,1,24,L1_S24,23827,2.0128
train_date,L1_S24_D1089,1159920,1183747,97.9872,train,date,1,24,L1_S24,23827,2.0128
train_date,L1_S24_D1092,1159920,1183747,97.9872,train,date,1,24,L1_S24,23827,2.0128
train_date,L1_S24_D1096,1159920,1183747,97.9872,train,date,1,24,L1_S24,23827,2.0128
train_date,L1_S24_D1100,1159920,1183747,97.9872,train,date,1,24,L1_S24,23827,2.0128
train_date,L1_S24_D1104,1159920,1183747,97.9872,train,date,1,24,L1_S24,23827,2.0128
train_date,L1_S24_D1108,1159920,1183747,97.9872,train,date,1,24,L1_S24,23827,2.0128
train_date,L1_S24_D1112,1159920,1183747,97.9872,train,date,1,24,L1_S24,23827,2.0128
train_date,L1_S24_D1116,1156545,1183747,97.702,train,date,1,24,L1_S24,27202,2.298
train_date,L1_S24_D1120,1156545,1183747,97.702,train,date,1,24,L1_S24,27202,2.298
train_date,L1_S24_D1124,1156545,1183747,97.702,train,date,1,24,L1_S24,27202,2.298
train_date,L1_S24_D1128,1156545,1183747,97.702,train,date,1,24,L1_S24,27202,2.298
train_date,L1_S24_D1132,1156545,1183747,97.702,train,date,1,24,L1_S24,27202,2.298
train_date,L1_S24_D1135,1156570,1183747,97.7042,train,date,1,24,L1_S24,27177,2.2958
train_date,L1_S24_D1138,1156570,1183747,97.7042,train,date,1,24,L1_S24,27177,2.2958
train_date,L1_S24_D1141,1156570,1183747,97.7042,train,date,1,24,L1_S24,27177,2.2958
train_date,L1_S24_D1143,1156570,1183747,97.7042,train,date,1,24,L1_S24,27177,2.2958
train_date,L1_S24_D1146,1156570,1183747,97.7042,train,date,1,24,L1_S24,27177,2.2958
train_date,L1_S24_D1149,1156570,1183747,97.7042,train,date,1,24,L1_S24,27177,2.2958
train_date,L1_S24_D1151,1156570,1183747,97.7042,train,date,1,24,L1_S24,27177,2.2958
train_date,L1_S24_D1153,1156570,1183747,97.7042,train,date,1,24,L1_S24,27177,2.2958
train_date,L1_S24_D1155,1156935,1183747,97.735,train,date,1,24,L1_S24,26812,2.265
train_date,L1_S24_D1158,1183746,1183747,99.9999,train,date,1,24,L1_S24,1,0.0001
train_date,L1_S24_D1163,1156546,1183747,97.7021,train,date,1,24,L1_S24,27201,2.2979
train_date,L1_S24_D1168,1156550,1183747,97.7025,train,date,1,24,L1_S24,27197,2.2975
train_date,L1_S24_D1171,1156550,1183747,97.7025,train,date,1,24,L1_S24,27197,2.2975
train_date,L1_S24_D1173,1156550,1183747,97.7025,train,date,1,24,L1_S24,27197,2.2975
train_date,L1_S24_D1175,1156550,1183747,97.7025,train,date,1,24,L1_S24,27197,2.2975
train_date,L1_S24_D1178,1156550,1183747,97.7025,train,date,1,24,L1_S24,27197,2.2975
train_date,L1_S24_D1182,1156550,1183747,97.7025,train,date,1,24,L1_S24,27197,2.2975
train_date,L1_S24_D1186,1170106,1183747,98.8476,train,date,1,24,L1_S24,13641,1.1524
train_date,L1_S24_D1190,1170106,1183747,98.8476,train,date,1,24,L1_S24,13641,1.1524
train_date,L1_S24_D1194,1170106,1183747,98.8476,train,date,1,24,L1_S24,13641,1.1524
train_date,L1_S24_D1199,1170106,1183747,98.8476,train,date,1,24,L1_S24,13641,1.1524
train_date,L1_S24_D1204,1170106,1183747,98.8476,train,date,1,24,L1_S24,13641,1.1524
train_date,L1_S24_D1209,1170106,1183747,98.8476,train,date,1,24,L1_S24,13641,1.1524
train_date,L1_S24_D1214,1170106,1183747,98.8476,train,date,1,24,L1_S24,13641,1.1524
train_date,L1_S24_D1218,1170106,1183747,98.8476,train,date,1,24,L1_S24,13641,1.1524
train_date,L1_S24_D1222,1170106,1183747,98.8476,train,date,1,24,L1_S24,13641,1.1524
train_date,L1_S24_D1227,1170106,1183747,98.8476,train,date,1,24,L1_S24,13641,1.1524
train_date,L1_S24_D1232,1170106,1183747,98.8476,train,date,1,24,L1_S24,13641,1.1524
train_date,L1_S24_D1237,1170106,1183747,98.8476,train,date,1,24,L1_S24,13641,1.1524
train_date,L1_S24_D1242,1170106,1183747,98.8476,train,date,1,24,L1_S24,13641,1.1524
train_date,L1_S24_D1247,1170106,1183747,98.8476,train,date,1,24,L1_S24,13641,1.1524
train_date,L1_S24_D1252,1170106,1183747,98.8476,train,date,1,24,L1_S24,13641,1.1524
train_date,L1_S24_D1257,1170106,1183747,98.8476,train,date,1,24,L1_S24,13641,1.1524
train_date,L1_S24_D1262,1170106,1183747,98.8476,train,date,1,24,L1_S24,13641,1.1524
train_date,L1_S24_D1267,1170106,1183747,98.8476,train,date,1,24,L1_S24,13641,1.1524
train_date,L1_S24_D1272,1170106,1183747,98.8476,train,date,1,24,L1_S24,13641,1.1524
train_date,L1_S24_D1277,1170184,1183747,98.8542,train,date,1,24,L1_S24,13563,1.1458
train_date,L1_S24_D1281,1170184,1183747,98.8542,train,date,1,24,L1_S24,13563,1.1458
train_date,L1_S24_D1285,1170184,1183747,98.8542,train,date,1,24,L1_S24,13563,1.1458
train_date,L1_S24_D1290,1170184,1183747,98.8542,train,date,1,24,L1_S24,13563,1.1458
train_date,L1_S24_D1295,1170184,1183747,98.8542,train,date,1,24,L1_S24,13563,1.1458
train_date,L1_S24_D1300,1170184,1183747,98.8542,train,date,1,24,L1_S24,13563,1.1458
train_date,L1_S24_D1305,1170184,1183747,98.8542,train,date,1,24,L1_S24,13563,1.1458
train_date,L1_S24_D1309,1170184,1183747,98.8542,train,date,1,24,L1_S24,13563,1.1458
train_date,L1_S24_D1313,1170184,1183747,98.8542,train,date,1,24,L1_S24,13563,1.1458
train_date,L1_S24_D1318,1170184,1183747,98.8542,train,date,1,24,L1_S24,13563,1.1458
train_date,L1_S24_D1323,1170184,1183747,98.8542,train,date,1,24,L1_S24,13563,1.1458
train_date,L1_S24_D1328,1170184,1183747,98.8542,train,date,1,24,L1_S24,13563,1.1458
train_date,L1_S24_D1333,1170184,1183747,98.8542,train,date,1,24,L1_S24,13563,1.1458
train_date,L1_S24_D1338,1170184,1183747,98.8542,train,date,1,24,L1_S24,13563,1.1458
train_date,L1_S24_D1343,1170184,1183747,98.8542,train,date,1,24,L1_S24,13563,1.1458
train_date,L1_S24_D1348,1170184,1183747,98.8542,train,date,1,24,L1_S24,13563,1.1458
train_date,L1_S24_D1353,1170184,1183747,98.8542,train,date,1,24,L1_S24,13563,1.1458
train_date,L1_S24_D1358,1170184,1183747,98.8542,train,date,1,24,L1_S24,13563,1.1458
train_date,L1_S24_D1363,1170184,1183747,98.8542,train,date,1,24,L1_S24,13563,1.1458
train_date,L1_S24_D1368,1170187,1183747,98.8545,train,date,1,24,L1_S24,13560,1.1455
train_date,L1_S24_D1373,1170187,1183747,98.8545,train,date,1,24,L1_S24,13560,1.1455
train_date,L1_S24_D1378,1170187,1183747,98.8545,train,date,1,24,L1_S24,13560,1.1455
train_date,L1_S24_D1383,1170187,1183747,98.8545,train,date,1,24,L1_S24,13560,1.1455
train_date,L1_S24_D1388,1170187,1183747,98.8545,train,date,1,24,L1_S24,13560,1.1455
train_date,L1_S24_D1393,1170187,1183747,98.8545,train,date,1,24,L1_S24,13560,1.1455
train_date,L1_S24_D1398,1170187,1183747,98.8545,train,date,1,24,L1_S24,13560,1.1455
train_date,L1_S24_D1403,1170187,1183747,98.8545,train,date,1,24,L1_S24,13560,1.1455
train_date,L1_S24_D1408,1170187,1183747,98.8545,train,date,1,24,L1_S24,13560,1.1455
train_date,L1_S24_D1413,1170151,1183747,98.8514,train,date,1,24,L1_S24,13596,1.1486
train_date,L1_S24_D1418,1170151,1183747,98.8514,train,date,1,24,L1_S24,13596,1.1486
train_date,L1_S24_D1423,1170151,1183747,98.8514,train,date,1,24,L1_S24,13596,1.1486
train_date,L1_S24_D1428,1170151,1183747,98.8514,train,date,1,24,L1_S24,13596,1.1486
train_date,L1_S24_D1433,1170151,1183747,98.8514,train,date,1,24,L1_S24,13596,1.1486
train_date,L1_S24_D1438,1170151,1183747,98.8514,train,date,1,24,L1_S24,13596,1.1486
train_date,L1_S24_D1443,1170151,1183747,98.8514,train,date,1,24,L1_S24,13596,1.1486
train_date,L1_S24_D1448,1170151,1183747,98.8514,train,date,1,24,L1_S24,13596,1.1486
train_date,L1_S24_D1453,1170151,1183747,98.8514,train,date,1,24,L1_S24,13596,1.1486
train_date,L1_S24_D1457,1156595,1183747,97.7063,train,date,1,24,L1_S24,27152,2.2937
train_date,L1_S24_D1461,1156595,1183747,97.7063,train,date,1,24,L1_S24,27152,2.2937
train_date,L1_S24_D1465,1156595,1183747,97.7063,train,date,1,24,L1_S24,27152,2.2937
train_date,L1_S24_D1469,1156595,1183747,97.7063,train,date,1,24,L1_S24,27152,2.2937
train_date,L1_S24_D1472,1156595,1183747,97.7063,train,date,1,24,L1_S24,27152,2.2937
train_date,L1_S24_D1476,1156595,1183747,97.7063,train,date,1,24,L1_S24,27152,2.2937
train_date,L1_S24_D1480,1156595,1183747,97.7063,train,date,1,24,L1_S24,27152,2.2937
train_date,L1_S24_D1484,1156595,1183747,97.7063,train,date,1,24,L1_S24,27152,2.2937
train_date,L1_S24_D1488,1156595,1183747,97.7063,train,date,1,24,L1_S24,27152,2.2937
train_date,L1_S24_D1492,1156595,1183747,97.7063,train,date,1,24,L1_S24,27152,2.2937
train_date,L1_S24_D1496,1156595,1183747,97.7063,train,date,1,24,L1_S24,27152,2.2937
train_date,L1_S24_D1500,1156595,1183747,97.7063,train,date,1,24,L1_S24,27152,2.2937
train_date,L1_S24_D1504,1156595,1183747,97.7063,train,date,1,24,L1_S24,27152,2.2937
train_date,L1_S24_D1508,1156595,1183747,97.7063,train,date,1,24,L1_S24,27152,2.2937
train_date,L1_S24_D1511,1050840,1183747,88.7723,train,date,1,24,L1_S24,132907,11.2277
train_date,L1_S24_D1513,1050840,1183747,88.7723,train,date,1,24,L1_S24,132907,11.2277
train_date,L1_S24_D1515,1050840,1183747,88.7723,train,date,1,24,L1_S24,132907,11.2277
train_date,L1_S24_D1517,1050840,1183747,88.7723,train,date,1,24,L1_S24,132907,11.2277
train_date,L1_S24_D1519,1050840,1183747,88.7723,train,date,1,24,L1_S24,132907,11.2277
train_date,L1_S24_D1522,1051175,1183747,88.8006,train,date,1,24,L1_S24,132572,11.1994
train_date,L1_S24_D1527,1051175,1183747,88.8006,train,date,1,24,L1_S24,132572,11.1994
train_date,L1_S24_D1532,1051175,1183747,88.8006,train,date,1,24,L1_S24,132572,11.1994
train_date,L1_S24_D1536,1051177,1183747,88.8008,train,date,1,24,L1_S24,132570,11.1992
train_date,L1_S24_D1541,1051175,1183747,88.8006,train,date,1,24,L1_S24,132572,11.1994
train_date,L1_S24_D1546,1051175,1183747,88.8006,train,date,1,24,L1_S24,132572,11.1994
train_date,L1_S24_D1550,1051175,1183747,88.8006,train,date,1,24,L1_S24,132572,11.1994
train_date,L1_S24_D1554,1051175,1183747,88.8006,train,date,1,24,L1_S24,132572,11.1994
train_date,L1_S24_D1558,1053560,1183747,89.0021,train,date,1,24,L1_S24,130187,10.9979
train_date,L1_S24_D1562,1183715,1183747,99.9973,train,date,1,24,L1_S24,32,0.0027
train_date,L1_S24_D1566,1050839,1183747,88.7723,train,date,1,24,L1_S24,132908,11.2277
train_date,L1_S24_D1568,1050838,1183747,88.7722,train,date,1,24,L1_S24,132909,11.2278
train_date,L1_S24_D1570,1050841,1183747,88.7724,train,date,1,24,L1_S24,132906,11.2276
train_date,L1_S24_D1572,1050841,1183747,88.7724,train,date,1,24,L1_S24,132906,11.2276
train_date,L1_S24_D1574,1050841,1183747,88.7724,train,date,1,24,L1_S24,132906,11.2276
train_date,L1_S24_D1576,1050841,1183747,88.7724,train,date,1,24,L1_S24,132906,11.2276
train_date,L1_S24_D1579,1050841,1183747,88.7724,train,date,1,24,L1_S24,132906,11.2276
train_date,L1_S24_D1583,1117164,1183747,94.3752,train,date,1,24,L1_S24,66583,5.6248
train_date,L1_S24_D1587,1117164,1183747,94.3752,train,date,1,24,L1_S24,66583,5.6248
train_date,L1_S24_D1591,1117164,1183747,94.3752,train,date,1,24,L1_S24,66583,5.6248
train_date,L1_S24_D1596,1117164,1183747,94.3752,train,date,1,24,L1_S24,66583,5.6248
train_date,L1_S24_D1601,1117164,1183747,94.3752,train,date,1,24,L1_S24,66583,5.6248
train_date,L1_S24_D1606,1117164,1183747,94.3752,train,date,1,24,L1_S24,66583,5.6248
train_date,L1_S24_D1611,1117164,1183747,94.3752,train,date,1,24,L1_S24,66583,5.6248
train_date,L1_S24_D1615,1117164,1183747,94.3752,train,date,1,24,L1_S24,66583,5.6248
train_date,L1_S24_D1619,1117164,1183747,94.3752,train,date,1,24,L1_S24,66583,5.6248
train_date,L1_S24_D1624,1117164,1183747,94.3752,train,date,1,24,L1_S24,66583,5.6248
train_date,L1_S24_D1629,1117164,1183747,94.3752,train,date,1,24,L1_S24,66583,5.6248
train_date,L1_S24_D1634,1117164,1183747,94.3752,train,date,1,24,L1_S24,66583,5.6248
train_date,L1_S24_D1639,1117164,1183747,94.3752,train,date,1,24,L1_S24,66583,5.6248
train_date,L1_S24_D1644,1117164,1183747,94.3752,train,date,1,24,L1_S24,66583,5.6248
train_date,L1_S24_D1649,1117164,1183747,94.3752,train,date,1,24,L1_S24,66583,5.6248
train_date,L1_S24_D1654,1117164,1183747,94.3752,train,date,1,24,L1_S24,66583,5.6248
train_date,L1_S24_D1659,1117164,1183747,94.3752,train,date,1,24,L1_S24,66583,5.6248
train_date,L1_S24_D1664,1117164,1183747,94.3752,train,date,1,24,L1_S24,66583,5.6248
train_date,L1_S24_D1669,1117164,1183747,94.3752,train,date,1,24,L1_S24,66583,5.6248
train_date,L1_S24_D1674,1117247,1183747,94.3822,train,date,1,24,L1_S24,66500,5.6178
train_date,L1_S24_D1678,1117247,1183747,94.3822,train,date,1,24,L1_S24,66500,5.6178
train_date,L1_S24_D1682,1117247,1183747,94.3822,train,date,1,24,L1_S24,66500,5.6178
train_date,L1_S24_D1687,1117247,1183747,94.3822,train,date,1,24,L1_S24,66500,5.6178
train_date,L1_S24_D1692,1117247,1183747,94.3822,train,date,1,24,L1_S24,66500,5.6178
train_date,L1_S24_D1697,1117247,1183747,94.3822,train,date,1,24,L1_S24,66500,5.6178
train_date,L1_S24_D1702,1117247,1183747,94.3822,train,date,1,24,L1_S24,66500,5.6178
train_date,L1_S24_D1706,1117247,1183747,94.3822,train,date,1,24,L1_S24,66500,5.6178
train_date,L1_S24_D1710,1117247,1183747,94.3822,train,date,1,24,L1_S24,66500,5.6178
train_date,L1_S24_D1715,1117247,1183747,94.3822,train,date,1,24,L1_S24,66500,5.6178
train_date,L1_S24_D1720,1117247,1183747,94.3822,train,date,1,24,L1_S24,66500,5.6178
train_date,L1_S24_D1725,1117247,1183747,94.3822,train,date,1,24,L1_S24,66500,5.6178
train_date,L1_S24_D1730,1117247,1183747,94.3822,train,date,1,24,L1_S24,66500,5.6178
train_date,L1_S24_D1735,1117247,1183747,94.3822,train,date,1,24,L1_S24,66500,5.6178
train_date,L1_S24_D1740,1117247,1183747,94.3822,train,date,1,24,L1_S24,66500,5.6178
train_date,L1_S24_D1745,1117247,1183747,94.3822,train,date,1,24,L1_S24,66500,5.6178
train_date,L1_S24_D1750,1117247,1183747,94.3822,train,date,1,24,L1_S24,66500,5.6178
train_date,L1_S24_D1755,1117247,1183747,94.3822,train,date,1,24,L1_S24,66500,5.6178
train_date,L1_S24_D1760,1117247,1183747,94.3822,train,date,1,24,L1_S24,66500,5.6178
train_date,L1_S24_D1765,1117263,1183747,94.3836,train,date,1,24,L1_S24,66484,5.6164
train_date,L1_S24_D1770,1117276,1183747,94.3847,train,date,1,24,L1_S24,66471,5.6153
train_date,L1_S24_D1775,1117263,1183747,94.3836,train,date,1,24,L1_S24,66484,5.6164
train_date,L1_S24_D1780,1117263,1183747,94.3836,train,date,1,24,L1_S24,66484,5.6164
train_date,L1_S24_D1785,1117263,1183747,94.3836,train,date,1,24,L1_S24,66484,5.6164
train_date,L1_S24_D1790,1117263,1183747,94.3836,train,date,1,24,L1_S24,66484,5.6164
train_date,L1_S24_D1795,1117263,1183747,94.3836,train,date,1,24,L1_S24,66484,5.6164
train_date,L1_S24_D1800,1117263,1183747,94.3836,train,date,1,24,L1_S24,66484,5.6164
train_date,L1_S24_D1805,1117263,1183747,94.3836,train,date,1,24,L1_S24,66484,5.6164
train_date,L1_S24_D1809,1117281,1183747,94.3851,train,date,1,24,L1_S24,66466,5.6149
train_date,L1_S24_D1811,1117281,1183747,94.3851,train,date,1,24,L1_S24,66466,5.6149
train_date,L1_S24_D1813,1117281,1183747,94.3851,train,date,1,24,L1_S24,66466,5.6149
train_date,L1_S24_D1815,1117281,1183747,94.3851,train,date,1,24,L1_S24,66466,5.6149
train_date,L1_S24_D1817,1117281,1183747,94.3851,train,date,1,24,L1_S24,66466,5.6149
train_date,L1_S24_D1819,1117281,1183747,94.3851,train,date,1,24,L1_S24,66466,5.6149
train_date,L1_S24_D1821,1117281,1183747,94.3851,train,date,1,24,L1_S24,66466,5.6149
train_date,L1_S24_D1823,1117281,1183747,94.3851,train,date,1,24,L1_S24,66466,5.6149
train_date,L1_S24_D1825,1117281,1183747,94.3851,train,date,1,24,L1_S24,66466,5.6149
train_date,L1_S24_D1826,1050825,1183747,88.7711,train,date,1,24,L1_S24,132922,11.2289
train_date,L1_S24_D1828,1050825,1183747,88.7711,train,date,1,24,L1_S24,132922,11.2289
train_date,L1_S24_D1830,1050825,1183747,88.7711,train,date,1,24,L1_S24,132922,11.2289
train_date,L1_S24_D1832,1050825,1183747,88.7711,train,date,1,24,L1_S24,132922,11.2289
train_date,L1_S24_D1833,1050825,1183747,88.7711,train,date,1,24,L1_S24,132922,11.2289
train_date,L1_S24_D1835,1050825,1183747,88.7711,train,date,1,24,L1_S24,132922,11.2289
train_date,L1_S24_D1837,1050825,1183747,88.7711,train,date,1,24,L1_S24,132922,11.2289
train_date,L1_S24_D1839,1050825,1183747,88.7711,train,date,1,24,L1_S24,132922,11.2289
train_date,L1_S24_D1841,1050825,1183747,88.7711,train,date,1,24,L1_S24,132922,11.2289
train_date,L1_S24_D1843,1050825,1183747,88.7711,train,date,1,24,L1_S24,132922,11.2289
train_date,L1_S24_D1845,1050825,1183747,88.7711,train,date,1,24,L1_S24,132922,11.2289
train_date,L1_S24_D1847,1050825,1183747,88.7711,train,date,1,24,L1_S24,132922,11.2289
train_date,L1_S24_D1849,1050825,1183747,88.7711,train,date,1,24,L1_S24,132922,11.2289
train_date,L1_S24_D1851,1050825,1183747,88.7711,train,date,1,24,L1_S24,132922,11.2289
train_date,L1_S25_D1854,1128281,1183747,95.3144,train,date,1,25,L1_S25,55466,4.6856
train_date,L1_S25_D1857,1128281,1183747,95.3144,train,date,1,25,L1_S25,55466,4.6856
train_date,L1_S25_D1860,1128281,1183747,95.3144,train,date,1,25,L1_S25,55466,4.6856
train_date,L1_S25_D1862,1128281,1183747,95.3144,train,date,1,25,L1_S25,55466,4.6856
train_date,L1_S25_D1864,1128281,1183747,95.3144,train,date,1,25,L1_S25,55466,4.6856
train_date,L1_S25_D1867,1128458,1183747,95.3293,train,date,1,25,L1_S25,55289,4.6707
train_date,L1_S25_D1871,1128458,1183747,95.3293,train,date,1,25,L1_S25,55289,4.6707
train_date,L1_S25_D1875,1128458,1183747,95.3293,train,date,1,25,L1_S25,55289,4.6707
train_date,L1_S25_D1879,1128458,1183747,95.3293,train,date,1,25,L1_S25,55289,4.6707
train_date,L1_S25_D1883,1128452,1183747,95.3288,train,date,1,25,L1_S25,55295,4.6712
train_date,L1_S25_D1887,1128329,1183747,95.3184,train,date,1,25,L1_S25,55418,4.6816
train_date,L1_S25_D1891,1128338,1183747,95.3192,train,date,1,25,L1_S25,55409,4.6808
train_date,L1_S25_D1893,1128338,1183747,95.3192,train,date,1,25,L1_S25,55409,4.6808
train_date,L1_S25_D1895,1128338,1183747,95.3192,train,date,1,25,L1_S25,55409,4.6808
train_date,L1_S25_D1898,1128986,1183747,95.3739,train,date,1,25,L1_S25,54761,4.6261
train_date,L1_S25_D1902,1155768,1183747,97.6364,train,date,1,25,L1_S25,27979,2.3636
train_date,L1_S25_D1906,1155768,1183747,97.6364,train,date,1,25,L1_S25,27979,2.3636
train_date,L1_S25_D1911,1155768,1183747,97.6364,train,date,1,25,L1_S25,27979,2.3636
train_date,L1_S25_D1916,1155768,1183747,97.6364,train,date,1,25,L1_S25,27979,2.3636
train_date,L1_S25_D1921,1155768,1183747,97.6364,train,date,1,25,L1_S25,27979,2.3636
train_date,L1_S25_D1926,1155768,1183747,97.6364,train,date,1,25,L1_S25,27979,2.3636
train_date,L1_S25_D1931,1155768,1183747,97.6364,train,date,1,25,L1_S25,27979,2.3636
train_date,L1_S25_D1935,1155768,1183747,97.6364,train,date,1,25,L1_S25,27979,2.3636
train_date,L1_S25_D1940,1155768,1183747,97.6364,train,date,1,25,L1_S25,27979,2.3636
train_date,L1_S25_D1945,1155768,1183747,97.6364,train,date,1,25,L1_S25,27979,2.3636
train_date,L1_S25_D1950,1155768,1183747,97.6364,train,date,1,25,L1_S25,27979,2.3636
train_date,L1_S25_D1955,1155768,1183747,97.6364,train,date,1,25,L1_S25,27979,2.3636
train_date,L1_S25_D1960,1155768,1183747,97.6364,train,date,1,25,L1_S25,27979,2.3636
train_date,L1_S25_D1965,1155768,1183747,97.6364,train,date,1,25,L1_S25,27979,2.3636
train_date,L1_S25_D1970,1155768,1183747,97.6364,train,date,1,25,L1_S25,27979,2.3636
train_date,L1_S25_D1975,1155768,1183747,97.6364,train,date,1,25,L1_S25,27979,2.3636
train_date,L1_S25_D1980,1156219,1183747,97.6745,train,date,1,25,L1_S25,27528,2.3255
train_date,L1_S25_D1984,1156219,1183747,97.6745,train,date,1,25,L1_S25,27528,2.3255
train_date,L1_S25_D1989,1156219,1183747,97.6745,train,date,1,25,L1_S25,27528,2.3255
train_date,L1_S25_D1994,1156219,1183747,97.6745,train,date,1,25,L1_S25,27528,2.3255
train_date,L1_S25_D1999,1156219,1183747,97.6745,train,date,1,25,L1_S25,27528,2.3255
train_date,L1_S25_D2004,1156219,1183747,97.6745,train,date,1,25,L1_S25,27528,2.3255
train_date,L1_S25_D2009,1156219,1183747,97.6745,train,date,1,25,L1_S25,27528,2.3255
train_date,L1_S25_D2013,1156219,1183747,97.6745,train,date,1,25,L1_S25,27528,2.3255
train_date,L1_S25_D2018,1156219,1183747,97.6745,train,date,1,25,L1_S25,27528,2.3255
train_date,L1_S25_D2023,1156219,1183747,97.6745,train,date,1,25,L1_S25,27528,2.3255
train_date,L1_S25_D2028,1156219,1183747,97.6745,train,date,1,25,L1_S25,27528,2.3255
train_date,L1_S25_D2033,1156219,1183747,97.6745,train,date,1,25,L1_S25,27528,2.3255
train_date,L1_S25_D2038,1156219,1183747,97.6745,train,date,1,25,L1_S25,27528,2.3255
train_date,L1_S25_D2043,1156219,1183747,97.6745,train,date,1,25,L1_S25,27528,2.3255
train_date,L1_S25_D2048,1156219,1183747,97.6745,train,date,1,25,L1_S25,27528,2.3255
train_date,L1_S25_D2053,1156219,1183747,97.6745,train,date,1,25,L1_S25,27528,2.3255
train_date,L1_S25_D2058,1156372,1183747,97.6874,train,date,1,25,L1_S25,27375,2.3126
train_date,L1_S25_D2063,1156372,1183747,97.6874,train,date,1,25,L1_S25,27375,2.3126
train_date,L1_S25_D2068,1156372,1183747,97.6874,train,date,1,25,L1_S25,27375,2.3126
train_date,L1_S25_D2073,1156372,1183747,97.6874,train,date,1,25,L1_S25,27375,2.3126
train_date,L1_S25_D2078,1156372,1183747,97.6874,train,date,1,25,L1_S25,27375,2.3126
train_date,L1_S25_D2083,1156372,1183747,97.6874,train,date,1,25,L1_S25,27375,2.3126
train_date,L1_S25_D2088,1156372,1183747,97.6874,train,date,1,25,L1_S25,27375,2.3126
train_date,L1_S25_D2093,1156372,1183747,97.6874,train,date,1,25,L1_S25,27375,2.3126
train_date,L1_S25_D2098,1155978,1183747,97.6541,train,date,1,25,L1_S25,27769,2.3459
train_date,L1_S25_D2103,1155978,1183747,97.6541,train,date,1,25,L1_S25,27769,2.3459
train_date,L1_S25_D2108,1155978,1183747,97.6541,train,date,1,25,L1_S25,27769,2.3459
train_date,L1_S25_D2113,1155978,1183747,97.6541,train,date,1,25,L1_S25,27769,2.3459
train_date,L1_S25_D2118,1155978,1183747,97.6541,train,date,1,25,L1_S25,27769,2.3459
train_date,L1_S25_D2123,1155978,1183747,97.6541,train,date,1,25,L1_S25,27769,2.3459
train_date,L1_S25_D2128,1155978,1183747,97.6541,train,date,1,25,L1_S25,27769,2.3459
train_date,L1_S25_D2133,1155978,1183747,97.6541,train,date,1,25,L1_S25,27769,2.3459
train_date,L1_S25_D2138,1128755,1183747,95.3544,train,date,1,25,L1_S25,54992,4.6456
train_date,L1_S25_D2140,1128755,1183747,95.3544,train,date,1,25,L1_S25,54992,4.6456
train_date,L1_S25_D2143,1128755,1183747,95.3544,train,date,1,25,L1_S25,54992,4.6456
train_date,L1_S25_D2146,1128755,1183747,95.3544,train,date,1,25,L1_S25,54992,4.6456
train_date,L1_S25_D2149,1128755,1183747,95.3544,train,date,1,25,L1_S25,54992,4.6456
train_date,L1_S25_D2151,1128755,1183747,95.3544,train,date,1,25,L1_S25,54992,4.6456
train_date,L1_S25_D2154,1128755,1183747,95.3544,train,date,1,25,L1_S25,54992,4.6456
train_date,L1_S25_D2157,1128755,1183747,95.3544,train,date,1,25,L1_S25,54992,4.6456
train_date,L1_S25_D2160,1128755,1183747,95.3544,train,date,1,25,L1_S25,54992,4.6456
train_date,L1_S25_D2163,1128755,1183747,95.3544,train,date,1,25,L1_S25,54992,4.6456
train_date,L1_S25_D2166,1128755,1183747,95.3544,train,date,1,25,L1_S25,54992,4.6456
train_date,L1_S25_D2169,1128755,1183747,95.3544,train,date,1,25,L1_S25,54992,4.6456
train_date,L1_S25_D2172,1128755,1183747,95.3544,train,date,1,25,L1_S25,54992,4.6456
train_date,L1_S25_D2175,1128755,1183747,95.3544,train,date,1,25,L1_S25,54992,4.6456
train_date,L1_S25_D2178,1128755,1183747,95.3544,train,date,1,25,L1_S25,54992,4.6456
train_date,L1_S25_D2180,1182504,1183747,99.895,train,date,1,25,L1_S25,1243,0.105
train_date,L1_S25_D2183,1182504,1183747,99.895,train,date,1,25,L1_S25,1243,0.105
train_date,L1_S25_D2186,1182504,1183747,99.895,train,date,1,25,L1_S25,1243,0.105
train_date,L1_S25_D2189,1182504,1183747,99.895,train,date,1,25,L1_S25,1243,0.105
train_date,L1_S25_D2192,1182504,1183747,99.895,train,date,1,25,L1_S25,1243,0.105
train_date,L1_S25_D2195,1182504,1183747,99.895,train,date,1,25,L1_S25,1243,0.105
train_date,L1_S25_D2198,1182504,1183747,99.895,train,date,1,25,L1_S25,1243,0.105
train_date,L1_S25_D2201,1182504,1183747,99.895,train,date,1,25,L1_S25,1243,0.105
train_date,L1_S25_D2204,1182504,1183747,99.895,train,date,1,25,L1_S25,1243,0.105
train_date,L1_S25_D2206,1180131,1183747,99.6945,train,date,1,25,L1_S25,3616,0.3055
train_date,L1_S25_D2209,1180131,1183747,99.6945,train,date,1,25,L1_S25,3616,0.3055
train_date,L1_S25_D2212,1180131,1183747,99.6945,train,date,1,25,L1_S25,3616,0.3055
train_date,L1_S25_D2214,1180131,1183747,99.6945,train,date,1,25,L1_S25,3616,0.3055
train_date,L1_S25_D2216,1180131,1183747,99.6945,train,date,1,25,L1_S25,3616,0.3055
train_date,L1_S25_D2219,1180131,1183747,99.6945,train,date,1,25,L1_S25,3616,0.3055
train_date,L1_S25_D2222,1180131,1183747,99.6945,train,date,1,25,L1_S25,3616,0.3055
train_date,L1_S25_D2225,1180131,1183747,99.6945,train,date,1,25,L1_S25,3616,0.3055
train_date,L1_S25_D2228,1180131,1183747,99.6945,train,date,1,25,L1_S25,3616,0.3055
train_date,L1_S25_D2230,1176589,1183747,99.3953,train,date,1,25,L1_S25,7158,0.6047
train_date,L1_S25_D2232,1176589,1183747,99.3953,train,date,1,25,L1_S25,7158,0.6047
train_date,L1_S25_D2234,1176589,1183747,99.3953,train,date,1,25,L1_S25,7158,0.6047
train_date,L1_S25_D2235,1176589,1183747,99.3953,train,date,1,25,L1_S25,7158,0.6047
train_date,L1_S25_D2236,1176589,1183747,99.3953,train,date,1,25,L1_S25,7158,0.6047
train_date,L1_S25_D2238,1176598,1183747,99.3961,train,date,1,25,L1_S25,7149,0.6039
train_date,L1_S25_D2240,1176601,1183747,99.3963,train,date,1,25,L1_S25,7146,0.6037
train_date,L1_S25_D2242,1179245,1183747,99.6197,train,date,1,25,L1_S25,4502,0.3803
train_date,L1_S25_D2244,1179245,1183747,99.6197,train,date,1,25,L1_S25,4502,0.3803
train_date,L1_S25_D2246,1179245,1183747,99.6197,train,date,1,25,L1_S25,4502,0.3803
train_date,L1_S25_D2248,1176600,1183747,99.3962,train,date,1,25,L1_S25,7147,0.6038
train_date,L1_S25_D2251,1180168,1183747,99.6977,train,date,1,25,L1_S25,3579,0.3023
train_date,L1_S25_D2255,1180168,1183747,99.6977,train,date,1,25,L1_S25,3579,0.3023
train_date,L1_S25_D2260,1180168,1183747,99.6977,train,date,1,25,L1_S25,3579,0.3023
train_date,L1_S25_D2265,1180168,1183747,99.6977,train,date,1,25,L1_S25,3579,0.3023
train_date,L1_S25_D2270,1180168,1183747,99.6977,train,date,1,25,L1_S25,3579,0.3023
train_date,L1_S25_D2275,1180168,1183747,99.6977,train,date,1,25,L1_S25,3579,0.3023
train_date,L1_S25_D2280,1180168,1183747,99.6977,train,date,1,25,L1_S25,3579,0.3023
train_date,L1_S25_D2284,1180168,1183747,99.6977,train,date,1,25,L1_S25,3579,0.3023
train_date,L1_S25_D2289,1180168,1183747,99.6977,train,date,1,25,L1_S25,3579,0.3023
train_date,L1_S25_D2294,1180168,1183747,99.6977,train,date,1,25,L1_S25,3579,0.3023
train_date,L1_S25_D2299,1180168,1183747,99.6977,train,date,1,25,L1_S25,3579,0.3023
train_date,L1_S25_D2304,1180168,1183747,99.6977,train,date,1,25,L1_S25,3579,0.3023
train_date,L1_S25_D2309,1180168,1183747,99.6977,train,date,1,25,L1_S25,3579,0.3023
train_date,L1_S25_D2314,1180168,1183747,99.6977,train,date,1,25,L1_S25,3579,0.3023
train_date,L1_S25_D2319,1180168,1183747,99.6977,train,date,1,25,L1_S25,3579,0.3023
train_date,L1_S25_D2324,1180168,1183747,99.6977,train,date,1,25,L1_S25,3579,0.3023
train_date,L1_S25_D2329,1180149,1183747,99.696,train,date,1,25,L1_S25,3598,0.304
train_date,L1_S25_D2333,1180149,1183747,99.696,train,date,1,25,L1_S25,3598,0.304
train_date,L1_S25_D2338,1180149,1183747,99.696,train,date,1,25,L1_S25,3598,0.304
train_date,L1_S25_D2343,1180149,1183747,99.696,train,date,1,25,L1_S25,3598,0.304
train_date,L1_S25_D2348,1180149,1183747,99.696,train,date,1,25,L1_S25,3598,0.304
train_date,L1_S25_D2353,1180149,1183747,99.696,train,date,1,25,L1_S25,3598,0.304
train_date,L1_S25_D2358,1180149,1183747,99.696,train,date,1,25,L1_S25,3598,0.304
train_date,L1_S25_D2362,1180149,1183747,99.696,train,date,1,25,L1_S25,3598,0.304
train_date,L1_S25_D2367,1180149,1183747,99.696,train,date,1,25,L1_S25,3598,0.304
train_date,L1_S25_D2372,1180149,1183747,99.696,train,date,1,25,L1_S25,3598,0.304
train_date,L1_S25_D2377,1180149,1183747,99.696,train,date,1,25,L1_S25,3598,0.304
train_date,L1_S25_D2382,1180149,1183747,99.696,train,date,1,25,L1_S25,3598,0.304
train_date,L1_S25_D2387,1180149,1183747,99.696,train,date,1,25,L1_S25,3598,0.304
train_date,L1_S25_D2392,1180149,1183747,99.696,train,date,1,25,L1_S25,3598,0.304
train_date,L1_S25_D2397,1180149,1183747,99.696,train,date,1,25,L1_S25,3598,0.304
train_date,L1_S25_D2402,1180149,1183747,99.696,train,date,1,25,L1_S25,3598,0.304
train_date,L1_S25_D2406,1180283,1183747,99.7074,train,date,1,25,L1_S25,3464,0.2926
train_date,L1_S25_D2409,1180283,1183747,99.7074,train,date,1,25,L1_S25,3464,0.2926
train_date,L1_S25_D2412,1180283,1183747,99.7074,train,date,1,25,L1_S25,3464,0.2926
train_date,L1_S25_D2415,1180283,1183747,99.7074,train,date,1,25,L1_S25,3464,0.2926
train_date,L1_S25_D2418,1180283,1183747,99.7074,train,date,1,25,L1_S25,3464,0.2926
train_date,L1_S25_D2421,1180283,1183747,99.7074,train,date,1,25,L1_S25,3464,0.2926
train_date,L1_S25_D2424,1180283,1183747,99.7074,train,date,1,25,L1_S25,3464,0.2926
train_date,L1_S25_D2427,1180283,1183747,99.7074,train,date,1,25,L1_S25,3464,0.2926
train_date,L1_S25_D2430,1180132,1183747,99.6946,train,date,1,25,L1_S25,3615,0.3054
train_date,L1_S25_D2432,1180132,1183747,99.6946,train,date,1,25,L1_S25,3615,0.3054
train_date,L1_S25_D2434,1180132,1183747,99.6946,train,date,1,25,L1_S25,3615,0.3054
train_date,L1_S25_D2436,1180132,1183747,99.6946,train,date,1,25,L1_S25,3615,0.3054
train_date,L1_S25_D2438,1180132,1183747,99.6946,train,date,1,25,L1_S25,3615,0.3054
train_date,L1_S25_D2440,1180132,1183747,99.6946,train,date,1,25,L1_S25,3615,0.3054
train_date,L1_S25_D2442,1180132,1183747,99.6946,train,date,1,25,L1_S25,3615,0.3054
train_date,L1_S25_D2444,1180132,1183747,99.6946,train,date,1,25,L1_S25,3615,0.3054
train_date,L1_S25_D2445,1176685,1183747,99.4034,train,date,1,25,L1_S25,7062,0.5966
train_date,L1_S25_D2446,1176685,1183747,99.4034,train,date,1,25,L1_S25,7062,0.5966
train_date,L1_S25_D2448,1176685,1183747,99.4034,train,date,1,25,L1_S25,7062,0.5966
train_date,L1_S25_D2450,1176685,1183747,99.4034,train,date,1,25,L1_S25,7062,0.5966
train_date,L1_S25_D2452,1176685,1183747,99.4034,train,date,1,25,L1_S25,7062,0.5966
train_date,L1_S25_D2453,1176685,1183747,99.4034,train,date,1,25,L1_S25,7062,0.5966
train_date,L1_S25_D2455,1176685,1183747,99.4034,train,date,1,25,L1_S25,7062,0.5966
train_date,L1_S25_D2457,1176685,1183747,99.4034,train,date,1,25,L1_S25,7062,0.5966
train_date,L1_S25_D2459,1176685,1183747,99.4034,train,date,1,25,L1_S25,7062,0.5966
train_date,L1_S25_D2461,1176685,1183747,99.4034,train,date,1,25,L1_S25,7062,0.5966
train_date,L1_S25_D2463,1176685,1183747,99.4034,train,date,1,25,L1_S25,7062,0.5966
train_date,L1_S25_D2465,1176685,1183747,99.4034,train,date,1,25,L1_S25,7062,0.5966
train_date,L1_S25_D2467,1176685,1183747,99.4034,train,date,1,25,L1_S25,7062,0.5966
train_date,L1_S25_D2469,1176685,1183747,99.4034,train,date,1,25,L1_S25,7062,0.5966
train_date,L1_S25_D2471,1173883,1183747,99.1667,train,date,1,25,L1_S25,9864,0.8333
train_date,L1_S25_D2474,1173883,1183747,99.1667,train,date,1,25,L1_S25,9864,0.8333
train_date,L1_S25_D2477,1173883,1183747,99.1667,train,date,1,25,L1_S25,9864,0.8333
train_date,L1_S25_D2480,1173883,1183747,99.1667,train,date,1,25,L1_S25,9864,0.8333
train_date,L1_S25_D2483,1173883,1183747,99.1667,train,date,1,25,L1_S25,9864,0.8333
train_date,L1_S25_D2486,1173883,1183747,99.1667,train,date,1,25,L1_S25,9864,0.8333
train_date,L1_S25_D2489,1173883,1183747,99.1667,train,date,1,25,L1_S25,9864,0.8333
train_date,L1_S25_D2492,1173883,1183747,99.1667,train,date,1,25,L1_S25,9864,0.8333
train_date,L1_S25_D2495,1173883,1183747,99.1667,train,date,1,25,L1_S25,9864,0.8333
train_date,L1_S25_D2497,1179450,1183747,99.637,train,date,1,25,L1_S25,4297,0.363
train_date,L1_S25_D2499,1179450,1183747,99.637,train,date,1,25,L1_S25,4297,0.363
train_date,L1_S25_D2501,1179450,1183747,99.637,train,date,1,25,L1_S25,4297,0.363
train_date,L1_S25_D2502,1179450,1183747,99.637,train,date,1,25,L1_S25,4297,0.363
train_date,L1_S25_D2503,1179450,1183747,99.637,train,date,1,25,L1_S25,4297,0.363
train_date,L1_S25_D2505,1179450,1183747,99.637,train,date,1,25,L1_S25,4297,0.363
train_date,L1_S25_D2507,1179451,1183747,99.6371,train,date,1,25,L1_S25,4296,0.3629
train_date,L1_S25_D2509,1180173,1183747,99.6981,train,date,1,25,L1_S25,3574,0.3019
train_date,L1_S25_D2511,1180173,1183747,99.6981,train,date,1,25,L1_S25,3574,0.3019
train_date,L1_S25_D2513,1180173,1183747,99.6981,train,date,1,25,L1_S25,3574,0.3019
train_date,L1_S25_D2515,1179452,1183747,99.6372,train,date,1,25,L1_S25,4295,0.3628
train_date,L1_S25_D2518,1181600,1183747,99.8186,train,date,1,25,L1_S25,2147,0.1814
train_date,L1_S25_D2522,1181600,1183747,99.8186,train,date,1,25,L1_S25,2147,0.1814
train_date,L1_S25_D2527,1181600,1183747,99.8186,train,date,1,25,L1_S25,2147,0.1814
train_date,L1_S25_D2532,1181600,1183747,99.8186,train,date,1,25,L1_S25,2147,0.1814
train_date,L1_S25_D2537,1181600,1183747,99.8186,train,date,1,25,L1_S25,2147,0.1814
train_date,L1_S25_D2542,1181600,1183747,99.8186,train,date,1,25,L1_S25,2147,0.1814
train_date,L1_S25_D2547,1181600,1183747,99.8186,train,date,1,25,L1_S25,2147,0.1814
train_date,L1_S25_D2551,1181600,1183747,99.8186,train,date,1,25,L1_S25,2147,0.1814
train_date,L1_S25_D2556,1181600,1183747,99.8186,train,date,1,25,L1_S25,2147,0.1814
train_date,L1_S25_D2561,1181600,1183747,99.8186,train,date,1,25,L1_S25,2147,0.1814
train_date,L1_S25_D2566,1181600,1183747,99.8186,train,date,1,25,L1_S25,2147,0.1814
train_date,L1_S25_D2571,1181600,1183747,99.8186,train,date,1,25,L1_S25,2147,0.1814
train_date,L1_S25_D2576,1181600,1183747,99.8186,train,date,1,25,L1_S25,2147,0.1814
train_date,L1_S25_D2581,1181600,1183747,99.8186,train,date,1,25,L1_S25,2147,0.1814
train_date,L1_S25_D2586,1181600,1183747,99.8186,train,date,1,25,L1_S25,2147,0.1814
train_date,L1_S25_D2591,1181600,1183747,99.8186,train,date,1,25,L1_S25,2147,0.1814
train_date,L1_S25_D2596,1181593,1183747,99.818,train,date,1,25,L1_S25,2154,0.182
train_date,L1_S25_D2600,1181593,1183747,99.818,train,date,1,25,L1_S25,2154,0.182
train_date,L1_S25_D2605,1181593,1183747,99.818,train,date,1,25,L1_S25,2154,0.182
train_date,L1_S25_D2610,1181593,1183747,99.818,train,date,1,25,L1_S25,2154,0.182
train_date,L1_S25_D2615,1181593,1183747,99.818,train,date,1,25,L1_S25,2154,0.182
train_date,L1_S25_D2620,1181593,1183747,99.818,train,date,1,25,L1_S25,2154,0.182
train_date,L1_S25_D2625,1181593,1183747,99.818,train,date,1,25,L1_S25,2154,0.182
train_date,L1_S25_D2629,1181593,1183747,99.818,train,date,1,25,L1_S25,2154,0.182
train_date,L1_S25_D2634,1181593,1183747,99.818,train,date,1,25,L1_S25,2154,0.182
train_date,L1_S25_D2639,1181593,1183747,99.818,train,date,1,25,L1_S25,2154,0.182
train_date,L1_S25_D2644,1181593,1183747,99.818,train,date,1,25,L1_S25,2154,0.182
train_date,L1_S25_D2649,1181593,1183747,99.818,train,date,1,25,L1_S25,2154,0.182
train_date,L1_S25_D2654,1181593,1183747,99.818,train,date,1,25,L1_S25,2154,0.182
train_date,L1_S25_D2659,1181593,1183747,99.818,train,date,1,25,L1_S25,2154,0.182
train_date,L1_S25_D2664,1181593,1183747,99.818,train,date,1,25,L1_S25,2154,0.182
train_date,L1_S25_D2669,1181593,1183747,99.818,train,date,1,25,L1_S25,2154,0.182
train_date,L1_S25_D2674,1181579,1183747,99.8169,train,date,1,25,L1_S25,2168,0.1831
train_date,L1_S25_D2679,1181579,1183747,99.8169,train,date,1,25,L1_S25,2168,0.1831
train_date,L1_S25_D2684,1181579,1183747,99.8169,train,date,1,25,L1_S25,2168,0.1831
train_date,L1_S25_D2689,1181579,1183747,99.8169,train,date,1,25,L1_S25,2168,0.1831
train_date,L1_S25_D2694,1181579,1183747,99.8169,train,date,1,25,L1_S25,2168,0.1831
train_date,L1_S25_D2699,1181579,1183747,99.8169,train,date,1,25,L1_S25,2168,0.1831
train_date,L1_S25_D2704,1181579,1183747,99.8169,train,date,1,25,L1_S25,2168,0.1831
train_date,L1_S25_D2709,1181579,1183747,99.8169,train,date,1,25,L1_S25,2168,0.1831
train_date,L1_S25_D2713,1181630,1183747,99.8212,train,date,1,25,L1_S25,2117,0.1788
train_date,L1_S25_D2715,1181630,1183747,99.8212,train,date,1,25,L1_S25,2117,0.1788
train_date,L1_S25_D2717,1181630,1183747,99.8212,train,date,1,25,L1_S25,2117,0.1788
train_date,L1_S25_D2719,1181630,1183747,99.8212,train,date,1,25,L1_S25,2117,0.1788
train_date,L1_S25_D2721,1181630,1183747,99.8212,train,date,1,25,L1_S25,2117,0.1788
train_date,L1_S25_D2723,1181630,1183747,99.8212,train,date,1,25,L1_S25,2117,0.1788
train_date,L1_S25_D2725,1181630,1183747,99.8212,train,date,1,25,L1_S25,2117,0.1788
train_date,L1_S25_D2727,1181630,1183747,99.8212,train,date,1,25,L1_S25,2117,0.1788
train_date,L1_S25_D2728,1179479,1183747,99.6394,train,date,1,25,L1_S25,4268,0.3606
train_date,L1_S25_D2729,1179479,1183747,99.6394,train,date,1,25,L1_S25,4268,0.3606
train_date,L1_S25_D2731,1179479,1183747,99.6394,train,date,1,25,L1_S25,4268,0.3606
train_date,L1_S25_D2733,1179479,1183747,99.6394,train,date,1,25,L1_S25,4268,0.3606
train_date,L1_S25_D2735,1179479,1183747,99.6394,train,date,1,25,L1_S25,4268,0.3606
train_date,L1_S25_D2736,1179479,1183747,99.6394,train,date,1,25,L1_S25,4268,0.3606
train_date,L1_S25_D2738,1179479,1183747,99.6394,train,date,1,25,L1_S25,4268,0.3606
train_date,L1_S25_D2740,1179479,1183747,99.6394,train,date,1,25,L1_S25,4268,0.3606
train_date,L1_S25_D2742,1179479,1183747,99.6394,train,date,1,25,L1_S25,4268,0.3606
train_date,L1_S25_D2744,1179479,1183747,99.6394,train,date,1,25,L1_S25,4268,0.3606
train_date,L1_S25_D2746,1179479,1183747,99.6394,train,date,1,25,L1_S25,4268,0.3606
train_date,L1_S25_D2748,1179479,1183747,99.6394,train,date,1,25,L1_S25,4268,0.3606
train_date,L1_S25_D2750,1179479,1183747,99.6394,train,date,1,25,L1_S25,4268,0.3606
train_date,L1_S25_D2752,1179479,1183747,99.6394,train,date,1,25,L1_S25,4268,0.3606
train_date,L1_S25_D2754,1181270,1183747,99.7907,train,date,1,25,L1_S25,2477,0.2093
train_date,L1_S25_D2757,1181270,1183747,99.7907,train,date,1,25,L1_S25,2477,0.2093
train_date,L1_S25_D2760,1181270,1183747,99.7907,train,date,1,25,L1_S25,2477,0.2093
train_date,L1_S25_D2763,1181270,1183747,99.7907,train,date,1,25,L1_S25,2477,0.2093
train_date,L1_S25_D2766,1181270,1183747,99.7907,train,date,1,25,L1_S25,2477,0.2093
train_date,L1_S25_D2769,1181270,1183747,99.7907,train,date,1,25,L1_S25,2477,0.2093
train_date,L1_S25_D2772,1181270,1183747,99.7907,train,date,1,25,L1_S25,2477,0.2093
train_date,L1_S25_D2775,1181270,1183747,99.7907,train,date,1,25,L1_S25,2477,0.2093
train_date,L1_S25_D2778,1181270,1183747,99.7907,train,date,1,25,L1_S25,2477,0.2093
train_date,L1_S25_D2780,1165969,1183747,98.4982,train,date,1,25,L1_S25,17778,1.5018
train_date,L1_S25_D2782,1165969,1183747,98.4982,train,date,1,25,L1_S25,17778,1.5018
train_date,L1_S25_D2784,1165969,1183747,98.4982,train,date,1,25,L1_S25,17778,1.5018
train_date,L1_S25_D2785,1165969,1183747,98.4982,train,date,1,25,L1_S25,17778,1.5018
train_date,L1_S25_D2786,1165969,1183747,98.4982,train,date,1,25,L1_S25,17778,1.5018
train_date,L1_S25_D2788,1165968,1183747,98.4981,train,date,1,25,L1_S25,17779,1.5019
train_date,L1_S25_D2790,1165971,1183747,98.4983,train,date,1,25,L1_S25,17776,1.5017
train_date,L1_S25_D2792,1169558,1183747,98.8013,train,date,1,25,L1_S25,14189,1.1987
train_date,L1_S25_D2794,1169558,1183747,98.8013,train,date,1,25,L1_S25,14189,1.1987
train_date,L1_S25_D2796,1169558,1183747,98.8013,train,date,1,25,L1_S25,14189,1.1987
train_date,L1_S25_D2798,1165970,1183747,98.4982,train,date,1,25,L1_S25,17777,1.5018
train_date,L1_S25_D2801,1174875,1183747,99.2505,train,date,1,25,L1_S25,8872,0.7495
train_date,L1_S25_D2805,1174875,1183747,99.2505,train,date,1,25,L1_S25,8872,0.7495
train_date,L1_S25_D2810,1174875,1183747,99.2505,train,date,1,25,L1_S25,8872,0.7495
train_date,L1_S25_D2815,1174875,1183747,99.2505,train,date,1,25,L1_S25,8872,0.7495
train_date,L1_S25_D2820,1174875,1183747,99.2505,train,date,1,25,L1_S25,8872,0.7495
train_date,L1_S25_D2825,1174875,1183747,99.2505,train,date,1,25,L1_S25,8872,0.7495
train_date,L1_S25_D2830,1174875,1183747,99.2505,train,date,1,25,L1_S25,8872,0.7495
train_date,L1_S25_D2834,1174875,1183747,99.2505,train,date,1,25,L1_S25,8872,0.7495
train_date,L1_S25_D2839,1174875,1183747,99.2505,train,date,1,25,L1_S25,8872,0.7495
train_date,L1_S25_D2844,1174875,1183747,99.2505,train,date,1,25,L1_S25,8872,0.7495
train_date,L1_S25_D2849,1174875,1183747,99.2505,train,date,1,25,L1_S25,8872,0.7495
train_date,L1_S25_D2854,1174875,1183747,99.2505,train,date,1,25,L1_S25,8872,0.7495
train_date,L1_S25_D2859,1174875,1183747,99.2505,train,date,1,25,L1_S25,8872,0.7495
train_date,L1_S25_D2864,1174875,1183747,99.2505,train,date,1,25,L1_S25,8872,0.7495
train_date,L1_S25_D2869,1174875,1183747,99.2505,train,date,1,25,L1_S25,8872,0.7495
train_date,L1_S25_D2874,1174875,1183747,99.2505,train,date,1,25,L1_S25,8872,0.7495
train_date,L1_S25_D2879,1174811,1183747,99.2451,train,date,1,25,L1_S25,8936,0.7549
train_date,L1_S25_D2883,1174811,1183747,99.2451,train,date,1,25,L1_S25,8936,0.7549
train_date,L1_S25_D2888,1174811,1183747,99.2451,train,date,1,25,L1_S25,8936,0.7549
train_date,L1_S25_D2893,1174811,1183747,99.2451,train,date,1,25,L1_S25,8936,0.7549
train_date,L1_S25_D2898,1174811,1183747,99.2451,train,date,1,25,L1_S25,8936,0.7549
train_date,L1_S25_D2903,1174811,1183747,99.2451,train,date,1,25,L1_S25,8936,0.7549
train_date,L1_S25_D2908,1174811,1183747,99.2451,train,date,1,25,L1_S25,8936,0.7549
train_date,L1_S25_D2912,1174811,1183747,99.2451,train,date,1,25,L1_S25,8936,0.7549
train_date,L1_S25_D2917,1174811,1183747,99.2451,train,date,1,25,L1_S25,8936,0.7549
train_date,L1_S25_D2922,1174811,1183747,99.2451,train,date,1,25,L1_S25,8936,0.7549
train_date,L1_S25_D2927,1174811,1183747,99.2451,train,date,1,25,L1_S25,8936,0.7549
train_date,L1_S25_D2932,1174811,1183747,99.2451,train,date,1,25,L1_S25,8936,0.7549
train_date,L1_S25_D2937,1174811,1183747,99.2451,train,date,1,25,L1_S25,8936,0.7549
train_date,L1_S25_D2942,1174811,1183747,99.2451,train,date,1,25,L1_S25,8936,0.7549
train_date,L1_S25_D2947,1174811,1183747,99.2451,train,date,1,25,L1_S25,8936,0.7549
train_date,L1_S25_D2952,1174811,1183747,99.2451,train,date,1,25,L1_S25,8936,0.7549
train_date,L1_S25_D2957,1174947,1183747,99.2566,train,date,1,25,L1_S25,8800,0.7434
train_date,L1_S25_D2962,1174947,1183747,99.2566,train,date,1,25,L1_S25,8800,0.7434
train_date,L1_S25_D2967,1174947,1183747,99.2566,train,date,1,25,L1_S25,8800,0.7434
train_date,L1_S25_D2972,1174947,1183747,99.2566,train,date,1,25,L1_S25,8800,0.7434
train_date,L1_S25_D2977,1174947,1183747,99.2566,train,date,1,25,L1_S25,8800,0.7434
train_date,L1_S25_D2982,1174947,1183747,99.2566,train,date,1,25,L1_S25,8800,0.7434
train_date,L1_S25_D2987,1174947,1183747,99.2566,train,date,1,25,L1_S25,8800,0.7434
train_date,L1_S25_D2992,1174947,1183747,99.2566,train,date,1,25,L1_S25,8800,0.7434
train_date,L1_S25_D2996,1174774,1183747,99.242,train,date,1,25,L1_S25,8973,0.758
train_date,L1_S25_D2998,1174774,1183747,99.242,train,date,1,25,L1_S25,8973,0.758
train_date,L1_S25_D3000,1174774,1183747,99.242,train,date,1,25,L1_S25,8973,0.758
train_date,L1_S25_D3002,1174774,1183747,99.242,train,date,1,25,L1_S25,8973,0.758
train_date,L1_S25_D3004,1174774,1183747,99.242,train,date,1,25,L1_S25,8973,0.758
train_date,L1_S25_D3006,1174774,1183747,99.242,train,date,1,25,L1_S25,8973,0.758
train_date,L1_S25_D3008,1174774,1183747,99.242,train,date,1,25,L1_S25,8973,0.758
train_date,L1_S25_D3010,1174774,1183747,99.242,train,date,1,25,L1_S25,8973,0.758
train_date,L1_S25_D3011,1165975,1183747,98.4987,train,date,1,25,L1_S25,17772,1.5013
train_date,L1_S25_D3012,1165975,1183747,98.4987,train,date,1,25,L1_S25,17772,1.5013
train_date,L1_S25_D3014,1165975,1183747,98.4987,train,date,1,25,L1_S25,17772,1.5013
train_date,L1_S25_D3016,1165975,1183747,98.4987,train,date,1,25,L1_S25,17772,1.5013
train_date,L1_S25_D3018,1165975,1183747,98.4987,train,date,1,25,L1_S25,17772,1.5013
train_date,L1_S25_D3019,1165975,1183747,98.4987,train,date,1,25,L1_S25,17772,1.5013
train_date,L1_S25_D3021,1165975,1183747,98.4987,train,date,1,25,L1_S25,17772,1.5013
train_date,L1_S25_D3023,1165975,1183747,98.4987,train,date,1,25,L1_S25,17772,1.5013
train_date,L1_S25_D3025,1165975,1183747,98.4987,train,date,1,25,L1_S25,17772,1.5013
train_date,L1_S25_D3027,1165975,1183747,98.4987,train,date,1,25,L1_S25,17772,1.5013
train_date,L1_S25_D3029,1165975,1183747,98.4987,train,date,1,25,L1_S25,17772,1.5013
train_date,L1_S25_D3031,1165975,1183747,98.4987,train,date,1,25,L1_S25,17772,1.5013
train_date,L1_S25_D3033,1165975,1183747,98.4987,train,date,1,25,L1_S25,17772,1.5013
train_date,L1_S25_D3035,1165975,1183747,98.4987,train,date,1,25,L1_S25,17772,1.5013
train_date,L2_S26_D3037,956736,1183747,80.8227,train,date,2,26,L2_S26,227011,19.1773
train_date,L2_S26_D3041,956736,1183747,80.8227,train,date,2,26,L2_S26,227011,19.1773
train_date,L2_S26_D3044,956736,1183747,80.8227,train,date,2,26,L2_S26,227011,19.1773
train_date,L2_S26_D3048,956736,1183747,80.8227,train,date,2,26,L2_S26,227011,19.1773
train_date,L2_S26_D3052,956736,1183747,80.8227,train,date,2,26,L2_S26,227011,19.1773
train_date,L2_S26_D3056,956736,1183747,80.8227,train,date,2,26,L2_S26,227011,19.1773
train_date,L2_S26_D3059,956736,1183747,80.8227,train,date,2,26,L2_S26,227011,19.1773
train_date,L2_S26_D3063,956736,1183747,80.8227,train,date,2,26,L2_S26,227011,19.1773
train_date,L2_S26_D3066,956736,1183747,80.8227,train,date,2,26,L2_S26,227011,19.1773
train_date,L2_S26_D3070,956736,1183747,80.8227,train,date,2,26,L2_S26,227011,19.1773
train_date,L2_S26_D3074,956736,1183747,80.8227,train,date,2,26,L2_S26,227011,19.1773
train_date,L2_S26_D3078,956736,1183747,80.8227,train,date,2,26,L2_S26,227011,19.1773
train_date,L2_S26_D3081,956737,1183747,80.8228,train,date,2,26,L2_S26,227010,19.1772
train_date,L2_S26_D3084,956737,1183747,80.8228,train,date,2,26,L2_S26,227010,19.1772
train_date,L2_S26_D3087,956737,1183747,80.8228,train,date,2,26,L2_S26,227010,19.1772
train_date,L2_S26_D3090,956737,1183747,80.8228,train,date,2,26,L2_S26,227010,19.1772
train_date,L2_S26_D3093,956737,1183747,80.8228,train,date,2,26,L2_S26,227010,19.1772
train_date,L2_S26_D3096,956737,1183747,80.8228,train,date,2,26,L2_S26,227010,19.1772
train_date,L2_S26_D3100,956736,1183747,80.8227,train,date,2,26,L2_S26,227011,19.1773
train_date,L2_S26_D3103,956736,1183747,80.8227,train,date,2,26,L2_S26,227011,19.1773
train_date,L2_S26_D3107,956736,1183747,80.8227,train,date,2,26,L2_S26,227011,19.1773
train_date,L2_S26_D3110,956736,1183747,80.8227,train,date,2,26,L2_S26,227011,19.1773
train_date,L2_S26_D3114,956736,1183747,80.8227,train,date,2,26,L2_S26,227011,19.1773
train_date,L2_S26_D3118,956736,1183747,80.8227,train,date,2,26,L2_S26,227011,19.1773
train_date,L2_S26_D3122,956736,1183747,80.8227,train,date,2,26,L2_S26,227011,19.1773
train_date,L2_S26_D3126,956736,1183747,80.8227,train,date,2,26,L2_S26,227011,19.1773
train_date,L2_S27_D3130,1063018,1183747,89.8011,train,date,2,27,L2_S27,120729,10.1989
train_date,L2_S27_D3134,1063018,1183747,89.8011,train,date,2,27,L2_S27,120729,10.1989
train_date,L2_S27_D3137,1063018,1183747,89.8011,train,date,2,27,L2_S27,120729,10.1989
train_date,L2_S27_D3141,1063018,1183747,89.8011,train,date,2,27,L2_S27,120729,10.1989
train_date,L2_S27_D3145,1063018,1183747,89.8011,train,date,2,27,L2_S27,120729,10.1989
train_date,L2_S27_D3149,1063018,1183747,89.8011,train,date,2,27,L2_S27,120729,10.1989
train_date,L2_S27_D3152,1063018,1183747,89.8011,train,date,2,27,L2_S27,120729,10.1989
train_date,L2_S27_D3156,1063018,1183747,89.8011,train,date,2,27,L2_S27,120729,10.1989
train_date,L2_S27_D3159,1063018,1183747,89.8011,train,date,2,27,L2_S27,120729,10.1989
train_date,L2_S27_D3163,1063018,1183747,89.8011,train,date,2,27,L2_S27,120729,10.1989
train_date,L2_S27_D3167,1063018,1183747,89.8011,train,date,2,27,L2_S27,120729,10.1989
train_date,L2_S27_D3171,1063018,1183747,89.8011,train,date,2,27,L2_S27,120729,10.1989
train_date,L2_S27_D3174,1063018,1183747,89.8011,train,date,2,27,L2_S27,120729,10.1989
train_date,L2_S27_D3177,1063018,1183747,89.8011,train,date,2,27,L2_S27,120729,10.1989
train_date,L2_S27_D3180,1063018,1183747,89.8011,train,date,2,27,L2_S27,120729,10.1989
train_date,L2_S27_D3183,1063018,1183747,89.8011,train,date,2,27,L2_S27,120729,10.1989
train_date,L2_S27_D3186,1063018,1183747,89.8011,train,date,2,27,L2_S27,120729,10.1989
train_date,L2_S27_D3189,1063018,1183747,89.8011,train,date,2,27,L2_S27,120729,10.1989
train_date,L2_S27_D3193,1063018,1183747,89.8011,train,date,2,27,L2_S27,120729,10.1989
train_date,L2_S27_D3196,1063018,1183747,89.8011,train,date,2,27,L2_S27,120729,10.1989
train_date,L2_S27_D3200,1063018,1183747,89.8011,train,date,2,27,L2_S27,120729,10.1989
train_date,L2_S27_D3203,1063018,1183747,89.8011,train,date,2,27,L2_S27,120729,10.1989
train_date,L2_S27_D3207,1063018,1183747,89.8011,train,date,2,27,L2_S27,120729,10.1989
train_date,L2_S27_D3211,1063018,1183747,89.8011,train,date,2,27,L2_S27,120729,10.1989
train_date,L2_S27_D3215,1063018,1183747,89.8011,train,date,2,27,L2_S27,120729,10.1989
train_date,L2_S27_D3219,1063018,1183747,89.8011,train,date,2,27,L2_S27,120729,10.1989
train_date,L2_S28_D3223,1174164,1183747,99.1905,train,date,2,28,L2_S28,9583,0.8095
train_date,L2_S28_D3227,1174164,1183747,99.1905,train,date,2,28,L2_S28,9583,0.8095
train_date,L2_S28_D3230,1174164,1183747,99.1905,train,date,2,28,L2_S28,9583,0.8095
train_date,L2_S28_D3234,1174164,1183747,99.1905,train,date,2,28,L2_S28,9583,0.8095
train_date,L2_S28_D3238,1174164,1183747,99.1905,train,date,2,28,L2_S28,9583,0.8095
train_date,L2_S28_D3242,1174164,1183747,99.1905,train,date,2,28,L2_S28,9583,0.8095
train_date,L2_S28_D3245,1174164,1183747,99.1905,train,date,2,28,L2_S28,9583,0.8095
train_date,L2_S28_D3249,1174164,1183747,99.1905,train,date,2,28,L2_S28,9583,0.8095
train_date,L2_S28_D3252,1174164,1183747,99.1905,train,date,2,28,L2_S28,9583,0.8095
train_date,L2_S28_D3256,1174164,1183747,99.1905,train,date,2,28,L2_S28,9583,0.8095
train_date,L2_S28_D3260,1174164,1183747,99.1905,train,date,2,28,L2_S28,9583,0.8095
train_date,L2_S28_D3264,1174164,1183747,99.1905,train,date,2,28,L2_S28,9583,0.8095
train_date,L2_S28_D3267,1174164,1183747,99.1905,train,date,2,28,L2_S28,9583,0.8095
train_date,L2_S28_D3270,1174164,1183747,99.1905,train,date,2,28,L2_S28,9583,0.8095
train_date,L2_S28_D3273,1174164,1183747,99.1905,train,date,2,28,L2_S28,9583,0.8095
train_date,L2_S28_D3276,1174164,1183747,99.1905,train,date,2,28,L2_S28,9583,0.8095
train_date,L2_S28_D3279,1174164,1183747,99.1905,train,date,2,28,L2_S28,9583,0.8095
train_date,L2_S28_D3282,1174164,1183747,99.1905,train,date,2,28,L2_S28,9583,0.8095
train_date,L2_S28_D3286,1174164,1183747,99.1905,train,date,2,28,L2_S28,9583,0.8095
train_date,L2_S28_D3289,1174164,1183747,99.1905,train,date,2,28,L2_S28,9583,0.8095
train_date,L2_S28_D3293,1174164,1183747,99.1905,train,date,2,28,L2_S28,9583,0.8095
train_date,L2_S28_D3296,1174164,1183747,99.1905,train,date,2,28,L2_S28,9583,0.8095
train_date,L2_S28_D3300,1174164,1183747,99.1905,train,date,2,28,L2_S28,9583,0.8095
train_date,L2_S28_D3304,1174164,1183747,99.1905,train,date,2,28,L2_S28,9583,0.8095
train_date,L2_S28_D3308,1174164,1183747,99.1905,train,date,2,28,L2_S28,9583,0.8095
train_date,L2_S28_D3312,1174164,1183747,99.1905,train,date,2,28,L2_S28,9583,0.8095
train_date,L3_S29_D3316,64118,1183747,5.4165,train,date,3,29,L3_S29,1119629,94.5835
train_date,L3_S29_D3319,64118,1183747,5.4165,train,date,3,29,L3_S29,1119629,94.5835
train_date,L3_S29_D3322,64118,1183747,5.4165,train,date,3,29,L3_S29,1119629,94.5835
train_date,L3_S29_D3325,64118,1183747,5.4165,train,date,3,29,L3_S29,1119629,94.5835
train_date,L3_S29_D3328,64118,1183747,5.4165,train,date,3,29,L3_S29,1119629,94.5835
train_date,L3_S29_D3331,64118,1183747,5.4165,train,date,3,29,L3_S29,1119629,94.5835
train_date,L3_S29_D3334,64118,1183747,5.4165,train,date,3,29,L3_S29,1119629,94.5835
train_date,L3_S29_D3337,64118,1183747,5.4165,train,date,3,29,L3_S29,1119629,94.5835
train_date,L3_S29_D3340,64118,1183747,5.4165,train,date,3,29,L3_S29,1119629,94.5835
train_date,L3_S29_D3343,64118,1183747,5.4165,train,date,3,29,L3_S29,1119629,94.5835
train_date,L3_S29_D3346,64118,1183747,5.4165,train,date,3,29,L3_S29,1119629,94.5835
train_date,L3_S29_D3349,64118,1183747,5.4165,train,date,3,29,L3_S29,1119629,94.5835
train_date,L3_S29_D3352,64118,1183747,5.4165,train,date,3,29,L3_S29,1119629,94.5835
train_date,L3_S29_D3355,64118,1183747,5.4165,train,date,3,29,L3_S29,1119629,94.5835
train_date,L3_S29_D3358,64118,1183747,5.4165,train,date,3,29,L3_S29,1119629,94.5835
train_date,L3_S29_D3361,64118,1183747,5.4165,train,date,3,29,L3_S29,1119629,94.5835
train_date,L3_S29_D3363,64118,1183747,5.4165,train,date,3,29,L3_S29,1119629,94.5835
train_date,L3_S29_D3365,64118,1183747,5.4165,train,date,3,29,L3_S29,1119629,94.5835
train_date,L3_S29_D3368,64118,1183747,5.4165,train,date,3,29,L3_S29,1119629,94.5835
train_date,L3_S29_D3371,64118,1183747,5.4165,train,date,3,29,L3_S29,1119629,94.5835
train_date,L3_S29_D3374,64118,1183747,5.4165,train,date,3,29,L3_S29,1119629,94.5835
train_date,L3_S29_D3377,64118,1183747,5.4165,train,date,3,29,L3_S29,1119629,94.5835
train_date,L3_S29_D3380,64118,1183747,5.4165,train,date,3,29,L3_S29,1119629,94.5835
train_date,L3_S29_D3383,64118,1183747,5.4165,train,date,3,29,L3_S29,1119629,94.5835
train_date,L3_S29_D3386,64118,1183747,5.4165,train,date,3,29,L3_S29,1119629,94.5835
train_date,L3_S29_D3389,64118,1183747,5.4165,train,date,3,29,L3_S29,1119629,94.5835
train_date,L3_S29_D3391,64118,1183747,5.4165,train,date,3,29,L3_S29,1119629,94.5835
train_date,L3_S29_D3393,64118,1183747,5.4165,train,date,3,29,L3_S29,1119629,94.5835
train_date,L3_S29_D3396,64118,1183747,5.4165,train,date,3,29,L3_S29,1119629,94.5835
train_date,L3_S29_D3399,64118,1183747,5.4165,train,date,3,29,L3_S29,1119629,94.5835
train_date,L3_S29_D3402,64118,1183747,5.4165,train,date,3,29,L3_S29,1119629,94.5835
train_date,L3_S29_D3405,64118,1183747,5.4165,train,date,3,29,L3_S29,1119629,94.5835
train_date,L3_S29_D3408,64118,1183747,5.4165,train,date,3,29,L3_S29,1119629,94.5835
train_date,L3_S29_D3410,64118,1183747,5.4165,train,date,3,29,L3_S29,1119629,94.5835
train_date,L3_S29_D3413,64118,1183747,5.4165,train,date,3,29,L3_S29,1119629,94.5835
train_date,L3_S29_D3415,64118,1183747,5.4165,train,date,3,29,L3_S29,1119629,94.5835
train_date,L3_S29_D3417,64118,1183747,5.4165,train,date,3,29,L3_S29,1119629,94.5835
train_date,L3_S29_D3419,64118,1183747,5.4165,train,date,3,29,L3_S29,1119629,94.5835
train_date,L3_S29_D3422,64118,1183747,5.4165,train,date,3,29,L3_S29,1119629,94.5835
train_date,L3_S29_D3425,64118,1183747,5.4165,train,date,3,29,L3_S29,1119629,94.5835
train_date,L3_S29_D3428,64118,1183747,5.4165,train,date,3,29,L3_S29,1119629,94.5835
train_date,L3_S29_D3431,64118,1183747,5.4165,train,date,3,29,L3_S29,1119629,94.5835
train_date,L3_S29_D3434,64118,1183747,5.4165,train,date,3,29,L3_S29,1119629,94.5835
train_date,L3_S29_D3437,64118,1183747,5.4165,train,date,3,29,L3_S29,1119629,94.5835
train_date,L3_S29_D3440,64118,1183747,5.4165,train,date,3,29,L3_S29,1119629,94.5835
train_date,L3_S29_D3443,64118,1183747,5.4165,train,date,3,29,L3_S29,1119629,94.5835
train_date,L3_S29_D3445,64118,1183747,5.4165,train,date,3,29,L3_S29,1119629,94.5835
train_date,L3_S29_D3447,64118,1183747,5.4165,train,date,3,29,L3_S29,1119629,94.5835
train_date,L3_S29_D3450,64118,1183747,5.4165,train,date,3,29,L3_S29,1119629,94.5835
train_date,L3_S29_D3453,64118,1183747,5.4165,train,date,3,29,L3_S29,1119629,94.5835
train_date,L3_S29_D3456,64118,1183747,5.4165,train,date,3,29,L3_S29,1119629,94.5835
train_date,L3_S29_D3459,64118,1183747,5.4165,train,date,3,29,L3_S29,1119629,94.5835
train_date,L3_S29_D3462,64118,1183747,5.4165,train,date,3,29,L3_S29,1119629,94.5835
train_date,L3_S29_D3465,64118,1183747,5.4165,train,date,3,29,L3_S29,1119629,94.5835
train_date,L3_S29_D3468,64118,1183747,5.4165,train,date,3,29,L3_S29,1119629,94.5835
train_date,L3_S29_D3471,64118,1183747,5.4165,train,date,3,29,L3_S29,1119629,94.5835
train_date,L3_S29_D3474,114423,1183747,9.6662,train,date,3,29,L3_S29,1069324,90.3338
train_date,L3_S29_D3477,114423,1183747,9.6662,train,date,3,29,L3_S29,1069324,90.3338
train_date,L3_S29_D3480,114423,1183747,9.6662,train,date,3,29,L3_S29,1069324,90.3338
train_date,L3_S29_D3483,64118,1183747,5.4165,train,date,3,29,L3_S29,1119629,94.5835
train_date,L3_S29_D3486,64118,1183747,5.4165,train,date,3,29,L3_S29,1119629,94.5835
train_date,L3_S29_D3489,64118,1183747,5.4165,train,date,3,29,L3_S29,1119629,94.5835
train_date,L3_S29_D3492,64118,1183747,5.4165,train,date,3,29,L3_S29,1119629,94.5835
train_date,L3_S30_D3496,63942,1183747,5.4017,train,date,3,30,L3_S30,1119805,94.5983
train_date,L3_S30_D3501,63945,1183747,5.4019,train,date,3,30,L3_S30,1119802,94.5981
train_date,L3_S30_D3506,64178,1183747,5.4216,train,date,3,30,L3_S30,1119569,94.5784
train_date,L3_S30_D3511,64178,1183747,5.4216,train,date,3,30,L3_S30,1119569,94.5784
train_date,L3_S30_D3516,64178,1183747,5.4216,train,date,3,30,L3_S30,1119569,94.5784
train_date,L3_S30_D3521,64178,1183747,5.4216,train,date,3,30,L3_S30,1119569,94.5784
train_date,L3_S30_D3526,64178,1183747,5.4216,train,date,3,30,L3_S30,1119569,94.5784
train_date,L3_S30_D3531,64178,1183747,5.4216,train,date,3,30,L3_S30,1119569,94.5784
train_date,L3_S30_D3536,64178,1183747,5.4216,train,date,3,30,L3_S30,1119569,94.5784
train_date,L3_S30_D3541,64178,1183747,5.4216,train,date,3,30,L3_S30,1119569,94.5784
train_date,L3_S30_D3546,64178,1183747,5.4216,train,date,3,30,L3_S30,1119569,94.5784
train_date,L3_S30_D3551,64178,1183747,5.4216,train,date,3,30,L3_S30,1119569,94.5784
train_date,L3_S30_D3556,64178,1183747,5.4216,train,date,3,30,L3_S30,1119569,94.5784
train_date,L3_S30_D3561,64178,1183747,5.4216,train,date,3,30,L3_S30,1119569,94.5784
train_date,L3_S30_D3566,373491,1183747,31.5516,train,date,3,30,L3_S30,810256,68.4484
train_date,L3_S30_D3571,373491,1183747,31.5516,train,date,3,30,L3_S30,810256,68.4484
train_date,L3_S30_D3576,373491,1183747,31.5516,train,date,3,30,L3_S30,810256,68.4484
train_date,L3_S30_D3581,373491,1183747,31.5516,train,date,3,30,L3_S30,810256,68.4484
train_date,L3_S30_D3586,373491,1183747,31.5516,train,date,3,30,L3_S30,810256,68.4484
train_date,L3_S30_D3591,373491,1183747,31.5516,train,date,3,30,L3_S30,810256,68.4484
train_date,L3_S30_D3596,373491,1183747,31.5516,train,date,3,30,L3_S30,810256,68.4484
train_date,L3_S30_D3601,373491,1183747,31.5516,train,date,3,30,L3_S30,810256,68.4484
train_date,L3_S30_D3606,373491,1183747,31.5516,train,date,3,30,L3_S30,810256,68.4484
train_date,L3_S30_D3611,373491,1183747,31.5516,train,date,3,30,L3_S30,810256,68.4484
train_date,L3_S30_D3616,373491,1183747,31.5516,train,date,3,30,L3_S30,810256,68.4484
train_date,L3_S30_D3621,373491,1183747,31.5516,train,date,3,30,L3_S30,810256,68.4484
train_date,L3_S30_D3626,373491,1183747,31.5516,train,date,3,30,L3_S30,810256,68.4484
train_date,L3_S30_D3631,373491,1183747,31.5516,train,date,3,30,L3_S30,810256,68.4484
train_date,L3_S30_D3636,373491,1183747,31.5516,train,date,3,30,L3_S30,810256,68.4484
train_date,L3_S30_D3641,373491,1183747,31.5516,train,date,3,30,L3_S30,810256,68.4484
train_date,L3_S30_D3646,373491,1183747,31.5516,train,date,3,30,L3_S30,810256,68.4484
train_date,L3_S30_D3651,373491,1183747,31.5516,train,date,3,30,L3_S30,810256,68.4484
train_date,L3_S30_D3656,373491,1183747,31.5516,train,date,3,30,L3_S30,810256,68.4484
train_date,L3_S30_D3661,373491,1183747,31.5516,train,date,3,30,L3_S30,810256,68.4484
train_date,L3_S30_D3666,373491,1183747,31.5516,train,date,3,30,L3_S30,810256,68.4484
train_date,L3_S30_D3671,373491,1183747,31.5516,train,date,3,30,L3_S30,810256,68.4484
train_date,L3_S30_D3676,373491,1183747,31.5516,train,date,3,30,L3_S30,810256,68.4484
train_date,L3_S30_D3681,373491,1183747,31.5516,train,date,3,30,L3_S30,810256,68.4484
train_date,L3_S30_D3686,373491,1183747,31.5516,train,date,3,30,L3_S30,810256,68.4484
train_date,L3_S30_D3691,373491,1183747,31.5516,train,date,3,30,L3_S30,810256,68.4484
train_date,L3_S30_D3696,373491,1183747,31.5516,train,date,3,30,L3_S30,810256,68.4484
train_date,L3_S30_D3701,373491,1183747,31.5516,train,date,3,30,L3_S30,810256,68.4484
train_date,L3_S30_D3706,373491,1183747,31.5516,train,date,3,30,L3_S30,810256,68.4484
train_date,L3_S30_D3711,373491,1183747,31.5516,train,date,3,30,L3_S30,810256,68.4484
train_date,L3_S30_D3716,373491,1183747,31.5516,train,date,3,30,L3_S30,810256,68.4484
train_date,L3_S30_D3721,373491,1183747,31.5516,train,date,3,30,L3_S30,810256,68.4484
train_date,L3_S30_D3726,63936,1183747,5.4012,train,date,3,30,L3_S30,1119811,94.5988
train_date,L3_S30_D3731,63936,1183747,5.4012,train,date,3,30,L3_S30,1119811,94.5988
train_date,L3_S30_D3736,63936,1183747,5.4012,train,date,3,30,L3_S30,1119811,94.5988
train_date,L3_S30_D3741,63936,1183747,5.4012,train,date,3,30,L3_S30,1119811,94.5988
train_date,L3_S30_D3746,64178,1183747,5.4216,train,date,3,30,L3_S30,1119569,94.5784
train_date,L3_S30_D3751,64178,1183747,5.4216,train,date,3,30,L3_S30,1119569,94.5784
train_date,L3_S30_D3756,64178,1183747,5.4216,train,date,3,30,L3_S30,1119569,94.5784
train_date,L3_S30_D3761,64178,1183747,5.4216,train,date,3,30,L3_S30,1119569,94.5784
train_date,L3_S30_D3766,63936,1183747,5.4012,train,date,3,30,L3_S30,1119811,94.5988
train_date,L3_S30_D3771,63936,1183747,5.4012,train,date,3,30,L3_S30,1119811,94.5988
train_date,L3_S30_D3776,63936,1183747,5.4012,train,date,3,30,L3_S30,1119811,94.5988
train_date,L3_S30_D3781,63936,1183747,5.4012,train,date,3,30,L3_S30,1119811,94.5988
train_date,L3_S30_D3786,63936,1183747,5.4012,train,date,3,30,L3_S30,1119811,94.5988
train_date,L3_S30_D3791,63936,1183747,5.4012,train,date,3,30,L3_S30,1119811,94.5988
train_date,L3_S30_D3796,63936,1183747,5.4012,train,date,3,30,L3_S30,1119811,94.5988
train_date,L3_S30_D3801,63936,1183747,5.4012,train,date,3,30,L3_S30,1119811,94.5988
train_date,L3_S30_D3806,63936,1183747,5.4012,train,date,3,30,L3_S30,1119811,94.5988
train_date,L3_S30_D3811,63936,1183747,5.4012,train,date,3,30,L3_S30,1119811,94.5988
train_date,L3_S30_D3816,63936,1183747,5.4012,train,date,3,30,L3_S30,1119811,94.5988
train_date,L3_S30_D3821,63936,1183747,5.4012,train,date,3,30,L3_S30,1119811,94.5988
train_date,L3_S30_D3826,63936,1183747,5.4012,train,date,3,30,L3_S30,1119811,94.5988
train_date,L3_S30_D3831,63936,1183747,5.4012,train,date,3,30,L3_S30,1119811,94.5988
train_date,L3_S31_D3836,1144744,1183747,96.7051,train,date,3,31,L3_S31,39003,3.2949
train_date,L3_S31_D3840,1144744,1183747,96.7051,train,date,3,31,L3_S31,39003,3.2949
train_date,L3_S31_D3844,1144744,1183747,96.7051,train,date,3,31,L3_S31,39003,3.2949
train_date,L3_S31_D3848,1144744,1183747,96.7051,train,date,3,31,L3_S31,39003,3.2949
train_date,L3_S32_D3852,1159204,1183747,97.9267,train,date,3,32,L3_S32,24543,2.0733
train_date,L3_S33_D3856,69052,1183747,5.8333,train,date,3,33,L3_S33,1114695,94.1667
train_date,L3_S33_D3858,69052,1183747,5.8333,train,date,3,33,L3_S33,1114695,94.1667
train_date,L3_S33_D3860,69052,1183747,5.8333,train,date,3,33,L3_S33,1114695,94.1667
train_date,L3_S33_D3862,69052,1183747,5.8333,train,date,3,33,L3_S33,1114695,94.1667
train_date,L3_S33_D3864,69052,1183747,5.8333,train,date,3,33,L3_S33,1114695,94.1667
train_date,L3_S33_D3866,69052,1183747,5.8333,train,date,3,33,L3_S33,1114695,94.1667
train_date,L3_S33_D3868,69052,1183747,5.8333,train,date,3,33,L3_S33,1114695,94.1667
train_date,L3_S33_D3870,69052,1183747,5.8333,train,date,3,33,L3_S33,1114695,94.1667
train_date,L3_S33_D3872,69052,1183747,5.8333,train,date,3,33,L3_S33,1114695,94.1667
train_date,L3_S33_D3874,69052,1183747,5.8333,train,date,3,33,L3_S33,1114695,94.1667
train_date,L3_S34_D3875,68629,1183747,5.7976,train,date,3,34,L3_S34,1115118,94.2024
train_date,L3_S34_D3877,68629,1183747,5.7976,train,date,3,34,L3_S34,1115118,94.2024
train_date,L3_S34_D3879,68629,1183747,5.7976,train,date,3,34,L3_S34,1115118,94.2024
train_date,L3_S34_D3881,68629,1183747,5.7976,train,date,3,34,L3_S34,1115118,94.2024
train_date,L3_S34_D3883,68629,1183747,5.7976,train,date,3,34,L3_S34,1115118,94.2024
train_date,L3_S35_D3886,631690,1183747,53.3636,train,date,3,35,L3_S35,552057,46.6364
train_date,L3_S35_D3891,631690,1183747,53.3636,train,date,3,35,L3_S35,552057,46.6364
train_date,L3_S35_D3895,631700,1183747,53.3644,train,date,3,35,L3_S35,552047,46.6356
train_date,L3_S35_D3897,631700,1183747,53.3644,train,date,3,35,L3_S35,552047,46.6356
train_date,L3_S35_D3900,631639,1183747,53.3593,train,date,3,35,L3_S35,552108,46.6407
train_date,L3_S35_D3905,631639,1183747,53.3593,train,date,3,35,L3_S35,552108,46.6407
train_date,L3_S35_D3910,631639,1183747,53.3593,train,date,3,35,L3_S35,552108,46.6407
train_date,L3_S35_D3915,631639,1183747,53.3593,train,date,3,35,L3_S35,552108,46.6407
train_date,L3_S36_D3919,614716,1183747,51.9297,train,date,3,36,L3_S36,569031,48.0703
train_date,L3_S36_D3921,614716,1183747,51.9297,train,date,3,36,L3_S36,569031,48.0703
train_date,L3_S36_D3923,614716,1183747,51.9297,train,date,3,36,L3_S36,569031,48.0703
train_date,L3_S36_D3925,614716,1183747,51.9297,train,date,3,36,L3_S36,569031,48.0703
train_date,L3_S36_D3928,614715,1183747,51.9296,train,date,3,36,L3_S36,569032,48.0704
train_date,L3_S36_D3932,614715,1183747,51.9296,train,date,3,36,L3_S36,569032,48.0704
train_date,L3_S36_D3936,614715,1183747,51.9296,train,date,3,36,L3_S36,569032,48.0704
train_date,L3_S36_D3940,614715,1183747,51.9296,train,date,3,36,L3_S36,569032,48.0704
train_date,L3_S37_D3942,63353,1183747,5.3519,train,date,3,37,L3_S37,1120394,94.6481
train_date,L3_S37_D3943,63353,1183747,5.3519,train,date,3,37,L3_S37,1120394,94.6481
train_date,L3_S37_D3945,63353,1183747,5.3519,train,date,3,37,L3_S37,1120394,94.6481
train_date,L3_S37_D3947,63353,1183747,5.3519,train,date,3,37,L3_S37,1120394,94.6481
train_date,L3_S37_D3949,63353,1183747,5.3519,train,date,3,37,L3_S37,1120394,94.6481
train_date,L3_S37_D3951,63353,1183747,5.3519,train,date,3,37,L3_S37,1120394,94.6481
train_date,L3_S38_D3953,1156605,1183747,97.7071,train,date,3,38,L3_S38,27142,2.2929
train_date,L3_S38_D3957,1156605,1183747,97.7071,train,date,3,38,L3_S38,27142,2.2929
train_date,L3_S38_D3961,1156605,1183747,97.7071,train,date,3,38,L3_S38,27142,2.2929
train_date,L3_S39_D3966,1123839,1183747,94.9391,train,date,3,39,L3_S39,59908,5.0609
train_date,L3_S39_D3970,1123839,1183747,94.9391,train,date,3,39,L3_S39,59908,5.0609
train_date,L3_S39_D3974,1123839,1183747,94.9391,train,date,3,39,L3_S39,59908,5.0609
train_date,L3_S39_D3978,1123839,1183747,94.9391,train,date,3,39,L3_S39,59908,5.0609
train_date,L3_S40_D3981,1123851,1183747,94.9401,train,date,3,40,L3_S40,59896,5.0599
train_date,L3_S40_D3983,1123851,1183747,94.9401,train,date,3,40,L3_S40,59896,5.0599
train_date,L3_S40_D3985,1123833,1183747,94.9386,train,date,3,40,L3_S40,59914,5.0614
train_date,L3_S40_D3987,1123833,1183747,94.9386,train,date,3,40,L3_S40,59914,5.0614
train_date,L3_S40_D3989,1123833,1183747,94.9386,train,date,3,40,L3_S40,59914,5.0614
train_date,L3_S40_D3991,1123833,1183747,94.9386,train,date,3,40,L3_S40,59914,5.0614
train_date,L3_S40_D3993,1123833,1183747,94.9386,train,date,3,40,L3_S40,59914,5.0614
train_date,L3_S40_D3995,1123833,1183747,94.9386,train,date,3,40,L3_S40,59914,5.0614
train_date,L3_S41_D3997,1123834,1183747,94.9387,train,date,3,41,L3_S41,59913,5.0613
train_date,L3_S41_D3999,1123834,1183747,94.9387,train,date,3,41,L3_S41,59913,5.0613
train_date,L3_S41_D4001,1123834,1183747,94.9387,train,date,3,41,L3_S41,59913,5.0613
train_date,L3_S41_D4003,1123834,1183747,94.9387,train,date,3,41,L3_S41,59913,5.0613
train_date,L3_S41_D4005,1123834,1183747,94.9387,train,date,3,41,L3_S41,59913,5.0613
train_date,L3_S41_D4007,1123834,1183747,94.9387,train,date,3,41,L3_S41,59913,5.0613
train_date,L3_S41_D4009,1123834,1183747,94.9387,train,date,3,41,L3_S41,59913,5.0613
train_date,L3_S41_D4010,1123834,1183747,94.9387,train,date,3,41,L3_S41,59913,5.0613
train_date,L3_S41_D4012,1123834,1183747,94.9387,train,date,3,41,L3_S41,59913,5.0613
train_date,L3_S41_D4013,1123834,1183747,94.9387,train,date,3,41,L3_S41,59913,5.0613
train_date,L3_S41_D4015,1123834,1183747,94.9387,train,date,3,41,L3_S41,59913,5.0613
train_date,L3_S41_D4017,1123834,1183747,94.9387,train,date,3,41,L3_S41,59913,5.0613
train_date,L3_S41_D4019,1123834,1183747,94.9387,train,date,3,41,L3_S41,59913,5.0613
train_date,L3_S41_D4021,1123834,1183747,94.9387,train,date,3,41,L3_S41,59913,5.0613
train_date,L3_S41_D4022,1123834,1183747,94.9387,train,date,3,41,L3_S41,59913,5.0613
train_date,L3_S41_D4024,1123834,1183747,94.9387,train,date,3,41,L3_S41,59913,5.0613
train_date,L3_S41_D4025,1123834,1183747,94.9387,train,date,3,41,L3_S41,59913,5.0613
train_date,L3_S41_D4027,1123834,1183747,94.9387,train,date,3,41,L3_S41,59913,5.0613
train_date,L3_S42_D4029,1183732,1183747,99.9987,train,date,3,42,L3_S42,15,0.0013
train_date,L3_S42_D4033,1183732,1183747,99.9987,train,date,3,42,L3_S42,15,0.0013
train_date,L3_S42_D4037,1183732,1183747,99.9987,train,date,3,42,L3_S42,15,0.0013
train_date,L3_S42_D4041,1183732,1183747,99.9987,train,date,3,42,L3_S42,15,0.0013
train_date,L3_S42_D4045,1183739,1183747,99.9993,train,date,3,42,L3_S42,8,0.0007
train_date,L3_S42_D4049,1183739,1183747,99.9993,train,date,3,42,L3_S42,8,0.0007
train_date,L3_S42_D4053,1183739,1183747,99.9993,train,date,3,42,L3_S42,8,0.0007
train_date,L3_S42_D4057,1183739,1183747,99.9993,train,date,3,42,L3_S42,8,0.0007
train_date,L3_S43_D4062,1153196,1183747,97.4191,train,date,3,43,L3_S43,30551,2.5809
train_date,L3_S43_D4067,1153196,1183747,97.4191,train,date,3,43,L3_S43,30551,2.5809
train_date,L3_S43_D4072,1153196,1183747,97.4191,train,date,3,43,L3_S43,30551,2.5809
train_date,L3_S43_D4077,1153196,1183747,97.4191,train,date,3,43,L3_S43,30551,2.5809
train_date,L3_S43_D4082,1153202,1183747,97.4196,train,date,3,43,L3_S43,30545,2.5804
train_date,L3_S43_D4087,1153202,1183747,97.4196,train,date,3,43,L3_S43,30545,2.5804
train_date,L3_S43_D4092,1153202,1183747,97.4196,train,date,3,43,L3_S43,30545,2.5804
train_date,L3_S43_D4097,1153202,1183747,97.4196,train,date,3,43,L3_S43,30545,2.5804
train_date,L3_S44_D4101,1153943,1183747,97.4822,train,date,3,44,L3_S44,29804,2.5178
train_date,L3_S44_D4104,1153943,1183747,97.4822,train,date,3,44,L3_S44,29804,2.5178
train_date,L3_S44_D4107,1153943,1183747,97.4822,train,date,3,44,L3_S44,29804,2.5178
train_date,L3_S44_D4110,1153943,1183747,97.4822,train,date,3,44,L3_S44,29804,2.5178
train_date,L3_S44_D4113,1153943,1183747,97.4822,train,date,3,44,L3_S44,29804,2.5178
train_date,L3_S44_D4116,1153943,1183747,97.4822,train,date,3,44,L3_S44,29804,2.5178
train_date,L3_S44_D4119,1153943,1183747,97.4822,train,date,3,44,L3_S44,29804,2.5178
train_date,L3_S44_D4122,1153943,1183747,97.4822,train,date,3,44,L3_S44,29804,2.5178
train_date,L3_S45_D4125,1123815,1183747,94.9371,train,date,3,45,L3_S45,59932,5.0629
train_date,L3_S45_D4127,1123815,1183747,94.9371,train,date,3,45,L3_S45,59932,5.0629
train_date,L3_S45_D4129,1123815,1183747,94.9371,train,date,3,45,L3_S45,59932,5.0629
train_date,L3_S45_D4131,1123815,1183747,94.9371,train,date,3,45,L3_S45,59932,5.0629
train_date,L3_S45_D4133,1123815,1183747,94.9371,train,date,3,45,L3_S45,59932,5.0629
train_date,L3_S46_D4135,1183746,1183747,99.9999,train,date,3,46,L3_S46,1,0.0001
train_date,L3_S47_D4140,1123792,1183747,94.9352,train,date,3,47,L3_S47,59955,5.0648
train_date,L3_S47_D4145,1123792,1183747,94.9352,train,date,3,47,L3_S47,59955,5.0648
train_date,L3_S47_D4150,1123792,1183747,94.9352,train,date,3,47,L3_S47,59955,5.0648
train_date,L3_S47_D4155,1123792,1183747,94.9352,train,date,3,47,L3_S47,59955,5.0648
train_date,L3_S47_D4160,1123792,1183747,94.9352,train,date,3,47,L3_S47,59955,5.0648
train_date,L3_S47_D4165,1123792,1183747,94.9352,train,date,3,47,L3_S47,59955,5.0648
train_date,L3_S47_D4170,1123792,1183747,94.9352,train,date,3,47,L3_S47,59955,5.0648
train_date,L3_S47_D4175,1123792,1183747,94.9352,train,date,3,47,L3_S47,59955,5.0648
train_date,L3_S47_D4180,1123792,1183747,94.9352,train,date,3,47,L3_S47,59955,5.0648
train_date,L3_S47_D4185,1123792,1183747,94.9352,train,date,3,47,L3_S47,59955,5.0648
train_date,L3_S47_D4190,1123792,1183747,94.9352,train,date,3,47,L3_S47,59955,5.0648
train_date,L3_S48_D4194,1123824,1183747,94.9379,train,date,3,48,L3_S48,59923,5.0621
train_date,L3_S48_D4195,1123824,1183747,94.9379,train,date,3,48,L3_S48,59923,5.0621
train_date,L3_S48_D4197,1123824,1183747,94.9379,train,date,3,48,L3_S48,59923,5.0621
train_date,L3_S48_D4199,1123824,1183747,94.9379,train,date,3,48,L3_S48,59923,5.0621
train_date,L3_S48_D4201,1123824,1183747,94.9379,train,date,3,48,L3_S48,59923,5.0621
train_date,L3_S48_D4203,1123824,1183747,94.9379,train,date,3,48,L3_S48,59923,5.0621
train_date,L3_S48_D4205,1123824,1183747,94.9379,train,date,3,48,L3_S48,59923,5.0621
train_date,L3_S49_D4208,1154084,1183747,97.4941,train,date,3,49,L3_S49,29663,2.5059
train_date,L3_S49_D4213,1154084,1183747,97.4941,train,date,3,49,L3_S49,29663,2.5059
train_date,L3_S49_D4218,1154074,1183747,97.4933,train,date,3,49,L3_S49,29673,2.5067
train_date,L3_S49_D4223,1154074,1183747,97.4933,train,date,3,49,L3_S49,29673,2.5067
train_date,L3_S49_D4228,1154074,1183747,97.4933,train,date,3,49,L3_S49,29673,2.5067
train_date,L3_S49_D4233,1154074,1183747,97.4933,train,date,3,49,L3_S49,29673,2.5067
train_date,L3_S49_D4238,1154074,1183747,97.4933,train,date,3,49,L3_S49,29673,2.5067
train_date,L3_S50_D4242,1153388,1183747,97.4353,train,date,3,50,L3_S50,30359,2.5647
train_date,L3_S50_D4244,1153388,1183747,97.4353,train,date,3,50,L3_S50,30359,2.5647
train_date,L3_S50_D4246,1153388,1183747,97.4353,train,date,3,50,L3_S50,30359,2.5647
train_date,L3_S50_D4248,1153388,1183747,97.4353,train,date,3,50,L3_S50,30359,2.5647
train_date,L3_S50_D4250,1153388,1183747,97.4353,train,date,3,50,L3_S50,30359,2.5647
train_date,L3_S50_D4252,1153388,1183747,97.4353,train,date,3,50,L3_S50,30359,2.5647
train_date,L3_S50_D4254,1153388,1183747,97.4353,train,date,3,50,L3_S50,30359,2.5647
train_date,L3_S51_D4255,1123894,1183747,94.9438,train,date,3,51,L3_S51,59853,5.0562
train_date,L3_S51_D4257,1123894,1183747,94.9438,train,date,3,51,L3_S51,59853,5.0562
train_date,L3_S51_D4259,1123894,1183747,94.9438,train,date,3,51,L3_S51,59853,5.0562
train_date,L3_S51_D4261,1123894,1183747,94.9438,train,date,3,51,L3_S51,59853,5.0562
train_date,L3_S51_D4263,1123894,1183747,94.9438,train,date,3,51,L3_S51,59853,5.0562
test_numeric,L0_S0_F0,509244,1183748,43.0196,test,numeric,0,0,L0_S0,674504,56.9804
test_numeric,L0_S0_F2,509244,1183748,43.0196,test,numeric,0,0,L0_S0,674504,56.9804
test_numeric,L0_S0_F4,509244,1183748,43.0196,test,numeric,0,0,L0_S0,674504,56.9804
test_numeric,L0_S0_F6,509244,1183748,43.0196,test,numeric,0,0,L0_S0,674504,56.9804
test_numeric,L0_S0_F8,509244,1183748,43.0196,test,numeric,0,0,L0_S0,674504,56.9804
test_numeric,L0_S0_F10,509244,1183748,43.0196,test,numeric,0,0,L0_S0,674504,56.9804
test_numeric,L0_S0_F12,509244,1183748,43.0196,test,numeric,0,0,L0_S0,674504,56.9804
test_numeric,L0_S0_F14,509244,1183748,43.0196,test,numeric,0,0,L0_S0,674504,56.9804
test_numeric,L0_S0_F16,509244,1183748,43.0196,test,numeric,0,0,L0_S0,674504,56.9804
test_numeric,L0_S0_F18,509244,1183748,43.0196,test,numeric,0,0,L0_S0,674504,56.9804
test_numeric,L0_S0_F20,509244,1183748,43.0196,test,numeric,0,0,L0_S0,674504,56.9804
test_numeric,L0_S0_F22,509244,1183748,43.0196,test,numeric,0,0,L0_S0,674504,56.9804
test_numeric,L0_S1_F24,509224,1183748,43.0179,test,numeric,0,1,L0_S1,674524,56.9821
test_numeric,L0_S1_F28,509221,1183748,43.0177,test,numeric,0,1,L0_S1,674527,56.9823
test_numeric,L0_S2_F32,844356,1183748,71.329,test,numeric,0,2,L0_S2,339392,28.671
test_numeric,L0_S2_F36,844356,1183748,71.329,test,numeric,0,2,L0_S2,339392,28.671
test_numeric,L0_S2_F40,844356,1183748,71.329,test,numeric,0,2,L0_S2,339392,28.671
test_numeric,L0_S2_F44,844356,1183748,71.329,test,numeric,0,2,L0_S2,339392,28.671
test_numeric,L0_S2_F48,844356,1183748,71.329,test,numeric,0,2,L0_S2,339392,28.671
test_numeric,L0_S2_F52,844356,1183748,71.329,test,numeric,0,2,L0_S2,339392,28.671
test_numeric,L0_S2_F56,844356,1183748,71.329,test,numeric,0,2,L0_S2,339392,28.671
test_numeric,L0_S2_F60,844356,1183748,71.329,test,numeric,0,2,L0_S2,339392,28.671
test_numeric,L0_S2_F64,844356,1183748,71.329,test,numeric,0,2,L0_S2,339392,28.671
test_numeric,L0_S3_F68,848055,1183748,71.6415,test,numeric,0,3,L0_S3,335693,28.3585
test_numeric,L0_S3_F72,848055,1183748,71.6415,test,numeric,0,3,L0_S3,335693,28.3585
test_numeric,L0_S3_F76,848055,1183748,71.6415,test,numeric,0,3,L0_S3,335693,28.3585
test_numeric,L0_S3_F80,848055,1183748,71.6415,test,numeric,0,3,L0_S3,335693,28.3585
test_numeric,L0_S3_F84,848055,1183748,71.6415,test,numeric,0,3,L0_S3,335693,28.3585
test_numeric,L0_S3_F88,848055,1183748,71.6415,test,numeric,0,3,L0_S3,335693,28.3585
test_numeric,L0_S3_F92,848055,1183748,71.6415,test,numeric,0,3,L0_S3,335693,28.3585
test_numeric,L0_S3_F96,848055,1183748,71.6415,test,numeric,0,3,L0_S3,335693,28.3585
test_numeric,L0_S3_F100,848055,1183748,71.6415,test,numeric,0,3,L0_S3,335693,28.3585
test_numeric,L0_S4_F104,848440,1183748,71.674,test,numeric,0,4,L0_S4,335308,28.326
test_numeric,L0_S4_F109,848482,1183748,71.6776,test,numeric,0,4,L0_S4,335266,28.3224
test_numeric,L0_S5_F114,843662,1183748,71.2704,test,numeric,0,5,L0_S5,340086,28.7296
test_numeric,L0_S5_F116,843662,1183748,71.2704,test,numeric,0,5,L0_S5,340086,28.7296
test_numeric,L0_S6_F118,844101,1183748,71.3075,test,numeric,0,6,L0_S6,339647,28.6925
test_numeric,L0_S6_F122,844101,1183748,71.3075,test,numeric,0,6,L0_S6,339647,28.6925
test_numeric,L0_S6_F132,844101,1183748,71.3075,test,numeric,0,6,L0_S6,339647,28.6925
test_numeric,L0_S7_F136,848086,1183748,71.6441,test,numeric,0,7,L0_S7,335662,28.3559
test_numeric,L0_S7_F138,848086,1183748,71.6441,test,numeric,0,7,L0_S7,335662,28.3559
test_numeric,L0_S7_F142,848086,1183748,71.6441,test,numeric,0,7,L0_S7,335662,28.3559
test_numeric,L0_S8_F144,509246,1183748,43.0198,test,numeric,0,8,L0_S8,674502,56.9802
test_numeric,L0_S8_F146,509246,1183748,43.0198,test,numeric,0,8,L0_S8,674502,56.9802
test_numeric,L0_S8_F149,509246,1183748,43.0198,test,numeric,0,8,L0_S8,674502,56.9802
test_numeric,L0_S9_F155,958039,1183748,80.9327,test,numeric,0,9,L0_S9,225709,19.0673
test_numeric,L0_S9_F160,958021,1183748,80.9312,test,numeric,0,9,L0_S9,225727,19.0688
test_numeric,L0_S9_F165,958027,1183748,80.9317,test,numeric,0,9,L0_S9,225721,19.0683
test_numeric,L0_S9_F170,958021,1183748,80.9312,test,numeric,0,9,L0_S9,225727,19.0688
test_numeric,L0_S9_F175,958039,1183748,80.9327,test,numeric,0,9,L0_S9,225709,19.0673
test_numeric,L0_S9_F180,958039,1183748,80.9327,test,numeric,0,9,L0_S9,225709,19.0673
test_numeric,L0_S9_F185,958039,1183748,80.9327,test,numeric,0,9,L0_S9,225709,19.0673
test_numeric,L0_S9_F190,958039,1183748,80.9327,test,numeric,0,9,L0_S9,225709,19.0673
test_numeric,L0_S9_F195,958039,1183748,80.9327,test,numeric,0,9,L0_S9,225709,19.0673
test_numeric,L0_S9_F200,958039,1183748,80.9327,test,numeric,0,9,L0_S9,225709,19.0673
test_numeric,L0_S9_F205,958039,1183748,80.9327,test,numeric,0,9,L0_S9,225709,19.0673
test_numeric,L0_S9_F210,958039,1183748,80.9327,test,numeric,0,9,L0_S9,225709,19.0673
test_numeric,L0_S10_F219,958875,1183748,81.0033,test,numeric,0,10,L0_S10,224873,18.9967
test_numeric,L0_S10_F224,958861,1183748,81.0021,test,numeric,0,10,L0_S10,224887,18.9979
test_numeric,L0_S10_F229,958869,1183748,81.0028,test,numeric,0,10,L0_S10,224879,18.9972
test_numeric,L0_S10_F234,958861,1183748,81.0021,test,numeric,0,10,L0_S10,224887,18.9979
test_numeric,L0_S10_F239,958875,1183748,81.0033,test,numeric,0,10,L0_S10,224873,18.9967
test_numeric,L0_S10_F244,958875,1183748,81.0033,test,numeric,0,10,L0_S10,224873,18.9967
test_numeric,L0_S10_F249,958875,1183748,81.0033,test,numeric,0,10,L0_S10,224873,18.9967
test_numeric,L0_S10_F254,958875,1183748,81.0033,test,numeric,0,10,L0_S10,224873,18.9967
test_numeric,L0_S10_F259,958875,1183748,81.0033,test,numeric,0,10,L0_S10,224873,18.9967
test_numeric,L0_S10_F264,958875,1183748,81.0033,test,numeric,0,10,L0_S10,224873,18.9967
test_numeric,L0_S10_F269,958875,1183748,81.0033,test,numeric,0,10,L0_S10,224873,18.9967
test_numeric,L0_S10_F274,958875,1183748,81.0033,test,numeric,0,10,L0_S10,224873,18.9967
test_numeric,L0_S11_F282,958083,1183748,80.9364,test,numeric,0,11,L0_S11,225665,19.0636
test_numeric,L0_S11_F286,958083,1183748,80.9364,test,numeric,0,11,L0_S11,225665,19.0636
test_numeric,L0_S11_F290,958083,1183748,80.9364,test,numeric,0,11,L0_S11,225665,19.0636
test_numeric,L0_S11_F294,958083,1183748,80.9364,test,numeric,0,11,L0_S11,225665,19.0636
test_numeric,L0_S11_F298,958083,1183748,80.9364,test,numeric,0,11,L0_S11,225665,19.0636
test_numeric,L0_S11_F302,958083,1183748,80.9364,test,numeric,0,11,L0_S11,225665,19.0636
test_numeric,L0_S11_F306,958083,1183748,80.9364,test,numeric,0,11,L0_S11,225665,19.0636
test_numeric,L0_S11_F310,958083,1183748,80.9364,test,numeric,0,11,L0_S11,225665,19.0636
test_numeric,L0_S11_F314,958083,1183748,80.9364,test,numeric,0,11,L0_S11,225665,19.0636
test_numeric,L0_S11_F318,958083,1183748,80.9364,test,numeric,0,11,L0_S11,225665,19.0636
test_numeric,L0_S11_F322,958083,1183748,80.9364,test,numeric,0,11,L0_S11,225665,19.0636
test_numeric,L0_S11_F326,958083,1183748,80.9364,test,numeric,0,11,L0_S11,225665,19.0636
test_numeric,L0_S12_F330,941333,1183748,79.5214,test,numeric,0,12,L0_S12,242415,20.4786
test_numeric,L0_S12_F332,941333,1183748,79.5214,test,numeric,0,12,L0_S12,242415,20.4786
test_numeric,L0_S12_F334,941333,1183748,79.5214,test,numeric,0,12,L0_S12,242415,20.4786
test_numeric,L0_S12_F336,941333,1183748,79.5214,test,numeric,0,12,L0_S12,242415,20.4786
test_numeric,L0_S12_F338,941333,1183748,79.5214,test,numeric,0,12,L0_S12,242415,20.4786
test_numeric,L0_S12_F340,941333,1183748,79.5214,test,numeric,0,12,L0_S12,242415,20.4786
test_numeric,L0_S12_F342,941333,1183748,79.5214,test,numeric,0,12,L0_S12,242415,20.4786
test_numeric,L0_S12_F344,941333,1183748,79.5214,test,numeric,0,12,L0_S12,242415,20.4786
test_numeric,L0_S12_F346,941333,1183748,79.5214,test,numeric,0,12,L0_S12,242415,20.4786
test_numeric,L0_S12_F348,941333,1183748,79.5214,test,numeric,0,12,L0_S12,242415,20.4786
test_numeric,L0_S12_F350,941333,1183748,79.5214,test,numeric,0,12,L0_S12,242415,20.4786
test_numeric,L0_S12_F352,941333,1183748,79.5214,test,numeric,0,12,L0_S12,242415,20.4786
test_numeric,L0_S13_F354,941332,1183748,79.5213,test,numeric,0,13,L0_S13,242416,20.4787
test_numeric,L0_S13_F356,941332,1183748,79.5213,test,numeric,0,13,L0_S13,242416,20.4787
test_numeric,L0_S14_F358,1062633,1183748,89.7685,test,numeric,0,14,L0_S14,121115,10.2315
test_numeric,L0_S14_F362,1062633,1183748,89.7685,test,numeric,0,14,L0_S14,121115,10.2315
test_numeric,L0_S14_F366,1062633,1183748,89.7685,test,numeric,0,14,L0_S14,121115,10.2315
test_numeric,L0_S14_F370,1062633,1183748,89.7685,test,numeric,0,14,L0_S14,121115,10.2315
test_numeric,L0_S14_F374,1062633,1183748,89.7685,test,numeric,0,14,L0_S14,121115,10.2315
test_numeric,L0_S14_F378,1062633,1183748,89.7685,test,numeric,0,14,L0_S14,121115,10.2315
test_numeric,L0_S14_F382,1062633,1183748,89.7685,test,numeric,0,14,L0_S14,121115,10.2315
test_numeric,L0_S14_F386,1062633,1183748,89.7685,test,numeric,0,14,L0_S14,121115,10.2315
test_numeric,L0_S14_F390,1062633,1183748,89.7685,test,numeric,0,14,L0_S14,121115,10.2315
test_numeric,L0_S15_F394,1062459,1183748,89.7538,test,numeric,0,15,L0_S15,121289,10.2462
test_numeric,L0_S15_F397,1062459,1183748,89.7538,test,numeric,0,15,L0_S15,121289,10.2462
test_numeric,L0_S15_F400,1062459,1183748,89.7538,test,numeric,0,15,L0_S15,121289,10.2462
test_numeric,L0_S15_F403,1062459,1183748,89.7538,test,numeric,0,15,L0_S15,121289,10.2462
test_numeric,L0_S15_F406,1062459,1183748,89.7538,test,numeric,0,15,L0_S15,121289,10.2462
test_numeric,L0_S15_F409,1062459,1183748,89.7538,test,numeric,0,15,L0_S15,121289,10.2462
test_numeric,L0_S15_F412,1062459,1183748,89.7538,test,numeric,0,15,L0_S15,121289,10.2462
test_numeric,L0_S15_F415,1062459,1183748,89.7538,test,numeric,0,15,L0_S15,121289,10.2462
test_numeric,L0_S15_F418,1062459,1183748,89.7538,test,numeric,0,15,L0_S15,121289,10.2462
test_numeric,L0_S16_F421,1064168,1183748,89.8982,test,numeric,0,16,L0_S16,119580,10.1018
test_numeric,L0_S16_F426,1064168,1183748,89.8982,test,numeric,0,16,L0_S16,119580,10.1018
test_numeric,L0_S17_F431,1060813,1183748,89.6148,test,numeric,0,17,L0_S17,122935,10.3852
test_numeric,L0_S17_F433,1060813,1183748,89.6148,test,numeric,0,17,L0_S17,122935,10.3852
test_numeric,L0_S18_F435,1062511,1183748,89.7582,test,numeric,0,18,L0_S18,121237,10.2418
test_numeric,L0_S18_F439,1062511,1183748,89.7582,test,numeric,0,18,L0_S18,121237,10.2418
test_numeric,L0_S18_F449,1062511,1183748,89.7582,test,numeric,0,18,L0_S18,121237,10.2418
test_numeric,L0_S19_F453,1062522,1183748,89.7591,test,numeric,0,19,L0_S19,121226,10.2409
test_numeric,L0_S19_F455,1062522,1183748,89.7591,test,numeric,0,19,L0_S19,121226,10.2409
test_numeric,L0_S19_F459,1062522,1183748,89.7591,test,numeric,0,19,L0_S19,121226,10.2409
test_numeric,L0_S20_F461,941287,1183748,79.5175,test,numeric,0,20,L0_S20,242461,20.4825
test_numeric,L0_S20_F463,941287,1183748,79.5175,test,numeric,0,20,L0_S20,242461,20.4825
test_numeric,L0_S20_F466,941287,1183748,79.5175,test,numeric,0,20,L0_S20,242461,20.4825
test_numeric,L0_S21_F472,1102184,1183748,93.1097,test,numeric,0,21,L0_S21,81564,6.8903
test_numeric,L0_S21_F477,1102153,1183748,93.1071,test,numeric,0,21,L0_S21,81595,6.8929
test_numeric,L0_S21_F482,1102174,1183748,93.1088,test,numeric,0,21,L0_S21,81574,6.8912
test_numeric,L0_S21_F487,1102153,1183748,93.1071,test,numeric,0,21,L0_S21,81595,6.8929
test_numeric,L0_S21_F492,1102184,1183748,93.1097,test,numeric,0,21,L0_S21,81564,6.8903
test_numeric,L0_S21_F497,1102184,1183748,93.1097,test,numeric,0,21,L0_S21,81564,6.8903
test_numeric,L0_S21_F502,1102184,1183748,93.1097,test,numeric,0,21,L0_S21,81564,6.8903
test_numeric,L0_S21_F507,1102184,1183748,93.1097,test,numeric,0,21,L0_S21,81564,6.8903
test_numeric,L0_S21_F512,1102184,1183748,93.1097,test,numeric,0,21,L0_S21,81564,6.8903
test_numeric,L0_S21_F517,1102184,1183748,93.1097,test,numeric,0,21,L0_S21,81564,6.8903
test_numeric,L0_S21_F522,1102184,1183748,93.1097,test,numeric,0,21,L0_S21,81564,6.8903
test_numeric,L0_S21_F527,1102184,1183748,93.1097,test,numeric,0,21,L0_S21,81564,6.8903
test_numeric,L0_S21_F532,1102184,1183748,93.1097,test,numeric,0,21,L0_S21,81564,6.8903
test_numeric,L0_S21_F537,1102184,1183748,93.1097,test,numeric,0,21,L0_S21,81564,6.8903
test_numeric,L0_S22_F546,1103326,1183748,93.2062,test,numeric,0,22,L0_S22,80422,6.7938
test_numeric,L0_S22_F551,1103308,1183748,93.2046,test,numeric,0,22,L0_S22,80440,6.7954
test_numeric,L0_S22_F556,1103316,1183748,93.2053,test,numeric,0,22,L0_S22,80432,6.7947
test_numeric,L0_S22_F561,1103308,1183748,93.2046,test,numeric,0,22,L0_S22,80440,6.7954
test_numeric,L0_S22_F566,1103326,1183748,93.2062,test,numeric,0,22,L0_S22,80422,6.7938
test_numeric,L0_S22_F571,1103326,1183748,93.2062,test,numeric,0,22,L0_S22,80422,6.7938
test_numeric,L0_S22_F576,1103326,1183748,93.2062,test,numeric,0,22,L0_S22,80422,6.7938
test_numeric,L0_S22_F581,1103326,1183748,93.2062,test,numeric,0,22,L0_S22,80422,6.7938
test_numeric,L0_S22_F586,1103326,1183748,93.2062,test,numeric,0,22,L0_S22,80422,6.7938
test_numeric,L0_S22_F591,1103326,1183748,93.2062,test,numeric,0,22,L0_S22,80422,6.7938
test_numeric,L0_S22_F596,1103326,1183748,93.2062,test,numeric,0,22,L0_S22,80422,6.7938
test_numeric,L0_S22_F601,1103326,1183748,93.2062,test,numeric,0,22,L0_S22,80422,6.7938
test_numeric,L0_S22_F606,1103326,1183748,93.2062,test,numeric,0,22,L0_S22,80422,6.7938
test_numeric,L0_S22_F611,1103326,1183748,93.2062,test,numeric,0,22,L0_S22,80422,6.7938
test_numeric,L0_S23_F619,1103123,1183748,93.189,test,numeric,0,23,L0_S23,80625,6.811
test_numeric,L0_S23_F623,1103123,1183748,93.189,test,numeric,0,23,L0_S23,80625,6.811
test_numeric,L0_S23_F627,1103123,1183748,93.189,test,numeric,0,23,L0_S23,80625,6.811
test_numeric,L0_S23_F631,1103123,1183748,93.189,test,numeric,0,23,L0_S23,80625,6.811
test_numeric,L0_S23_F635,1103123,1183748,93.189,test,numeric,0,23,L0_S23,80625,6.811
test_numeric,L0_S23_F639,1103123,1183748,93.189,test,numeric,0,23,L0_S23,80625,6.811
test_numeric,L0_S23_F643,1103123,1183748,93.189,test,numeric,0,23,L0_S23,80625,6.811
test_numeric,L0_S23_F647,1103123,1183748,93.189,test,numeric,0,23,L0_S23,80625,6.811
test_numeric,L0_S23_F651,1103123,1183748,93.189,test,numeric,0,23,L0_S23,80625,6.811
test_numeric,L0_S23_F655,1103123,1183748,93.189,test,numeric,0,23,L0_S23,80625,6.811
test_numeric,L0_S23_F659,1103123,1183748,93.189,test,numeric,0,23,L0_S23,80625,6.811
test_numeric,L0_S23_F663,1103123,1183748,93.189,test,numeric,0,23,L0_S23,80625,6.811
test_numeric,L0_S23_F667,1103123,1183748,93.189,test,numeric,0,23,L0_S23,80625,6.811
test_numeric,L0_S23_F671,1103123,1183748,93.189,test,numeric,0,23,L0_S23,80625,6.811
test_numeric,L1_S24_F679,1159959,1183748,97.9904,test,numeric,1,24,L1_S24,23789,2.0096
test_numeric,L1_S24_F683,1159959,1183748,97.9904,test,numeric,1,24,L1_S24,23789,2.0096
test_numeric,L1_S24_F687,1159959,1183748,97.9904,test,numeric,1,24,L1_S24,23789,2.0096
test_numeric,L1_S24_F691,1159959,1183748,97.9904,test,numeric,1,24,L1_S24,23789,2.0096
test_numeric,L1_S24_F700,1159998,1183748,97.9937,test,numeric,1,24,L1_S24,23750,2.0063
test_numeric,L1_S24_F719,1160192,1183748,98.01,test,numeric,1,24,L1_S24,23556,1.99
test_numeric,L1_S24_F728,1159998,1183748,97.9937,test,numeric,1,24,L1_S24,23750,2.0063
test_numeric,L1_S24_F733,1159998,1183748,97.9937,test,numeric,1,24,L1_S24,23750,2.0063
test_numeric,L1_S24_F746,1160192,1183748,98.01,test,numeric,1,24,L1_S24,23556,1.99
test_numeric,L1_S24_F751,1160192,1183748,98.01,test,numeric,1,24,L1_S24,23556,1.99
test_numeric,L1_S24_F756,1160192,1183748,98.01,test,numeric,1,24,L1_S24,23556,1.99
test_numeric,L1_S24_F761,1160192,1183748,98.01,test,numeric,1,24,L1_S24,23556,1.99
test_numeric,L1_S24_F766,1160192,1183748,98.01,test,numeric,1,24,L1_S24,23556,1.99
test_numeric,L1_S24_F775,1160192,1183748,98.01,test,numeric,1,24,L1_S24,23556,1.99
test_numeric,L1_S24_F780,1160192,1183748,98.01,test,numeric,1,24,L1_S24,23556,1.99
test_numeric,L1_S24_F785,1160192,1183748,98.01,test,numeric,1,24,L1_S24,23556,1.99
test_numeric,L1_S24_F790,1160192,1183748,98.01,test,numeric,1,24,L1_S24,23556,1.99
test_numeric,L1_S24_F795,1160192,1183748,98.01,test,numeric,1,24,L1_S24,23556,1.99
test_numeric,L1_S24_F800,1159980,1183748,97.9921,test,numeric,1,24,L1_S24,23768,2.0079
test_numeric,L1_S24_F802,1159980,1183748,97.9921,test,numeric,1,24,L1_S24,23768,2.0079
test_numeric,L1_S24_F806,1159982,1183748,97.9923,test,numeric,1,24,L1_S24,23766,2.0077
test_numeric,L1_S24_F808,1159982,1183748,97.9923,test,numeric,1,24,L1_S24,23766,2.0077
test_numeric,L1_S24_F810,1159982,1183748,97.9923,test,numeric,1,24,L1_S24,23766,2.0077
test_numeric,L1_S24_F812,1159981,1183748,97.9922,test,numeric,1,24,L1_S24,23767,2.0078
test_numeric,L1_S24_F814,1159981,1183748,97.9922,test,numeric,1,24,L1_S24,23767,2.0078
test_numeric,L1_S24_F816,1171778,1183748,98.9888,test,numeric,1,24,L1_S24,11970,1.0112
test_numeric,L1_S24_F829,1171778,1183748,98.9888,test,numeric,1,24,L1_S24,11970,1.0112
test_numeric,L1_S24_F834,1171778,1183748,98.9888,test,numeric,1,24,L1_S24,11970,1.0112
test_numeric,L1_S24_F839,1171778,1183748,98.9888,test,numeric,1,24,L1_S24,11970,1.0112
test_numeric,L1_S24_F844,1171778,1183748,98.9888,test,numeric,1,24,L1_S24,11970,1.0112
test_numeric,L1_S24_F857,1171778,1183748,98.9888,test,numeric,1,24,L1_S24,11970,1.0112
test_numeric,L1_S24_F862,1171778,1183748,98.9888,test,numeric,1,24,L1_S24,11970,1.0112
test_numeric,L1_S24_F867,1171778,1183748,98.9888,test,numeric,1,24,L1_S24,11970,1.0112
test_numeric,L1_S24_F872,1171778,1183748,98.9888,test,numeric,1,24,L1_S24,11970,1.0112
test_numeric,L1_S24_F877,1171778,1183748,98.9888,test,numeric,1,24,L1_S24,11970,1.0112
test_numeric,L1_S24_F882,1171778,1183748,98.9888,test,numeric,1,24,L1_S24,11970,1.0112
test_numeric,L1_S24_F887,1171778,1183748,98.9888,test,numeric,1,24,L1_S24,11970,1.0112
test_numeric,L1_S24_F892,1171778,1183748,98.9888,test,numeric,1,24,L1_S24,11970,1.0112
test_numeric,L1_S24_F897,1171778,1183748,98.9888,test,numeric,1,24,L1_S24,11970,1.0112
test_numeric,L1_S24_F902,1171778,1183748,98.9888,test,numeric,1,24,L1_S24,11970,1.0112
test_numeric,L1_S24_F907,1171944,1183748,99.0028,test,numeric,1,24,L1_S24,11804,0.9972
test_numeric,L1_S24_F920,1171944,1183748,99.0028,test,numeric,1,24,L1_S24,11804,0.9972
test_numeric,L1_S24_F925,1171944,1183748,99.0028,test,numeric,1,24,L1_S24,11804,0.9972
test_numeric,L1_S24_F930,1171944,1183748,99.0028,test,numeric,1,24,L1_S24,11804,0.9972
test_numeric,L1_S24_F935,1171944,1183748,99.0028,test,numeric,1,24,L1_S24,11804,0.9972
test_numeric,L1_S24_F948,1171944,1183748,99.0028,test,numeric,1,24,L1_S24,11804,0.9972
test_numeric,L1_S24_F953,1171944,1183748,99.0028,test,numeric,1,24,L1_S24,11804,0.9972
test_numeric,L1_S24_F958,1171944,1183748,99.0028,test,numeric,1,24,L1_S24,11804,0.9972
test_numeric,L1_S24_F963,1171944,1183748,99.0028,test,numeric,1,24,L1_S24,11804,0.9972
test_numeric,L1_S24_F968,1171944,1183748,99.0028,test,numeric,1,24,L1_S24,11804,0.9972
test_numeric,L1_S24_F973,1171944,1183748,99.0028,test,numeric,1,24,L1_S24,11804,0.9972
test_numeric,L1_S24_F978,1171944,1183748,99.0028,test,numeric,1,24,L1_S24,11804,0.9972
test_numeric,L1_S24_F983,1171944,1183748,99.0028,test,numeric,1,24,L1_S24,11804,0.9972
test_numeric,L1_S24_F988,1171944,1183748,99.0028,test,numeric,1,24,L1_S24,11804,0.9972
test_numeric,L1_S24_F993,1171944,1183748,99.0028,test,numeric,1,24,L1_S24,11804,0.9972
test_numeric,L1_S24_F998,1171846,1183748,98.9945,test,numeric,1,24,L1_S24,11902,1.0055
test_numeric,L1_S24_F1000,1171846,1183748,98.9945,test,numeric,1,24,L1_S24,11902,1.0055
test_numeric,L1_S24_F1002,1171846,1183748,98.9945,test,numeric,1,24,L1_S24,11902,1.0055
test_numeric,L1_S24_F1004,1171846,1183748,98.9945,test,numeric,1,24,L1_S24,11902,1.0055
test_numeric,L1_S24_F1006,1171846,1183748,98.9945,test,numeric,1,24,L1_S24,11902,1.0055
test_numeric,L1_S24_F1008,1171846,1183748,98.9945,test,numeric,1,24,L1_S24,11902,1.0055
test_numeric,L1_S24_F1010,1171846,1183748,98.9945,test,numeric,1,24,L1_S24,11902,1.0055
test_numeric,L1_S24_F1012,1171846,1183748,98.9945,test,numeric,1,24,L1_S24,11902,1.0055
test_numeric,L1_S24_F1014,1171846,1183748,98.9945,test,numeric,1,24,L1_S24,11902,1.0055
test_numeric,L1_S24_F1016,1171893,1183748,98.9985,test,numeric,1,24,L1_S24,11855,1.0015
test_numeric,L1_S24_F1021,1171893,1183748,98.9985,test,numeric,1,24,L1_S24,11855,1.0015
test_numeric,L1_S24_F1026,1171893,1183748,98.9985,test,numeric,1,24,L1_S24,11855,1.0015
test_numeric,L1_S24_F1031,1171893,1183748,98.9985,test,numeric,1,24,L1_S24,11855,1.0015
test_numeric,L1_S24_F1036,1171893,1183748,98.9985,test,numeric,1,24,L1_S24,11855,1.0015
test_numeric,L1_S24_F1041,1171893,1183748,98.9985,test,numeric,1,24,L1_S24,11855,1.0015
test_numeric,L1_S24_F1046,1171893,1183748,98.9985,test,numeric,1,24,L1_S24,11855,1.0015
test_numeric,L1_S24_F1051,1171893,1183748,98.9985,test,numeric,1,24,L1_S24,11855,1.0015
test_numeric,L1_S24_F1056,1171893,1183748,98.9985,test,numeric,1,24,L1_S24,11855,1.0015
test_numeric,L1_S24_F1068,1159999,1183748,97.9937,test,numeric,1,24,L1_S24,23749,2.0063
test_numeric,L1_S24_F1072,1159999,1183748,97.9937,test,numeric,1,24,L1_S24,23749,2.0063
test_numeric,L1_S24_F1079,1159999,1183748,97.9937,test,numeric,1,24,L1_S24,23749,2.0063
test_numeric,L1_S24_F1083,1159999,1183748,97.9937,test,numeric,1,24,L1_S24,23749,2.0063
test_numeric,L1_S24_F1087,1159999,1183748,97.9937,test,numeric,1,24,L1_S24,23749,2.0063
test_numeric,L1_S24_F1094,1159999,1183748,97.9937,test,numeric,1,24,L1_S24,23749,2.0063
test_numeric,L1_S24_F1098,1159999,1183748,97.9937,test,numeric,1,24,L1_S24,23749,2.0063
test_numeric,L1_S24_F1102,1159999,1183748,97.9937,test,numeric,1,24,L1_S24,23749,2.0063
test_numeric,L1_S24_F1106,1159999,1183748,97.9937,test,numeric,1,24,L1_S24,23749,2.0063
test_numeric,L1_S24_F1110,1159999,1183748,97.9937,test,numeric,1,24,L1_S24,23749,2.0063
test_numeric,L1_S24_F1118,1156269,1183748,97.6786,test,numeric,1,24,L1_S24,27479,2.3214
test_numeric,L1_S24_F1122,1156269,1183748,97.6786,test,numeric,1,24,L1_S24,27479,2.3214
test_numeric,L1_S24_F1126,1156269,1183748,97.6786,test,numeric,1,24,L1_S24,27479,2.3214
test_numeric,L1_S24_F1130,1156269,1183748,97.6786,test,numeric,1,24,L1_S24,27479,2.3214
test_numeric,L1_S24_F1134,1156291,1183748,97.6805,test,numeric,1,24,L1_S24,27457,2.3195
test_numeric,L1_S24_F1145,1156291,1183748,97.6805,test,numeric,1,24,L1_S24,27457,2.3195
test_numeric,L1_S24_F1148,1156291,1183748,97.6805,test,numeric,1,24,L1_S24,27457,2.3195
test_numeric,L1_S24_F1161,1156273,1183748,97.679,test,numeric,1,24,L1_S24,27475,2.321
test_numeric,L1_S24_F1166,1156279,1183748,97.6795,test,numeric,1,24,L1_S24,27469,2.3205
test_numeric,L1_S24_F1170,1156281,1183748,97.6797,test,numeric,1,24,L1_S24,27467,2.3203
test_numeric,L1_S24_F1172,1156281,1183748,97.6797,test,numeric,1,24,L1_S24,27467,2.3203
test_numeric,L1_S24_F1174,1156281,1183748,97.6797,test,numeric,1,24,L1_S24,27467,2.3203
test_numeric,L1_S24_F1176,1156281,1183748,97.6797,test,numeric,1,24,L1_S24,27467,2.3203
test_numeric,L1_S24_F1180,1156281,1183748,97.6797,test,numeric,1,24,L1_S24,27467,2.3203
test_numeric,L1_S24_F1184,1170097,1183748,98.8468,test,numeric,1,24,L1_S24,13651,1.1532
test_numeric,L1_S24_F1197,1170097,1183748,98.8468,test,numeric,1,24,L1_S24,13651,1.1532
test_numeric,L1_S24_F1202,1170097,1183748,98.8468,test,numeric,1,24,L1_S24,13651,1.1532
test_numeric,L1_S24_F1207,1170097,1183748,98.8468,test,numeric,1,24,L1_S24,13651,1.1532
test_numeric,L1_S24_F1212,1170097,1183748,98.8468,test,numeric,1,24,L1_S24,13651,1.1532
test_numeric,L1_S24_F1225,1170097,1183748,98.8468,test,numeric,1,24,L1_S24,13651,1.1532
test_numeric,L1_S24_F1230,1170097,1183748,98.8468,test,numeric,1,24,L1_S24,13651,1.1532
test_numeric,L1_S24_F1235,1170097,1183748,98.8468,test,numeric,1,24,L1_S24,13651,1.1532
test_numeric,L1_S24_F1240,1170097,1183748,98.8468,test,numeric,1,24,L1_S24,13651,1.1532
test_numeric,L1_S24_F1245,1170097,1183748,98.8468,test,numeric,1,24,L1_S24,13651,1.1532
test_numeric,L1_S24_F1250,1170097,1183748,98.8468,test,numeric,1,24,L1_S24,13651,1.1532
test_numeric,L1_S24_F1255,1170097,1183748,98.8468,test,numeric,1,24,L1_S24,13651,1.1532
test_numeric,L1_S24_F1260,1170097,1183748,98.8468,test,numeric,1,24,L1_S24,13651,1.1532
test_numeric,L1_S24_F1265,1170097,1183748,98.8468,test,numeric,1,24,L1_S24,13651,1.1532
test_numeric,L1_S24_F1270,1170097,1183748,98.8468,test,numeric,1,24,L1_S24,13651,1.1532
test_numeric,L1_S24_F1275,1169922,1183748,98.832,test,numeric,1,24,L1_S24,13826,1.168
test_numeric,L1_S24_F1288,1169922,1183748,98.832,test,numeric,1,24,L1_S24,13826,1.168
test_numeric,L1_S24_F1293,1169922,1183748,98.832,test,numeric,1,24,L1_S24,13826,1.168
test_numeric,L1_S24_F1298,1169922,1183748,98.832,test,numeric,1,24,L1_S24,13826,1.168
test_numeric,L1_S24_F1303,1169922,1183748,98.832,test,numeric,1,24,L1_S24,13826,1.168
test_numeric,L1_S24_F1316,1169922,1183748,98.832,test,numeric,1,24,L1_S24,13826,1.168
test_numeric,L1_S24_F1321,1169922,1183748,98.832,test,numeric,1,24,L1_S24,13826,1.168
test_numeric,L1_S24_F1326,1169922,1183748,98.832,test,numeric,1,24,L1_S24,13826,1.168
test_numeric,L1_S24_F1331,1169922,1183748,98.832,test,numeric,1,24,L1_S24,13826,1.168
test_numeric,L1_S24_F1336,1169922,1183748,98.832,test,numeric,1,24,L1_S24,13826,1.168
test_numeric,L1_S24_F1341,1169922,1183748,98.832,test,numeric,1,24,L1_S24,13826,1.168
test_numeric,L1_S24_F1346,1169922,1183748,98.832,test,numeric,1,24,L1_S24,13826,1.168
test_numeric,L1_S24_F1351,1169922,1183748,98.832,test,numeric,1,24,L1_S24,13826,1.168
test_numeric,L1_S24_F1356,1169922,1183748,98.832,test,numeric,1,24,L1_S24,13826,1.168
test_numeric,L1_S24_F1361,1169922,1183748,98.832,test,numeric,1,24,L1_S24,13826,1.168
test_numeric,L1_S24_F1366,1170001,1183748,98.8387,test,numeric,1,24,L1_S24,13747,1.1613
test_numeric,L1_S24_F1371,1170001,1183748,98.8387,test,numeric,1,24,L1_S24,13747,1.1613
test_numeric,L1_S24_F1376,1170001,1183748,98.8387,test,numeric,1,24,L1_S24,13747,1.1613
test_numeric,L1_S24_F1381,1170001,1183748,98.8387,test,numeric,1,24,L1_S24,13747,1.1613
test_numeric,L1_S24_F1386,1170001,1183748,98.8387,test,numeric,1,24,L1_S24,13747,1.1613
test_numeric,L1_S24_F1391,1170001,1183748,98.8387,test,numeric,1,24,L1_S24,13747,1.1613
test_numeric,L1_S24_F1396,1170001,1183748,98.8387,test,numeric,1,24,L1_S24,13747,1.1613
test_numeric,L1_S24_F1401,1170001,1183748,98.8387,test,numeric,1,24,L1_S24,13747,1.1613
test_numeric,L1_S24_F1406,1170001,1183748,98.8387,test,numeric,1,24,L1_S24,13747,1.1613
test_numeric,L1_S24_F1411,1170064,1183748,98.844,test,numeric,1,24,L1_S24,13684,1.156
test_numeric,L1_S24_F1416,1170064,1183748,98.844,test,numeric,1,24,L1_S24,13684,1.156
test_numeric,L1_S24_F1421,1170064,1183748,98.844,test,numeric,1,24,L1_S24,13684,1.156
test_numeric,L1_S24_F1426,1170064,1183748,98.844,test,numeric,1,24,L1_S24,13684,1.156
test_numeric,L1_S24_F1431,1170064,1183748,98.844,test,numeric,1,24,L1_S24,13684,1.156
test_numeric,L1_S24_F1436,1170064,1183748,98.844,test,numeric,1,24,L1_S24,13684,1.156
test_numeric,L1_S24_F1441,1170064,1183748,98.844,test,numeric,1,24,L1_S24,13684,1.156
test_numeric,L1_S24_F1446,1170064,1183748,98.844,test,numeric,1,24,L1_S24,13684,1.156
test_numeric,L1_S24_F1451,1170064,1183748,98.844,test,numeric,1,24,L1_S24,13684,1.156
test_numeric,L1_S24_F1463,1156326,1183748,97.6835,test,numeric,1,24,L1_S24,27422,2.3165
test_numeric,L1_S24_F1467,1156326,1183748,97.6835,test,numeric,1,24,L1_S24,27422,2.3165
test_numeric,L1_S24_F1474,1156326,1183748,97.6835,test,numeric,1,24,L1_S24,27422,2.3165
test_numeric,L1_S24_F1478,1156326,1183748,97.6835,test,numeric,1,24,L1_S24,27422,2.3165
test_numeric,L1_S24_F1482,1156326,1183748,97.6835,test,numeric,1,24,L1_S24,27422,2.3165
test_numeric,L1_S24_F1486,1156326,1183748,97.6835,test,numeric,1,24,L1_S24,27422,2.3165
test_numeric,L1_S24_F1490,1156326,1183748,97.6835,test,numeric,1,24,L1_S24,27422,2.3165
test_numeric,L1_S24_F1494,1156326,1183748,97.6835,test,numeric,1,24,L1_S24,27422,2.3165
test_numeric,L1_S24_F1498,1156326,1183748,97.6835,test,numeric,1,24,L1_S24,27422,2.3165
test_numeric,L1_S24_F1502,1156326,1183748,97.6835,test,numeric,1,24,L1_S24,27422,2.3165
test_numeric,L1_S24_F1506,1156326,1183748,97.6835,test,numeric,1,24,L1_S24,27422,2.3165
test_numeric,L1_S24_F1512,1051904,1183748,88.8622,test,numeric,1,24,L1_S24,131844,11.1378
test_numeric,L1_S24_F1514,1051904,1183748,88.8622,test,numeric,1,24,L1_S24,131844,11.1378
test_numeric,L1_S24_F1516,1051904,1183748,88.8622,test,numeric,1,24,L1_S24,131844,11.1378
test_numeric,L1_S24_F1518,1051904,1183748,88.8622,test,numeric,1,24,L1_S24,131844,11.1378
test_numeric,L1_S24_F1520,1052235,1183748,88.8901,test,numeric,1,24,L1_S24,131513,11.1099
test_numeric,L1_S24_F1539,1052235,1183748,88.8901,test,numeric,1,24,L1_S24,131513,11.1099
test_numeric,L1_S24_F1544,1052235,1183748,88.8901,test,numeric,1,24,L1_S24,131513,11.1099
test_numeric,L1_S24_F1565,1051904,1183748,88.8622,test,numeric,1,24,L1_S24,131844,11.1378
test_numeric,L1_S24_F1567,1051902,1183748,88.862,test,numeric,1,24,L1_S24,131846,11.138
test_numeric,L1_S24_F1569,1051903,1183748,88.8621,test,numeric,1,24,L1_S24,131845,11.1379
test_numeric,L1_S24_F1571,1051903,1183748,88.8621,test,numeric,1,24,L1_S24,131845,11.1379
test_numeric,L1_S24_F1573,1051903,1183748,88.8621,test,numeric,1,24,L1_S24,131845,11.1379
test_numeric,L1_S24_F1575,1051901,1183748,88.8619,test,numeric,1,24,L1_S24,131847,11.1381
test_numeric,L1_S24_F1578,1051901,1183748,88.8619,test,numeric,1,24,L1_S24,131847,11.1381
test_numeric,L1_S24_F1581,1117779,1183748,94.4271,test,numeric,1,24,L1_S24,65969,5.5729
test_numeric,L1_S24_F1594,1117779,1183748,94.4271,test,numeric,1,24,L1_S24,65969,5.5729
test_numeric,L1_S24_F1599,1117779,1183748,94.4271,test,numeric,1,24,L1_S24,65969,5.5729
test_numeric,L1_S24_F1604,1117779,1183748,94.4271,test,numeric,1,24,L1_S24,65969,5.5729
test_numeric,L1_S24_F1609,1117779,1183748,94.4271,test,numeric,1,24,L1_S24,65969,5.5729
test_numeric,L1_S24_F1622,1117779,1183748,94.4271,test,numeric,1,24,L1_S24,65969,5.5729
test_numeric,L1_S24_F1627,1117779,1183748,94.4271,test,numeric,1,24,L1_S24,65969,5.5729
test_numeric,L1_S24_F1632,1117779,1183748,94.4271,test,numeric,1,24,L1_S24,65969,5.5729
test_numeric,L1_S24_F1637,1117779,1183748,94.4271,test,numeric,1,24,L1_S24,65969,5.5729
test_numeric,L1_S24_F1642,1117779,1183748,94.4271,test,numeric,1,24,L1_S24,65969,5.5729
test_numeric,L1_S24_F1647,1117779,1183748,94.4271,test,numeric,1,24,L1_S24,65969,5.5729
test_numeric,L1_S24_F1652,1117779,1183748,94.4271,test,numeric,1,24,L1_S24,65969,5.5729
test_numeric,L1_S24_F1657,1117779,1183748,94.4271,test,numeric,1,24,L1_S24,65969,5.5729
test_numeric,L1_S24_F1662,1117779,1183748,94.4271,test,numeric,1,24,L1_S24,65969,5.5729
test_numeric,L1_S24_F1667,1117779,1183748,94.4271,test,numeric,1,24,L1_S24,65969,5.5729
test_numeric,L1_S24_F1672,1117710,1183748,94.4213,test,numeric,1,24,L1_S24,66038,5.5787
test_numeric,L1_S24_F1685,1117710,1183748,94.4213,test,numeric,1,24,L1_S24,66038,5.5787
test_numeric,L1_S24_F1690,1117710,1183748,94.4213,test,numeric,1,24,L1_S24,66038,5.5787
test_numeric,L1_S24_F1695,1117710,1183748,94.4213,test,numeric,1,24,L1_S24,66038,5.5787
test_numeric,L1_S24_F1700,1117710,1183748,94.4213,test,numeric,1,24,L1_S24,66038,5.5787
test_numeric,L1_S24_F1713,1117710,1183748,94.4213,test,numeric,1,24,L1_S24,66038,5.5787
test_numeric,L1_S24_F1718,1117710,1183748,94.4213,test,numeric,1,24,L1_S24,66038,5.5787
test_numeric,L1_S24_F1723,1117710,1183748,94.4213,test,numeric,1,24,L1_S24,66038,5.5787
test_numeric,L1_S24_F1728,1117710,1183748,94.4213,test,numeric,1,24,L1_S24,66038,5.5787
test_numeric,L1_S24_F1733,1117710,1183748,94.4213,test,numeric,1,24,L1_S24,66038,5.5787
test_numeric,L1_S24_F1738,1117710,1183748,94.4213,test,numeric,1,24,L1_S24,66038,5.5787
test_numeric,L1_S24_F1743,1117710,1183748,94.4213,test,numeric,1,24,L1_S24,66038,5.5787
test_numeric,L1_S24_F1748,1117710,1183748,94.4213,test,numeric,1,24,L1_S24,66038,5.5787
test_numeric,L1_S24_F1753,1117710,1183748,94.4213,test,numeric,1,24,L1_S24,66038,5.5787
test_numeric,L1_S24_F1758,1117710,1183748,94.4213,test,numeric,1,24,L1_S24,66038,5.5787
test_numeric,L1_S24_F1763,1117876,1183748,94.4353,test,numeric,1,24,L1_S24,65872,5.5647
test_numeric,L1_S24_F1768,1117891,1183748,94.4366,test,numeric,1,24,L1_S24,65857,5.5634
test_numeric,L1_S24_F1773,1117876,1183748,94.4353,test,numeric,1,24,L1_S24,65872,5.5647
test_numeric,L1_S24_F1778,1117876,1183748,94.4353,test,numeric,1,24,L1_S24,65872,5.5647
test_numeric,L1_S24_F1783,1117876,1183748,94.4353,test,numeric,1,24,L1_S24,65872,5.5647
test_numeric,L1_S24_F1788,1117876,1183748,94.4353,test,numeric,1,24,L1_S24,65872,5.5647
test_numeric,L1_S24_F1793,1117876,1183748,94.4353,test,numeric,1,24,L1_S24,65872,5.5647
test_numeric,L1_S24_F1798,1117876,1183748,94.4353,test,numeric,1,24,L1_S24,65872,5.5647
test_numeric,L1_S24_F1803,1117876,1183748,94.4353,test,numeric,1,24,L1_S24,65872,5.5647
test_numeric,L1_S24_F1808,1117732,1183748,94.4231,test,numeric,1,24,L1_S24,66016,5.5769
test_numeric,L1_S24_F1810,1117732,1183748,94.4231,test,numeric,1,24,L1_S24,66016,5.5769
test_numeric,L1_S24_F1812,1117732,1183748,94.4231,test,numeric,1,24,L1_S24,66016,5.5769
test_numeric,L1_S24_F1814,1117732,1183748,94.4231,test,numeric,1,24,L1_S24,66016,5.5769
test_numeric,L1_S24_F1816,1117732,1183748,94.4231,test,numeric,1,24,L1_S24,66016,5.5769
test_numeric,L1_S24_F1818,1117732,1183748,94.4231,test,numeric,1,24,L1_S24,66016,5.5769
test_numeric,L1_S24_F1820,1117732,1183748,94.4231,test,numeric,1,24,L1_S24,66016,5.5769
test_numeric,L1_S24_F1822,1117732,1183748,94.4231,test,numeric,1,24,L1_S24,66016,5.5769
test_numeric,L1_S24_F1824,1117732,1183748,94.4231,test,numeric,1,24,L1_S24,66016,5.5769
test_numeric,L1_S24_F1829,1051892,1183748,88.8611,test,numeric,1,24,L1_S24,131856,11.1389
test_numeric,L1_S24_F1831,1051892,1183748,88.8611,test,numeric,1,24,L1_S24,131856,11.1389
test_numeric,L1_S24_F1834,1051892,1183748,88.8611,test,numeric,1,24,L1_S24,131856,11.1389
test_numeric,L1_S24_F1836,1051892,1183748,88.8611,test,numeric,1,24,L1_S24,131856,11.1389
test_numeric,L1_S24_F1838,1051892,1183748,88.8611,test,numeric,1,24,L1_S24,131856,11.1389
test_numeric,L1_S24_F1840,1051892,1183748,88.8611,test,numeric,1,24,L1_S24,131856,11.1389
test_numeric,L1_S24_F1842,1051892,1183748,88.8611,test,numeric,1,24,L1_S24,131856,11.1389
test_numeric,L1_S24_F1844,1051892,1183748,88.8611,test,numeric,1,24,L1_S24,131856,11.1389
test_numeric,L1_S24_F1846,1051892,1183748,88.8611,test,numeric,1,24,L1_S24,131856,11.1389
test_numeric,L1_S24_F1848,1051892,1183748,88.8611,test,numeric,1,24,L1_S24,131856,11.1389
test_numeric,L1_S24_F1850,1051892,1183748,88.8611,test,numeric,1,24,L1_S24,131856,11.1389
test_numeric,L1_S25_F1855,1128173,1183748,95.3052,test,numeric,1,25,L1_S25,55575,4.6948
test_numeric,L1_S25_F1858,1128173,1183748,95.3052,test,numeric,1,25,L1_S25,55575,4.6948
test_numeric,L1_S25_F1865,1128334,1183748,95.3188,test,numeric,1,25,L1_S25,55414,4.6812
test_numeric,L1_S25_F1869,1128334,1183748,95.3188,test,numeric,1,25,L1_S25,55414,4.6812
test_numeric,L1_S25_F1873,1128334,1183748,95.3188,test,numeric,1,25,L1_S25,55414,4.6812
test_numeric,L1_S25_F1877,1128334,1183748,95.3188,test,numeric,1,25,L1_S25,55414,4.6812
test_numeric,L1_S25_F1881,1128366,1183748,95.3215,test,numeric,1,25,L1_S25,55382,4.6785
test_numeric,L1_S25_F1885,1128235,1183748,95.3104,test,numeric,1,25,L1_S25,55513,4.6896
test_numeric,L1_S25_F1890,1128242,1183748,95.311,test,numeric,1,25,L1_S25,55506,4.689
test_numeric,L1_S25_F1892,1128242,1183748,95.311,test,numeric,1,25,L1_S25,55506,4.689
test_numeric,L1_S25_F1894,1128242,1183748,95.311,test,numeric,1,25,L1_S25,55506,4.689
test_numeric,L1_S25_F1896,1128823,1183748,95.3601,test,numeric,1,25,L1_S25,54925,4.6399
test_numeric,L1_S25_F1900,1155839,1183748,97.6423,test,numeric,1,25,L1_S25,27909,2.3577
test_numeric,L1_S25_F1909,1155839,1183748,97.6423,test,numeric,1,25,L1_S25,27909,2.3577
test_numeric,L1_S25_F1914,1155839,1183748,97.6423,test,numeric,1,25,L1_S25,27909,2.3577
test_numeric,L1_S25_F1919,1155839,1183748,97.6423,test,numeric,1,25,L1_S25,27909,2.3577
test_numeric,L1_S25_F1924,1155839,1183748,97.6423,test,numeric,1,25,L1_S25,27909,2.3577
test_numeric,L1_S25_F1929,1155839,1183748,97.6423,test,numeric,1,25,L1_S25,27909,2.3577
test_numeric,L1_S25_F1938,1155839,1183748,97.6423,test,numeric,1,25,L1_S25,27909,2.3577
test_numeric,L1_S25_F1943,1155839,1183748,97.6423,test,numeric,1,25,L1_S25,27909,2.3577
test_numeric,L1_S25_F1948,1155839,1183748,97.6423,test,numeric,1,25,L1_S25,27909,2.3577
test_numeric,L1_S25_F1953,1155839,1183748,97.6423,test,numeric,1,25,L1_S25,27909,2.3577
test_numeric,L1_S25_F1958,1155839,1183748,97.6423,test,numeric,1,25,L1_S25,27909,2.3577
test_numeric,L1_S25_F1963,1155839,1183748,97.6423,test,numeric,1,25,L1_S25,27909,2.3577
test_numeric,L1_S25_F1968,1155839,1183748,97.6423,test,numeric,1,25,L1_S25,27909,2.3577
test_numeric,L1_S25_F1973,1155839,1183748,97.6423,test,numeric,1,25,L1_S25,27909,2.3577
test_numeric,L1_S25_F1978,1156063,1183748,97.6612,test,numeric,1,25,L1_S25,27685,2.3388
test_numeric,L1_S25_F1987,1156063,1183748,97.6612,test,numeric,1,25,L1_S25,27685,2.3388
test_numeric,L1_S25_F1992,1156063,1183748,97.6612,test,numeric,1,25,L1_S25,27685,2.3388
test_numeric,L1_S25_F1997,1156063,1183748,97.6612,test,numeric,1,25,L1_S25,27685,2.3388
test_numeric,L1_S25_F2002,1156063,1183748,97.6612,test,numeric,1,25,L1_S25,27685,2.3388
test_numeric,L1_S25_F2007,1156063,1183748,97.6612,test,numeric,1,25,L1_S25,27685,2.3388
test_numeric,L1_S25_F2016,1156063,1183748,97.6612,test,numeric,1,25,L1_S25,27685,2.3388
test_numeric,L1_S25_F2021,1156063,1183748,97.6612,test,numeric,1,25,L1_S25,27685,2.3388
test_numeric,L1_S25_F2026,1156063,1183748,97.6612,test,numeric,1,25,L1_S25,27685,2.3388
test_numeric,L1_S25_F2031,1156063,1183748,97.6612,test,numeric,1,25,L1_S25,27685,2.3388
test_numeric,L1_S25_F2036,1156063,1183748,97.6612,test,numeric,1,25,L1_S25,27685,2.3388
test_numeric,L1_S25_F2041,1156063,1183748,97.6612,test,numeric,1,25,L1_S25,27685,2.3388
test_numeric,L1_S25_F2046,1156063,1183748,97.6612,test,numeric,1,25,L1_S25,27685,2.3388
test_numeric,L1_S25_F2051,1156063,1183748,97.6612,test,numeric,1,25,L1_S25,27685,2.3388
test_numeric,L1_S25_F2056,1156356,1183748,97.686,test,numeric,1,25,L1_S25,27392,2.314
test_numeric,L1_S25_F2061,1156356,1183748,97.686,test,numeric,1,25,L1_S25,27392,2.314
test_numeric,L1_S25_F2066,1156356,1183748,97.686,test,numeric,1,25,L1_S25,27392,2.314
test_numeric,L1_S25_F2071,1156356,1183748,97.686,test,numeric,1,25,L1_S25,27392,2.314
test_numeric,L1_S25_F2076,1156356,1183748,97.686,test,numeric,1,25,L1_S25,27392,2.314
test_numeric,L1_S25_F2081,1156356,1183748,97.686,test,numeric,1,25,L1_S25,27392,2.314
test_numeric,L1_S25_F2086,1156356,1183748,97.686,test,numeric,1,25,L1_S25,27392,2.314
test_numeric,L1_S25_F2091,1156356,1183748,97.686,test,numeric,1,25,L1_S25,27392,2.314
test_numeric,L1_S25_F2096,1155907,1183748,97.6481,test,numeric,1,25,L1_S25,27841,2.3519
test_numeric,L1_S25_F2101,1155907,1183748,97.6481,test,numeric,1,25,L1_S25,27841,2.3519
test_numeric,L1_S25_F2106,1155907,1183748,97.6481,test,numeric,1,25,L1_S25,27841,2.3519
test_numeric,L1_S25_F2111,1155907,1183748,97.6481,test,numeric,1,25,L1_S25,27841,2.3519
test_numeric,L1_S25_F2116,1155907,1183748,97.6481,test,numeric,1,25,L1_S25,27841,2.3519
test_numeric,L1_S25_F2121,1155907,1183748,97.6481,test,numeric,1,25,L1_S25,27841,2.3519
test_numeric,L1_S25_F2126,1155907,1183748,97.6481,test,numeric,1,25,L1_S25,27841,2.3519
test_numeric,L1_S25_F2131,1155907,1183748,97.6481,test,numeric,1,25,L1_S25,27841,2.3519
test_numeric,L1_S25_F2136,1128668,1183748,95.347,test,numeric,1,25,L1_S25,55080,4.653
test_numeric,L1_S25_F2144,1128668,1183748,95.347,test,numeric,1,25,L1_S25,55080,4.653
test_numeric,L1_S25_F2147,1128668,1183748,95.347,test,numeric,1,25,L1_S25,55080,4.653
test_numeric,L1_S25_F2152,1128668,1183748,95.347,test,numeric,1,25,L1_S25,55080,4.653
test_numeric,L1_S25_F2155,1128668,1183748,95.347,test,numeric,1,25,L1_S25,55080,4.653
test_numeric,L1_S25_F2158,1128668,1183748,95.347,test,numeric,1,25,L1_S25,55080,4.653
test_numeric,L1_S25_F2161,1128668,1183748,95.347,test,numeric,1,25,L1_S25,55080,4.653
test_numeric,L1_S25_F2164,1128668,1183748,95.347,test,numeric,1,25,L1_S25,55080,4.653
test_numeric,L1_S25_F2167,1128668,1183748,95.347,test,numeric,1,25,L1_S25,55080,4.653
test_numeric,L1_S25_F2170,1128668,1183748,95.347,test,numeric,1,25,L1_S25,55080,4.653
test_numeric,L1_S25_F2173,1128668,1183748,95.347,test,numeric,1,25,L1_S25,55080,4.653
test_numeric,L1_S25_F2176,1128668,1183748,95.347,test,numeric,1,25,L1_S25,55080,4.653
test_numeric,L1_S25_F2181,1182552,1183748,99.899,test,numeric,1,25,L1_S25,1196,0.101
test_numeric,L1_S25_F2184,1182552,1183748,99.899,test,numeric,1,25,L1_S25,1196,0.101
test_numeric,L1_S25_F2187,1182552,1183748,99.899,test,numeric,1,25,L1_S25,1196,0.101
test_numeric,L1_S25_F2190,1182552,1183748,99.899,test,numeric,1,25,L1_S25,1196,0.101
test_numeric,L1_S25_F2193,1182552,1183748,99.899,test,numeric,1,25,L1_S25,1196,0.101
test_numeric,L1_S25_F2196,1182552,1183748,99.899,test,numeric,1,25,L1_S25,1196,0.101
test_numeric,L1_S25_F2199,1182552,1183748,99.899,test,numeric,1,25,L1_S25,1196,0.101
test_numeric,L1_S25_F2202,1182552,1183748,99.899,test,numeric,1,25,L1_S25,1196,0.101
test_numeric,L1_S25_F2207,1180178,1183748,99.6984,test,numeric,1,25,L1_S25,3570,0.3016
test_numeric,L1_S25_F2210,1180178,1183748,99.6984,test,numeric,1,25,L1_S25,3570,0.3016
test_numeric,L1_S25_F2217,1180178,1183748,99.6984,test,numeric,1,25,L1_S25,3570,0.3016
test_numeric,L1_S25_F2220,1180178,1183748,99.6984,test,numeric,1,25,L1_S25,3570,0.3016
test_numeric,L1_S25_F2223,1180178,1183748,99.6984,test,numeric,1,25,L1_S25,3570,0.3016
test_numeric,L1_S25_F2226,1180178,1183748,99.6984,test,numeric,1,25,L1_S25,3570,0.3016
test_numeric,L1_S25_F2231,1176577,1183748,99.3942,test,numeric,1,25,L1_S25,7171,0.6058
test_numeric,L1_S25_F2233,1176577,1183748,99.3942,test,numeric,1,25,L1_S25,7171,0.6058
test_numeric,L1_S25_F2237,1176588,1183748,99.3951,test,numeric,1,25,L1_S25,7160,0.6049
test_numeric,L1_S25_F2239,1176591,1183748,99.3954,test,numeric,1,25,L1_S25,7157,0.6046
test_numeric,L1_S25_F2241,1179275,1183748,99.6221,test,numeric,1,25,L1_S25,4473,0.3779
test_numeric,L1_S25_F2243,1179275,1183748,99.6221,test,numeric,1,25,L1_S25,4473,0.3779
test_numeric,L1_S25_F2245,1179275,1183748,99.6221,test,numeric,1,25,L1_S25,4473,0.3779
test_numeric,L1_S25_F2247,1176594,1183748,99.3956,test,numeric,1,25,L1_S25,7154,0.6044
test_numeric,L1_S25_F2249,1180172,1183748,99.6979,test,numeric,1,25,L1_S25,3576,0.3021
test_numeric,L1_S25_F2258,1180172,1183748,99.6979,test,numeric,1,25,L1_S25,3576,0.3021
test_numeric,L1_S25_F2263,1180172,1183748,99.6979,test,numeric,1,25,L1_S25,3576,0.3021
test_numeric,L1_S25_F2268,1180172,1183748,99.6979,test,numeric,1,25,L1_S25,3576,0.3021
test_numeric,L1_S25_F2273,1180172,1183748,99.6979,test,numeric,1,25,L1_S25,3576,0.3021
test_numeric,L1_S25_F2278,1180172,1183748,99.6979,test,numeric,1,25,L1_S25,3576,0.3021
test_numeric,L1_S25_F2287,1180172,1183748,99.6979,test,numeric,1,25,L1_S25,3576,0.3021
test_numeric,L1_S25_F2292,1180172,1183748,99.6979,test,numeric,1,25,L1_S25,3576,0.3021
test_numeric,L1_S25_F2297,1180172,1183748,99.6979,test,numeric,1,25,L1_S25,3576,0.3021
test_numeric,L1_S25_F2302,1180172,1183748,99.6979,test,numeric,1,25,L1_S25,3576,0.3021
test_numeric,L1_S25_F2307,1180172,1183748,99.6979,test,numeric,1,25,L1_S25,3576,0.3021
test_numeric,L1_S25_F2312,1180172,1183748,99.6979,test,numeric,1,25,L1_S25,3576,0.3021
test_numeric,L1_S25_F2317,1180172,1183748,99.6979,test,numeric,1,25,L1_S25,3576,0.3021
test_numeric,L1_S25_F2322,1180172,1183748,99.6979,test,numeric,1,25,L1_S25,3576,0.3021
test_numeric,L1_S25_F2327,1180127,1183748,99.6941,test,numeric,1,25,L1_S25,3621,0.3059
test_numeric,L1_S25_F2336,1180127,1183748,99.6941,test,numeric,1,25,L1_S25,3621,0.3059
test_numeric,L1_S25_F2341,1180127,1183748,99.6941,test,numeric,1,25,L1_S25,3621,0.3059
test_numeric,L1_S25_F2346,1180127,1183748,99.6941,test,numeric,1,25,L1_S25,3621,0.3059
test_numeric,L1_S25_F2351,1180127,1183748,99.6941,test,numeric,1,25,L1_S25,3621,0.3059
test_numeric,L1_S25_F2356,1180127,1183748,99.6941,test,numeric,1,25,L1_S25,3621,0.3059
test_numeric,L1_S25_F2365,1180127,1183748,99.6941,test,numeric,1,25,L1_S25,3621,0.3059
test_numeric,L1_S25_F2370,1180127,1183748,99.6941,test,numeric,1,25,L1_S25,3621,0.3059
test_numeric,L1_S25_F2375,1180127,1183748,99.6941,test,numeric,1,25,L1_S25,3621,0.3059
test_numeric,L1_S25_F2380,1180127,1183748,99.6941,test,numeric,1,25,L1_S25,3621,0.3059
test_numeric,L1_S25_F2385,1180127,1183748,99.6941,test,numeric,1,25,L1_S25,3621,0.3059
test_numeric,L1_S25_F2390,1180127,1183748,99.6941,test,numeric,1,25,L1_S25,3621,0.3059
test_numeric,L1_S25_F2395,1180127,1183748,99.6941,test,numeric,1,25,L1_S25,3621,0.3059
test_numeric,L1_S25_F2400,1180127,1183748,99.6941,test,numeric,1,25,L1_S25,3621,0.3059
test_numeric,L1_S25_F2405,1180134,1183748,99.6947,test,numeric,1,25,L1_S25,3614,0.3053
test_numeric,L1_S25_F2408,1180134,1183748,99.6947,test,numeric,1,25,L1_S25,3614,0.3053
test_numeric,L1_S25_F2411,1180134,1183748,99.6947,test,numeric,1,25,L1_S25,3614,0.3053
test_numeric,L1_S25_F2414,1180134,1183748,99.6947,test,numeric,1,25,L1_S25,3614,0.3053
test_numeric,L1_S25_F2417,1180134,1183748,99.6947,test,numeric,1,25,L1_S25,3614,0.3053
test_numeric,L1_S25_F2420,1180134,1183748,99.6947,test,numeric,1,25,L1_S25,3614,0.3053
test_numeric,L1_S25_F2423,1180134,1183748,99.6947,test,numeric,1,25,L1_S25,3614,0.3053
test_numeric,L1_S25_F2426,1180134,1183748,99.6947,test,numeric,1,25,L1_S25,3614,0.3053
test_numeric,L1_S25_F2429,1180262,1183748,99.7055,test,numeric,1,25,L1_S25,3486,0.2945
test_numeric,L1_S25_F2431,1180262,1183748,99.7055,test,numeric,1,25,L1_S25,3486,0.2945
test_numeric,L1_S25_F2433,1180262,1183748,99.7055,test,numeric,1,25,L1_S25,3486,0.2945
test_numeric,L1_S25_F2435,1180262,1183748,99.7055,test,numeric,1,25,L1_S25,3486,0.2945
test_numeric,L1_S25_F2437,1180262,1183748,99.7055,test,numeric,1,25,L1_S25,3486,0.2945
test_numeric,L1_S25_F2439,1180262,1183748,99.7055,test,numeric,1,25,L1_S25,3486,0.2945
test_numeric,L1_S25_F2441,1180262,1183748,99.7055,test,numeric,1,25,L1_S25,3486,0.2945
test_numeric,L1_S25_F2443,1180262,1183748,99.7055,test,numeric,1,25,L1_S25,3486,0.2945
test_numeric,L1_S25_F2449,1176663,1183748,99.4015,test,numeric,1,25,L1_S25,7085,0.5985
test_numeric,L1_S25_F2451,1176663,1183748,99.4015,test,numeric,1,25,L1_S25,7085,0.5985
test_numeric,L1_S25_F2454,1176663,1183748,99.4015,test,numeric,1,25,L1_S25,7085,0.5985
test_numeric,L1_S25_F2456,1176663,1183748,99.4015,test,numeric,1,25,L1_S25,7085,0.5985
test_numeric,L1_S25_F2458,1176663,1183748,99.4015,test,numeric,1,25,L1_S25,7085,0.5985
test_numeric,L1_S25_F2460,1176663,1183748,99.4015,test,numeric,1,25,L1_S25,7085,0.5985
test_numeric,L1_S25_F2462,1176663,1183748,99.4015,test,numeric,1,25,L1_S25,7085,0.5985
test_numeric,L1_S25_F2464,1176663,1183748,99.4015,test,numeric,1,25,L1_S25,7085,0.5985
test_numeric,L1_S25_F2466,1176663,1183748,99.4015,test,numeric,1,25,L1_S25,7085,0.5985
test_numeric,L1_S25_F2468,1176663,1183748,99.4015,test,numeric,1,25,L1_S25,7085,0.5985
test_numeric,L1_S25_F2472,1174035,1183748,99.1795,test,numeric,1,25,L1_S25,9713,0.8205
test_numeric,L1_S25_F2475,1174035,1183748,99.1795,test,numeric,1,25,L1_S25,9713,0.8205
test_numeric,L1_S25_F2478,1174035,1183748,99.1795,test,numeric,1,25,L1_S25,9713,0.8205
test_numeric,L1_S25_F2481,1174035,1183748,99.1795,test,numeric,1,25,L1_S25,9713,0.8205
test_numeric,L1_S25_F2484,1174035,1183748,99.1795,test,numeric,1,25,L1_S25,9713,0.8205
test_numeric,L1_S25_F2487,1174035,1183748,99.1795,test,numeric,1,25,L1_S25,9713,0.8205
test_numeric,L1_S25_F2490,1174035,1183748,99.1795,test,numeric,1,25,L1_S25,9713,0.8205
test_numeric,L1_S25_F2493,1174035,1183748,99.1795,test,numeric,1,25,L1_S25,9713,0.8205
test_numeric,L1_S25_F2498,1179607,1183748,99.6502,test,numeric,1,25,L1_S25,4141,0.3498
test_numeric,L1_S25_F2500,1179607,1183748,99.6502,test,numeric,1,25,L1_S25,4141,0.3498
test_numeric,L1_S25_F2504,1179608,1183748,99.6503,test,numeric,1,25,L1_S25,4140,0.3497
test_numeric,L1_S25_F2506,1179608,1183748,99.6503,test,numeric,1,25,L1_S25,4140,0.3497
test_numeric,L1_S25_F2508,1180310,1183748,99.7096,test,numeric,1,25,L1_S25,3438,0.2904
test_numeric,L1_S25_F2510,1180310,1183748,99.7096,test,numeric,1,25,L1_S25,3438,0.2904
test_numeric,L1_S25_F2512,1180310,1183748,99.7096,test,numeric,1,25,L1_S25,3438,0.2904
test_numeric,L1_S25_F2514,1179608,1183748,99.6503,test,numeric,1,25,L1_S25,4140,0.3497
test_numeric,L1_S25_F2516,1181672,1183748,99.8246,test,numeric,1,25,L1_S25,2076,0.1754
test_numeric,L1_S25_F2525,1181672,1183748,99.8246,test,numeric,1,25,L1_S25,2076,0.1754
test_numeric,L1_S25_F2530,1181672,1183748,99.8246,test,numeric,1,25,L1_S25,2076,0.1754
test_numeric,L1_S25_F2535,1181672,1183748,99.8246,test,numeric,1,25,L1_S25,2076,0.1754
test_numeric,L1_S25_F2540,1181672,1183748,99.8246,test,numeric,1,25,L1_S25,2076,0.1754
test_numeric,L1_S25_F2545,1181672,1183748,99.8246,test,numeric,1,25,L1_S25,2076,0.1754
test_numeric,L1_S25_F2554,1181672,1183748,99.8246,test,numeric,1,25,L1_S25,2076,0.1754
test_numeric,L1_S25_F2559,1181672,1183748,99.8246,test,numeric,1,25,L1_S25,2076,0.1754
test_numeric,L1_S25_F2564,1181672,1183748,99.8246,test,numeric,1,25,L1_S25,2076,0.1754
test_numeric,L1_S25_F2569,1181672,1183748,99.8246,test,numeric,1,25,L1_S25,2076,0.1754
test_numeric,L1_S25_F2574,1181672,1183748,99.8246,test,numeric,1,25,L1_S25,2076,0.1754
test_numeric,L1_S25_F2579,1181672,1183748,99.8246,test,numeric,1,25,L1_S25,2076,0.1754
test_numeric,L1_S25_F2584,1181672,1183748,99.8246,test,numeric,1,25,L1_S25,2076,0.1754
test_numeric,L1_S25_F2589,1181672,1183748,99.8246,test,numeric,1,25,L1_S25,2076,0.1754
test_numeric,L1_S25_F2594,1181688,1183748,99.826,test,numeric,1,25,L1_S25,2060,0.174
test_numeric,L1_S25_F2603,1181688,1183748,99.826,test,numeric,1,25,L1_S25,2060,0.174
test_numeric,L1_S25_F2608,1181688,1183748,99.826,test,numeric,1,25,L1_S25,2060,0.174
test_numeric,L1_S25_F2613,1181688,1183748,99.826,test,numeric,1,25,L1_S25,2060,0.174
test_numeric,L1_S25_F2618,1181688,1183748,99.826,test,numeric,1,25,L1_S25,2060,0.174
test_numeric,L1_S25_F2623,1181688,1183748,99.826,test,numeric,1,25,L1_S25,2060,0.174
test_numeric,L1_S25_F2632,1181688,1183748,99.826,test,numeric,1,25,L1_S25,2060,0.174
test_numeric,L1_S25_F2637,1181688,1183748,99.826,test,numeric,1,25,L1_S25,2060,0.174
test_numeric,L1_S25_F2642,1181688,1183748,99.826,test,numeric,1,25,L1_S25,2060,0.174
test_numeric,L1_S25_F2647,1181688,1183748,99.826,test,numeric,1,25,L1_S25,2060,0.174
test_numeric,L1_S25_F2652,1181688,1183748,99.826,test,numeric,1,25,L1_S25,2060,0.174
test_numeric,L1_S25_F2657,1181688,1183748,99.826,test,numeric,1,25,L1_S25,2060,0.174
test_numeric,L1_S25_F2662,1181688,1183748,99.826,test,numeric,1,25,L1_S25,2060,0.174
test_numeric,L1_S25_F2667,1181688,1183748,99.826,test,numeric,1,25,L1_S25,2060,0.174
test_numeric,L1_S25_F2672,1181719,1183748,99.8286,test,numeric,1,25,L1_S25,2029,0.1714
test_numeric,L1_S25_F2677,1181719,1183748,99.8286,test,numeric,1,25,L1_S25,2029,0.1714
test_numeric,L1_S25_F2682,1181719,1183748,99.8286,test,numeric,1,25,L1_S25,2029,0.1714
test_numeric,L1_S25_F2687,1181719,1183748,99.8286,test,numeric,1,25,L1_S25,2029,0.1714
test_numeric,L1_S25_F2692,1181719,1183748,99.8286,test,numeric,1,25,L1_S25,2029,0.1714
test_numeric,L1_S25_F2697,1181719,1183748,99.8286,test,numeric,1,25,L1_S25,2029,0.1714
test_numeric,L1_S25_F2702,1181719,1183748,99.8286,test,numeric,1,25,L1_S25,2029,0.1714
test_numeric,L1_S25_F2707,1181719,1183748,99.8286,test,numeric,1,25,L1_S25,2029,0.1714
test_numeric,L1_S25_F2712,1181646,1183748,99.8224,test,numeric,1,25,L1_S25,2102,0.1776
test_numeric,L1_S25_F2714,1181646,1183748,99.8224,test,numeric,1,25,L1_S25,2102,0.1776
test_numeric,L1_S25_F2716,1181646,1183748,99.8224,test,numeric,1,25,L1_S25,2102,0.1776
test_numeric,L1_S25_F2718,1181646,1183748,99.8224,test,numeric,1,25,L1_S25,2102,0.1776
test_numeric,L1_S25_F2720,1181646,1183748,99.8224,test,numeric,1,25,L1_S25,2102,0.1776
test_numeric,L1_S25_F2722,1181646,1183748,99.8224,test,numeric,1,25,L1_S25,2102,0.1776
test_numeric,L1_S25_F2724,1181646,1183748,99.8224,test,numeric,1,25,L1_S25,2102,0.1776
test_numeric,L1_S25_F2726,1181646,1183748,99.8224,test,numeric,1,25,L1_S25,2102,0.1776
test_numeric,L1_S25_F2732,1179634,1183748,99.6525,test,numeric,1,25,L1_S25,4114,0.3475
test_numeric,L1_S25_F2734,1179634,1183748,99.6525,test,numeric,1,25,L1_S25,4114,0.3475
test_numeric,L1_S25_F2737,1179634,1183748,99.6525,test,numeric,1,25,L1_S25,4114,0.3475
test_numeric,L1_S25_F2739,1179634,1183748,99.6525,test,numeric,1,25,L1_S25,4114,0.3475
test_numeric,L1_S25_F2741,1179634,1183748,99.6525,test,numeric,1,25,L1_S25,4114,0.3475
test_numeric,L1_S25_F2743,1179634,1183748,99.6525,test,numeric,1,25,L1_S25,4114,0.3475
test_numeric,L1_S25_F2745,1179634,1183748,99.6525,test,numeric,1,25,L1_S25,4114,0.3475
test_numeric,L1_S25_F2747,1179634,1183748,99.6525,test,numeric,1,25,L1_S25,4114,0.3475
test_numeric,L1_S25_F2749,1179634,1183748,99.6525,test,numeric,1,25,L1_S25,4114,0.3475
test_numeric,L1_S25_F2751,1179634,1183748,99.6525,test,numeric,1,25,L1_S25,4114,0.3475
test_numeric,L1_S25_F2755,1181221,1183748,99.7865,test,numeric,1,25,L1_S25,2527,0.2135
test_numeric,L1_S25_F2758,1181221,1183748,99.7865,test,numeric,1,25,L1_S25,2527,0.2135
test_numeric,L1_S25_F2761,1181221,1183748,99.7865,test,numeric,1,25,L1_S25,2527,0.2135
test_numeric,L1_S25_F2764,1181221,1183748,99.7865,test,numeric,1,25,L1_S25,2527,0.2135
test_numeric,L1_S25_F2767,1181221,1183748,99.7865,test,numeric,1,25,L1_S25,2527,0.2135
test_numeric,L1_S25_F2770,1181221,1183748,99.7865,test,numeric,1,25,L1_S25,2527,0.2135
test_numeric,L1_S25_F2773,1181221,1183748,99.7865,test,numeric,1,25,L1_S25,2527,0.2135
test_numeric,L1_S25_F2776,1181221,1183748,99.7865,test,numeric,1,25,L1_S25,2527,0.2135
test_numeric,L1_S25_F2781,1166016,1183748,98.502,test,numeric,1,25,L1_S25,17732,1.498
test_numeric,L1_S25_F2783,1166016,1183748,98.502,test,numeric,1,25,L1_S25,17732,1.498
test_numeric,L1_S25_F2787,1166015,1183748,98.502,test,numeric,1,25,L1_S25,17733,1.498
test_numeric,L1_S25_F2789,1166019,1183748,98.5023,test,numeric,1,25,L1_S25,17729,1.4977
test_numeric,L1_S25_F2791,1169617,1183748,98.8062,test,numeric,1,25,L1_S25,14131,1.1938
test_numeric,L1_S25_F2793,1169617,1183748,98.8062,test,numeric,1,25,L1_S25,14131,1.1938
test_numeric,L1_S25_F2795,1169617,1183748,98.8062,test,numeric,1,25,L1_S25,14131,1.1938
test_numeric,L1_S25_F2797,1166012,1183748,98.5017,test,numeric,1,25,L1_S25,17736,1.4983
test_numeric,L1_S25_F2799,1174850,1183748,99.2483,test,numeric,1,25,L1_S25,8898,0.7517
test_numeric,L1_S25_F2808,1174850,1183748,99.2483,test,numeric,1,25,L1_S25,8898,0.7517
test_numeric,L1_S25_F2813,1174850,1183748,99.2483,test,numeric,1,25,L1_S25,8898,0.7517
test_numeric,L1_S25_F2818,1174850,1183748,99.2483,test,numeric,1,25,L1_S25,8898,0.7517
test_numeric,L1_S25_F2823,1174850,1183748,99.2483,test,numeric,1,25,L1_S25,8898,0.7517
test_numeric,L1_S25_F2828,1174850,1183748,99.2483,test,numeric,1,25,L1_S25,8898,0.7517
test_numeric,L1_S25_F2837,1174850,1183748,99.2483,test,numeric,1,25,L1_S25,8898,0.7517
test_numeric,L1_S25_F2842,1174850,1183748,99.2483,test,numeric,1,25,L1_S25,8898,0.7517
test_numeric,L1_S25_F2847,1174850,1183748,99.2483,test,numeric,1,25,L1_S25,8898,0.7517
test_numeric,L1_S25_F2852,1174850,1183748,99.2483,test,numeric,1,25,L1_S25,8898,0.7517
test_numeric,L1_S25_F2857,1174850,1183748,99.2483,test,numeric,1,25,L1_S25,8898,0.7517
test_numeric,L1_S25_F2862,1174850,1183748,99.2483,test,numeric,1,25,L1_S25,8898,0.7517
test_numeric,L1_S25_F2867,1174850,1183748,99.2483,test,numeric,1,25,L1_S25,8898,0.7517
test_numeric,L1_S25_F2872,1174850,1183748,99.2483,test,numeric,1,25,L1_S25,8898,0.7517
test_numeric,L1_S25_F2877,1174882,1183748,99.251,test,numeric,1,25,L1_S25,8866,0.749
test_numeric,L1_S25_F2886,1174882,1183748,99.251,test,numeric,1,25,L1_S25,8866,0.749
test_numeric,L1_S25_F2891,1174882,1183748,99.251,test,numeric,1,25,L1_S25,8866,0.749
test_numeric,L1_S25_F2896,1174882,1183748,99.251,test,numeric,1,25,L1_S25,8866,0.749
test_numeric,L1_S25_F2901,1174882,1183748,99.251,test,numeric,1,25,L1_S25,8866,0.749
test_numeric,L1_S25_F2906,1174882,1183748,99.251,test,numeric,1,25,L1_S25,8866,0.749
test_numeric,L1_S25_F2915,1174882,1183748,99.251,test,numeric,1,25,L1_S25,8866,0.749
test_numeric,L1_S25_F2920,1174882,1183748,99.251,test,numeric,1,25,L1_S25,8866,0.749
test_numeric,L1_S25_F2925,1174882,1183748,99.251,test,numeric,1,25,L1_S25,8866,0.749
test_numeric,L1_S25_F2930,1174882,1183748,99.251,test,numeric,1,25,L1_S25,8866,0.749
test_numeric,L1_S25_F2935,1174882,1183748,99.251,test,numeric,1,25,L1_S25,8866,0.749
test_numeric,L1_S25_F2940,1174882,1183748,99.251,test,numeric,1,25,L1_S25,8866,0.749
test_numeric,L1_S25_F2945,1174882,1183748,99.251,test,numeric,1,25,L1_S25,8866,0.749
test_numeric,L1_S25_F2950,1174882,1183748,99.251,test,numeric,1,25,L1_S25,8866,0.749
test_numeric,L1_S25_F2955,1174757,1183748,99.2405,test,numeric,1,25,L1_S25,8991,0.7595
test_numeric,L1_S25_F2960,1174757,1183748,99.2405,test,numeric,1,25,L1_S25,8991,0.7595
test_numeric,L1_S25_F2965,1174757,1183748,99.2405,test,numeric,1,25,L1_S25,8991,0.7595
test_numeric,L1_S25_F2970,1174757,1183748,99.2405,test,numeric,1,25,L1_S25,8991,0.7595
test_numeric,L1_S25_F2975,1174757,1183748,99.2405,test,numeric,1,25,L1_S25,8991,0.7595
test_numeric,L1_S25_F2980,1174757,1183748,99.2405,test,numeric,1,25,L1_S25,8991,0.7595
test_numeric,L1_S25_F2985,1174757,1183748,99.2405,test,numeric,1,25,L1_S25,8991,0.7595
test_numeric,L1_S25_F2990,1174757,1183748,99.2405,test,numeric,1,25,L1_S25,8991,0.7595
test_numeric,L1_S25_F2995,1175013,1183748,99.2621,test,numeric,1,25,L1_S25,8735,0.7379
test_numeric,L1_S25_F2997,1175013,1183748,99.2621,test,numeric,1,25,L1_S25,8735,0.7379
test_numeric,L1_S25_F2999,1175013,1183748,99.2621,test,numeric,1,25,L1_S25,8735,0.7379
test_numeric,L1_S25_F3001,1175013,1183748,99.2621,test,numeric,1,25,L1_S25,8735,0.7379
test_numeric,L1_S25_F3003,1175013,1183748,99.2621,test,numeric,1,25,L1_S25,8735,0.7379
test_numeric,L1_S25_F3005,1175013,1183748,99.2621,test,numeric,1,25,L1_S25,8735,0.7379
test_numeric,L1_S25_F3007,1175013,1183748,99.2621,test,numeric,1,25,L1_S25,8735,0.7379
test_numeric,L1_S25_F3009,1175013,1183748,99.2621,test,numeric,1,25,L1_S25,8735,0.7379
test_numeric,L1_S25_F3015,1166020,1183748,98.5024,test,numeric,1,25,L1_S25,17728,1.4976
test_numeric,L1_S25_F3017,1166020,1183748,98.5024,test,numeric,1,25,L1_S25,17728,1.4976
test_numeric,L1_S25_F3020,1166020,1183748,98.5024,test,numeric,1,25,L1_S25,17728,1.4976
test_numeric,L1_S25_F3022,1166020,1183748,98.5024,test,numeric,1,25,L1_S25,17728,1.4976
test_numeric,L1_S25_F3024,1166020,1183748,98.5024,test,numeric,1,25,L1_S25,17728,1.4976
test_numeric,L1_S25_F3026,1166020,1183748,98.5024,test,numeric,1,25,L1_S25,17728,1.4976
test_numeric,L1_S25_F3028,1166020,1183748,98.5024,test,numeric,1,25,L1_S25,17728,1.4976
test_numeric,L1_S25_F3030,1166020,1183748,98.5024,test,numeric,1,25,L1_S25,17728,1.4976
test_numeric,L1_S25_F3032,1166020,1183748,98.5024,test,numeric,1,25,L1_S25,17728,1.4976
test_numeric,L1_S25_F3034,1166020,1183748,98.5024,test,numeric,1,25,L1_S25,17728,1.4976
test_numeric,L2_S26_F3036,956415,1183748,80.7955,test,numeric,2,26,L2_S26,227333,19.2045
test_numeric,L2_S26_F3040,956415,1183748,80.7955,test,numeric,2,26,L2_S26,227333,19.2045
test_numeric,L2_S26_F3047,956415,1183748,80.7955,test,numeric,2,26,L2_S26,227333,19.2045
test_numeric,L2_S26_F3051,956415,1183748,80.7955,test,numeric,2,26,L2_S26,227333,19.2045
test_numeric,L2_S26_F3055,956415,1183748,80.7955,test,numeric,2,26,L2_S26,227333,19.2045
test_numeric,L2_S26_F3062,956415,1183748,80.7955,test,numeric,2,26,L2_S26,227333,19.2045
test_numeric,L2_S26_F3069,956415,1183748,80.7955,test,numeric,2,26,L2_S26,227333,19.2045
test_numeric,L2_S26_F3073,956415,1183748,80.7955,test,numeric,2,26,L2_S26,227333,19.2045
test_numeric,L2_S26_F3077,956415,1183748,80.7955,test,numeric,2,26,L2_S26,227333,19.2045
test_numeric,L2_S26_F3106,956415,1183748,80.7955,test,numeric,2,26,L2_S26,227333,19.2045
test_numeric,L2_S26_F3113,956415,1183748,80.7955,test,numeric,2,26,L2_S26,227333,19.2045
test_numeric,L2_S26_F3117,956415,1183748,80.7955,test,numeric,2,26,L2_S26,227333,19.2045
test_numeric,L2_S26_F3121,956415,1183748,80.7955,test,numeric,2,26,L2_S26,227333,19.2045
test_numeric,L2_S26_F3125,956415,1183748,80.7955,test,numeric,2,26,L2_S26,227333,19.2045
test_numeric,L2_S27_F3129,1064192,1183748,89.9002,test,numeric,2,27,L2_S27,119556,10.0998
test_numeric,L2_S27_F3133,1064192,1183748,89.9002,test,numeric,2,27,L2_S27,119556,10.0998
test_numeric,L2_S27_F3140,1064192,1183748,89.9002,test,numeric,2,27,L2_S27,119556,10.0998
test_numeric,L2_S27_F3144,1064192,1183748,89.9002,test,numeric,2,27,L2_S27,119556,10.0998
test_numeric,L2_S27_F3148,1064192,1183748,89.9002,test,numeric,2,27,L2_S27,119556,10.0998
test_numeric,L2_S27_F3155,1064192,1183748,89.9002,test,numeric,2,27,L2_S27,119556,10.0998
test_numeric,L2_S27_F3162,1064192,1183748,89.9002,test,numeric,2,27,L2_S27,119556,10.0998
test_numeric,L2_S27_F3166,1064192,1183748,89.9002,test,numeric,2,27,L2_S27,119556,10.0998
test_numeric,L2_S27_F3170,1064192,1183748,89.9002,test,numeric,2,27,L2_S27,119556,10.0998
test_numeric,L2_S27_F3199,1064192,1183748,89.9002,test,numeric,2,27,L2_S27,119556,10.0998
test_numeric,L2_S27_F3206,1064192,1183748,89.9002,test,numeric,2,27,L2_S27,119556,10.0998
test_numeric,L2_S27_F3210,1064192,1183748,89.9002,test,numeric,2,27,L2_S27,119556,10.0998
test_numeric,L2_S27_F3214,1064192,1183748,89.9002,test,numeric,2,27,L2_S27,119556,10.0998
test_numeric,L2_S27_F3218,1064192,1183748,89.9002,test,numeric,2,27,L2_S27,119556,10.0998
test_numeric,L2_S28_F3222,1174178,1183748,99.1916,test,numeric,2,28,L2_S28,9570,0.8084
test_numeric,L2_S28_F3226,1174178,1183748,99.1916,test,numeric,2,28,L2_S28,9570,0.8084
test_numeric,L2_S28_F3233,1174178,1183748,99.1916,test,numeric,2,28,L2_S28,9570,0.8084
test_numeric,L2_S28_F3237,1174178,1183748,99.1916,test,numeric,2,28,L2_S28,9570,0.8084
test_numeric,L2_S28_F3241,1174178,1183748,99.1916,test,numeric,2,28,L2_S28,9570,0.8084
test_numeric,L2_S28_F3248,1174178,1183748,99.1916,test,numeric,2,28,L2_S28,9570,0.8084
test_numeric,L2_S28_F3255,1174178,1183748,99.1916,test,numeric,2,28,L2_S28,9570,0.8084
test_numeric,L2_S28_F3259,1174178,1183748,99.1916,test,numeric,2,28,L2_S28,9570,0.8084
test_numeric,L2_S28_F3263,1174178,1183748,99.1916,test,numeric,2,28,L2_S28,9570,0.8084
test_numeric,L2_S28_F3292,1174178,1183748,99.1916,test,numeric,2,28,L2_S28,9570,0.8084
test_numeric,L2_S28_F3299,1174178,1183748,99.1916,test,numeric,2,28,L2_S28,9570,0.8084
test_numeric,L2_S28_F3303,1174178,1183748,99.1916,test,numeric,2,28,L2_S28,9570,0.8084
test_numeric,L2_S28_F3307,1174178,1183748,99.1916,test,numeric,2,28,L2_S28,9570,0.8084
test_numeric,L2_S28_F3311,1174178,1183748,99.1916,test,numeric,2,28,L2_S28,9570,0.8084
test_numeric,L3_S29_F3315,64311,1183748,5.4328,test,numeric,3,29,L3_S29,1119437,94.5672
test_numeric,L3_S29_F3318,64311,1183748,5.4328,test,numeric,3,29,L3_S29,1119437,94.5672
test_numeric,L3_S29_F3321,64311,1183748,5.4328,test,numeric,3,29,L3_S29,1119437,94.5672
test_numeric,L3_S29_F3324,64311,1183748,5.4328,test,numeric,3,29,L3_S29,1119437,94.5672
test_numeric,L3_S29_F3327,64311,1183748,5.4328,test,numeric,3,29,L3_S29,1119437,94.5672
test_numeric,L3_S29_F3330,64311,1183748,5.4328,test,numeric,3,29,L3_S29,1119437,94.5672
test_numeric,L3_S29_F3333,64311,1183748,5.4328,test,numeric,3,29,L3_S29,1119437,94.5672
test_numeric,L3_S29_F3336,64311,1183748,5.4328,test,numeric,3,29,L3_S29,1119437,94.5672
test_numeric,L3_S29_F3339,64311,1183748,5.4328,test,numeric,3,29,L3_S29,1119437,94.5672
test_numeric,L3_S29_F3342,64311,1183748,5.4328,test,numeric,3,29,L3_S29,1119437,94.5672
test_numeric,L3_S29_F3345,64311,1183748,5.4328,test,numeric,3,29,L3_S29,1119437,94.5672
test_numeric,L3_S29_F3348,64311,1183748,5.4328,test,numeric,3,29,L3_S29,1119437,94.5672
test_numeric,L3_S29_F3351,64311,1183748,5.4328,test,numeric,3,29,L3_S29,1119437,94.5672
test_numeric,L3_S29_F3354,64311,1183748,5.4328,test,numeric,3,29,L3_S29,1119437,94.5672
test_numeric,L3_S29_F3357,64311,1183748,5.4328,test,numeric,3,29,L3_S29,1119437,94.5672
test_numeric,L3_S29_F3360,64311,1183748,5.4328,test,numeric,3,29,L3_S29,1119437,94.5672
test_numeric,L3_S29_F3367,64311,1183748,5.4328,test,numeric,3,29,L3_S29,1119437,94.5672
test_numeric,L3_S29_F3370,64311,1183748,5.4328,test,numeric,3,29,L3_S29,1119437,94.5672
test_numeric,L3_S29_F3373,64311,1183748,5.4328,test,numeric,3,29,L3_S29,1119437,94.5672
test_numeric,L3_S29_F3376,64311,1183748,5.4328,test,numeric,3,29,L3_S29,1119437,94.5672
test_numeric,L3_S29_F3379,64311,1183748,5.4328,test,numeric,3,29,L3_S29,1119437,94.5672
test_numeric,L3_S29_F3382,64311,1183748,5.4328,test,numeric,3,29,L3_S29,1119437,94.5672
test_numeric,L3_S29_F3385,64311,1183748,5.4328,test,numeric,3,29,L3_S29,1119437,94.5672
test_numeric,L3_S29_F3388,64311,1183748,5.4328,test,numeric,3,29,L3_S29,1119437,94.5672
test_numeric,L3_S29_F3395,64311,1183748,5.4328,test,numeric,3,29,L3_S29,1119437,94.5672
test_numeric,L3_S29_F3398,64311,1183748,5.4328,test,numeric,3,29,L3_S29,1119437,94.5672
test_numeric,L3_S29_F3401,64311,1183748,5.4328,test,numeric,3,29,L3_S29,1119437,94.5672
test_numeric,L3_S29_F3404,64311,1183748,5.4328,test,numeric,3,29,L3_S29,1119437,94.5672
test_numeric,L3_S29_F3407,64311,1183748,5.4328,test,numeric,3,29,L3_S29,1119437,94.5672
test_numeric,L3_S29_F3412,64311,1183748,5.4328,test,numeric,3,29,L3_S29,1119437,94.5672
test_numeric,L3_S29_F3421,64311,1183748,5.4328,test,numeric,3,29,L3_S29,1119437,94.5672
test_numeric,L3_S29_F3424,64311,1183748,5.4328,test,numeric,3,29,L3_S29,1119437,94.5672
test_numeric,L3_S29_F3427,64311,1183748,5.4328,test,numeric,3,29,L3_S29,1119437,94.5672
test_numeric,L3_S29_F3430,64311,1183748,5.4328,test,numeric,3,29,L3_S29,1119437,94.5672
test_numeric,L3_S29_F3433,64311,1183748,5.4328,test,numeric,3,29,L3_S29,1119437,94.5672
test_numeric,L3_S29_F3436,64311,1183748,5.4328,test,numeric,3,29,L3_S29,1119437,94.5672
test_numeric,L3_S29_F3439,64311,1183748,5.4328,test,numeric,3,29,L3_S29,1119437,94.5672
test_numeric,L3_S29_F3442,64311,1183748,5.4328,test,numeric,3,29,L3_S29,1119437,94.5672
test_numeric,L3_S29_F3449,64311,1183748,5.4328,test,numeric,3,29,L3_S29,1119437,94.5672
test_numeric,L3_S29_F3452,64311,1183748,5.4328,test,numeric,3,29,L3_S29,1119437,94.5672
test_numeric,L3_S29_F3455,64311,1183748,5.4328,test,numeric,3,29,L3_S29,1119437,94.5672
test_numeric,L3_S29_F3458,64311,1183748,5.4328,test,numeric,3,29,L3_S29,1119437,94.5672
test_numeric,L3_S29_F3461,64311,1183748,5.4328,test,numeric,3,29,L3_S29,1119437,94.5672
test_numeric,L3_S29_F3464,64311,1183748,5.4328,test,numeric,3,29,L3_S29,1119437,94.5672
test_numeric,L3_S29_F3467,64311,1183748,5.4328,test,numeric,3,29,L3_S29,1119437,94.5672
test_numeric,L3_S29_F3470,64311,1183748,5.4328,test,numeric,3,29,L3_S29,1119437,94.5672
test_numeric,L3_S29_F3473,114786,1183748,9.6968,test,numeric,3,29,L3_S29,1068962,90.3032
test_numeric,L3_S29_F3476,114786,1183748,9.6968,test,numeric,3,29,L3_S29,1068962,90.3032
test_numeric,L3_S29_F3479,114786,1183748,9.6968,test,numeric,3,29,L3_S29,1068962,90.3032
test_numeric,L3_S29_F3482,64311,1183748,5.4328,test,numeric,3,29,L3_S29,1119437,94.5672
test_numeric,L3_S29_F3485,64311,1183748,5.4328,test,numeric,3,29,L3_S29,1119437,94.5672
test_numeric,L3_S29_F3488,64311,1183748,5.4328,test,numeric,3,29,L3_S29,1119437,94.5672
test_numeric,L3_S29_F3491,64311,1183748,5.4328,test,numeric,3,29,L3_S29,1119437,94.5672
test_numeric,L3_S30_F3494,64204,1183748,5.4238,test,numeric,3,30,L3_S30,1119544,94.5762
test_numeric,L3_S30_F3499,64210,1183748,5.4243,test,numeric,3,30,L3_S30,1119538,94.5757
test_numeric,L3_S30_F3504,64422,1183748,5.4422,test,numeric,3,30,L3_S30,1119326,94.5578
test_numeric,L3_S30_F3509,64422,1183748,5.4422,test,numeric,3,30,L3_S30,1119326,94.5578
test_numeric,L3_S30_F3514,64422,1183748,5.4422,test,numeric,3,30,L3_S30,1119326,94.5578
test_numeric,L3_S30_F3519,64422,1183748,5.4422,test,numeric,3,30,L3_S30,1119326,94.5578
test_numeric,L3_S30_F3524,64422,1183748,5.4422,test,numeric,3,30,L3_S30,1119326,94.5578
test_numeric,L3_S30_F3529,64422,1183748,5.4422,test,numeric,3,30,L3_S30,1119326,94.5578
test_numeric,L3_S30_F3534,64422,1183748,5.4422,test,numeric,3,30,L3_S30,1119326,94.5578
test_numeric,L3_S30_F3539,64422,1183748,5.4422,test,numeric,3,30,L3_S30,1119326,94.5578
test_numeric,L3_S30_F3544,64422,1183748,5.4422,test,numeric,3,30,L3_S30,1119326,94.5578
test_numeric,L3_S30_F3549,64422,1183748,5.4422,test,numeric,3,30,L3_S30,1119326,94.5578
test_numeric,L3_S30_F3554,64422,1183748,5.4422,test,numeric,3,30,L3_S30,1119326,94.5578
test_numeric,L3_S30_F3559,64422,1183748,5.4422,test,numeric,3,30,L3_S30,1119326,94.5578
test_numeric,L3_S30_F3564,374101,1183748,31.6031,test,numeric,3,30,L3_S30,809647,68.3969
test_numeric,L3_S30_F3569,374101,1183748,31.6031,test,numeric,3,30,L3_S30,809647,68.3969
test_numeric,L3_S30_F3574,374101,1183748,31.6031,test,numeric,3,30,L3_S30,809647,68.3969
test_numeric,L3_S30_F3579,374101,1183748,31.6031,test,numeric,3,30,L3_S30,809647,68.3969
test_numeric,L3_S30_F3584,374101,1183748,31.6031,test,numeric,3,30,L3_S30,809647,68.3969
test_numeric,L3_S30_F3589,374101,1183748,31.6031,test,numeric,3,30,L3_S30,809647,68.3969
test_numeric,L3_S30_F3594,374101,1183748,31.6031,test,numeric,3,30,L3_S30,809647,68.3969
test_numeric,L3_S30_F3599,374101,1183748,31.6031,test,numeric,3,30,L3_S30,809647,68.3969
test_numeric,L3_S30_F3604,374101,1183748,31.6031,test,numeric,3,30,L3_S30,809647,68.3969
test_numeric,L3_S30_F3609,374101,1183748,31.6031,test,numeric,3,30,L3_S30,809647,68.3969
test_numeric,L3_S30_F3614,374101,1183748,31.6031,test,numeric,3,30,L3_S30,809647,68.3969
test_numeric,L3_S30_F3619,374101,1183748,31.6031,test,numeric,3,30,L3_S30,809647,68.3969
test_numeric,L3_S30_F3624,374101,1183748,31.6031,test,numeric,3,30,L3_S30,809647,68.3969
test_numeric,L3_S30_F3629,374101,1183748,31.6031,test,numeric,3,30,L3_S30,809647,68.3969
test_numeric,L3_S30_F3634,374101,1183748,31.6031,test,numeric,3,30,L3_S30,809647,68.3969
test_numeric,L3_S30_F3639,374101,1183748,31.6031,test,numeric,3,30,L3_S30,809647,68.3969
test_numeric,L3_S30_F3644,374101,1183748,31.6031,test,numeric,3,30,L3_S30,809647,68.3969
test_numeric,L3_S30_F3649,374101,1183748,31.6031,test,numeric,3,30,L3_S30,809647,68.3969
test_numeric,L3_S30_F3654,374101,1183748,31.6031,test,numeric,3,30,L3_S30,809647,68.3969
test_numeric,L3_S30_F3659,374101,1183748,31.6031,test,numeric,3,30,L3_S30,809647,68.3969
test_numeric,L3_S30_F3664,374101,1183748,31.6031,test,numeric,3,30,L3_S30,809647,68.3969
test_numeric,L3_S30_F3669,374101,1183748,31.6031,test,numeric,3,30,L3_S30,809647,68.3969
test_numeric,L3_S30_F3674,374101,1183748,31.6031,test,numeric,3,30,L3_S30,809647,68.3969
test_numeric,L3_S30_F3679,374101,1183748,31.6031,test,numeric,3,30,L3_S30,809647,68.3969
test_numeric,L3_S30_F3684,374101,1183748,31.6031,test,numeric,3,30,L3_S30,809647,68.3969
test_numeric,L3_S30_F3689,374101,1183748,31.6031,test,numeric,3,30,L3_S30,809647,68.3969
test_numeric,L3_S30_F3694,374101,1183748,31.6031,test,numeric,3,30,L3_S30,809647,68.3969
test_numeric,L3_S30_F3699,374101,1183748,31.6031,test,numeric,3,30,L3_S30,809647,68.3969
test_numeric,L3_S30_F3704,374101,1183748,31.6031,test,numeric,3,30,L3_S30,809647,68.3969
test_numeric,L3_S30_F3709,374101,1183748,31.6031,test,numeric,3,30,L3_S30,809647,68.3969
test_numeric,L3_S30_F3714,374101,1183748,31.6031,test,numeric,3,30,L3_S30,809647,68.3969
test_numeric,L3_S30_F3719,374101,1183748,31.6031,test,numeric,3,30,L3_S30,809647,68.3969
test_numeric,L3_S30_F3724,64193,1183748,5.4229,test,numeric,3,30,L3_S30,1119555,94.5771
test_numeric,L3_S30_F3729,64193,1183748,5.4229,test,numeric,3,30,L3_S30,1119555,94.5771
test_numeric,L3_S30_F3734,64193,1183748,5.4229,test,numeric,3,30,L3_S30,1119555,94.5771
test_numeric,L3_S30_F3739,64193,1183748,5.4229,test,numeric,3,30,L3_S30,1119555,94.5771
test_numeric,L3_S30_F3744,64422,1183748,5.4422,test,numeric,3,30,L3_S30,1119326,94.5578
test_numeric,L3_S30_F3749,64422,1183748,5.4422,test,numeric,3,30,L3_S30,1119326,94.5578
test_numeric,L3_S30_F3754,64422,1183748,5.4422,test,numeric,3,30,L3_S30,1119326,94.5578
test_numeric,L3_S30_F3759,64422,1183748,5.4422,test,numeric,3,30,L3_S30,1119326,94.5578
test_numeric,L3_S30_F3764,64193,1183748,5.4229,test,numeric,3,30,L3_S30,1119555,94.5771
test_numeric,L3_S30_F3769,64193,1183748,5.4229,test,numeric,3,30,L3_S30,1119555,94.5771
test_numeric,L3_S30_F3774,64193,1183748,5.4229,test,numeric,3,30,L3_S30,1119555,94.5771
test_numeric,L3_S30_F3779,64193,1183748,5.4229,test,numeric,3,30,L3_S30,1119555,94.5771
test_numeric,L3_S30_F3784,64193,1183748,5.4229,test,numeric,3,30,L3_S30,1119555,94.5771
test_numeric,L3_S30_F3789,64193,1183748,5.4229,test,numeric,3,30,L3_S30,1119555,94.5771
test_numeric,L3_S30_F3794,64193,1183748,5.4229,test,numeric,3,30,L3_S30,1119555,94.5771
test_numeric,L3_S30_F3799,64193,1183748,5.4229,test,numeric,3,30,L3_S30,1119555,94.5771
test_numeric,L3_S30_F3804,64193,1183748,5.4229,test,numeric,3,30,L3_S30,1119555,94.5771
test_numeric,L3_S30_F3809,64193,1183748,5.4229,test,numeric,3,30,L3_S30,1119555,94.5771
test_numeric,L3_S30_F3814,64193,1183748,5.4229,test,numeric,3,30,L3_S30,1119555,94.5771
test_numeric,L3_S30_F3819,64193,1183748,5.4229,test,numeric,3,30,L3_S30,1119555,94.5771
test_numeric,L3_S30_F3824,64193,1183748,5.4229,test,numeric,3,30,L3_S30,1119555,94.5771
test_numeric,L3_S30_F3829,64193,1183748,5.4229,test,numeric,3,30,L3_S30,1119555,94.5771
test_numeric,L3_S31_F3834,1144513,1183748,96.6855,test,numeric,3,31,L3_S31,39235,3.3145
test_numeric,L3_S31_F3838,1144513,1183748,96.6855,test,numeric,3,31,L3_S31,39235,3.3145
test_numeric,L3_S31_F3842,1144513,1183748,96.6855,test,numeric,3,31,L3_S31,39235,3.3145
test_numeric,L3_S31_F3846,1144513,1183748,96.6855,test,numeric,3,31,L3_S31,39235,3.3145
test_numeric,L3_S32_F3850,1159613,1183748,97.9611,test,numeric,3,32,L3_S32,24135,2.0389
test_numeric,L3_S33_F3855,69254,1183748,5.8504,test,numeric,3,33,L3_S33,1114494,94.1496
test_numeric,L3_S33_F3857,69254,1183748,5.8504,test,numeric,3,33,L3_S33,1114494,94.1496
test_numeric,L3_S33_F3859,69254,1183748,5.8504,test,numeric,3,33,L3_S33,1114494,94.1496
test_numeric,L3_S33_F3861,69254,1183748,5.8504,test,numeric,3,33,L3_S33,1114494,94.1496
test_numeric,L3_S33_F3863,69254,1183748,5.8504,test,numeric,3,33,L3_S33,1114494,94.1496
test_numeric,L3_S33_F3865,69254,1183748,5.8504,test,numeric,3,33,L3_S33,1114494,94.1496
test_numeric,L3_S33_F3867,69254,1183748,5.8504,test,numeric,3,33,L3_S33,1114494,94.1496
test_numeric,L3_S33_F3869,69254,1183748,5.8504,test,numeric,3,33,L3_S33,1114494,94.1496
test_numeric,L3_S33_F3871,69254,1183748,5.8504,test,numeric,3,33,L3_S33,1114494,94.1496
test_numeric,L3_S33_F3873,69254,1183748,5.8504,test,numeric,3,33,L3_S33,1114494,94.1496
test_numeric,L3_S34_F3876,68813,1183748,5.8131,test,numeric,3,34,L3_S34,1114935,94.1869
test_numeric,L3_S34_F3878,68813,1183748,5.8131,test,numeric,3,34,L3_S34,1114935,94.1869
test_numeric,L3_S34_F3880,68813,1183748,5.8131,test,numeric,3,34,L3_S34,1114935,94.1869
test_numeric,L3_S34_F3882,68813,1183748,5.8131,test,numeric,3,34,L3_S34,1114935,94.1869
test_numeric,L3_S35_F3884,631696,1183748,53.3641,test,numeric,3,35,L3_S35,552052,46.6359
test_numeric,L3_S35_F3889,631696,1183748,53.3641,test,numeric,3,35,L3_S35,552052,46.6359
test_numeric,L3_S35_F3894,631711,1183748,53.3653,test,numeric,3,35,L3_S35,552037,46.6347
test_numeric,L3_S35_F3896,631711,1183748,53.3653,test,numeric,3,35,L3_S35,552037,46.6347
test_numeric,L3_S35_F3898,631635,1183748,53.3589,test,numeric,3,35,L3_S35,552113,46.6411
test_numeric,L3_S35_F3903,631635,1183748,53.3589,test,numeric,3,35,L3_S35,552113,46.6411
test_numeric,L3_S35_F3908,631635,1183748,53.3589,test,numeric,3,35,L3_S35,552113,46.6411
test_numeric,L3_S35_F3913,631635,1183748,53.3589,test,numeric,3,35,L3_S35,552113,46.6411
test_numeric,L3_S36_F3918,614866,1183748,51.9423,test,numeric,3,36,L3_S36,568882,48.0577
test_numeric,L3_S36_F3920,614866,1183748,51.9423,test,numeric,3,36,L3_S36,568882,48.0577
test_numeric,L3_S36_F3922,614866,1183748,51.9423,test,numeric,3,36,L3_S36,568882,48.0577
test_numeric,L3_S36_F3924,614866,1183748,51.9423,test,numeric,3,36,L3_S36,568882,48.0577
test_numeric,L3_S36_F3926,614866,1183748,51.9423,test,numeric,3,36,L3_S36,568882,48.0577
test_numeric,L3_S36_F3930,614866,1183748,51.9423,test,numeric,3,36,L3_S36,568882,48.0577
test_numeric,L3_S36_F3934,614866,1183748,51.9423,test,numeric,3,36,L3_S36,568882,48.0577
test_numeric,L3_S36_F3938,614866,1183748,51.9423,test,numeric,3,36,L3_S36,568882,48.0577
test_numeric,L3_S37_F3944,63482,1183748,5.3628,test,numeric,3,37,L3_S37,1120266,94.6372
test_numeric,L3_S37_F3946,63482,1183748,5.3628,test,numeric,3,37,L3_S37,1120266,94.6372
test_numeric,L3_S37_F3948,63482,1183748,5.3628,test,numeric,3,37,L3_S37,1120266,94.6372
test_numeric,L3_S37_F3950,63482,1183748,5.3628,test,numeric,3,37,L3_S37,1120266,94.6372
test_numeric,L3_S38_F3952,1156715,1183748,97.7163,test,numeric,3,38,L3_S38,27033,2.2837
test_numeric,L3_S38_F3956,1156715,1183748,97.7163,test,numeric,3,38,L3_S38,27033,2.2837
test_numeric,L3_S38_F3960,1156715,1183748,97.7163,test,numeric,3,38,L3_S38,27033,2.2837
test_numeric,L3_S39_F3964,1123637,1183748,94.922,test,numeric,3,39,L3_S39,60111,5.078
test_numeric,L3_S39_F3968,1123637,1183748,94.922,test,numeric,3,39,L3_S39,60111,5.078
test_numeric,L3_S39_F3972,1123637,1183748,94.922,test,numeric,3,39,L3_S39,60111,5.078
test_numeric,L3_S39_F3976,1123637,1183748,94.922,test,numeric,3,39,L3_S39,60111,5.078
test_numeric,L3_S40_F3980,1123642,1183748,94.9224,test,numeric,3,40,L3_S40,60106,5.0776
test_numeric,L3_S40_F3982,1123642,1183748,94.9224,test,numeric,3,40,L3_S40,60106,5.0776
test_numeric,L3_S40_F3984,1123629,1183748,94.9213,test,numeric,3,40,L3_S40,60119,5.0787
test_numeric,L3_S40_F3986,1123629,1183748,94.9213,test,numeric,3,40,L3_S40,60119,5.0787
test_numeric,L3_S40_F3988,1123629,1183748,94.9213,test,numeric,3,40,L3_S40,60119,5.0787
test_numeric,L3_S40_F3990,1123629,1183748,94.9213,test,numeric,3,40,L3_S40,60119,5.0787
test_numeric,L3_S40_F3992,1123629,1183748,94.9213,test,numeric,3,40,L3_S40,60119,5.0787
test_numeric,L3_S40_F3994,1123629,1183748,94.9213,test,numeric,3,40,L3_S40,60119,5.0787
test_numeric,L3_S41_F3996,1123637,1183748,94.922,test,numeric,3,41,L3_S41,60111,5.078
test_numeric,L3_S41_F3998,1123637,1183748,94.922,test,numeric,3,41,L3_S41,60111,5.078
test_numeric,L3_S41_F4000,1123637,1183748,94.922,test,numeric,3,41,L3_S41,60111,5.078
test_numeric,L3_S41_F4002,1123637,1183748,94.922,test,numeric,3,41,L3_S41,60111,5.078
test_numeric,L3_S41_F4004,1123637,1183748,94.922,test,numeric,3,41,L3_S41,60111,5.078
test_numeric,L3_S41_F4006,1123637,1183748,94.922,test,numeric,3,41,L3_S41,60111,5.078
test_numeric,L3_S41_F4008,1123637,1183748,94.922,test,numeric,3,41,L3_S41,60111,5.078
test_numeric,L3_S41_F4011,1123637,1183748,94.922,test,numeric,3,41,L3_S41,60111,5.078
test_numeric,L3_S41_F4014,1123637,1183748,94.922,test,numeric,3,41,L3_S41,60111,5.078
test_numeric,L3_S41_F4016,1123637,1183748,94.922,test,numeric,3,41,L3_S41,60111,5.078
test_numeric,L3_S41_F4018,1123637,1183748,94.922,test,numeric,3,41,L3_S41,60111,5.078
test_numeric,L3_S41_F4020,1123637,1183748,94.922,test,numeric,3,41,L3_S41,60111,5.078
test_numeric,L3_S41_F4023,1123637,1183748,94.922,test,numeric,3,41,L3_S41,60111,5.078
test_numeric,L3_S41_F4026,1123637,1183748,94.922,test,numeric,3,41,L3_S41,60111,5.078
test_numeric,L3_S43_F4060,1153169,1183748,97.4168,test,numeric,3,43,L3_S43,30579,2.5832
test_numeric,L3_S43_F4065,1153169,1183748,97.4168,test,numeric,3,43,L3_S43,30579,2.5832
test_numeric,L3_S43_F4070,1153169,1183748,97.4168,test,numeric,3,43,L3_S43,30579,2.5832
test_numeric,L3_S43_F4075,1153169,1183748,97.4168,test,numeric,3,43,L3_S43,30579,2.5832
test_numeric,L3_S43_F4080,1153170,1183748,97.4168,test,numeric,3,43,L3_S43,30578,2.5832
test_numeric,L3_S43_F4085,1153170,1183748,97.4168,test,numeric,3,43,L3_S43,30578,2.5832
test_numeric,L3_S43_F4090,1153170,1183748,97.4168,test,numeric,3,43,L3_S43,30578,2.5832
test_numeric,L3_S43_F4095,1153170,1183748,97.4168,test,numeric,3,43,L3_S43,30578,2.5832
test_numeric,L3_S44_F4100,1153757,1183748,97.4664,test,numeric,3,44,L3_S44,29991,2.5336
test_numeric,L3_S44_F4103,1153757,1183748,97.4664,test,numeric,3,44,L3_S44,29991,2.5336
test_numeric,L3_S44_F4106,1153757,1183748,97.4664,test,numeric,3,44,L3_S44,29991,2.5336
test_numeric,L3_S44_F4109,1153757,1183748,97.4664,test,numeric,3,44,L3_S44,29991,2.5336
test_numeric,L3_S44_F4112,1153757,1183748,97.4664,test,numeric,3,44,L3_S44,29991,2.5336
test_numeric,L3_S44_F4115,1153757,1183748,97.4664,test,numeric,3,44,L3_S44,29991,2.5336
test_numeric,L3_S44_F4118,1153757,1183748,97.4664,test,numeric,3,44,L3_S44,29991,2.5336
test_numeric,L3_S44_F4121,1153757,1183748,97.4664,test,numeric,3,44,L3_S44,29991,2.5336
test_numeric,L3_S45_F4124,1123605,1183748,94.9193,test,numeric,3,45,L3_S45,60143,5.0807
test_numeric,L3_S45_F4126,1123605,1183748,94.9193,test,numeric,3,45,L3_S45,60143,5.0807
test_numeric,L3_S45_F4128,1123605,1183748,94.9193,test,numeric,3,45,L3_S45,60143,5.0807
test_numeric,L3_S45_F4130,1123605,1183748,94.9193,test,numeric,3,45,L3_S45,60143,5.0807
test_numeric,L3_S45_F4132,1123605,1183748,94.9193,test,numeric,3,45,L3_S45,60143,5.0807
test_numeric,L3_S47_F4138,1123599,1183748,94.9188,test,numeric,3,47,L3_S47,60149,5.0812
test_numeric,L3_S47_F4143,1123599,1183748,94.9188,test,numeric,3,47,L3_S47,60149,5.0812
test_numeric,L3_S47_F4148,1123599,1183748,94.9188,test,numeric,3,47,L3_S47,60149,5.0812
test_numeric,L3_S47_F4153,1123599,1183748,94.9188,test,numeric,3,47,L3_S47,60149,5.0812
test_numeric,L3_S47_F4158,1123599,1183748,94.9188,test,numeric,3,47,L3_S47,60149,5.0812
test_numeric,L3_S47_F4163,1123599,1183748,94.9188,test,numeric,3,47,L3_S47,60149,5.0812
test_numeric,L3_S47_F4168,1123599,1183748,94.9188,test,numeric,3,47,L3_S47,60149,5.0812
test_numeric,L3_S47_F4173,1123599,1183748,94.9188,test,numeric,3,47,L3_S47,60149,5.0812
test_numeric,L3_S47_F4178,1123599,1183748,94.9188,test,numeric,3,47,L3_S47,60149,5.0812
test_numeric,L3_S47_F4183,1123599,1183748,94.9188,test,numeric,3,47,L3_S47,60149,5.0812
test_numeric,L3_S47_F4188,1123599,1183748,94.9188,test,numeric,3,47,L3_S47,60149,5.0812
test_numeric,L3_S48_F4193,1123627,1183748,94.9211,test,numeric,3,48,L3_S48,60121,5.0789
test_numeric,L3_S48_F4196,1123623,1183748,94.9208,test,numeric,3,48,L3_S48,60125,5.0792
test_numeric,L3_S48_F4198,1123623,1183748,94.9208,test,numeric,3,48,L3_S48,60125,5.0792
test_numeric,L3_S48_F4200,1123623,1183748,94.9208,test,numeric,3,48,L3_S48,60125,5.0792
test_numeric,L3_S48_F4202,1123623,1183748,94.9208,test,numeric,3,48,L3_S48,60125,5.0792
test_numeric,L3_S48_F4204,1123623,1183748,94.9208,test,numeric,3,48,L3_S48,60125,5.0792
test_numeric,L3_S49_F4206,1153859,1183748,97.4751,test,numeric,3,49,L3_S49,29889,2.5249
test_numeric,L3_S49_F4211,1153859,1183748,97.4751,test,numeric,3,49,L3_S49,29889,2.5249
test_numeric,L3_S49_F4216,1153852,1183748,97.4745,test,numeric,3,49,L3_S49,29896,2.5255
test_numeric,L3_S49_F4221,1153852,1183748,97.4745,test,numeric,3,49,L3_S49,29896,2.5255
test_numeric,L3_S49_F4226,1153852,1183748,97.4745,test,numeric,3,49,L3_S49,29896,2.5255
test_numeric,L3_S49_F4231,1153852,1183748,97.4745,test,numeric,3,49,L3_S49,29896,2.5255
test_numeric,L3_S49_F4236,1153852,1183748,97.4745,test,numeric,3,49,L3_S49,29896,2.5255
test_numeric,L3_S50_F4241,1153413,1183748,97.4374,test,numeric,3,50,L3_S50,30335,2.5626
test_numeric,L3_S50_F4243,1153413,1183748,97.4374,test,numeric,3,50,L3_S50,30335,2.5626
test_numeric,L3_S50_F4245,1153413,1183748,97.4374,test,numeric,3,50,L3_S50,30335,2.5626
test_numeric,L3_S50_F4247,1153413,1183748,97.4374,test,numeric,3,50,L3_S50,30335,2.5626
test_numeric,L3_S50_F4249,1153413,1183748,97.4374,test,numeric,3,50,L3_S50,30335,2.5626
test_numeric,L3_S50_F4251,1153413,1183748,97.4374,test,numeric,3,50,L3_S50,30335,2.5626
test_numeric,L3_S50_F4253,1153413,1183748,97.4374,test,numeric,3,50,L3_S50,30335,2.5626
test_numeric,L3_S51_F4256,1123674,1183748,94.9251,test,numeric,3,51,L3_S51,60074,5.0749
test_numeric,L3_S51_F4258,1123674,1183748,94.9251,test,numeric,3,51,L3_S51,60074,5.0749
test_numeric,L3_S51_F4260,1123674,1183748,94.9251,test,numeric,3,51,L3_S51,60074,5.0749
test_numeric,L3_S51_F4262,1123674,1183748,94.9251,test,numeric,3,51,L3_S51,60074,5.0749
test_categorical,L0_S1_F25,1183725,1183748,99.9981,test,categorical,0,1,L0_S1,23,0.0019
test_categorical,L0_S1_F27,1183725,1183748,99.9981,test,categorical,0,1,L0_S1,23,0.0019
test_categorical,L0_S1_F29,1183722,1183748,99.9978,test,categorical,0,1,L0_S1,26,0.0022
test_categorical,L0_S1_F31,1183722,1183748,99.9978,test,categorical,0,1,L0_S1,26,0.0022
test_categorical,L0_S2_F33,1183511,1183748,99.98,test,categorical,0,2,L0_S2,237,0.02
test_categorical,L0_S2_F35,1183511,1183748,99.98,test,categorical,0,2,L0_S2,237,0.02
test_categorical,L0_S2_F37,1183511,1183748,99.98,test,categorical,0,2,L0_S2,237,0.02
test_categorical,L0_S2_F39,1183511,1183748,99.98,test,categorical,0,2,L0_S2,237,0.02
test_categorical,L0_S2_F41,1183511,1183748,99.98,test,categorical,0,2,L0_S2,237,0.02
test_categorical,L0_S2_F43,1183511,1183748,99.98,test,categorical,0,2,L0_S2,237,0.02
test_categorical,L0_S2_F45,1183511,1183748,99.98,test,categorical,0,2,L0_S2,237,0.02
test_categorical,L0_S2_F47,1183511,1183748,99.98,test,categorical,0,2,L0_S2,237,0.02
test_categorical,L0_S2_F49,1183511,1183748,99.98,test,categorical,0,2,L0_S2,237,0.02
test_categorical,L0_S2_F51,1183511,1183748,99.98,test,categorical,0,2,L0_S2,237,0.02
test_categorical,L0_S2_F53,1183511,1183748,99.98,test,categorical,0,2,L0_S2,237,0.02
test_categorical,L0_S2_F55,1183511,1183748,99.98,test,categorical,0,2,L0_S2,237,0.02
test_categorical,L0_S2_F57,1183511,1183748,99.98,test,categorical,0,2,L0_S2,237,0.02
test_categorical,L0_S2_F59,1183511,1183748,99.98,test,categorical,0,2,L0_S2,237,0.02
test_categorical,L0_S2_F61,1183511,1183748,99.98,test,categorical,0,2,L0_S2,237,0.02
test_categorical,L0_S2_F63,1183511,1183748,99.98,test,categorical,0,2,L0_S2,237,0.02
test_categorical,L0_S2_F65,1183511,1183748,99.98,test,categorical,0,2,L0_S2,237,0.02
test_categorical,L0_S2_F67,1183511,1183748,99.98,test,categorical,0,2,L0_S2,237,0.02
test_categorical,L0_S3_F69,1183747,1183748,99.9999,test,categorical,0,3,L0_S3,1,0.0001
test_categorical,L0_S3_F71,1183747,1183748,99.9999,test,categorical,0,3,L0_S3,1,0.0001
test_categorical,L0_S3_F73,1183747,1183748,99.9999,test,categorical,0,3,L0_S3,1,0.0001
test_categorical,L0_S3_F75,1183747,1183748,99.9999,test,categorical,0,3,L0_S3,1,0.0001
test_categorical,L0_S3_F77,1183747,1183748,99.9999,test,categorical,0,3,L0_S3,1,0.0001
test_categorical,L0_S3_F79,1183747,1183748,99.9999,test,categorical,0,3,L0_S3,1,0.0001
test_categorical,L0_S3_F81,1183747,1183748,99.9999,test,categorical,0,3,L0_S3,1,0.0001
test_categorical,L0_S3_F83,1183747,1183748,99.9999,test,categorical,0,3,L0_S3,1,0.0001
test_categorical,L0_S3_F85,1183747,1183748,99.9999,test,categorical,0,3,L0_S3,1,0.0001
test_categorical,L0_S3_F87,1183747,1183748,99.9999,test,categorical,0,3,L0_S3,1,0.0001
test_categorical,L0_S3_F89,1183747,1183748,99.9999,test,categorical,0,3,L0_S3,1,0.0001
test_categorical,L0_S3_F91,1183747,1183748,99.9999,test,categorical,0,3,L0_S3,1,0.0001
test_categorical,L0_S3_F93,1183747,1183748,99.9999,test,categorical,0,3,L0_S3,1,0.0001
test_categorical,L0_S3_F95,1183747,1183748,99.9999,test,categorical,0,3,L0_S3,1,0.0001
test_categorical,L0_S3_F97,1183747,1183748,99.9999,test,categorical,0,3,L0_S3,1,0.0001
test_categorical,L0_S3_F99,1183747,1183748,99.9999,test,categorical,0,3,L0_S3,1,0.0001
test_categorical,L0_S3_F101,1183747,1183748,99.9999,test,categorical,0,3,L0_S3,1,0.0001
test_categorical,L0_S3_F103,1183747,1183748,99.9999,test,categorical,0,3,L0_S3,1,0.0001
test_categorical,L0_S4_F105,1183649,1183748,99.9916,test,categorical,0,4,L0_S4,99,0.0084
test_categorical,L0_S4_F107,1183681,1183748,99.9943,test,categorical,0,4,L0_S4,67,0.0057
test_categorical,L0_S4_F108,1183649,1183748,99.9916,test,categorical,0,4,L0_S4,99,0.0084
test_categorical,L0_S4_F110,1183691,1183748,99.9952,test,categorical,0,4,L0_S4,57,0.0048
test_categorical,L0_S4_F112,1183721,1183748,99.9977,test,categorical,0,4,L0_S4,27,0.0023
test_categorical,L0_S4_F113,1183691,1183748,99.9952,test,categorical,0,4,L0_S4,57,0.0048
test_categorical,L0_S6_F119,1183740,1183748,99.9993,test,categorical,0,6,L0_S6,8,0.0007
test_categorical,L0_S6_F121,1183740,1183748,99.9993,test,categorical,0,6,L0_S6,8,0.0007
test_categorical,L0_S6_F123,1183740,1183748,99.9993,test,categorical,0,6,L0_S6,8,0.0007
test_categorical,L0_S6_F125,1183740,1183748,99.9993,test,categorical,0,6,L0_S6,8,0.0007
test_categorical,L0_S6_F126,1183740,1183748,99.9993,test,categorical,0,6,L0_S6,8,0.0007
test_categorical,L0_S6_F128,1183740,1183748,99.9993,test,categorical,0,6,L0_S6,8,0.0007
test_categorical,L0_S6_F129,1183740,1183748,99.9993,test,categorical,0,6,L0_S6,8,0.0007
test_categorical,L0_S6_F131,1183740,1183748,99.9993,test,categorical,0,6,L0_S6,8,0.0007
test_categorical,L0_S6_F133,1183740,1183748,99.9993,test,categorical,0,6,L0_S6,8,0.0007
test_categorical,L0_S6_F135,1183740,1183748,99.9993,test,categorical,0,6,L0_S6,8,0.0007
test_categorical,L0_S9_F151,1183248,1183748,99.9578,test,categorical,0,9,L0_S9,500,0.0422
test_categorical,L0_S9_F153,1183663,1183748,99.9928,test,categorical,0,9,L0_S9,85,0.0072
test_categorical,L0_S9_F154,1183248,1183748,99.9578,test,categorical,0,9,L0_S9,500,0.0422
test_categorical,L0_S9_F156,1183266,1183748,99.9593,test,categorical,0,9,L0_S9,482,0.0407
test_categorical,L0_S9_F158,1183664,1183748,99.9929,test,categorical,0,9,L0_S9,84,0.0071
test_categorical,L0_S9_F159,1183266,1183748,99.9593,test,categorical,0,9,L0_S9,482,0.0407
test_categorical,L0_S9_F161,1183248,1183748,99.9578,test,categorical,0,9,L0_S9,500,0.0422
test_categorical,L0_S9_F163,1183663,1183748,99.9928,test,categorical,0,9,L0_S9,85,0.0072
test_categorical,L0_S9_F164,1183248,1183748,99.9578,test,categorical,0,9,L0_S9,500,0.0422
test_categorical,L0_S9_F166,1183254,1183748,99.9583,test,categorical,0,9,L0_S9,494,0.0417
test_categorical,L0_S9_F168,1183664,1183748,99.9929,test,categorical,0,9,L0_S9,84,0.0071
test_categorical,L0_S9_F169,1183254,1183748,99.9583,test,categorical,0,9,L0_S9,494,0.0417
test_categorical,L0_S9_F171,1183248,1183748,99.9578,test,categorical,0,9,L0_S9,500,0.0422
test_categorical,L0_S9_F173,1183663,1183748,99.9928,test,categorical,0,9,L0_S9,85,0.0072
test_categorical,L0_S9_F174,1183248,1183748,99.9578,test,categorical,0,9,L0_S9,500,0.0422
test_categorical,L0_S9_F176,1183266,1183748,99.9593,test,categorical,0,9,L0_S9,482,0.0407
test_categorical,L0_S9_F178,1183664,1183748,99.9929,test,categorical,0,9,L0_S9,84,0.0071
test_categorical,L0_S9_F179,1183266,1183748,99.9593,test,categorical,0,9,L0_S9,482,0.0407
test_categorical,L0_S9_F181,1183266,1183748,99.9593,test,categorical,0,9,L0_S9,482,0.0407
test_categorical,L0_S9_F183,1183664,1183748,99.9929,test,categorical,0,9,L0_S9,84,0.0071
test_categorical,L0_S9_F184,1183266,1183748,99.9593,test,categorical,0,9,L0_S9,482,0.0407
test_categorical,L0_S9_F186,1183266,1183748,99.9593,test,categorical,0,9,L0_S9,482,0.0407
test_categorical,L0_S9_F188,1183664,1183748,99.9929,test,categorical,0,9,L0_S9,84,0.0071
test_categorical,L0_S9_F189,1183266,1183748,99.9593,test,categorical,0,9,L0_S9,482,0.0407
test_categorical,L0_S9_F191,1183266,1183748,99.9593,test,categorical,0,9,L0_S9,482,0.0407
test_categorical,L0_S9_F193,1183664,1183748,99.9929,test,categorical,0,9,L0_S9,84,0.0071
test_categorical,L0_S9_F194,1183266,1183748,99.9593,test,categorical,0,9,L0_S9,482,0.0407
test_categorical,L0_S9_F196,1183266,1183748,99.9593,test,categorical,0,9,L0_S9,482,0.0407
test_categorical,L0_S9_F198,1183664,1183748,99.9929,test,categorical,0,9,L0_S9,84,0.0071
test_categorical,L0_S9_F199,1183266,1183748,99.9593,test,categorical,0,9,L0_S9,482,0.0407
test_categorical,L0_S9_F201,1183266,1183748,99.9593,test,categorical,0,9,L0_S9,482,0.0407
test_categorical,L0_S9_F203,1183664,1183748,99.9929,test,categorical,0,9,L0_S9,84,0.0071
test_categorical,L0_S9_F204,1183266,1183748,99.9593,test,categorical,0,9,L0_S9,482,0.0407
test_categorical,L0_S9_F206,1183266,1183748,99.9593,test,categorical,0,9,L0_S9,482,0.0407
test_categorical,L0_S9_F208,1183664,1183748,99.9929,test,categorical,0,9,L0_S9,84,0.0071
test_categorical,L0_S9_F209,1183266,1183748,99.9593,test,categorical,0,9,L0_S9,482,0.0407
test_categorical,L0_S9_F211,1183266,1183748,99.9593,test,categorical,0,9,L0_S9,482,0.0407
test_categorical,L0_S9_F213,1183664,1183748,99.9929,test,categorical,0,9,L0_S9,84,0.0071
test_categorical,L0_S9_F214,1183266,1183748,99.9593,test,categorical,0,9,L0_S9,482,0.0407
test_categorical,L0_S10_F215,1183262,1183748,99.9589,test,categorical,0,10,L0_S10,486,0.0411
test_categorical,L0_S10_F217,1183460,1183748,99.9757,test,categorical,0,10,L0_S10,288,0.0243
test_categorical,L0_S10_F218,1183262,1183748,99.9589,test,categorical,0,10,L0_S10,486,0.0411
test_categorical,L0_S10_F220,1183276,1183748,99.9601,test,categorical,0,10,L0_S10,472,0.0399
test_categorical,L0_S10_F222,1183465,1183748,99.9761,test,categorical,0,10,L0_S10,283,0.0239
test_categorical,L0_S10_F223,1183276,1183748,99.9601,test,categorical,0,10,L0_S10,472,0.0399
test_categorical,L0_S10_F225,1183262,1183748,99.9589,test,categorical,0,10,L0_S10,486,0.0411
test_categorical,L0_S10_F227,1183460,1183748,99.9757,test,categorical,0,10,L0_S10,288,0.0243
test_categorical,L0_S10_F228,1183262,1183748,99.9589,test,categorical,0,10,L0_S10,486,0.0411
test_categorical,L0_S10_F230,1183270,1183748,99.9596,test,categorical,0,10,L0_S10,478,0.0404
test_categorical,L0_S10_F232,1183465,1183748,99.9761,test,categorical,0,10,L0_S10,283,0.0239
test_categorical,L0_S10_F233,1183270,1183748,99.9596,test,categorical,0,10,L0_S10,478,0.0404
test_categorical,L0_S10_F235,1183262,1183748,99.9589,test,categorical,0,10,L0_S10,486,0.0411
test_categorical,L0_S10_F237,1183460,1183748,99.9757,test,categorical,0,10,L0_S10,288,0.0243
test_categorical,L0_S10_F238,1183262,1183748,99.9589,test,categorical,0,10,L0_S10,486,0.0411
test_categorical,L0_S10_F240,1183276,1183748,99.9601,test,categorical,0,10,L0_S10,472,0.0399
test_categorical,L0_S10_F242,1183465,1183748,99.9761,test,categorical,0,10,L0_S10,283,0.0239
test_categorical,L0_S10_F243,1183276,1183748,99.9601,test,categorical,0,10,L0_S10,472,0.0399
test_categorical,L0_S10_F245,1183276,1183748,99.9601,test,categorical,0,10,L0_S10,472,0.0399
test_categorical,L0_S10_F247,1183465,1183748,99.9761,test,categorical,0,10,L0_S10,283,0.0239
test_categorical,L0_S10_F248,1183276,1183748,99.9601,test,categorical,0,10,L0_S10,472,0.0399
test_categorical,L0_S10_F250,1183276,1183748,99.9601,test,categorical,0,10,L0_S10,472,0.0399
test_categorical,L0_S10_F252,1183465,1183748,99.9761,test,categorical,0,10,L0_S10,283,0.0239
test_categorical,L0_S10_F253,1183276,1183748,99.9601,test,categorical,0,10,L0_S10,472,0.0399
test_categorical,L0_S10_F255,1183276,1183748,99.9601,test,categorical,0,10,L0_S10,472,0.0399
test_categorical,L0_S10_F257,1183465,1183748,99.9761,test,categorical,0,10,L0_S10,283,0.0239
test_categorical,L0_S10_F258,1183276,1183748,99.9601,test,categorical,0,10,L0_S10,472,0.0399
test_categorical,L0_S10_F260,1183276,1183748,99.9601,test,categorical,0,10,L0_S10,472,0.0399
test_categorical,L0_S10_F262,1183465,1183748,99.9761,test,categorical,0,10,L0_S10,283,0.0239
test_categorical,L0_S10_F263,1183276,1183748,99.9601,test,categorical,0,10,L0_S10,472,0.0399
test_categorical,L0_S10_F265,1183276,1183748,99.9601,test,categorical,0,10,L0_S10,472,0.0399
test_categorical,L0_S10_F267,1183465,1183748,99.9761,test,categorical,0,10,L0_S10,283,0.0239
test_categorical,L0_S10_F268,1183276,1183748,99.9601,test,categorical,0,10,L0_S10,472,0.0399
test_categorical,L0_S10_F270,1183276,1183748,99.9601,test,categorical,0,10,L0_S10,472,0.0399
test_categorical,L0_S10_F272,1183465,1183748,99.9761,test,categorical,0,10,L0_S10,283,0.0239
test_categorical,L0_S10_F273,1183276,1183748,99.9601,test,categorical,0,10,L0_S10,472,0.0399
test_categorical,L0_S10_F275,1183276,1183748,99.9601,test,categorical,0,10,L0_S10,472,0.0399
test_categorical,L0_S10_F277,1183465,1183748,99.9761,test,categorical,0,10,L0_S10,283,0.0239
test_categorical,L0_S10_F278,1183276,1183748,99.9601,test,categorical,0,10,L0_S10,472,0.0399
test_categorical,L0_S11_F279,1183744,1183748,99.9997,test,categorical,0,11,L0_S11,4,0.0003
test_categorical,L0_S11_F281,1183744,1183748,99.9997,test,categorical,0,11,L0_S11,4,0.0003
test_categorical,L0_S11_F283,1183744,1183748,99.9997,test,categorical,0,11,L0_S11,4,0.0003
test_categorical,L0_S11_F285,1183744,1183748,99.9997,test,categorical,0,11,L0_S11,4,0.0003
test_categorical,L0_S11_F287,1183744,1183748,99.9997,test,categorical,0,11,L0_S11,4,0.0003
test_categorical,L0_S11_F289,1183744,1183748,99.9997,test,categorical,0,11,L0_S11,4,0.0003
test_categorical,L0_S11_F291,1183744,1183748,99.9997,test,categorical,0,11,L0_S11,4,0.0003
test_categorical,L0_S11_F293,1183744,1183748,99.9997,test,categorical,0,11,L0_S11,4,0.0003
test_categorical,L0_S11_F295,1183744,1183748,99.9997,test,categorical,0,11,L0_S11,4,0.0003
test_categorical,L0_S11_F297,1183744,1183748,99.9997,test,categorical,0,11,L0_S11,4,0.0003
test_categorical,L0_S11_F299,1183744,1183748,99.9997,test,categorical,0,11,L0_S11,4,0.0003
test_categorical,L0_S11_F301,1183744,1183748,99.9997,test,categorical,0,11,L0_S11,4,0.0003
test_categorical,L0_S11_F303,1183744,1183748,99.9997,test,categorical,0,11,L0_S11,4,0.0003
test_categorical,L0_S11_F305,1183744,1183748,99.9997,test,categorical,0,11,L0_S11,4,0.0003
test_categorical,L0_S11_F307,1183744,1183748,99.9997,test,categorical,0,11,L0_S11,4,0.0003
test_categorical,L0_S11_F309,1183744,1183748,99.9997,test,categorical,0,11,L0_S11,4,0.0003
test_categorical,L0_S11_F311,1183744,1183748,99.9997,test,categorical,0,11,L0_S11,4,0.0003
test_categorical,L0_S11_F313,1183744,1183748,99.9997,test,categorical,0,11,L0_S11,4,0.0003
test_categorical,L0_S11_F315,1183744,1183748,99.9997,test,categorical,0,11,L0_S11,4,0.0003
test_categorical,L0_S11_F317,1183744,1183748,99.9997,test,categorical,0,11,L0_S11,4,0.0003
test_categorical,L0_S11_F319,1183744,1183748,99.9997,test,categorical,0,11,L0_S11,4,0.0003
test_categorical,L0_S11_F321,1183744,1183748,99.9997,test,categorical,0,11,L0_S11,4,0.0003
test_categorical,L0_S11_F323,1183744,1183748,99.9997,test,categorical,0,11,L0_S11,4,0.0003
test_categorical,L0_S11_F325,1183744,1183748,99.9997,test,categorical,0,11,L0_S11,4,0.0003
test_categorical,L0_S11_F327,1183744,1183748,99.9997,test,categorical,0,11,L0_S11,4,0.0003
test_categorical,L0_S11_F329,1183744,1183748,99.9997,test,categorical,0,11,L0_S11,4,0.0003
test_categorical,L0_S14_F359,1183696,1183748,99.9956,test,categorical,0,14,L0_S14,52,0.0044
test_categorical,L0_S14_F361,1183696,1183748,99.9956,test,categorical,0,14,L0_S14,52,0.0044
test_categorical,L0_S14_F363,1183696,1183748,99.9956,test,categorical,0,14,L0_S14,52,0.0044
test_categorical,L0_S14_F365,1183696,1183748,99.9956,test,categorical,0,14,L0_S14,52,0.0044
test_categorical,L0_S14_F367,1183696,1183748,99.9956,test,categorical,0,14,L0_S14,52,0.0044
test_categorical,L0_S14_F369,1183696,1183748,99.9956,test,categorical,0,14,L0_S14,52,0.0044
test_categorical,L0_S14_F371,1183696,1183748,99.9956,test,categorical,0,14,L0_S14,52,0.0044
test_categorical,L0_S14_F373,1183696,1183748,99.9956,test,categorical,0,14,L0_S14,52,0.0044
test_categorical,L0_S14_F375,1183696,1183748,99.9956,test,categorical,0,14,L0_S14,52,0.0044
test_categorical,L0_S14_F377,1183696,1183748,99.9956,test,categorical,0,14,L0_S14,52,0.0044
test_categorical,L0_S14_F379,1183696,1183748,99.9956,test,categorical,0,14,L0_S14,52,0.0044
test_categorical,L0_S14_F381,1183696,1183748,99.9956,test,categorical,0,14,L0_S14,52,0.0044
test_categorical,L0_S14_F383,1183696,1183748,99.9956,test,categorical,0,14,L0_S14,52,0.0044
test_categorical,L0_S14_F385,1183696,1183748,99.9956,test,categorical,0,14,L0_S14,52,0.0044
test_categorical,L0_S14_F387,1183696,1183748,99.9956,test,categorical,0,14,L0_S14,52,0.0044
test_categorical,L0_S14_F389,1183696,1183748,99.9956,test,categorical,0,14,L0_S14,52,0.0044
test_categorical,L0_S14_F391,1183696,1183748,99.9956,test,categorical,0,14,L0_S14,52,0.0044
test_categorical,L0_S14_F393,1183696,1183748,99.9956,test,categorical,0,14,L0_S14,52,0.0044
test_categorical,L0_S15_F396,1183748,1183748,100.0,test,categorical,0,15,L0_S15,0,0.0
test_categorical,L0_S15_F399,1183748,1183748,100.0,test,categorical,0,15,L0_S15,0,0.0
test_categorical,L0_S15_F402,1183748,1183748,100.0,test,categorical,0,15,L0_S15,0,0.0
test_categorical,L0_S15_F405,1183748,1183748,100.0,test,categorical,0,15,L0_S15,0,0.0
test_categorical,L0_S15_F408,1183748,1183748,100.0,test,categorical,0,15,L0_S15,0,0.0
test_categorical,L0_S15_F411,1183748,1183748,100.0,test,categorical,0,15,L0_S15,0,0.0
test_categorical,L0_S15_F414,1183748,1183748,100.0,test,categorical,0,15,L0_S15,0,0.0
test_categorical,L0_S15_F417,1183748,1183748,100.0,test,categorical,0,15,L0_S15,0,0.0
test_categorical,L0_S15_F420,1183748,1183748,100.0,test,categorical,0,15,L0_S15,0,0.0
test_categorical,L0_S16_F422,1183680,1183748,99.9943,test,categorical,0,16,L0_S16,68,0.0057
test_categorical,L0_S16_F424,1183726,1183748,99.9981,test,categorical,0,16,L0_S16,22,0.0019
test_categorical,L0_S16_F425,1183680,1183748,99.9943,test,categorical,0,16,L0_S16,68,0.0057
test_categorical,L0_S16_F427,1183680,1183748,99.9943,test,categorical,0,16,L0_S16,68,0.0057
test_categorical,L0_S16_F429,1183726,1183748,99.9981,test,categorical,0,16,L0_S16,22,0.0019
test_categorical,L0_S16_F430,1183680,1183748,99.9943,test,categorical,0,16,L0_S16,68,0.0057
test_categorical,L0_S18_F436,1183746,1183748,99.9998,test,categorical,0,18,L0_S18,2,0.0002
test_categorical,L0_S18_F438,1183746,1183748,99.9998,test,categorical,0,18,L0_S18,2,0.0002
test_categorical,L0_S18_F440,1183746,1183748,99.9998,test,categorical,0,18,L0_S18,2,0.0002
test_categorical,L0_S18_F442,1183746,1183748,99.9998,test,categorical,0,18,L0_S18,2,0.0002
test_categorical,L0_S18_F443,1183746,1183748,99.9998,test,categorical,0,18,L0_S18,2,0.0002
test_categorical,L0_S18_F445,1183746,1183748,99.9998,test,categorical,0,18,L0_S18,2,0.0002
test_categorical,L0_S18_F446,1183746,1183748,99.9998,test,categorical,0,18,L0_S18,2,0.0002
test_categorical,L0_S18_F448,1183746,1183748,99.9998,test,categorical,0,18,L0_S18,2,0.0002
test_categorical,L0_S18_F450,1183746,1183748,99.9998,test,categorical,0,18,L0_S18,2,0.0002
test_categorical,L0_S18_F452,1183746,1183748,99.9998,test,categorical,0,18,L0_S18,2,0.0002
test_categorical,L0_S21_F468,1183632,1183748,99.9902,test,categorical,0,21,L0_S21,116,0.0098
test_categorical,L0_S21_F470,1183719,1183748,99.9976,test,categorical,0,21,L0_S21,29,0.0024
test_categorical,L0_S21_F471,1183632,1183748,99.9902,test,categorical,0,21,L0_S21,116,0.0098
test_categorical,L0_S21_F473,1183663,1183748,99.9928,test,categorical,0,21,L0_S21,85,0.0072
test_categorical,L0_S21_F475,1183720,1183748,99.9976,test,categorical,0,21,L0_S21,28,0.0024
test_categorical,L0_S21_F476,1183663,1183748,99.9928,test,categorical,0,21,L0_S21,85,0.0072
test_categorical,L0_S21_F478,1183632,1183748,99.9902,test,categorical,0,21,L0_S21,116,0.0098
test_categorical,L0_S21_F480,1183719,1183748,99.9976,test,categorical,0,21,L0_S21,29,0.0024
test_categorical,L0_S21_F481,1183632,1183748,99.9902,test,categorical,0,21,L0_S21,116,0.0098
test_categorical,L0_S21_F483,1183653,1183748,99.992,test,categorical,0,21,L0_S21,95,0.008
test_categorical,L0_S21_F485,1183720,1183748,99.9976,test,categorical,0,21,L0_S21,28,0.0024
test_categorical,L0_S21_F486,1183653,1183748,99.992,test,categorical,0,21,L0_S21,95,0.008
test_categorical,L0_S21_F488,1183632,1183748,99.9902,test,categorical,0,21,L0_S21,116,0.0098
test_categorical,L0_S21_F490,1183719,1183748,99.9976,test,categorical,0,21,L0_S21,29,0.0024
test_categorical,L0_S21_F491,1183632,1183748,99.9902,test,categorical,0,21,L0_S21,116,0.0098
test_categorical,L0_S21_F493,1183663,1183748,99.9928,test,categorical,0,21,L0_S21,85,0.0072
test_categorical,L0_S21_F495,1183720,1183748,99.9976,test,categorical,0,21,L0_S21,28,0.0024
test_categorical,L0_S21_F496,1183663,1183748,99.9928,test,categorical,0,21,L0_S21,85,0.0072
test_categorical,L0_S21_F498,1183663,1183748,99.9928,test,categorical,0,21,L0_S21,85,0.0072
test_categorical,L0_S21_F500,1183720,1183748,99.9976,test,categorical,0,21,L0_S21,28,0.0024
test_categorical,L0_S21_F501,1183663,1183748,99.9928,test,categorical,0,21,L0_S21,85,0.0072
test_categorical,L0_S21_F503,1183663,1183748,99.9928,test,categorical,0,21,L0_S21,85,0.0072
test_categorical,L0_S21_F505,1183720,1183748,99.9976,test,categorical,0,21,L0_S21,28,0.0024
test_categorical,L0_S21_F506,1183663,1183748,99.9928,test,categorical,0,21,L0_S21,85,0.0072
test_categorical,L0_S21_F508,1183663,1183748,99.9928,test,categorical,0,21,L0_S21,85,0.0072
test_categorical,L0_S21_F510,1183720,1183748,99.9976,test,categorical,0,21,L0_S21,28,0.0024
test_categorical,L0_S21_F511,1183663,1183748,99.9928,test,categorical,0,21,L0_S21,85,0.0072
test_categorical,L0_S21_F513,1183663,1183748,99.9928,test,categorical,0,21,L0_S21,85,0.0072
test_categorical,L0_S21_F515,1183720,1183748,99.9976,test,categorical,0,21,L0_S21,28,0.0024
test_categorical,L0_S21_F516,1183663,1183748,99.9928,test,categorical,0,21,L0_S21,85,0.0072
test_categorical,L0_S21_F518,1183663,1183748,99.9928,test,categorical,0,21,L0_S21,85,0.0072
test_categorical,L0_S21_F520,1183720,1183748,99.9976,test,categorical,0,21,L0_S21,28,0.0024
test_categorical,L0_S21_F521,1183663,1183748,99.9928,test,categorical,0,21,L0_S21,85,0.0072
test_categorical,L0_S21_F523,1183663,1183748,99.9928,test,categorical,0,21,L0_S21,85,0.0072
test_categorical,L0_S21_F525,1183720,1183748,99.9976,test,categorical,0,21,L0_S21,28,0.0024
test_categorical,L0_S21_F526,1183663,1183748,99.9928,test,categorical,0,21,L0_S21,85,0.0072
test_categorical,L0_S21_F528,1183663,1183748,99.9928,test,categorical,0,21,L0_S21,85,0.0072
test_categorical,L0_S21_F530,1183720,1183748,99.9976,test,categorical,0,21,L0_S21,28,0.0024
test_categorical,L0_S21_F531,1183663,1183748,99.9928,test,categorical,0,21,L0_S21,85,0.0072
test_categorical,L0_S21_F533,1183663,1183748,99.9928,test,categorical,0,21,L0_S21,85,0.0072
test_categorical,L0_S21_F535,1183720,1183748,99.9976,test,categorical,0,21,L0_S21,28,0.0024
test_categorical,L0_S21_F536,1183663,1183748,99.9928,test,categorical,0,21,L0_S21,85,0.0072
test_categorical,L0_S21_F538,1183663,1183748,99.9928,test,categorical,0,21,L0_S21,85,0.0072
test_categorical,L0_S21_F540,1183720,1183748,99.9976,test,categorical,0,21,L0_S21,28,0.0024
test_categorical,L0_S21_F541,1183663,1183748,99.9928,test,categorical,0,21,L0_S21,85,0.0072
test_categorical,L0_S22_F542,1183672,1183748,99.9936,test,categorical,0,22,L0_S22,76,0.0064
test_categorical,L0_S22_F544,1183726,1183748,99.9981,test,categorical,0,22,L0_S22,22,0.0019
test_categorical,L0_S22_F545,1183670,1183748,99.9934,test,categorical,0,22,L0_S22,78,0.0066
test_categorical,L0_S22_F547,1183690,1183748,99.9951,test,categorical,0,22,L0_S22,58,0.0049
test_categorical,L0_S22_F549,1183726,1183748,99.9981,test,categorical,0,22,L0_S22,22,0.0019
test_categorical,L0_S22_F550,1183690,1183748,99.9951,test,categorical,0,22,L0_S22,58,0.0049
test_categorical,L0_S22_F552,1183672,1183748,99.9936,test,categorical,0,22,L0_S22,76,0.0064
test_categorical,L0_S22_F554,1183726,1183748,99.9981,test,categorical,0,22,L0_S22,22,0.0019
test_categorical,L0_S22_F555,1183672,1183748,99.9936,test,categorical,0,22,L0_S22,76,0.0064
test_categorical,L0_S22_F557,1183680,1183748,99.9943,test,categorical,0,22,L0_S22,68,0.0057
test_categorical,L0_S22_F559,1183726,1183748,99.9981,test,categorical,0,22,L0_S22,22,0.0019
test_categorical,L0_S22_F560,1183680,1183748,99.9943,test,categorical,0,22,L0_S22,68,0.0057
test_categorical,L0_S22_F562,1183672,1183748,99.9936,test,categorical,0,22,L0_S22,76,0.0064
test_categorical,L0_S22_F564,1183726,1183748,99.9981,test,categorical,0,22,L0_S22,22,0.0019
test_categorical,L0_S22_F565,1183672,1183748,99.9936,test,categorical,0,22,L0_S22,76,0.0064
test_categorical,L0_S22_F567,1183690,1183748,99.9951,test,categorical,0,22,L0_S22,58,0.0049
test_categorical,L0_S22_F569,1183726,1183748,99.9981,test,categorical,0,22,L0_S22,22,0.0019
test_categorical,L0_S22_F570,1183690,1183748,99.9951,test,categorical,0,22,L0_S22,58,0.0049
test_categorical,L0_S22_F572,1183690,1183748,99.9951,test,categorical,0,22,L0_S22,58,0.0049
test_categorical,L0_S22_F574,1183726,1183748,99.9981,test,categorical,0,22,L0_S22,22,0.0019
test_categorical,L0_S22_F575,1183690,1183748,99.9951,test,categorical,0,22,L0_S22,58,0.0049
test_categorical,L0_S22_F577,1183690,1183748,99.9951,test,categorical,0,22,L0_S22,58,0.0049
test_categorical,L0_S22_F579,1183726,1183748,99.9981,test,categorical,0,22,L0_S22,22,0.0019
test_categorical,L0_S22_F580,1183690,1183748,99.9951,test,categorical,0,22,L0_S22,58,0.0049
test_categorical,L0_S22_F582,1183690,1183748,99.9951,test,categorical,0,22,L0_S22,58,0.0049
test_categorical,L0_S22_F584,1183726,1183748,99.9981,test,categorical,0,22,L0_S22,22,0.0019
test_categorical,L0_S22_F585,1183690,1183748,99.9951,test,categorical,0,22,L0_S22,58,0.0049
test_categorical,L0_S22_F587,1183690,1183748,99.9951,test,categorical,0,22,L0_S22,58,0.0049
test_categorical,L0_S22_F589,1183726,1183748,99.9981,test,categorical,0,22,L0_S22,22,0.0019
test_categorical,L0_S22_F590,1183690,1183748,99.9951,test,categorical,0,22,L0_S22,58,0.0049
test_categorical,L0_S22_F592,1183690,1183748,99.9951,test,categorical,0,22,L0_S22,58,0.0049
test_categorical,L0_S22_F594,1183726,1183748,99.9981,test,categorical,0,22,L0_S22,22,0.0019
test_categorical,L0_S22_F595,1183690,1183748,99.9951,test,categorical,0,22,L0_S22,58,0.0049
test_categorical,L0_S22_F597,1183690,1183748,99.9951,test,categorical,0,22,L0_S22,58,0.0049
test_categorical,L0_S22_F599,1183726,1183748,99.9981,test,categorical,0,22,L0_S22,22,0.0019
test_categorical,L0_S22_F600,1183690,1183748,99.9951,test,categorical,0,22,L0_S22,58,0.0049
test_categorical,L0_S22_F602,1183690,1183748,99.9951,test,categorical,0,22,L0_S22,58,0.0049
test_categorical,L0_S22_F604,1183726,1183748,99.9981,test,categorical,0,22,L0_S22,22,0.0019
test_categorical,L0_S22_F605,1183690,1183748,99.9951,test,categorical,0,22,L0_S22,58,0.0049
test_categorical,L0_S22_F607,1183690,1183748,99.9951,test,categorical,0,22,L0_S22,58,0.0049
test_categorical,L0_S22_F609,1183726,1183748,99.9981,test,categorical,0,22,L0_S22,22,0.0019
test_categorical,L0_S22_F610,1183690,1183748,99.9951,test,categorical,0,22,L0_S22,58,0.0049
test_categorical,L0_S22_F612,1183690,1183748,99.9951,test,categorical,0,22,L0_S22,58,0.0049
test_categorical,L0_S22_F614,1183726,1183748,99.9981,test,categorical,0,22,L0_S22,22,0.0019
test_categorical,L0_S22_F615,1183690,1183748,99.9951,test,categorical,0,22,L0_S22,58,0.0049
test_categorical,L0_S23_F616,1183747,1183748,99.9999,test,categorical,0,23,L0_S23,1,0.0001
test_categorical,L0_S23_F618,1183747,1183748,99.9999,test,categorical,0,23,L0_S23,1,0.0001
test_categorical,L0_S23_F620,1183747,1183748,99.9999,test,categorical,0,23,L0_S23,1,0.0001
test_categorical,L0_S23_F622,1183747,1183748,99.9999,test,categorical,0,23,L0_S23,1,0.0001
test_categorical,L0_S23_F624,1183747,1183748,99.9999,test,categorical,0,23,L0_S23,1,0.0001
test_categorical,L0_S23_F626,1183747,1183748,99.9999,test,categorical,0,23,L0_S23,1,0.0001
test_categorical,L0_S23_F628,1183747,1183748,99.9999,test,categorical,0,23,L0_S23,1,0.0001
test_categorical,L0_S23_F630,1183747,1183748,99.9999,test,categorical,0,23,L0_S23,1,0.0001
test_categorical,L0_S23_F632,1183747,1183748,99.9999,test,categorical,0,23,L0_S23,1,0.0001
test_categorical,L0_S23_F634,1183747,1183748,99.9999,test,categorical,0,23,L0_S23,1,0.0001
test_categorical,L0_S23_F636,1183747,1183748,99.9999,test,categorical,0,23,L0_S23,1,0.0001
test_categorical,L0_S23_F638,1183747,1183748,99.9999,test,categorical,0,23,L0_S23,1,0.0001
test_categorical,L0_S23_F640,1183747,1183748,99.9999,test,categorical,0,23,L0_S23,1,0.0001
test_categorical,L0_S23_F642,1183747,1183748,99.9999,test,categorical,0,23,L0_S23,1,0.0001
test_categorical,L0_S23_F644,1183747,1183748,99.9999,test,categorical,0,23,L0_S23,1,0.0001
test_categorical,L0_S23_F646,1183747,1183748,99.9999,test,categorical,0,23,L0_S23,1,0.0001
test_categorical,L0_S23_F648,1183747,1183748,99.9999,test,categorical,0,23,L0_S23,1,0.0001
test_categorical,L0_S23_F650,1183747,1183748,99.9999,test,categorical,0,23,L0_S23,1,0.0001
test_categorical,L0_S23_F652,1183747,1183748,99.9999,test,categorical,0,23,L0_S23,1,0.0001
test_categorical,L0_S23_F654,1183747,1183748,99.9999,test,categorical,0,23,L0_S23,1,0.0001
test_categorical,L0_S23_F656,1183747,1183748,99.9999,test,categorical,0,23,L0_S23,1,0.0001
test_categorical,L0_S23_F658,1183747,1183748,99.9999,test,categorical,0,23,L0_S23,1,0.0001
test_categorical,L0_S23_F660,1183747,1183748,99.9999,test,categorical,0,23,L0_S23,1,0.0001
test_categorical,L0_S23_F662,1183747,1183748,99.9999,test,categorical,0,23,L0_S23,1,0.0001
test_categorical,L0_S23_F664,1183747,1183748,99.9999,test,categorical,0,23,L0_S23,1,0.0001
test_categorical,L0_S23_F666,1183747,1183748,99.9999,test,categorical,0,23,L0_S23,1,0.0001
test_categorical,L0_S23_F668,1183747,1183748,99.9999,test,categorical,0,23,L0_S23,1,0.0001
test_categorical,L0_S23_F670,1183747,1183748,99.9999,test,categorical,0,23,L0_S23,1,0.0001
test_categorical,L0_S23_F672,1183747,1183748,99.9999,test,categorical,0,23,L0_S23,1,0.0001
test_categorical,L0_S23_F674,1183747,1183748,99.9999,test,categorical,0,23,L0_S23,1,0.0001
test_categorical,L1_S24_F675,1159959,1183748,97.9904,test,categorical,1,24,L1_S24,23789,2.0096
test_categorical,L1_S24_F676,1183747,1183748,99.9999,test,categorical,1,24,L1_S24,1,0.0001
test_categorical,L1_S24_F678,1183747,1183748,99.9999,test,categorical,1,24,L1_S24,1,0.0001
test_categorical,L1_S24_F680,1183747,1183748,99.9999,test,categorical,1,24,L1_S24,1,0.0001
test_categorical,L1_S24_F682,1183747,1183748,99.9999,test,categorical,1,24,L1_S24,1,0.0001
test_categorical,L1_S24_F684,1183747,1183748,99.9999,test,categorical,1,24,L1_S24,1,0.0001
test_categorical,L1_S24_F686,1183747,1183748,99.9999,test,categorical,1,24,L1_S24,1,0.0001
test_categorical,L1_S24_F688,1183747,1183748,99.9999,test,categorical,1,24,L1_S24,1,0.0001
test_categorical,L1_S24_F690,1183747,1183748,99.9999,test,categorical,1,24,L1_S24,1,0.0001
test_categorical,L1_S24_F692,1183747,1183748,99.9999,test,categorical,1,24,L1_S24,1,0.0001
test_categorical,L1_S24_F694,1183747,1183748,99.9999,test,categorical,1,24,L1_S24,1,0.0001
test_categorical,L1_S24_F695,1176236,1183748,99.3654,test,categorical,1,24,L1_S24,7512,0.6346
test_categorical,L1_S24_F696,1183738,1183748,99.9992,test,categorical,1,24,L1_S24,10,0.0008
test_categorical,L1_S24_F698,1160192,1183748,98.01,test,categorical,1,24,L1_S24,23556,1.99
test_categorical,L1_S24_F699,1183738,1183748,99.9992,test,categorical,1,24,L1_S24,10,0.0008
test_categorical,L1_S24_F701,1183738,1183748,99.9992,test,categorical,1,24,L1_S24,10,0.0008
test_categorical,L1_S24_F703,1159998,1183748,97.9937,test,categorical,1,24,L1_S24,23750,2.0063
test_categorical,L1_S24_F704,1183738,1183748,99.9992,test,categorical,1,24,L1_S24,10,0.0008
test_categorical,L1_S24_F705,1159998,1183748,97.9937,test,categorical,1,24,L1_S24,23750,2.0063
test_categorical,L1_S24_F706,1183738,1183748,99.9992,test,categorical,1,24,L1_S24,10,0.0008
test_categorical,L1_S24_F708,1159998,1183748,97.9937,test,categorical,1,24,L1_S24,23750,2.0063
test_categorical,L1_S24_F709,1183738,1183748,99.9992,test,categorical,1,24,L1_S24,10,0.0008
test_categorical,L1_S24_F710,1159998,1183748,97.9937,test,categorical,1,24,L1_S24,23750,2.0063
test_categorical,L1_S24_F711,1183738,1183748,99.9992,test,categorical,1,24,L1_S24,10,0.0008
test_categorical,L1_S24_F713,1159998,1183748,97.9937,test,categorical,1,24,L1_S24,23750,2.0063
test_categorical,L1_S24_F714,1183738,1183748,99.9992,test,categorical,1,24,L1_S24,10,0.0008
test_categorical,L1_S24_F715,1183738,1183748,99.9992,test,categorical,1,24,L1_S24,10,0.0008
test_categorical,L1_S24_F717,1160192,1183748,98.01,test,categorical,1,24,L1_S24,23556,1.99
test_categorical,L1_S24_F718,1183738,1183748,99.9992,test,categorical,1,24,L1_S24,10,0.0008
test_categorical,L1_S24_F720,1183738,1183748,99.9992,test,categorical,1,24,L1_S24,10,0.0008
test_categorical,L1_S24_F722,1160192,1183748,98.01,test,categorical,1,24,L1_S24,23556,1.99
test_categorical,L1_S24_F723,1183738,1183748,99.9992,test,categorical,1,24,L1_S24,10,0.0008
test_categorical,L1_S24_F724,1183738,1183748,99.9992,test,categorical,1,24,L1_S24,10,0.0008
test_categorical,L1_S24_F726,1159998,1183748,97.9937,test,categorical,1,24,L1_S24,23750,2.0063
test_categorical,L1_S24_F727,1183738,1183748,99.9992,test,categorical,1,24,L1_S24,10,0.0008
test_categorical,L1_S24_F729,1183738,1183748,99.9992,test,categorical,1,24,L1_S24,10,0.0008
test_categorical,L1_S24_F731,1159998,1183748,97.9937,test,categorical,1,24,L1_S24,23750,2.0063
test_categorical,L1_S24_F732,1183738,1183748,99.9992,test,categorical,1,24,L1_S24,10,0.0008
test_categorical,L1_S24_F734,1183738,1183748,99.9992,test,categorical,1,24,L1_S24,10,0.0008
test_categorical,L1_S24_F736,1159998,1183748,97.9937,test,categorical,1,24,L1_S24,23750,2.0063
test_categorical,L1_S24_F737,1183738,1183748,99.9992,test,categorical,1,24,L1_S24,10,0.0008
test_categorical,L1_S24_F738,1183738,1183748,99.9992,test,categorical,1,24,L1_S24,10,0.0008
test_categorical,L1_S24_F740,1159998,1183748,97.9937,test,categorical,1,24,L1_S24,23750,2.0063
test_categorical,L1_S24_F741,1183738,1183748,99.9992,test,categorical,1,24,L1_S24,10,0.0008
test_categorical,L1_S24_F742,1183738,1183748,99.9992,test,categorical,1,24,L1_S24,10,0.0008
test_categorical,L1_S24_F744,1159998,1183748,97.9937,test,categorical,1,24,L1_S24,23750,2.0063
test_categorical,L1_S24_F745,1183738,1183748,99.9992,test,categorical,1,24,L1_S24,10,0.0008
test_categorical,L1_S24_F747,1183738,1183748,99.9992,test,categorical,1,24,L1_S24,10,0.0008
test_categorical,L1_S24_F749,1160192,1183748,98.01,test,categorical,1,24,L1_S24,23556,1.99
test_categorical,L1_S24_F750,1183738,1183748,99.9992,test,categorical,1,24,L1_S24,10,0.0008
test_categorical,L1_S24_F752,1183738,1183748,99.9992,test,categorical,1,24,L1_S24,10,0.0008
test_categorical,L1_S24_F754,1160192,1183748,98.01,test,categorical,1,24,L1_S24,23556,1.99
test_categorical,L1_S24_F755,1183738,1183748,99.9992,test,categorical,1,24,L1_S24,10,0.0008
test_categorical,L1_S24_F757,1183738,1183748,99.9992,test,categorical,1,24,L1_S24,10,0.0008
test_categorical,L1_S24_F759,1160192,1183748,98.01,test,categorical,1,24,L1_S24,23556,1.99
test_categorical,L1_S24_F760,1183738,1183748,99.9992,test,categorical,1,24,L1_S24,10,0.0008
test_categorical,L1_S24_F762,1183738,1183748,99.9992,test,categorical,1,24,L1_S24,10,0.0008
test_categorical,L1_S24_F764,1160192,1183748,98.01,test,categorical,1,24,L1_S24,23556,1.99
test_categorical,L1_S24_F765,1183738,1183748,99.9992,test,categorical,1,24,L1_S24,10,0.0008
test_categorical,L1_S24_F767,1183738,1183748,99.9992,test,categorical,1,24,L1_S24,10,0.0008
test_categorical,L1_S24_F769,1160192,1183748,98.01,test,categorical,1,24,L1_S24,23556,1.99
test_categorical,L1_S24_F770,1183738,1183748,99.9992,test,categorical,1,24,L1_S24,10,0.0008
test_categorical,L1_S24_F771,1183738,1183748,99.9992,test,categorical,1,24,L1_S24,10,0.0008
test_categorical,L1_S24_F773,1160288,1183748,98.0182,test,categorical,1,24,L1_S24,23460,1.9818
test_categorical,L1_S24_F774,1183738,1183748,99.9992,test,categorical,1,24,L1_S24,10,0.0008
test_categorical,L1_S24_F776,1183738,1183748,99.9992,test,categorical,1,24,L1_S24,10,0.0008
test_categorical,L1_S24_F778,1160192,1183748,98.01,test,categorical,1,24,L1_S24,23556,1.99
test_categorical,L1_S24_F779,1183738,1183748,99.9992,test,categorical,1,24,L1_S24,10,0.0008
test_categorical,L1_S24_F781,1183738,1183748,99.9992,test,categorical,1,24,L1_S24,10,0.0008
test_categorical,L1_S24_F783,1160192,1183748,98.01,test,categorical,1,24,L1_S24,23556,1.99
test_categorical,L1_S24_F784,1183738,1183748,99.9992,test,categorical,1,24,L1_S24,10,0.0008
test_categorical,L1_S24_F786,1183738,1183748,99.9992,test,categorical,1,24,L1_S24,10,0.0008
test_categorical,L1_S24_F788,1160192,1183748,98.01,test,categorical,1,24,L1_S24,23556,1.99
test_categorical,L1_S24_F789,1183738,1183748,99.9992,test,categorical,1,24,L1_S24,10,0.0008
test_categorical,L1_S24_F791,1183738,1183748,99.9992,test,categorical,1,24,L1_S24,10,0.0008
test_categorical,L1_S24_F793,1160192,1183748,98.01,test,categorical,1,24,L1_S24,23556,1.99
test_categorical,L1_S24_F794,1183738,1183748,99.9992,test,categorical,1,24,L1_S24,10,0.0008
test_categorical,L1_S24_F796,1183738,1183748,99.9992,test,categorical,1,24,L1_S24,10,0.0008
test_categorical,L1_S24_F798,1160192,1183748,98.01,test,categorical,1,24,L1_S24,23556,1.99
test_categorical,L1_S24_F799,1183738,1183748,99.9992,test,categorical,1,24,L1_S24,10,0.0008
test_categorical,L1_S24_F803,1183747,1183748,99.9999,test,categorical,1,24,L1_S24,1,0.0001
test_categorical,L1_S24_F805,1183747,1183748,99.9999,test,categorical,1,24,L1_S24,1,0.0001
test_categorical,L1_S24_F817,1183742,1183748,99.9995,test,categorical,1,24,L1_S24,6,0.0005
test_categorical,L1_S24_F819,1171778,1183748,98.9888,test,categorical,1,24,L1_S24,11970,1.0112
test_categorical,L1_S24_F820,1183742,1183748,99.9995,test,categorical,1,24,L1_S24,6,0.0005
test_categorical,L1_S24_F821,1183742,1183748,99.9995,test,categorical,1,24,L1_S24,6,0.0005
test_categorical,L1_S24_F823,1171778,1183748,98.9888,test,categorical,1,24,L1_S24,11970,1.0112
test_categorical,L1_S24_F824,1183742,1183748,99.9995,test,categorical,1,24,L1_S24,6,0.0005
test_categorical,L1_S24_F825,1183742,1183748,99.9995,test,categorical,1,24,L1_S24,6,0.0005
test_categorical,L1_S24_F827,1171778,1183748,98.9888,test,categorical,1,24,L1_S24,11970,1.0112
test_categorical,L1_S24_F828,1183742,1183748,99.9995,test,categorical,1,24,L1_S24,6,0.0005
test_categorical,L1_S24_F830,1183742,1183748,99.9995,test,categorical,1,24,L1_S24,6,0.0005
test_categorical,L1_S24_F832,1171778,1183748,98.9888,test,categorical,1,24,L1_S24,11970,1.0112
test_categorical,L1_S24_F833,1183742,1183748,99.9995,test,categorical,1,24,L1_S24,6,0.0005
test_categorical,L1_S24_F835,1183742,1183748,99.9995,test,categorical,1,24,L1_S24,6,0.0005
test_categorical,L1_S24_F837,1171778,1183748,98.9888,test,categorical,1,24,L1_S24,11970,1.0112
test_categorical,L1_S24_F838,1183742,1183748,99.9995,test,categorical,1,24,L1_S24,6,0.0005
test_categorical,L1_S24_F840,1183742,1183748,99.9995,test,categorical,1,24,L1_S24,6,0.0005
test_categorical,L1_S24_F842,1171778,1183748,98.9888,test,categorical,1,24,L1_S24,11970,1.0112
test_categorical,L1_S24_F843,1183742,1183748,99.9995,test,categorical,1,24,L1_S24,6,0.0005
test_categorical,L1_S24_F845,1183742,1183748,99.9995,test,categorical,1,24,L1_S24,6,0.0005
test_categorical,L1_S24_F847,1171778,1183748,98.9888,test,categorical,1,24,L1_S24,11970,1.0112
test_categorical,L1_S24_F848,1183742,1183748,99.9995,test,categorical,1,24,L1_S24,6,0.0005
test_categorical,L1_S24_F849,1183742,1183748,99.9995,test,categorical,1,24,L1_S24,6,0.0005
test_categorical,L1_S24_F851,1171778,1183748,98.9888,test,categorical,1,24,L1_S24,11970,1.0112
test_categorical,L1_S24_F852,1183742,1183748,99.9995,test,categorical,1,24,L1_S24,6,0.0005
test_categorical,L1_S24_F853,1183742,1183748,99.9995,test,categorical,1,24,L1_S24,6,0.0005
test_categorical,L1_S24_F855,1171778,1183748,98.9888,test,categorical,1,24,L1_S24,11970,1.0112
test_categorical,L1_S24_F856,1183742,1183748,99.9995,test,categorical,1,24,L1_S24,6,0.0005
test_categorical,L1_S24_F858,1183742,1183748,99.9995,test,categorical,1,24,L1_S24,6,0.0005
test_categorical,L1_S24_F860,1171778,1183748,98.9888,test,categorical,1,24,L1_S24,11970,1.0112
test_categorical,L1_S24_F861,1183742,1183748,99.9995,test,categorical,1,24,L1_S24,6,0.0005
test_categorical,L1_S24_F863,1183742,1183748,99.9995,test,categorical,1,24,L1_S24,6,0.0005
test_categorical,L1_S24_F865,1171778,1183748,98.9888,test,categorical,1,24,L1_S24,11970,1.0112
test_categorical,L1_S24_F866,1183742,1183748,99.9995,test,categorical,1,24,L1_S24,6,0.0005
test_categorical,L1_S24_F868,1183742,1183748,99.9995,test,categorical,1,24,L1_S24,6,0.0005
test_categorical,L1_S24_F870,1171778,1183748,98.9888,test,categorical,1,24,L1_S24,11970,1.0112
test_categorical,L1_S24_F871,1183742,1183748,99.9995,test,categorical,1,24,L1_S24,6,0.0005
test_categorical,L1_S24_F873,1183742,1183748,99.9995,test,categorical,1,24,L1_S24,6,0.0005
test_categorical,L1_S24_F875,1171778,1183748,98.9888,test,categorical,1,24,L1_S24,11970,1.0112
test_categorical,L1_S24_F876,1183742,1183748,99.9995,test,categorical,1,24,L1_S24,6,0.0005
test_categorical,L1_S24_F878,1183742,1183748,99.9995,test,categorical,1,24,L1_S24,6,0.0005
test_categorical,L1_S24_F880,1171778,1183748,98.9888,test,categorical,1,24,L1_S24,11970,1.0112
test_categorical,L1_S24_F881,1183742,1183748,99.9995,test,categorical,1,24,L1_S24,6,0.0005
test_categorical,L1_S24_F883,1183742,1183748,99.9995,test,categorical,1,24,L1_S24,6,0.0005
test_categorical,L1_S24_F885,1171778,1183748,98.9888,test,categorical,1,24,L1_S24,11970,1.0112
test_categorical,L1_S24_F886,1183742,1183748,99.9995,test,categorical,1,24,L1_S24,6,0.0005
test_categorical,L1_S24_F888,1183742,1183748,99.9995,test,categorical,1,24,L1_S24,6,0.0005
test_categorical,L1_S24_F890,1171778,1183748,98.9888,test,categorical,1,24,L1_S24,11970,1.0112
test_categorical,L1_S24_F891,1183742,1183748,99.9995,test,categorical,1,24,L1_S24,6,0.0005
test_categorical,L1_S24_F893,1183742,1183748,99.9995,test,categorical,1,24,L1_S24,6,0.0005
test_categorical,L1_S24_F895,1171778,1183748,98.9888,test,categorical,1,24,L1_S24,11970,1.0112
test_categorical,L1_S24_F896,1183742,1183748,99.9995,test,categorical,1,24,L1_S24,6,0.0005
test_categorical,L1_S24_F898,1183742,1183748,99.9995,test,categorical,1,24,L1_S24,6,0.0005
test_categorical,L1_S24_F900,1171778,1183748,98.9888,test,categorical,1,24,L1_S24,11970,1.0112
test_categorical,L1_S24_F901,1183742,1183748,99.9995,test,categorical,1,24,L1_S24,6,0.0005
test_categorical,L1_S24_F903,1183742,1183748,99.9995,test,categorical,1,24,L1_S24,6,0.0005
test_categorical,L1_S24_F905,1171778,1183748,98.9888,test,categorical,1,24,L1_S24,11970,1.0112
test_categorical,L1_S24_F906,1183742,1183748,99.9995,test,categorical,1,24,L1_S24,6,0.0005
test_categorical,L1_S24_F908,1183737,1183748,99.9991,test,categorical,1,24,L1_S24,11,0.0009
test_categorical,L1_S24_F910,1171944,1183748,99.0028,test,categorical,1,24,L1_S24,11804,0.9972
test_categorical,L1_S24_F911,1183737,1183748,99.9991,test,categorical,1,24,L1_S24,11,0.0009
test_categorical,L1_S24_F912,1183737,1183748,99.9991,test,categorical,1,24,L1_S24,11,0.0009
test_categorical,L1_S24_F914,1171944,1183748,99.0028,test,categorical,1,24,L1_S24,11804,0.9972
test_categorical,L1_S24_F915,1183737,1183748,99.9991,test,categorical,1,24,L1_S24,11,0.0009
test_categorical,L1_S24_F916,1183737,1183748,99.9991,test,categorical,1,24,L1_S24,11,0.0009
test_categorical,L1_S24_F918,1171944,1183748,99.0028,test,categorical,1,24,L1_S24,11804,0.9972
test_categorical,L1_S24_F919,1183737,1183748,99.9991,test,categorical,1,24,L1_S24,11,0.0009
test_categorical,L1_S24_F921,1183737,1183748,99.9991,test,categorical,1,24,L1_S24,11,0.0009
test_categorical,L1_S24_F923,1171944,1183748,99.0028,test,categorical,1,24,L1_S24,11804,0.9972
test_categorical,L1_S24_F924,1183737,1183748,99.9991,test,categorical,1,24,L1_S24,11,0.0009
test_categorical,L1_S24_F926,1183737,1183748,99.9991,test,categorical,1,24,L1_S24,11,0.0009
test_categorical,L1_S24_F928,1171944,1183748,99.0028,test,categorical,1,24,L1_S24,11804,0.9972
test_categorical,L1_S24_F929,1183737,1183748,99.9991,test,categorical,1,24,L1_S24,11,0.0009
test_categorical,L1_S24_F931,1183737,1183748,99.9991,test,categorical,1,24,L1_S24,11,0.0009
test_categorical,L1_S24_F933,1171944,1183748,99.0028,test,categorical,1,24,L1_S24,11804,0.9972
test_categorical,L1_S24_F934,1183737,1183748,99.9991,test,categorical,1,24,L1_S24,11,0.0009
test_categorical,L1_S24_F936,1183737,1183748,99.9991,test,categorical,1,24,L1_S24,11,0.0009
test_categorical,L1_S24_F938,1171944,1183748,99.0028,test,categorical,1,24,L1_S24,11804,0.9972
test_categorical,L1_S24_F939,1183737,1183748,99.9991,test,categorical,1,24,L1_S24,11,0.0009
test_categorical,L1_S24_F940,1183737,1183748,99.9991,test,categorical,1,24,L1_S24,11,0.0009
test_categorical,L1_S24_F942,1171944,1183748,99.0028,test,categorical,1,24,L1_S24,11804,0.9972
test_categorical,L1_S24_F943,1183737,1183748,99.9991,test,categorical,1,24,L1_S24,11,0.0009
test_categorical,L1_S24_F944,1183737,1183748,99.9991,test,categorical,1,24,L1_S24,11,0.0009
test_categorical,L1_S24_F946,1171944,1183748,99.0028,test,categorical,1,24,L1_S24,11804,0.9972
test_categorical,L1_S24_F947,1183737,1183748,99.9991,test,categorical,1,24,L1_S24,11,0.0009
test_categorical,L1_S24_F949,1183737,1183748,99.9991,test,categorical,1,24,L1_S24,11,0.0009
test_categorical,L1_S24_F951,1171944,1183748,99.0028,test,categorical,1,24,L1_S24,11804,0.9972
test_categorical,L1_S24_F952,1183737,1183748,99.9991,test,categorical,1,24,L1_S24,11,0.0009
test_categorical,L1_S24_F954,1183737,1183748,99.9991,test,categorical,1,24,L1_S24,11,0.0009
test_categorical,L1_S24_F956,1171944,1183748,99.0028,test,categorical,1,24,L1_S24,11804,0.9972
test_categorical,L1_S24_F957,1183737,1183748,99.9991,test,categorical,1,24,L1_S24,11,0.0009
test_categorical,L1_S24_F959,1183737,1183748,99.9991,test,categorical,1,24,L1_S24,11,0.0009
test_categorical,L1_S24_F961,1171944,1183748,99.0028,test,categorical,1,24,L1_S24,11804,0.9972
test_categorical,L1_S24_F962,1183737,1183748,99.9991,test,categorical,1,24,L1_S24,11,0.0009
test_categorical,L1_S24_F964,1183737,1183748,99.9991,test,categorical,1,24,L1_S24,11,0.0009
test_categorical,L1_S24_F966,1171944,1183748,99.0028,test,categorical,1,24,L1_S24,11804,0.9972
test_categorical,L1_S24_F967,1183737,1183748,99.9991,test,categorical,1,24,L1_S24,11,0.0009
test_categorical,L1_S24_F969,1183737,1183748,99.9991,test,categorical,1,24,L1_S24,11,0.0009
test_categorical,L1_S24_F971,1171944,1183748,99.0028,test,categorical,1,24,L1_S24,11804,0.9972
test_categorical,L1_S24_F972,1183737,1183748,99.9991,test,categorical,1,24,L1_S24,11,0.0009
test_categorical,L1_S24_F974,1183737,1183748,99.9991,test,categorical,1,24,L1_S24,11,0.0009
test_categorical,L1_S24_F976,1171944,1183748,99.0028,test,categorical,1,24,L1_S24,11804,0.9972
test_categorical,L1_S24_F977,1183737,1183748,99.9991,test,categorical,1,24,L1_S24,11,0.0009
test_categorical,L1_S24_F979,1183737,1183748,99.9991,test,categorical,1,24,L1_S24,11,0.0009
test_categorical,L1_S24_F981,1171944,1183748,99.0028,test,categorical,1,24,L1_S24,11804,0.9972
test_categorical,L1_S24_F982,1183737,1183748,99.9991,test,categorical,1,24,L1_S24,11,0.0009
test_categorical,L1_S24_F984,1183737,1183748,99.9991,test,categorical,1,24,L1_S24,11,0.0009
test_categorical,L1_S24_F986,1171944,1183748,99.0028,test,categorical,1,24,L1_S24,11804,0.9972
test_categorical,L1_S24_F987,1183737,1183748,99.9991,test,categorical,1,24,L1_S24,11,0.0009
test_categorical,L1_S24_F989,1183737,1183748,99.9991,test,categorical,1,24,L1_S24,11,0.0009
test_categorical,L1_S24_F991,1171944,1183748,99.0028,test,categorical,1,24,L1_S24,11804,0.9972
test_categorical,L1_S24_F992,1183737,1183748,99.9991,test,categorical,1,24,L1_S24,11,0.0009
test_categorical,L1_S24_F994,1183737,1183748,99.9991,test,categorical,1,24,L1_S24,11,0.0009
test_categorical,L1_S24_F996,1171944,1183748,99.0028,test,categorical,1,24,L1_S24,11804,0.9972
test_categorical,L1_S24_F997,1183737,1183748,99.9991,test,categorical,1,24,L1_S24,11,0.0009
test_categorical,L1_S24_F1017,1183743,1183748,99.9996,test,categorical,1,24,L1_S24,5,0.0004
test_categorical,L1_S24_F1019,1183743,1183748,99.9996,test,categorical,1,24,L1_S24,5,0.0004
test_categorical,L1_S24_F1020,1183743,1183748,99.9996,test,categorical,1,24,L1_S24,5,0.0004
test_categorical,L1_S24_F1022,1183743,1183748,99.9996,test,categorical,1,24,L1_S24,5,0.0004
test_categorical,L1_S24_F1024,1183743,1183748,99.9996,test,categorical,1,24,L1_S24,5,0.0004
test_categorical,L1_S24_F1025,1183743,1183748,99.9996,test,categorical,1,24,L1_S24,5,0.0004
test_categorical,L1_S24_F1027,1183743,1183748,99.9996,test,categorical,1,24,L1_S24,5,0.0004
test_categorical,L1_S24_F1029,1183743,1183748,99.9996,test,categorical,1,24,L1_S24,5,0.0004
test_categorical,L1_S24_F1030,1183743,1183748,99.9996,test,categorical,1,24,L1_S24,5,0.0004
test_categorical,L1_S24_F1032,1183743,1183748,99.9996,test,categorical,1,24,L1_S24,5,0.0004
test_categorical,L1_S24_F1034,1183743,1183748,99.9996,test,categorical,1,24,L1_S24,5,0.0004
test_categorical,L1_S24_F1035,1183743,1183748,99.9996,test,categorical,1,24,L1_S24,5,0.0004
test_categorical,L1_S24_F1037,1183743,1183748,99.9996,test,categorical,1,24,L1_S24,5,0.0004
test_categorical,L1_S24_F1039,1183743,1183748,99.9996,test,categorical,1,24,L1_S24,5,0.0004
test_categorical,L1_S24_F1040,1183743,1183748,99.9996,test,categorical,1,24,L1_S24,5,0.0004
test_categorical,L1_S24_F1042,1183743,1183748,99.9996,test,categorical,1,24,L1_S24,5,0.0004
test_categorical,L1_S24_F1044,1183743,1183748,99.9996,test,categorical,1,24,L1_S24,5,0.0004
test_categorical,L1_S24_F1045,1183743,1183748,99.9996,test,categorical,1,24,L1_S24,5,0.0004
test_categorical,L1_S24_F1047,1183743,1183748,99.9996,test,categorical,1,24,L1_S24,5,0.0004
test_categorical,L1_S24_F1049,1183743,1183748,99.9996,test,categorical,1,24,L1_S24,5,0.0004
test_categorical,L1_S24_F1050,1183743,1183748,99.9996,test,categorical,1,24,L1_S24,5,0.0004
test_categorical,L1_S24_F1052,1183743,1183748,99.9996,test,categorical,1,24,L1_S24,5,0.0004
test_categorical,L1_S24_F1054,1183743,1183748,99.9996,test,categorical,1,24,L1_S24,5,0.0004
test_categorical,L1_S24_F1055,1183743,1183748,99.9996,test,categorical,1,24,L1_S24,5,0.0004
test_categorical,L1_S24_F1057,1183743,1183748,99.9996,test,categorical,1,24,L1_S24,5,0.0004
test_categorical,L1_S24_F1059,1183743,1183748,99.9996,test,categorical,1,24,L1_S24,5,0.0004
test_categorical,L1_S24_F1060,1183743,1183748,99.9996,test,categorical,1,24,L1_S24,5,0.0004
test_categorical,L1_S24_F1061,1183711,1183748,99.9969,test,categorical,1,24,L1_S24,37,0.0031
test_categorical,L1_S24_F1063,1183711,1183748,99.9969,test,categorical,1,24,L1_S24,37,0.0031
test_categorical,L1_S24_F1064,1159999,1183748,97.9937,test,categorical,1,24,L1_S24,23749,2.0063
test_categorical,L1_S24_F1065,1183711,1183748,99.9969,test,categorical,1,24,L1_S24,37,0.0031
test_categorical,L1_S24_F1067,1183711,1183748,99.9969,test,categorical,1,24,L1_S24,37,0.0031
test_categorical,L1_S24_F1069,1183711,1183748,99.9969,test,categorical,1,24,L1_S24,37,0.0031
test_categorical,L1_S24_F1071,1183711,1183748,99.9969,test,categorical,1,24,L1_S24,37,0.0031
test_categorical,L1_S24_F1073,1183711,1183748,99.9969,test,categorical,1,24,L1_S24,37,0.0031
test_categorical,L1_S24_F1075,1183711,1183748,99.9969,test,categorical,1,24,L1_S24,37,0.0031
test_categorical,L1_S24_F1076,1183711,1183748,99.9969,test,categorical,1,24,L1_S24,37,0.0031
test_categorical,L1_S24_F1078,1183711,1183748,99.9969,test,categorical,1,24,L1_S24,37,0.0031
test_categorical,L1_S24_F1080,1183711,1183748,99.9969,test,categorical,1,24,L1_S24,37,0.0031
test_categorical,L1_S24_F1082,1183711,1183748,99.9969,test,categorical,1,24,L1_S24,37,0.0031
test_categorical,L1_S24_F1084,1183711,1183748,99.9969,test,categorical,1,24,L1_S24,37,0.0031
test_categorical,L1_S24_F1086,1183711,1183748,99.9969,test,categorical,1,24,L1_S24,37,0.0031
test_categorical,L1_S24_F1088,1183711,1183748,99.9969,test,categorical,1,24,L1_S24,37,0.0031
test_categorical,L1_S24_F1090,1183711,1183748,99.9969,test,categorical,1,24,L1_S24,37,0.0031
test_categorical,L1_S24_F1091,1183711,1183748,99.9969,test,categorical,1,24,L1_S24,37,0.0031
test_categorical,L1_S24_F1093,1183711,1183748,99.9969,test,categorical,1,24,L1_S24,37,0.0031
test_categorical,L1_S24_F1095,1183711,1183748,99.9969,test,categorical,1,24,L1_S24,37,0.0031
test_categorical,L1_S24_F1097,1183711,1183748,99.9969,test,categorical,1,24,L1_S24,37,0.0031
test_categorical,L1_S24_F1099,1183711,1183748,99.9969,test,categorical,1,24,L1_S24,37,0.0031
test_categorical,L1_S24_F1101,1183711,1183748,99.9969,test,categorical,1,24,L1_S24,37,0.0031
test_categorical,L1_S24_F1103,1183711,1183748,99.9969,test,categorical,1,24,L1_S24,37,0.0031
test_categorical,L1_S24_F1105,1183711,1183748,99.9969,test,categorical,1,24,L1_S24,37,0.0031
test_categorical,L1_S24_F1107,1183711,1183748,99.9969,test,categorical,1,24,L1_S24,37,0.0031
test_categorical,L1_S24_F1109,1183711,1183748,99.9969,test,categorical,1,24,L1_S24,37,0.0031
test_categorical,L1_S24_F1111,1183711,1183748,99.9969,test,categorical,1,24,L1_S24,37,0.0031
test_categorical,L1_S24_F1113,1183711,1183748,99.9969,test,categorical,1,24,L1_S24,37,0.0031
test_categorical,L1_S24_F1114,1156269,1183748,97.6786,test,categorical,1,24,L1_S24,27479,2.3214
test_categorical,L1_S24_F1115,1183745,1183748,99.9997,test,categorical,1,24,L1_S24,3,0.0003
test_categorical,L1_S24_F1117,1183745,1183748,99.9997,test,categorical,1,24,L1_S24,3,0.0003
test_categorical,L1_S24_F1119,1183745,1183748,99.9997,test,categorical,1,24,L1_S24,3,0.0003
test_categorical,L1_S24_F1121,1183745,1183748,99.9997,test,categorical,1,24,L1_S24,3,0.0003
test_categorical,L1_S24_F1123,1183745,1183748,99.9997,test,categorical,1,24,L1_S24,3,0.0003
test_categorical,L1_S24_F1125,1183745,1183748,99.9997,test,categorical,1,24,L1_S24,3,0.0003
test_categorical,L1_S24_F1127,1183745,1183748,99.9997,test,categorical,1,24,L1_S24,3,0.0003
test_categorical,L1_S24_F1129,1183745,1183748,99.9997,test,categorical,1,24,L1_S24,3,0.0003
test_categorical,L1_S24_F1131,1183745,1183748,99.9997,test,categorical,1,24,L1_S24,3,0.0003
test_categorical,L1_S24_F1133,1183745,1183748,99.9997,test,categorical,1,24,L1_S24,3,0.0003
test_categorical,L1_S24_F1136,1156291,1183748,97.6805,test,categorical,1,24,L1_S24,27457,2.3195
test_categorical,L1_S24_F1137,1156291,1183748,97.6805,test,categorical,1,24,L1_S24,27457,2.3195
test_categorical,L1_S24_F1139,1156291,1183748,97.6805,test,categorical,1,24,L1_S24,27457,2.3195
test_categorical,L1_S24_F1140,1156291,1183748,97.6805,test,categorical,1,24,L1_S24,27457,2.3195
test_categorical,L1_S24_F1142,1156291,1183748,97.6805,test,categorical,1,24,L1_S24,27457,2.3195
test_categorical,L1_S24_F1144,1156291,1183748,97.6805,test,categorical,1,24,L1_S24,27457,2.3195
test_categorical,L1_S24_F1147,1156291,1183748,97.6805,test,categorical,1,24,L1_S24,27457,2.3195
test_categorical,L1_S24_F1150,1156291,1183748,97.6805,test,categorical,1,24,L1_S24,27457,2.3195
test_categorical,L1_S24_F1152,1156291,1183748,97.6805,test,categorical,1,24,L1_S24,27457,2.3195
test_categorical,L1_S24_F1154,1156291,1183748,97.6805,test,categorical,1,24,L1_S24,27457,2.3195
test_categorical,L1_S24_F1156,1156660,1183748,97.7117,test,categorical,1,24,L1_S24,27088,2.2883
test_categorical,L1_S24_F1157,1183748,1183748,100.0,test,categorical,1,24,L1_S24,0,0.0
test_categorical,L1_S24_F1159,1183748,1183748,100.0,test,categorical,1,24,L1_S24,0,0.0
test_categorical,L1_S24_F1160,1183748,1183748,100.0,test,categorical,1,24,L1_S24,0,0.0
test_categorical,L1_S24_F1162,1183742,1183748,99.9995,test,categorical,1,24,L1_S24,6,0.0005
test_categorical,L1_S24_F1164,1183742,1183748,99.9995,test,categorical,1,24,L1_S24,6,0.0005
test_categorical,L1_S24_F1165,1183742,1183748,99.9995,test,categorical,1,24,L1_S24,6,0.0005
test_categorical,L1_S24_F1167,1183746,1183748,99.9998,test,categorical,1,24,L1_S24,2,0.0002
test_categorical,L1_S24_F1169,1183746,1183748,99.9998,test,categorical,1,24,L1_S24,2,0.0002
test_categorical,L1_S24_F1177,1183747,1183748,99.9999,test,categorical,1,24,L1_S24,1,0.0001
test_categorical,L1_S24_F1179,1183747,1183748,99.9999,test,categorical,1,24,L1_S24,1,0.0001
test_categorical,L1_S24_F1181,1183747,1183748,99.9999,test,categorical,1,24,L1_S24,1,0.0001
test_categorical,L1_S24_F1183,1183747,1183748,99.9999,test,categorical,1,24,L1_S24,1,0.0001
test_categorical,L1_S24_F1185,1183720,1183748,99.9976,test,categorical,1,24,L1_S24,28,0.0024
test_categorical,L1_S24_F1187,1170097,1183748,98.8468,test,categorical,1,24,L1_S24,13651,1.1532
test_categorical,L1_S24_F1188,1183720,1183748,99.9976,test,categorical,1,24,L1_S24,28,0.0024
test_categorical,L1_S24_F1189,1183720,1183748,99.9976,test,categorical,1,24,L1_S24,28,0.0024
test_categorical,L1_S24_F1191,1170097,1183748,98.8468,test,categorical,1,24,L1_S24,13651,1.1532
test_categorical,L1_S24_F1192,1183720,1183748,99.9976,test,categorical,1,24,L1_S24,28,0.0024
test_categorical,L1_S24_F1193,1183720,1183748,99.9976,test,categorical,1,24,L1_S24,28,0.0024
test_categorical,L1_S24_F1195,1170097,1183748,98.8468,test,categorical,1,24,L1_S24,13651,1.1532
test_categorical,L1_S24_F1196,1183720,1183748,99.9976,test,categorical,1,24,L1_S24,28,0.0024
test_categorical,L1_S24_F1198,1183720,1183748,99.9976,test,categorical,1,24,L1_S24,28,0.0024
test_categorical,L1_S24_F1200,1170097,1183748,98.8468,test,categorical,1,24,L1_S24,13651,1.1532
test_categorical,L1_S24_F1201,1183720,1183748,99.9976,test,categorical,1,24,L1_S24,28,0.0024
test_categorical,L1_S24_F1203,1183720,1183748,99.9976,test,categorical,1,24,L1_S24,28,0.0024
test_categorical,L1_S24_F1205,1170097,1183748,98.8468,test,categorical,1,24,L1_S24,13651,1.1532
test_categorical,L1_S24_F1206,1183720,1183748,99.9976,test,categorical,1,24,L1_S24,28,0.0024
test_categorical,L1_S24_F1208,1183720,1183748,99.9976,test,categorical,1,24,L1_S24,28,0.0024
test_categorical,L1_S24_F1210,1170097,1183748,98.8468,test,categorical,1,24,L1_S24,13651,1.1532
test_categorical,L1_S24_F1211,1183720,1183748,99.9976,test,categorical,1,24,L1_S24,28,0.0024
test_categorical,L1_S24_F1213,1183720,1183748,99.9976,test,categorical,1,24,L1_S24,28,0.0024
test_categorical,L1_S24_F1215,1170097,1183748,98.8468,test,categorical,1,24,L1_S24,13651,1.1532
test_categorical,L1_S24_F1216,1183720,1183748,99.9976,test,categorical,1,24,L1_S24,28,0.0024
test_categorical,L1_S24_F1217,1183720,1183748,99.9976,test,categorical,1,24,L1_S24,28,0.0024
test_categorical,L1_S24_F1219,1170097,1183748,98.8468,test,categorical,1,24,L1_S24,13651,1.1532
test_categorical,L1_S24_F1220,1183720,1183748,99.9976,test,categorical,1,24,L1_S24,28,0.0024
test_categorical,L1_S24_F1221,1183720,1183748,99.9976,test,categorical,1,24,L1_S24,28,0.0024
test_categorical,L1_S24_F1223,1170097,1183748,98.8468,test,categorical,1,24,L1_S24,13651,1.1532
test_categorical,L1_S24_F1224,1183720,1183748,99.9976,test,categorical,1,24,L1_S24,28,0.0024
test_categorical,L1_S24_F1226,1183720,1183748,99.9976,test,categorical,1,24,L1_S24,28,0.0024
test_categorical,L1_S24_F1228,1170097,1183748,98.8468,test,categorical,1,24,L1_S24,13651,1.1532
test_categorical,L1_S24_F1229,1183720,1183748,99.9976,test,categorical,1,24,L1_S24,28,0.0024
test_categorical,L1_S24_F1231,1183720,1183748,99.9976,test,categorical,1,24,L1_S24,28,0.0024
test_categorical,L1_S24_F1233,1170097,1183748,98.8468,test,categorical,1,24,L1_S24,13651,1.1532
test_categorical,L1_S24_F1234,1183720,1183748,99.9976,test,categorical,1,24,L1_S24,28,0.0024
test_categorical,L1_S24_F1236,1183720,1183748,99.9976,test,categorical,1,24,L1_S24,28,0.0024
test_categorical,L1_S24_F1238,1170097,1183748,98.8468,test,categorical,1,24,L1_S24,13651,1.1532
test_categorical,L1_S24_F1239,1183720,1183748,99.9976,test,categorical,1,24,L1_S24,28,0.0024
test_categorical,L1_S24_F1241,1183720,1183748,99.9976,test,categorical,1,24,L1_S24,28,0.0024
test_categorical,L1_S24_F1243,1170097,1183748,98.8468,test,categorical,1,24,L1_S24,13651,1.1532
test_categorical,L1_S24_F1244,1183720,1183748,99.9976,test,categorical,1,24,L1_S24,28,0.0024
test_categorical,L1_S24_F1246,1183720,1183748,99.9976,test,categorical,1,24,L1_S24,28,0.0024
test_categorical,L1_S24_F1248,1170097,1183748,98.8468,test,categorical,1,24,L1_S24,13651,1.1532
test_categorical,L1_S24_F1249,1183720,1183748,99.9976,test,categorical,1,24,L1_S24,28,0.0024
test_categorical,L1_S24_F1251,1183720,1183748,99.9976,test,categorical,1,24,L1_S24,28,0.0024
test_categorical,L1_S24_F1253,1170097,1183748,98.8468,test,categorical,1,24,L1_S24,13651,1.1532
test_categorical,L1_S24_F1254,1183720,1183748,99.9976,test,categorical,1,24,L1_S24,28,0.0024
test_categorical,L1_S24_F1256,1183720,1183748,99.9976,test,categorical,1,24,L1_S24,28,0.0024
test_categorical,L1_S24_F1258,1170097,1183748,98.8468,test,categorical,1,24,L1_S24,13651,1.1532
test_categorical,L1_S24_F1259,1183720,1183748,99.9976,test,categorical,1,24,L1_S24,28,0.0024
test_categorical,L1_S24_F1261,1183720,1183748,99.9976,test,categorical,1,24,L1_S24,28,0.0024
test_categorical,L1_S24_F1263,1170097,1183748,98.8468,test,categorical,1,24,L1_S24,13651,1.1532
test_categorical,L1_S24_F1264,1183720,1183748,99.9976,test,categorical,1,24,L1_S24,28,0.0024
test_categorical,L1_S24_F1266,1183720,1183748,99.9976,test,categorical,1,24,L1_S24,28,0.0024
test_categorical,L1_S24_F1268,1170097,1183748,98.8468,test,categorical,1,24,L1_S24,13651,1.1532
test_categorical,L1_S24_F1269,1183720,1183748,99.9976,test,categorical,1,24,L1_S24,28,0.0024
test_categorical,L1_S24_F1271,1183720,1183748,99.9976,test,categorical,1,24,L1_S24,28,0.0024
test_categorical,L1_S24_F1273,1170097,1183748,98.8468,test,categorical,1,24,L1_S24,13651,1.1532
test_categorical,L1_S24_F1274,1183720,1183748,99.9976,test,categorical,1,24,L1_S24,28,0.0024
test_categorical,L1_S24_F1276,1183729,1183748,99.9984,test,categorical,1,24,L1_S24,19,0.0016
test_categorical,L1_S24_F1278,1169922,1183748,98.832,test,categorical,1,24,L1_S24,13826,1.168
test_categorical,L1_S24_F1279,1183729,1183748,99.9984,test,categorical,1,24,L1_S24,19,0.0016
test_categorical,L1_S24_F1280,1183729,1183748,99.9984,test,categorical,1,24,L1_S24,19,0.0016
test_categorical,L1_S24_F1282,1169922,1183748,98.832,test,categorical,1,24,L1_S24,13826,1.168
test_categorical,L1_S24_F1283,1183729,1183748,99.9984,test,categorical,1,24,L1_S24,19,0.0016
test_categorical,L1_S24_F1284,1183729,1183748,99.9984,test,categorical,1,24,L1_S24,19,0.0016
test_categorical,L1_S24_F1286,1169922,1183748,98.832,test,categorical,1,24,L1_S24,13826,1.168
test_categorical,L1_S24_F1287,1183729,1183748,99.9984,test,categorical,1,24,L1_S24,19,0.0016
test_categorical,L1_S24_F1289,1183729,1183748,99.9984,test,categorical,1,24,L1_S24,19,0.0016
test_categorical,L1_S24_F1291,1169922,1183748,98.832,test,categorical,1,24,L1_S24,13826,1.168
test_categorical,L1_S24_F1292,1183729,1183748,99.9984,test,categorical,1,24,L1_S24,19,0.0016
test_categorical,L1_S24_F1294,1183729,1183748,99.9984,test,categorical,1,24,L1_S24,19,0.0016
test_categorical,L1_S24_F1296,1169922,1183748,98.832,test,categorical,1,24,L1_S24,13826,1.168
test_categorical,L1_S24_F1297,1183729,1183748,99.9984,test,categorical,1,24,L1_S24,19,0.0016
test_categorical,L1_S24_F1299,1183729,1183748,99.9984,test,categorical,1,24,L1_S24,19,0.0016
test_categorical,L1_S24_F1301,1169922,1183748,98.832,test,categorical,1,24,L1_S24,13826,1.168
test_categorical,L1_S24_F1302,1183729,1183748,99.9984,test,categorical,1,24,L1_S24,19,0.0016
test_categorical,L1_S24_F1304,1183729,1183748,99.9984,test,categorical,1,24,L1_S24,19,0.0016
test_categorical,L1_S24_F1306,1169922,1183748,98.832,test,categorical,1,24,L1_S24,13826,1.168
test_categorical,L1_S24_F1307,1183729,1183748,99.9984,test,categorical,1,24,L1_S24,19,0.0016
test_categorical,L1_S24_F1308,1183729,1183748,99.9984,test,categorical,1,24,L1_S24,19,0.0016
test_categorical,L1_S24_F1310,1169922,1183748,98.832,test,categorical,1,24,L1_S24,13826,1.168
test_categorical,L1_S24_F1311,1183729,1183748,99.9984,test,categorical,1,24,L1_S24,19,0.0016
test_categorical,L1_S24_F1312,1183729,1183748,99.9984,test,categorical,1,24,L1_S24,19,0.0016
test_categorical,L1_S24_F1314,1169922,1183748,98.832,test,categorical,1,24,L1_S24,13826,1.168
test_categorical,L1_S24_F1315,1183729,1183748,99.9984,test,categorical,1,24,L1_S24,19,0.0016
test_categorical,L1_S24_F1317,1183729,1183748,99.9984,test,categorical,1,24,L1_S24,19,0.0016
test_categorical,L1_S24_F1319,1169922,1183748,98.832,test,categorical,1,24,L1_S24,13826,1.168
test_categorical,L1_S24_F1320,1183729,1183748,99.9984,test,categorical,1,24,L1_S24,19,0.0016
test_categorical,L1_S24_F1322,1183729,1183748,99.9984,test,categorical,1,24,L1_S24,19,0.0016
test_categorical,L1_S24_F1324,1169922,1183748,98.832,test,categorical,1,24,L1_S24,13826,1.168
test_categorical,L1_S24_F1325,1183729,1183748,99.9984,test,categorical,1,24,L1_S24,19,0.0016
test_categorical,L1_S24_F1327,1183729,1183748,99.9984,test,categorical,1,24,L1_S24,19,0.0016
test_categorical,L1_S24_F1329,1169922,1183748,98.832,test,categorical,1,24,L1_S24,13826,1.168
test_categorical,L1_S24_F1330,1183729,1183748,99.9984,test,categorical,1,24,L1_S24,19,0.0016
test_categorical,L1_S24_F1332,1183729,1183748,99.9984,test,categorical,1,24,L1_S24,19,0.0016
test_categorical,L1_S24_F1334,1169922,1183748,98.832,test,categorical,1,24,L1_S24,13826,1.168
test_categorical,L1_S24_F1335,1183729,1183748,99.9984,test,categorical,1,24,L1_S24,19,0.0016
test_categorical,L1_S24_F1337,1183729,1183748,99.9984,test,categorical,1,24,L1_S24,19,0.0016
test_categorical,L1_S24_F1339,1169922,1183748,98.832,test,categorical,1,24,L1_S24,13826,1.168
test_categorical,L1_S24_F1340,1183729,1183748,99.9984,test,categorical,1,24,L1_S24,19,0.0016
test_categorical,L1_S24_F1342,1183729,1183748,99.9984,test,categorical,1,24,L1_S24,19,0.0016
test_categorical,L1_S24_F1344,1169922,1183748,98.832,test,categorical,1,24,L1_S24,13826,1.168
test_categorical,L1_S24_F1345,1183729,1183748,99.9984,test,categorical,1,24,L1_S24,19,0.0016
test_categorical,L1_S24_F1347,1183729,1183748,99.9984,test,categorical,1,24,L1_S24,19,0.0016
test_categorical,L1_S24_F1349,1169922,1183748,98.832,test,categorical,1,24,L1_S24,13826,1.168
test_categorical,L1_S24_F1350,1183729,1183748,99.9984,test,categorical,1,24,L1_S24,19,0.0016
test_categorical,L1_S24_F1352,1183729,1183748,99.9984,test,categorical,1,24,L1_S24,19,0.0016
test_categorical,L1_S24_F1354,1169922,1183748,98.832,test,categorical,1,24,L1_S24,13826,1.168
test_categorical,L1_S24_F1355,1183729,1183748,99.9984,test,categorical,1,24,L1_S24,19,0.0016
test_categorical,L1_S24_F1357,1183729,1183748,99.9984,test,categorical,1,24,L1_S24,19,0.0016
test_categorical,L1_S24_F1359,1169922,1183748,98.832,test,categorical,1,24,L1_S24,13826,1.168
test_categorical,L1_S24_F1360,1183729,1183748,99.9984,test,categorical,1,24,L1_S24,19,0.0016
test_categorical,L1_S24_F1362,1183729,1183748,99.9984,test,categorical,1,24,L1_S24,19,0.0016
test_categorical,L1_S24_F1364,1169922,1183748,98.832,test,categorical,1,24,L1_S24,13826,1.168
test_categorical,L1_S24_F1365,1183729,1183748,99.9984,test,categorical,1,24,L1_S24,19,0.0016
test_categorical,L1_S24_F1367,1183744,1183748,99.9997,test,categorical,1,24,L1_S24,4,0.0003
test_categorical,L1_S24_F1369,1183745,1183748,99.9997,test,categorical,1,24,L1_S24,3,0.0003
test_categorical,L1_S24_F1370,1183744,1183748,99.9997,test,categorical,1,24,L1_S24,4,0.0003
test_categorical,L1_S24_F1372,1183744,1183748,99.9997,test,categorical,1,24,L1_S24,4,0.0003
test_categorical,L1_S24_F1374,1183745,1183748,99.9997,test,categorical,1,24,L1_S24,3,0.0003
test_categorical,L1_S24_F1375,1183744,1183748,99.9997,test,categorical,1,24,L1_S24,4,0.0003
test_categorical,L1_S24_F1377,1183744,1183748,99.9997,test,categorical,1,24,L1_S24,4,0.0003
test_categorical,L1_S24_F1379,1183745,1183748,99.9997,test,categorical,1,24,L1_S24,3,0.0003
test_categorical,L1_S24_F1380,1183744,1183748,99.9997,test,categorical,1,24,L1_S24,4,0.0003
test_categorical,L1_S24_F1382,1183744,1183748,99.9997,test,categorical,1,24,L1_S24,4,0.0003
test_categorical,L1_S24_F1384,1183745,1183748,99.9997,test,categorical,1,24,L1_S24,3,0.0003
test_categorical,L1_S24_F1385,1183744,1183748,99.9997,test,categorical,1,24,L1_S24,4,0.0003
test_categorical,L1_S24_F1387,1183744,1183748,99.9997,test,categorical,1,24,L1_S24,4,0.0003
test_categorical,L1_S24_F1389,1183745,1183748,99.9997,test,categorical,1,24,L1_S24,3,0.0003
test_categorical,L1_S24_F1390,1183744,1183748,99.9997,test,categorical,1,24,L1_S24,4,0.0003
test_categorical,L1_S24_F1392,1183744,1183748,99.9997,test,categorical,1,24,L1_S24,4,0.0003
test_categorical,L1_S24_F1394,1183745,1183748,99.9997,test,categorical,1,24,L1_S24,3,0.0003
test_categorical,L1_S24_F1395,1183744,1183748,99.9997,test,categorical,1,24,L1_S24,4,0.0003
test_categorical,L1_S24_F1397,1183744,1183748,99.9997,test,categorical,1,24,L1_S24,4,0.0003
test_categorical,L1_S24_F1399,1183745,1183748,99.9997,test,categorical,1,24,L1_S24,3,0.0003
test_categorical,L1_S24_F1400,1183744,1183748,99.9997,test,categorical,1,24,L1_S24,4,0.0003
test_categorical,L1_S24_F1402,1183744,1183748,99.9997,test,categorical,1,24,L1_S24,4,0.0003
test_categorical,L1_S24_F1404,1183745,1183748,99.9997,test,categorical,1,24,L1_S24,3,0.0003
test_categorical,L1_S24_F1405,1183744,1183748,99.9997,test,categorical,1,24,L1_S24,4,0.0003
test_categorical,L1_S24_F1407,1183744,1183748,99.9997,test,categorical,1,24,L1_S24,4,0.0003
test_categorical,L1_S24_F1409,1183745,1183748,99.9997,test,categorical,1,24,L1_S24,3,0.0003
test_categorical,L1_S24_F1410,1183744,1183748,99.9997,test,categorical,1,24,L1_S24,4,0.0003
test_categorical,L1_S24_F1412,1183744,1183748,99.9997,test,categorical,1,24,L1_S24,4,0.0003
test_categorical,L1_S24_F1414,1183745,1183748,99.9997,test,categorical,1,24,L1_S24,3,0.0003
test_categorical,L1_S24_F1415,1183744,1183748,99.9997,test,categorical,1,24,L1_S24,4,0.0003
test_categorical,L1_S24_F1417,1183744,1183748,99.9997,test,categorical,1,24,L1_S24,4,0.0003
test_categorical,L1_S24_F1419,1183745,1183748,99.9997,test,categorical,1,24,L1_S24,3,0.0003
test_categorical,L1_S24_F1420,1183744,1183748,99.9997,test,categorical,1,24,L1_S24,4,0.0003
test_categorical,L1_S24_F1422,1183744,1183748,99.9997,test,categorical,1,24,L1_S24,4,0.0003
test_categorical,L1_S24_F1424,1183745,1183748,99.9997,test,categorical,1,24,L1_S24,3,0.0003
test_categorical,L1_S24_F1425,1183744,1183748,99.9997,test,categorical,1,24,L1_S24,4,0.0003
test_categorical,L1_S24_F1427,1183744,1183748,99.9997,test,categorical,1,24,L1_S24,4,0.0003
test_categorical,L1_S24_F1429,1183745,1183748,99.9997,test,categorical,1,24,L1_S24,3,0.0003
test_categorical,L1_S24_F1430,1183744,1183748,99.9997,test,categorical,1,24,L1_S24,4,0.0003
test_categorical,L1_S24_F1432,1183744,1183748,99.9997,test,categorical,1,24,L1_S24,4,0.0003
test_categorical,L1_S24_F1434,1183745,1183748,99.9997,test,categorical,1,24,L1_S24,3,0.0003
test_categorical,L1_S24_F1435,1183744,1183748,99.9997,test,categorical,1,24,L1_S24,4,0.0003
test_categorical,L1_S24_F1437,1183744,1183748,99.9997,test,categorical,1,24,L1_S24,4,0.0003
test_categorical,L1_S24_F1439,1183745,1183748,99.9997,test,categorical,1,24,L1_S24,3,0.0003
test_categorical,L1_S24_F1440,1183744,1183748,99.9997,test,categorical,1,24,L1_S24,4,0.0003
test_categorical,L1_S24_F1442,1183744,1183748,99.9997,test,categorical,1,24,L1_S24,4,0.0003
test_categorical,L1_S24_F1444,1183745,1183748,99.9997,test,categorical,1,24,L1_S24,3,0.0003
test_categorical,L1_S24_F1445,1183744,1183748,99.9997,test,categorical,1,24,L1_S24,4,0.0003
test_categorical,L1_S24_F1447,1183744,1183748,99.9997,test,categorical,1,24,L1_S24,4,0.0003
test_categorical,L1_S24_F1449,1183745,1183748,99.9997,test,categorical,1,24,L1_S24,3,0.0003
test_categorical,L1_S24_F1450,1183744,1183748,99.9997,test,categorical,1,24,L1_S24,4,0.0003
test_categorical,L1_S24_F1452,1183744,1183748,99.9997,test,categorical,1,24,L1_S24,4,0.0003
test_categorical,L1_S24_F1454,1183745,1183748,99.9997,test,categorical,1,24,L1_S24,3,0.0003
test_categorical,L1_S24_F1455,1183744,1183748,99.9997,test,categorical,1,24,L1_S24,4,0.0003
test_categorical,L1_S24_F1456,1183711,1183748,99.9969,test,categorical,1,24,L1_S24,37,0.0031
test_categorical,L1_S24_F1458,1183711,1183748,99.9969,test,categorical,1,24,L1_S24,37,0.0031
test_categorical,L1_S24_F1459,1156326,1183748,97.6835,test,categorical,1,24,L1_S24,27422,2.3165
test_categorical,L1_S24_F1460,1183711,1183748,99.9969,test,categorical,1,24,L1_S24,37,0.0031
test_categorical,L1_S24_F1462,1183711,1183748,99.9969,test,categorical,1,24,L1_S24,37,0.0031
test_categorical,L1_S24_F1464,1183711,1183748,99.9969,test,categorical,1,24,L1_S24,37,0.0031
test_categorical,L1_S24_F1466,1183711,1183748,99.9969,test,categorical,1,24,L1_S24,37,0.0031
test_categorical,L1_S24_F1468,1183711,1183748,99.9969,test,categorical,1,24,L1_S24,37,0.0031
test_categorical,L1_S24_F1470,1183711,1183748,99.9969,test,categorical,1,24,L1_S24,37,0.0031
test_categorical,L1_S24_F1471,1183711,1183748,99.9969,test,categorical,1,24,L1_S24,37,0.0031
test_categorical,L1_S24_F1473,1183711,1183748,99.9969,test,categorical,1,24,L1_S24,37,0.0031
test_categorical,L1_S24_F1475,1183711,1183748,99.9969,test,categorical,1,24,L1_S24,37,0.0031
test_categorical,L1_S24_F1477,1183711,1183748,99.9969,test,categorical,1,24,L1_S24,37,0.0031
test_categorical,L1_S24_F1479,1183711,1183748,99.9969,test,categorical,1,24,L1_S24,37,0.0031
test_categorical,L1_S24_F1481,1183711,1183748,99.9969,test,categorical,1,24,L1_S24,37,0.0031
test_categorical,L1_S24_F1483,1183711,1183748,99.9969,test,categorical,1,24,L1_S24,37,0.0031
test_categorical,L1_S24_F1485,1183711,1183748,99.9969,test,categorical,1,24,L1_S24,37,0.0031
test_categorical,L1_S24_F1487,1183711,1183748,99.9969,test,categorical,1,24,L1_S24,37,0.0031
test_categorical,L1_S24_F1489,1183711,1183748,99.9969,test,categorical,1,24,L1_S24,37,0.0031
test_categorical,L1_S24_F1491,1183711,1183748,99.9969,test,categorical,1,24,L1_S24,37,0.0031
test_categorical,L1_S24_F1493,1183711,1183748,99.9969,test,categorical,1,24,L1_S24,37,0.0031
test_categorical,L1_S24_F1495,1183711,1183748,99.9969,test,categorical,1,24,L1_S24,37,0.0031
test_categorical,L1_S24_F1497,1183711,1183748,99.9969,test,categorical,1,24,L1_S24,37,0.0031
test_categorical,L1_S24_F1499,1183711,1183748,99.9969,test,categorical,1,24,L1_S24,37,0.0031
test_categorical,L1_S24_F1501,1183711,1183748,99.9969,test,categorical,1,24,L1_S24,37,0.0031
test_categorical,L1_S24_F1503,1183711,1183748,99.9969,test,categorical,1,24,L1_S24,37,0.0031
test_categorical,L1_S24_F1505,1183711,1183748,99.9969,test,categorical,1,24,L1_S24,37,0.0031
test_categorical,L1_S24_F1507,1183711,1183748,99.9969,test,categorical,1,24,L1_S24,37,0.0031
test_categorical,L1_S24_F1509,1183711,1183748,99.9969,test,categorical,1,24,L1_S24,37,0.0031
test_categorical,L1_S24_F1510,1051904,1183748,88.8622,test,categorical,1,24,L1_S24,131844,11.1378
test_categorical,L1_S24_F1521,1183744,1183748,99.9997,test,categorical,1,24,L1_S24,4,0.0003
test_categorical,L1_S24_F1523,1052235,1183748,88.8901,test,categorical,1,24,L1_S24,131513,11.1099
test_categorical,L1_S24_F1524,1183744,1183748,99.9997,test,categorical,1,24,L1_S24,4,0.0003
test_categorical,L1_S24_F1525,1052235,1183748,88.8901,test,categorical,1,24,L1_S24,131513,11.1099
test_categorical,L1_S24_F1526,1183744,1183748,99.9997,test,categorical,1,24,L1_S24,4,0.0003
test_categorical,L1_S24_F1528,1052235,1183748,88.8901,test,categorical,1,24,L1_S24,131513,11.1099
test_categorical,L1_S24_F1529,1183744,1183748,99.9997,test,categorical,1,24,L1_S24,4,0.0003
test_categorical,L1_S24_F1530,1052235,1183748,88.8901,test,categorical,1,24,L1_S24,131513,11.1099
test_categorical,L1_S24_F1531,1183744,1183748,99.9997,test,categorical,1,24,L1_S24,4,0.0003
test_categorical,L1_S24_F1533,1052235,1183748,88.8901,test,categorical,1,24,L1_S24,131513,11.1099
test_categorical,L1_S24_F1534,1183744,1183748,99.9997,test,categorical,1,24,L1_S24,4,0.0003
test_categorical,L1_S24_F1535,1183744,1183748,99.9997,test,categorical,1,24,L1_S24,4,0.0003
test_categorical,L1_S24_F1537,1052237,1183748,88.8903,test,categorical,1,24,L1_S24,131511,11.1097
test_categorical,L1_S24_F1538,1183744,1183748,99.9997,test,categorical,1,24,L1_S24,4,0.0003
test_categorical,L1_S24_F1540,1183744,1183748,99.9997,test,categorical,1,24,L1_S24,4,0.0003
test_categorical,L1_S24_F1542,1052235,1183748,88.8901,test,categorical,1,24,L1_S24,131513,11.1099
test_categorical,L1_S24_F1543,1183744,1183748,99.9997,test,categorical,1,24,L1_S24,4,0.0003
test_categorical,L1_S24_F1545,1183744,1183748,99.9997,test,categorical,1,24,L1_S24,4,0.0003
test_categorical,L1_S24_F1547,1052235,1183748,88.8901,test,categorical,1,24,L1_S24,131513,11.1099
test_categorical,L1_S24_F1548,1183744,1183748,99.9997,test,categorical,1,24,L1_S24,4,0.0003
test_categorical,L1_S24_F1549,1183744,1183748,99.9997,test,categorical,1,24,L1_S24,4,0.0003
test_categorical,L1_S24_F1551,1052235,1183748,88.8901,test,categorical,1,24,L1_S24,131513,11.1099
test_categorical,L1_S24_F1552,1183744,1183748,99.9997,test,categorical,1,24,L1_S24,4,0.0003
test_categorical,L1_S24_F1553,1183744,1183748,99.9997,test,categorical,1,24,L1_S24,4,0.0003
test_categorical,L1_S24_F1555,1052235,1183748,88.8901,test,categorical,1,24,L1_S24,131513,11.1099
test_categorical,L1_S24_F1556,1183744,1183748,99.9997,test,categorical,1,24,L1_S24,4,0.0003
test_categorical,L1_S24_F1557,1183744,1183748,99.9997,test,categorical,1,24,L1_S24,4,0.0003
test_categorical,L1_S24_F1559,1054678,1183748,89.0965,test,categorical,1,24,L1_S24,129070,10.9035
test_categorical,L1_S24_F1560,1183744,1183748,99.9997,test,categorical,1,24,L1_S24,4,0.0003
test_categorical,L1_S24_F1561,1183748,1183748,100.0,test,categorical,1,24,L1_S24,0,0.0
test_categorical,L1_S24_F1563,1183748,1183748,100.0,test,categorical,1,24,L1_S24,0,0.0
test_categorical,L1_S24_F1564,1183748,1183748,100.0,test,categorical,1,24,L1_S24,0,0.0
test_categorical,L1_S24_F1577,1183748,1183748,100.0,test,categorical,1,24,L1_S24,0,0.0
test_categorical,L1_S24_F1580,1183748,1183748,100.0,test,categorical,1,24,L1_S24,0,0.0
test_categorical,L1_S24_F1582,1183624,1183748,99.9895,test,categorical,1,24,L1_S24,124,0.0105
test_categorical,L1_S24_F1584,1117779,1183748,94.4271,test,categorical,1,24,L1_S24,65969,5.5729
test_categorical,L1_S24_F1585,1183624,1183748,99.9895,test,categorical,1,24,L1_S24,124,0.0105
test_categorical,L1_S24_F1586,1183624,1183748,99.9895,test,categorical,1,24,L1_S24,124,0.0105
test_categorical,L1_S24_F1588,1117779,1183748,94.4271,test,categorical,1,24,L1_S24,65969,5.5729
test_categorical,L1_S24_F1589,1183624,1183748,99.9895,test,categorical,1,24,L1_S24,124,0.0105
test_categorical,L1_S24_F1590,1183624,1183748,99.9895,test,categorical,1,24,L1_S24,124,0.0105
test_categorical,L1_S24_F1592,1117779,1183748,94.4271,test,categorical,1,24,L1_S24,65969,5.5729
test_categorical,L1_S24_F1593,1183624,1183748,99.9895,test,categorical,1,24,L1_S24,124,0.0105
test_categorical,L1_S24_F1595,1183624,1183748,99.9895,test,categorical,1,24,L1_S24,124,0.0105
test_categorical,L1_S24_F1597,1117779,1183748,94.4271,test,categorical,1,24,L1_S24,65969,5.5729
test_categorical,L1_S24_F1598,1183624,1183748,99.9895,test,categorical,1,24,L1_S24,124,0.0105
test_categorical,L1_S24_F1600,1183624,1183748,99.9895,test,categorical,1,24,L1_S24,124,0.0105
test_categorical,L1_S24_F1602,1117779,1183748,94.4271,test,categorical,1,24,L1_S24,65969,5.5729
test_categorical,L1_S24_F1603,1183624,1183748,99.9895,test,categorical,1,24,L1_S24,124,0.0105
test_categorical,L1_S24_F1605,1183624,1183748,99.9895,test,categorical,1,24,L1_S24,124,0.0105
test_categorical,L1_S24_F1607,1117779,1183748,94.4271,test,categorical,1,24,L1_S24,65969,5.5729
test_categorical,L1_S24_F1608,1183624,1183748,99.9895,test,categorical,1,24,L1_S24,124,0.0105
test_categorical,L1_S24_F1610,1183624,1183748,99.9895,test,categorical,1,24,L1_S24,124,0.0105
test_categorical,L1_S24_F1612,1117779,1183748,94.4271,test,categorical,1,24,L1_S24,65969,5.5729
test_categorical,L1_S24_F1613,1183624,1183748,99.9895,test,categorical,1,24,L1_S24,124,0.0105
test_categorical,L1_S24_F1614,1183624,1183748,99.9895,test,categorical,1,24,L1_S24,124,0.0105
test_categorical,L1_S24_F1616,1117779,1183748,94.4271,test,categorical,1,24,L1_S24,65969,5.5729
test_categorical,L1_S24_F1617,1183624,1183748,99.9895,test,categorical,1,24,L1_S24,124,0.0105
test_categorical,L1_S24_F1618,1183624,1183748,99.9895,test,categorical,1,24,L1_S24,124,0.0105
test_categorical,L1_S24_F1620,1117779,1183748,94.4271,test,categorical,1,24,L1_S24,65969,5.5729
test_categorical,L1_S24_F1621,1183624,1183748,99.9895,test,categorical,1,24,L1_S24,124,0.0105
test_categorical,L1_S24_F1623,1183624,1183748,99.9895,test,categorical,1,24,L1_S24,124,0.0105
test_categorical,L1_S24_F1625,1117779,1183748,94.4271,test,categorical,1,24,L1_S24,65969,5.5729
test_categorical,L1_S24_F1626,1183624,1183748,99.9895,test,categorical,1,24,L1_S24,124,0.0105
test_categorical,L1_S24_F1628,1183624,1183748,99.9895,test,categorical,1,24,L1_S24,124,0.0105
test_categorical,L1_S24_F1630,1117779,1183748,94.4271,test,categorical,1,24,L1_S24,65969,5.5729
test_categorical,L1_S24_F1631,1183624,1183748,99.9895,test,categorical,1,24,L1_S24,124,0.0105
test_categorical,L1_S24_F1633,1183624,1183748,99.9895,test,categorical,1,24,L1_S24,124,0.0105
test_categorical,L1_S24_F1635,1117779,1183748,94.4271,test,categorical,1,24,L1_S24,65969,5.5729
test_categorical,L1_S24_F1636,1183624,1183748,99.9895,test,categorical,1,24,L1_S24,124,0.0105
test_categorical,L1_S24_F1638,1183624,1183748,99.9895,test,categorical,1,24,L1_S24,124,0.0105
test_categorical,L1_S24_F1640,1117779,1183748,94.4271,test,categorical,1,24,L1_S24,65969,5.5729
test_categorical,L1_S24_F1641,1183624,1183748,99.9895,test,categorical,1,24,L1_S24,124,0.0105
test_categorical,L1_S24_F1643,1183624,1183748,99.9895,test,categorical,1,24,L1_S24,124,0.0105
test_categorical,L1_S24_F1645,1117779,1183748,94.4271,test,categorical,1,24,L1_S24,65969,5.5729
test_categorical,L1_S24_F1646,1183624,1183748,99.9895,test,categorical,1,24,L1_S24,124,0.0105
test_categorical,L1_S24_F1648,1183624,1183748,99.9895,test,categorical,1,24,L1_S24,124,0.0105
test_categorical,L1_S24_F1650,1117779,1183748,94.4271,test,categorical,1,24,L1_S24,65969,5.5729
test_categorical,L1_S24_F1651,1183624,1183748,99.9895,test,categorical,1,24,L1_S24,124,0.0105
test_categorical,L1_S24_F1653,1183624,1183748,99.9895,test,categorical,1,24,L1_S24,124,0.0105
test_categorical,L1_S24_F1655,1117779,1183748,94.4271,test,categorical,1,24,L1_S24,65969,5.5729
test_categorical,L1_S24_F1656,1183624,1183748,99.9895,test,categorical,1,24,L1_S24,124,0.0105
test_categorical,L1_S24_F1658,1183624,1183748,99.9895,test,categorical,1,24,L1_S24,124,0.0105
test_categorical,L1_S24_F1660,1117779,1183748,94.4271,test,categorical,1,24,L1_S24,65969,5.5729
test_categorical,L1_S24_F1661,1183624,1183748,99.9895,test,categorical,1,24,L1_S24,124,0.0105
test_categorical,L1_S24_F1663,1183624,1183748,99.9895,test,categorical,1,24,L1_S24,124,0.0105
test_categorical,L1_S24_F1665,1117779,1183748,94.4271,test,categorical,1,24,L1_S24,65969,5.5729
test_categorical,L1_S24_F1666,1183624,1183748,99.9895,test,categorical,1,24,L1_S24,124,0.0105
test_categorical,L1_S24_F1668,1183624,1183748,99.9895,test,categorical,1,24,L1_S24,124,0.0105
test_categorical,L1_S24_F1670,1117779,1183748,94.4271,test,categorical,1,24,L1_S24,65969,5.5729
test_categorical,L1_S24_F1671,1183624,1183748,99.9895,test,categorical,1,24,L1_S24,124,0.0105
test_categorical,L1_S24_F1673,1183745,1183748,99.9997,test,categorical,1,24,L1_S24,3,0.0003
test_categorical,L1_S24_F1675,1117710,1183748,94.4213,test,categorical,1,24,L1_S24,66038,5.5787
test_categorical,L1_S24_F1676,1183745,1183748,99.9997,test,categorical,1,24,L1_S24,3,0.0003
test_categorical,L1_S24_F1677,1183745,1183748,99.9997,test,categorical,1,24,L1_S24,3,0.0003
test_categorical,L1_S24_F1679,1117710,1183748,94.4213,test,categorical,1,24,L1_S24,66038,5.5787
test_categorical,L1_S24_F1680,1183745,1183748,99.9997,test,categorical,1,24,L1_S24,3,0.0003
test_categorical,L1_S24_F1681,1183745,1183748,99.9997,test,categorical,1,24,L1_S24,3,0.0003
test_categorical,L1_S24_F1683,1117710,1183748,94.4213,test,categorical,1,24,L1_S24,66038,5.5787
test_categorical,L1_S24_F1684,1183745,1183748,99.9997,test,categorical,1,24,L1_S24,3,0.0003
test_categorical,L1_S24_F1686,1183745,1183748,99.9997,test,categorical,1,24,L1_S24,3,0.0003
test_categorical,L1_S24_F1688,1117710,1183748,94.4213,test,categorical,1,24,L1_S24,66038,5.5787
test_categorical,L1_S24_F1689,1183745,1183748,99.9997,test,categorical,1,24,L1_S24,3,0.0003
test_categorical,L1_S24_F1691,1183745,1183748,99.9997,test,categorical,1,24,L1_S24,3,0.0003
test_categorical,L1_S24_F1693,1117710,1183748,94.4213,test,categorical,1,24,L1_S24,66038,5.5787
test_categorical,L1_S24_F1694,1183745,1183748,99.9997,test,categorical,1,24,L1_S24,3,0.0003
test_categorical,L1_S24_F1696,1183745,1183748,99.9997,test,categorical,1,24,L1_S24,3,0.0003
test_categorical,L1_S24_F1698,1117710,1183748,94.4213,test,categorical,1,24,L1_S24,66038,5.5787
test_categorical,L1_S24_F1699,1183745,1183748,99.9997,test,categorical,1,24,L1_S24,3,0.0003
test_categorical,L1_S24_F1701,1183745,1183748,99.9997,test,categorical,1,24,L1_S24,3,0.0003
test_categorical,L1_S24_F1703,1117710,1183748,94.4213,test,categorical,1,24,L1_S24,66038,5.5787
test_categorical,L1_S24_F1704,1183745,1183748,99.9997,test,categorical,1,24,L1_S24,3,0.0003
test_categorical,L1_S24_F1705,1183745,1183748,99.9997,test,categorical,1,24,L1_S24,3,0.0003
test_categorical,L1_S24_F1707,1117710,1183748,94.4213,test,categorical,1,24,L1_S24,66038,5.5787
test_categorical,L1_S24_F1708,1183745,1183748,99.9997,test,categorical,1,24,L1_S24,3,0.0003
test_categorical,L1_S24_F1709,1183745,1183748,99.9997,test,categorical,1,24,L1_S24,3,0.0003
test_categorical,L1_S24_F1711,1117710,1183748,94.4213,test,categorical,1,24,L1_S24,66038,5.5787
test_categorical,L1_S24_F1712,1183745,1183748,99.9997,test,categorical,1,24,L1_S24,3,0.0003
test_categorical,L1_S24_F1714,1183745,1183748,99.9997,test,categorical,1,24,L1_S24,3,0.0003
test_categorical,L1_S24_F1716,1117710,1183748,94.4213,test,categorical,1,24,L1_S24,66038,5.5787
test_categorical,L1_S24_F1717,1183745,1183748,99.9997,test,categorical,1,24,L1_S24,3,0.0003
test_categorical,L1_S24_F1719,1183745,1183748,99.9997,test,categorical,1,24,L1_S24,3,0.0003
test_categorical,L1_S24_F1721,1117710,1183748,94.4213,test,categorical,1,24,L1_S24,66038,5.5787
test_categorical,L1_S24_F1722,1183745,1183748,99.9997,test,categorical,1,24,L1_S24,3,0.0003
test_categorical,L1_S24_F1724,1183745,1183748,99.9997,test,categorical,1,24,L1_S24,3,0.0003
test_categorical,L1_S24_F1726,1117710,1183748,94.4213,test,categorical,1,24,L1_S24,66038,5.5787
test_categorical,L1_S24_F1727,1183745,1183748,99.9997,test,categorical,1,24,L1_S24,3,0.0003
test_categorical,L1_S24_F1729,1183745,1183748,99.9997,test,categorical,1,24,L1_S24,3,0.0003
test_categorical,L1_S24_F1731,1117710,1183748,94.4213,test,categorical,1,24,L1_S24,66038,5.5787
test_categorical,L1_S24_F1732,1183745,1183748,99.9997,test,categorical,1,24,L1_S24,3,0.0003
test_categorical,L1_S24_F1734,1183745,1183748,99.9997,test,categorical,1,24,L1_S24,3,0.0003
test_categorical,L1_S24_F1736,1117710,1183748,94.4213,test,categorical,1,24,L1_S24,66038,5.5787
test_categorical,L1_S24_F1737,1183745,1183748,99.9997,test,categorical,1,24,L1_S24,3,0.0003
test_categorical,L1_S24_F1739,1183745,1183748,99.9997,test,categorical,1,24,L1_S24,3,0.0003
test_categorical,L1_S24_F1741,1117710,1183748,94.4213,test,categorical,1,24,L1_S24,66038,5.5787
test_categorical,L1_S24_F1742,1183745,1183748,99.9997,test,categorical,1,24,L1_S24,3,0.0003
test_categorical,L1_S24_F1744,1183745,1183748,99.9997,test,categorical,1,24,L1_S24,3,0.0003
test_categorical,L1_S24_F1746,1117710,1183748,94.4213,test,categorical,1,24,L1_S24,66038,5.5787
test_categorical,L1_S24_F1747,1183745,1183748,99.9997,test,categorical,1,24,L1_S24,3,0.0003
test_categorical,L1_S24_F1749,1183745,1183748,99.9997,test,categorical,1,24,L1_S24,3,0.0003
test_categorical,L1_S24_F1751,1117710,1183748,94.4213,test,categorical,1,24,L1_S24,66038,5.5787
test_categorical,L1_S24_F1752,1183745,1183748,99.9997,test,categorical,1,24,L1_S24,3,0.0003
test_categorical,L1_S24_F1754,1183745,1183748,99.9997,test,categorical,1,24,L1_S24,3,0.0003
test_categorical,L1_S24_F1756,1117710,1183748,94.4213,test,categorical,1,24,L1_S24,66038,5.5787
test_categorical,L1_S24_F1757,1183745,1183748,99.9997,test,categorical,1,24,L1_S24,3,0.0003
test_categorical,L1_S24_F1759,1183745,1183748,99.9997,test,categorical,1,24,L1_S24,3,0.0003
test_categorical,L1_S24_F1761,1117710,1183748,94.4213,test,categorical,1,24,L1_S24,66038,5.5787
test_categorical,L1_S24_F1762,1183745,1183748,99.9997,test,categorical,1,24,L1_S24,3,0.0003
test_categorical,L1_S24_F1764,1183718,1183748,99.9975,test,categorical,1,24,L1_S24,30,0.0025
test_categorical,L1_S24_F1766,1183718,1183748,99.9975,test,categorical,1,24,L1_S24,30,0.0025
test_categorical,L1_S24_F1767,1183718,1183748,99.9975,test,categorical,1,24,L1_S24,30,0.0025
test_categorical,L1_S24_F1769,1183733,1183748,99.9987,test,categorical,1,24,L1_S24,15,0.0013
test_categorical,L1_S24_F1771,1183733,1183748,99.9987,test,categorical,1,24,L1_S24,15,0.0013
test_categorical,L1_S24_F1772,1183733,1183748,99.9987,test,categorical,1,24,L1_S24,15,0.0013
test_categorical,L1_S24_F1774,1183718,1183748,99.9975,test,categorical,1,24,L1_S24,30,0.0025
test_categorical,L1_S24_F1776,1183718,1183748,99.9975,test,categorical,1,24,L1_S24,30,0.0025
test_categorical,L1_S24_F1777,1183718,1183748,99.9975,test,categorical,1,24,L1_S24,30,0.0025
test_categorical,L1_S24_F1779,1183718,1183748,99.9975,test,categorical,1,24,L1_S24,30,0.0025
test_categorical,L1_S24_F1781,1183718,1183748,99.9975,test,categorical,1,24,L1_S24,30,0.0025
test_categorical,L1_S24_F1782,1183718,1183748,99.9975,test,categorical,1,24,L1_S24,30,0.0025
test_categorical,L1_S24_F1784,1183718,1183748,99.9975,test,categorical,1,24,L1_S24,30,0.0025
test_categorical,L1_S24_F1786,1183718,1183748,99.9975,test,categorical,1,24,L1_S24,30,0.0025
test_categorical,L1_S24_F1787,1183718,1183748,99.9975,test,categorical,1,24,L1_S24,30,0.0025
test_categorical,L1_S24_F1789,1183718,1183748,99.9975,test,categorical,1,24,L1_S24,30,0.0025
test_categorical,L1_S24_F1791,1183718,1183748,99.9975,test,categorical,1,24,L1_S24,30,0.0025
test_categorical,L1_S24_F1792,1183718,1183748,99.9975,test,categorical,1,24,L1_S24,30,0.0025
test_categorical,L1_S24_F1794,1183718,1183748,99.9975,test,categorical,1,24,L1_S24,30,0.0025
test_categorical,L1_S24_F1796,1183718,1183748,99.9975,test,categorical,1,24,L1_S24,30,0.0025
test_categorical,L1_S24_F1797,1183718,1183748,99.9975,test,categorical,1,24,L1_S24,30,0.0025
test_categorical,L1_S24_F1799,1183718,1183748,99.9975,test,categorical,1,24,L1_S24,30,0.0025
test_categorical,L1_S24_F1801,1183718,1183748,99.9975,test,categorical,1,24,L1_S24,30,0.0025
test_categorical,L1_S24_F1802,1183718,1183748,99.9975,test,categorical,1,24,L1_S24,30,0.0025
test_categorical,L1_S24_F1804,1183718,1183748,99.9975,test,categorical,1,24,L1_S24,30,0.0025
test_categorical,L1_S24_F1806,1183718,1183748,99.9975,test,categorical,1,24,L1_S24,30,0.0025
test_categorical,L1_S24_F1807,1183718,1183748,99.9975,test,categorical,1,24,L1_S24,30,0.0025
test_categorical,L1_S24_F1827,1051892,1183748,88.8611,test,categorical,1,24,L1_S24,131856,11.1389
test_categorical,L1_S25_F1852,1128173,1183748,95.3052,test,categorical,1,25,L1_S25,55575,4.6948
test_categorical,L1_S25_F1853,1183747,1183748,99.9999,test,categorical,1,25,L1_S25,1,0.0001
test_categorical,L1_S25_F1856,1183747,1183748,99.9999,test,categorical,1,25,L1_S25,1,0.0001
test_categorical,L1_S25_F1859,1183747,1183748,99.9999,test,categorical,1,25,L1_S25,1,0.0001
test_categorical,L1_S25_F1861,1183747,1183748,99.9999,test,categorical,1,25,L1_S25,1,0.0001
test_categorical,L1_S25_F1863,1183747,1183748,99.9999,test,categorical,1,25,L1_S25,1,0.0001
test_categorical,L1_S25_F1866,1183735,1183748,99.9989,test,categorical,1,25,L1_S25,13,0.0011
test_categorical,L1_S25_F1868,1183739,1183748,99.9992,test,categorical,1,25,L1_S25,9,0.0008
test_categorical,L1_S25_F1870,1183735,1183748,99.9989,test,categorical,1,25,L1_S25,13,0.0011
test_categorical,L1_S25_F1872,1183739,1183748,99.9992,test,categorical,1,25,L1_S25,9,0.0008
test_categorical,L1_S25_F1874,1183735,1183748,99.9989,test,categorical,1,25,L1_S25,13,0.0011
test_categorical,L1_S25_F1876,1183739,1183748,99.9992,test,categorical,1,25,L1_S25,9,0.0008
test_categorical,L1_S25_F1878,1183735,1183748,99.9989,test,categorical,1,25,L1_S25,13,0.0011
test_categorical,L1_S25_F1880,1183739,1183748,99.9992,test,categorical,1,25,L1_S25,9,0.0008
test_categorical,L1_S25_F1882,1183722,1183748,99.9978,test,categorical,1,25,L1_S25,26,0.0022
test_categorical,L1_S25_F1884,1183743,1183748,99.9996,test,categorical,1,25,L1_S25,5,0.0004
test_categorical,L1_S25_F1886,1183747,1183748,99.9999,test,categorical,1,25,L1_S25,1,0.0001
test_categorical,L1_S25_F1888,1183747,1183748,99.9999,test,categorical,1,25,L1_S25,1,0.0001
test_categorical,L1_S25_F1889,1183747,1183748,99.9999,test,categorical,1,25,L1_S25,1,0.0001
test_categorical,L1_S25_F1897,1183738,1183748,99.9992,test,categorical,1,25,L1_S25,10,0.0008
test_categorical,L1_S25_F1899,1183743,1183748,99.9996,test,categorical,1,25,L1_S25,5,0.0004
test_categorical,L1_S25_F1901,1183555,1183748,99.9837,test,categorical,1,25,L1_S25,193,0.0163
test_categorical,L1_S25_F1903,1155839,1183748,97.6423,test,categorical,1,25,L1_S25,27909,2.3577
test_categorical,L1_S25_F1904,1183555,1183748,99.9837,test,categorical,1,25,L1_S25,193,0.0163
test_categorical,L1_S25_F1905,1183555,1183748,99.9837,test,categorical,1,25,L1_S25,193,0.0163
test_categorical,L1_S25_F1907,1155839,1183748,97.6423,test,categorical,1,25,L1_S25,27909,2.3577
test_categorical,L1_S25_F1908,1183555,1183748,99.9837,test,categorical,1,25,L1_S25,193,0.0163
test_categorical,L1_S25_F1910,1183555,1183748,99.9837,test,categorical,1,25,L1_S25,193,0.0163
test_categorical,L1_S25_F1912,1155839,1183748,97.6423,test,categorical,1,25,L1_S25,27909,2.3577
test_categorical,L1_S25_F1913,1183555,1183748,99.9837,test,categorical,1,25,L1_S25,193,0.0163
test_categorical,L1_S25_F1915,1183555,1183748,99.9837,test,categorical,1,25,L1_S25,193,0.0163
test_categorical,L1_S25_F1917,1155839,1183748,97.6423,test,categorical,1,25,L1_S25,27909,2.3577
test_categorical,L1_S25_F1918,1183555,1183748,99.9837,test,categorical,1,25,L1_S25,193,0.0163
test_categorical,L1_S25_F1920,1183555,1183748,99.9837,test,categorical,1,25,L1_S25,193,0.0163
test_categorical,L1_S25_F1922,1155839,1183748,97.6423,test,categorical,1,25,L1_S25,27909,2.3577
test_categorical,L1_S25_F1923,1183555,1183748,99.9837,test,categorical,1,25,L1_S25,193,0.0163
test_categorical,L1_S25_F1925,1183555,1183748,99.9837,test,categorical,1,25,L1_S25,193,0.0163
test_categorical,L1_S25_F1927,1155839,1183748,97.6423,test,categorical,1,25,L1_S25,27909,2.3577
test_categorical,L1_S25_F1928,1183555,1183748,99.9837,test,categorical,1,25,L1_S25,193,0.0163
test_categorical,L1_S25_F1930,1183555,1183748,99.9837,test,categorical,1,25,L1_S25,193,0.0163
test_categorical,L1_S25_F1932,1155839,1183748,97.6423,test,categorical,1,25,L1_S25,27909,2.3577
test_categorical,L1_S25_F1933,1183555,1183748,99.9837,test,categorical,1,25,L1_S25,193,0.0163
test_categorical,L1_S25_F1934,1183555,1183748,99.9837,test,categorical,1,25,L1_S25,193,0.0163
test_categorical,L1_S25_F1936,1155839,1183748,97.6423,test,categorical,1,25,L1_S25,27909,2.3577
test_categorical,L1_S25_F1937,1183555,1183748,99.9837,test,categorical,1,25,L1_S25,193,0.0163
test_categorical,L1_S25_F1939,1183555,1183748,99.9837,test,categorical,1,25,L1_S25,193,0.0163
test_categorical,L1_S25_F1941,1155839,1183748,97.6423,test,categorical,1,25,L1_S25,27909,2.3577
test_categorical,L1_S25_F1942,1183555,1183748,99.9837,test,categorical,1,25,L1_S25,193,0.0163
test_categorical,L1_S25_F1944,1183555,1183748,99.9837,test,categorical,1,25,L1_S25,193,0.0163
test_categorical,L1_S25_F1946,1155839,1183748,97.6423,test,categorical,1,25,L1_S25,27909,2.3577
test_categorical,L1_S25_F1947,1183555,1183748,99.9837,test,categorical,1,25,L1_S25,193,0.0163
test_categorical,L1_S25_F1949,1183555,1183748,99.9837,test,categorical,1,25,L1_S25,193,0.0163
test_categorical,L1_S25_F1951,1155839,1183748,97.6423,test,categorical,1,25,L1_S25,27909,2.3577
test_categorical,L1_S25_F1952,1183555,1183748,99.9837,test,categorical,1,25,L1_S25,193,0.0163
test_categorical,L1_S25_F1954,1183555,1183748,99.9837,test,categorical,1,25,L1_S25,193,0.0163
test_categorical,L1_S25_F1956,1155839,1183748,97.6423,test,categorical,1,25,L1_S25,27909,2.3577
test_categorical,L1_S25_F1957,1183555,1183748,99.9837,test,categorical,1,25,L1_S25,193,0.0163
test_categorical,L1_S25_F1959,1183555,1183748,99.9837,test,categorical,1,25,L1_S25,193,0.0163
test_categorical,L1_S25_F1961,1155839,1183748,97.6423,test,categorical,1,25,L1_S25,27909,2.3577
test_categorical,L1_S25_F1962,1183555,1183748,99.9837,test,categorical,1,25,L1_S25,193,0.0163
test_categorical,L1_S25_F1964,1183555,1183748,99.9837,test,categorical,1,25,L1_S25,193,0.0163
test_categorical,L1_S25_F1966,1155839,1183748,97.6423,test,categorical,1,25,L1_S25,27909,2.3577
test_categorical,L1_S25_F1967,1183555,1183748,99.9837,test,categorical,1,25,L1_S25,193,0.0163
test_categorical,L1_S25_F1969,1183555,1183748,99.9837,test,categorical,1,25,L1_S25,193,0.0163
test_categorical,L1_S25_F1971,1155839,1183748,97.6423,test,categorical,1,25,L1_S25,27909,2.3577
test_categorical,L1_S25_F1972,1183555,1183748,99.9837,test,categorical,1,25,L1_S25,193,0.0163
test_categorical,L1_S25_F1974,1183555,1183748,99.9837,test,categorical,1,25,L1_S25,193,0.0163
test_categorical,L1_S25_F1976,1155839,1183748,97.6423,test,categorical,1,25,L1_S25,27909,2.3577
test_categorical,L1_S25_F1977,1183555,1183748,99.9837,test,categorical,1,25,L1_S25,193,0.0163
test_categorical,L1_S25_F1979,1183606,1183748,99.988,test,categorical,1,25,L1_S25,142,0.012
test_categorical,L1_S25_F1981,1156063,1183748,97.6612,test,categorical,1,25,L1_S25,27685,2.3388
test_categorical,L1_S25_F1982,1183606,1183748,99.988,test,categorical,1,25,L1_S25,142,0.012
test_categorical,L1_S25_F1983,1183606,1183748,99.988,test,categorical,1,25,L1_S25,142,0.012
test_categorical,L1_S25_F1985,1156063,1183748,97.6612,test,categorical,1,25,L1_S25,27685,2.3388
test_categorical,L1_S25_F1986,1183606,1183748,99.988,test,categorical,1,25,L1_S25,142,0.012
test_categorical,L1_S25_F1988,1183606,1183748,99.988,test,categorical,1,25,L1_S25,142,0.012
test_categorical,L1_S25_F1990,1156063,1183748,97.6612,test,categorical,1,25,L1_S25,27685,2.3388
test_categorical,L1_S25_F1991,1183606,1183748,99.988,test,categorical,1,25,L1_S25,142,0.012
test_categorical,L1_S25_F1993,1183606,1183748,99.988,test,categorical,1,25,L1_S25,142,0.012
test_categorical,L1_S25_F1995,1156063,1183748,97.6612,test,categorical,1,25,L1_S25,27685,2.3388
test_categorical,L1_S25_F1996,1183606,1183748,99.988,test,categorical,1,25,L1_S25,142,0.012
test_categorical,L1_S25_F1998,1183606,1183748,99.988,test,categorical,1,25,L1_S25,142,0.012
test_categorical,L1_S25_F2000,1156063,1183748,97.6612,test,categorical,1,25,L1_S25,27685,2.3388
test_categorical,L1_S25_F2001,1183606,1183748,99.988,test,categorical,1,25,L1_S25,142,0.012
test_categorical,L1_S25_F2003,1183606,1183748,99.988,test,categorical,1,25,L1_S25,142,0.012
test_categorical,L1_S25_F2005,1156063,1183748,97.6612,test,categorical,1,25,L1_S25,27685,2.3388
test_categorical,L1_S25_F2006,1183606,1183748,99.988,test,categorical,1,25,L1_S25,142,0.012
test_categorical,L1_S25_F2008,1183606,1183748,99.988,test,categorical,1,25,L1_S25,142,0.012
test_categorical,L1_S25_F2010,1156063,1183748,97.6612,test,categorical,1,25,L1_S25,27685,2.3388
test_categorical,L1_S25_F2011,1183606,1183748,99.988,test,categorical,1,25,L1_S25,142,0.012
test_categorical,L1_S25_F2012,1183606,1183748,99.988,test,categorical,1,25,L1_S25,142,0.012
test_categorical,L1_S25_F2014,1156063,1183748,97.6612,test,categorical,1,25,L1_S25,27685,2.3388
test_categorical,L1_S25_F2015,1183606,1183748,99.988,test,categorical,1,25,L1_S25,142,0.012
test_categorical,L1_S25_F2017,1183606,1183748,99.988,test,categorical,1,25,L1_S25,142,0.012
test_categorical,L1_S25_F2019,1156063,1183748,97.6612,test,categorical,1,25,L1_S25,27685,2.3388
test_categorical,L1_S25_F2020,1183606,1183748,99.988,test,categorical,1,25,L1_S25,142,0.012
test_categorical,L1_S25_F2022,1183606,1183748,99.988,test,categorical,1,25,L1_S25,142,0.012
test_categorical,L1_S25_F2024,1156063,1183748,97.6612,test,categorical,1,25,L1_S25,27685,2.3388
test_categorical,L1_S25_F2025,1183606,1183748,99.988,test,categorical,1,25,L1_S25,142,0.012
test_categorical,L1_S25_F2027,1183606,1183748,99.988,test,categorical,1,25,L1_S25,142,0.012
test_categorical,L1_S25_F2029,1156063,1183748,97.6612,test,categorical,1,25,L1_S25,27685,2.3388
test_categorical,L1_S25_F2030,1183606,1183748,99.988,test,categorical,1,25,L1_S25,142,0.012
test_categorical,L1_S25_F2032,1183606,1183748,99.988,test,categorical,1,25,L1_S25,142,0.012
test_categorical,L1_S25_F2034,1156063,1183748,97.6612,test,categorical,1,25,L1_S25,27685,2.3388
test_categorical,L1_S25_F2035,1183606,1183748,99.988,test,categorical,1,25,L1_S25,142,0.012
test_categorical,L1_S25_F2037,1183606,1183748,99.988,test,categorical,1,25,L1_S25,142,0.012
test_categorical,L1_S25_F2039,1156063,1183748,97.6612,test,categorical,1,25,L1_S25,27685,2.3388
test_categorical,L1_S25_F2040,1183606,1183748,99.988,test,categorical,1,25,L1_S25,142,0.012
test_categorical,L1_S25_F2042,1183606,1183748,99.988,test,categorical,1,25,L1_S25,142,0.012
test_categorical,L1_S25_F2044,1156063,1183748,97.6612,test,categorical,1,25,L1_S25,27685,2.3388
test_categorical,L1_S25_F2045,1183606,1183748,99.988,test,categorical,1,25,L1_S25,142,0.012
test_categorical,L1_S25_F2047,1183606,1183748,99.988,test,categorical,1,25,L1_S25,142,0.012
test_categorical,L1_S25_F2049,1156063,1183748,97.6612,test,categorical,1,25,L1_S25,27685,2.3388
test_categorical,L1_S25_F2050,1183606,1183748,99.988,test,categorical,1,25,L1_S25,142,0.012
test_categorical,L1_S25_F2052,1183606,1183748,99.988,test,categorical,1,25,L1_S25,142,0.012
test_categorical,L1_S25_F2054,1156063,1183748,97.6612,test,categorical,1,25,L1_S25,27685,2.3388
test_categorical,L1_S25_F2055,1183606,1183748,99.988,test,categorical,1,25,L1_S25,142,0.012
test_categorical,L1_S25_F2057,1183737,1183748,99.9991,test,categorical,1,25,L1_S25,11,0.0009
test_categorical,L1_S25_F2059,1183746,1183748,99.9998,test,categorical,1,25,L1_S25,2,0.0002
test_categorical,L1_S25_F2060,1183737,1183748,99.9991,test,categorical,1,25,L1_S25,11,0.0009
test_categorical,L1_S25_F2062,1183737,1183748,99.9991,test,categorical,1,25,L1_S25,11,0.0009
test_categorical,L1_S25_F2064,1183746,1183748,99.9998,test,categorical,1,25,L1_S25,2,0.0002
test_categorical,L1_S25_F2065,1183737,1183748,99.9991,test,categorical,1,25,L1_S25,11,0.0009
test_categorical,L1_S25_F2067,1183737,1183748,99.9991,test,categorical,1,25,L1_S25,11,0.0009
test_categorical,L1_S25_F2069,1183746,1183748,99.9998,test,categorical,1,25,L1_S25,2,0.0002
test_categorical,L1_S25_F2070,1183737,1183748,99.9991,test,categorical,1,25,L1_S25,11,0.0009
test_categorical,L1_S25_F2072,1183737,1183748,99.9991,test,categorical,1,25,L1_S25,11,0.0009
test_categorical,L1_S25_F2074,1183746,1183748,99.9998,test,categorical,1,25,L1_S25,2,0.0002
test_categorical,L1_S25_F2075,1183737,1183748,99.9991,test,categorical,1,25,L1_S25,11,0.0009
test_categorical,L1_S25_F2077,1183737,1183748,99.9991,test,categorical,1,25,L1_S25,11,0.0009
test_categorical,L1_S25_F2079,1183746,1183748,99.9998,test,categorical,1,25,L1_S25,2,0.0002
test_categorical,L1_S25_F2080,1183737,1183748,99.9991,test,categorical,1,25,L1_S25,11,0.0009
test_categorical,L1_S25_F2082,1183737,1183748,99.9991,test,categorical,1,25,L1_S25,11,0.0009
test_categorical,L1_S25_F2084,1183746,1183748,99.9998,test,categorical,1,25,L1_S25,2,0.0002
test_categorical,L1_S25_F2085,1183737,1183748,99.9991,test,categorical,1,25,L1_S25,11,0.0009
test_categorical,L1_S25_F2087,1183737,1183748,99.9991,test,categorical,1,25,L1_S25,11,0.0009
test_categorical,L1_S25_F2089,1183746,1183748,99.9998,test,categorical,1,25,L1_S25,2,0.0002
test_categorical,L1_S25_F2090,1183737,1183748,99.9991,test,categorical,1,25,L1_S25,11,0.0009
test_categorical,L1_S25_F2092,1183737,1183748,99.9991,test,categorical,1,25,L1_S25,11,0.0009
test_categorical,L1_S25_F2094,1183746,1183748,99.9998,test,categorical,1,25,L1_S25,2,0.0002
test_categorical,L1_S25_F2095,1183737,1183748,99.9991,test,categorical,1,25,L1_S25,11,0.0009
test_categorical,L1_S25_F2097,1183745,1183748,99.9997,test,categorical,1,25,L1_S25,3,0.0003
test_categorical,L1_S25_F2099,1178455,1183748,99.5529,test,categorical,1,25,L1_S25,5293,0.4471
test_categorical,L1_S25_F2100,1183745,1183748,99.9997,test,categorical,1,25,L1_S25,3,0.0003
test_categorical,L1_S25_F2102,1183745,1183748,99.9997,test,categorical,1,25,L1_S25,3,0.0003
test_categorical,L1_S25_F2104,1178455,1183748,99.5529,test,categorical,1,25,L1_S25,5293,0.4471
test_categorical,L1_S25_F2105,1183745,1183748,99.9997,test,categorical,1,25,L1_S25,3,0.0003
test_categorical,L1_S25_F2107,1183745,1183748,99.9997,test,categorical,1,25,L1_S25,3,0.0003
test_categorical,L1_S25_F2109,1178455,1183748,99.5529,test,categorical,1,25,L1_S25,5293,0.4471
test_categorical,L1_S25_F2110,1183745,1183748,99.9997,test,categorical,1,25,L1_S25,3,0.0003
test_categorical,L1_S25_F2112,1183745,1183748,99.9997,test,categorical,1,25,L1_S25,3,0.0003
test_categorical,L1_S25_F2114,1178455,1183748,99.5529,test,categorical,1,25,L1_S25,5293,0.4471
test_categorical,L1_S25_F2115,1183745,1183748,99.9997,test,categorical,1,25,L1_S25,3,0.0003
test_categorical,L1_S25_F2117,1183745,1183748,99.9997,test,categorical,1,25,L1_S25,3,0.0003
test_categorical,L1_S25_F2119,1178455,1183748,99.5529,test,categorical,1,25,L1_S25,5293,0.4471
test_categorical,L1_S25_F2120,1183745,1183748,99.9997,test,categorical,1,25,L1_S25,3,0.0003
test_categorical,L1_S25_F2122,1183745,1183748,99.9997,test,categorical,1,25,L1_S25,3,0.0003
test_categorical,L1_S25_F2124,1178455,1183748,99.5529,test,categorical,1,25,L1_S25,5293,0.4471
test_categorical,L1_S25_F2125,1183745,1183748,99.9997,test,categorical,1,25,L1_S25,3,0.0003
test_categorical,L1_S25_F2127,1183745,1183748,99.9997,test,categorical,1,25,L1_S25,3,0.0003
test_categorical,L1_S25_F2129,1178455,1183748,99.5529,test,categorical,1,25,L1_S25,5293,0.4471
test_categorical,L1_S25_F2130,1183745,1183748,99.9997,test,categorical,1,25,L1_S25,3,0.0003
test_categorical,L1_S25_F2132,1183745,1183748,99.9997,test,categorical,1,25,L1_S25,3,0.0003
test_categorical,L1_S25_F2134,1178455,1183748,99.5529,test,categorical,1,25,L1_S25,5293,0.4471
test_categorical,L1_S25_F2135,1183745,1183748,99.9997,test,categorical,1,25,L1_S25,3,0.0003
test_categorical,L1_S25_F2137,1183714,1183748,99.9971,test,categorical,1,25,L1_S25,34,0.0029
test_categorical,L1_S25_F2139,1183714,1183748,99.9971,test,categorical,1,25,L1_S25,34,0.0029
test_categorical,L1_S25_F2141,1128668,1183748,95.347,test,categorical,1,25,L1_S25,55080,4.653
test_categorical,L1_S25_F2142,1183714,1183748,99.9971,test,categorical,1,25,L1_S25,34,0.0029
test_categorical,L1_S25_F2145,1183714,1183748,99.9971,test,categorical,1,25,L1_S25,34,0.0029
test_categorical,L1_S25_F2148,1183714,1183748,99.9971,test,categorical,1,25,L1_S25,34,0.0029
test_categorical,L1_S25_F2150,1183714,1183748,99.9971,test,categorical,1,25,L1_S25,34,0.0029
test_categorical,L1_S25_F2153,1183714,1183748,99.9971,test,categorical,1,25,L1_S25,34,0.0029
test_categorical,L1_S25_F2156,1183714,1183748,99.9971,test,categorical,1,25,L1_S25,34,0.0029
test_categorical,L1_S25_F2159,1183714,1183748,99.9971,test,categorical,1,25,L1_S25,34,0.0029
test_categorical,L1_S25_F2162,1183714,1183748,99.9971,test,categorical,1,25,L1_S25,34,0.0029
test_categorical,L1_S25_F2165,1183714,1183748,99.9971,test,categorical,1,25,L1_S25,34,0.0029
test_categorical,L1_S25_F2168,1183714,1183748,99.9971,test,categorical,1,25,L1_S25,34,0.0029
test_categorical,L1_S25_F2171,1183714,1183748,99.9971,test,categorical,1,25,L1_S25,34,0.0029
test_categorical,L1_S25_F2174,1183714,1183748,99.9971,test,categorical,1,25,L1_S25,34,0.0029
test_categorical,L1_S25_F2177,1183714,1183748,99.9971,test,categorical,1,25,L1_S25,34,0.0029
test_categorical,L1_S25_F2179,1183746,1183748,99.9998,test,categorical,1,25,L1_S25,2,0.0002
test_categorical,L1_S25_F2182,1183746,1183748,99.9998,test,categorical,1,25,L1_S25,2,0.0002
test_categorical,L1_S25_F2185,1183746,1183748,99.9998,test,categorical,1,25,L1_S25,2,0.0002
test_categorical,L1_S25_F2188,1183746,1183748,99.9998,test,categorical,1,25,L1_S25,2,0.0002
test_categorical,L1_S25_F2191,1183746,1183748,99.9998,test,categorical,1,25,L1_S25,2,0.0002
test_categorical,L1_S25_F2194,1183746,1183748,99.9998,test,categorical,1,25,L1_S25,2,0.0002
test_categorical,L1_S25_F2197,1183746,1183748,99.9998,test,categorical,1,25,L1_S25,2,0.0002
test_categorical,L1_S25_F2200,1183746,1183748,99.9998,test,categorical,1,25,L1_S25,2,0.0002
test_categorical,L1_S25_F2203,1183746,1183748,99.9998,test,categorical,1,25,L1_S25,2,0.0002
test_categorical,L1_S25_F2205,1183736,1183748,99.999,test,categorical,1,25,L1_S25,12,0.001
test_categorical,L1_S25_F2208,1183736,1183748,99.999,test,categorical,1,25,L1_S25,12,0.001
test_categorical,L1_S25_F2211,1183736,1183748,99.999,test,categorical,1,25,L1_S25,12,0.001
test_categorical,L1_S25_F2213,1183736,1183748,99.999,test,categorical,1,25,L1_S25,12,0.001
test_categorical,L1_S25_F2215,1183736,1183748,99.999,test,categorical,1,25,L1_S25,12,0.001
test_categorical,L1_S25_F2218,1183736,1183748,99.999,test,categorical,1,25,L1_S25,12,0.001
test_categorical,L1_S25_F2221,1183736,1183748,99.999,test,categorical,1,25,L1_S25,12,0.001
test_categorical,L1_S25_F2224,1183736,1183748,99.999,test,categorical,1,25,L1_S25,12,0.001
test_categorical,L1_S25_F2227,1183736,1183748,99.999,test,categorical,1,25,L1_S25,12,0.001
test_categorical,L1_S25_F2229,1176577,1183748,99.3942,test,categorical,1,25,L1_S25,7171,0.6058
test_categorical,L1_S25_F2250,1183674,1183748,99.9937,test,categorical,1,25,L1_S25,74,0.0063
test_categorical,L1_S25_F2252,1180172,1183748,99.6979,test,categorical,1,25,L1_S25,3576,0.3021
test_categorical,L1_S25_F2253,1183674,1183748,99.9937,test,categorical,1,25,L1_S25,74,0.0063
test_categorical,L1_S25_F2254,1183674,1183748,99.9937,test,categorical,1,25,L1_S25,74,0.0063
test_categorical,L1_S25_F2256,1180172,1183748,99.6979,test,categorical,1,25,L1_S25,3576,0.3021
test_categorical,L1_S25_F2257,1183674,1183748,99.9937,test,categorical,1,25,L1_S25,74,0.0063
test_categorical,L1_S25_F2259,1183674,1183748,99.9937,test,categorical,1,25,L1_S25,74,0.0063
test_categorical,L1_S25_F2261,1180172,1183748,99.6979,test,categorical,1,25,L1_S25,3576,0.3021
test_categorical,L1_S25_F2262,1183674,1183748,99.9937,test,categorical,1,25,L1_S25,74,0.0063
test_categorical,L1_S25_F2264,1183674,1183748,99.9937,test,categorical,1,25,L1_S25,74,0.0063
test_categorical,L1_S25_F2266,1180172,1183748,99.6979,test,categorical,1,25,L1_S25,3576,0.3021
test_categorical,L1_S25_F2267,1183674,1183748,99.9937,test,categorical,1,25,L1_S25,74,0.0063
test_categorical,L1_S25_F2269,1183674,1183748,99.9937,test,categorical,1,25,L1_S25,74,0.0063
test_categorical,L1_S25_F2271,1180172,1183748,99.6979,test,categorical,1,25,L1_S25,3576,0.3021
test_categorical,L1_S25_F2272,1183674,1183748,99.9937,test,categorical,1,25,L1_S25,74,0.0063
test_categorical,L1_S25_F2274,1183674,1183748,99.9937,test,categorical,1,25,L1_S25,74,0.0063
test_categorical,L1_S25_F2276,1180172,1183748,99.6979,test,categorical,1,25,L1_S25,3576,0.3021
test_categorical,L1_S25_F2277,1183674,1183748,99.9937,test,categorical,1,25,L1_S25,74,0.0063
test_categorical,L1_S25_F2279,1183674,1183748,99.9937,test,categorical,1,25,L1_S25,74,0.0063
test_categorical,L1_S25_F2281,1180172,1183748,99.6979,test,categorical,1,25,L1_S25,3576,0.3021
test_categorical,L1_S25_F2282,1183674,1183748,99.9937,test,categorical,1,25,L1_S25,74,0.0063
test_categorical,L1_S25_F2283,1183674,1183748,99.9937,test,categorical,1,25,L1_S25,74,0.0063
test_categorical,L1_S25_F2285,1180172,1183748,99.6979,test,categorical,1,25,L1_S25,3576,0.3021
test_categorical,L1_S25_F2286,1183674,1183748,99.9937,test,categorical,1,25,L1_S25,74,0.0063
test_categorical,L1_S25_F2288,1183674,1183748,99.9937,test,categorical,1,25,L1_S25,74,0.0063
test_categorical,L1_S25_F2290,1180172,1183748,99.6979,test,categorical,1,25,L1_S25,3576,0.3021
test_categorical,L1_S25_F2291,1183674,1183748,99.9937,test,categorical,1,25,L1_S25,74,0.0063
test_categorical,L1_S25_F2293,1183674,1183748,99.9937,test,categorical,1,25,L1_S25,74,0.0063
test_categorical,L1_S25_F2295,1180172,1183748,99.6979,test,categorical,1,25,L1_S25,3576,0.3021
test_categorical,L1_S25_F2296,1183674,1183748,99.9937,test,categorical,1,25,L1_S25,74,0.0063
test_categorical,L1_S25_F2298,1183674,1183748,99.9937,test,categorical,1,25,L1_S25,74,0.0063
test_categorical,L1_S25_F2300,1180172,1183748,99.6979,test,categorical,1,25,L1_S25,3576,0.3021
test_categorical,L1_S25_F2301,1183674,1183748,99.9937,test,categorical,1,25,L1_S25,74,0.0063
test_categorical,L1_S25_F2303,1183674,1183748,99.9937,test,categorical,1,25,L1_S25,74,0.0063
test_categorical,L1_S25_F2305,1180172,1183748,99.6979,test,categorical,1,25,L1_S25,3576,0.3021
test_categorical,L1_S25_F2306,1183674,1183748,99.9937,test,categorical,1,25,L1_S25,74,0.0063
test_categorical,L1_S25_F2308,1183674,1183748,99.9937,test,categorical,1,25,L1_S25,74,0.0063
test_categorical,L1_S25_F2310,1180172,1183748,99.6979,test,categorical,1,25,L1_S25,3576,0.3021
test_categorical,L1_S25_F2311,1183674,1183748,99.9937,test,categorical,1,25,L1_S25,74,0.0063
test_categorical,L1_S25_F2313,1183674,1183748,99.9937,test,categorical,1,25,L1_S25,74,0.0063
test_categorical,L1_S25_F2315,1180172,1183748,99.6979,test,categorical,1,25,L1_S25,3576,0.3021
test_categorical,L1_S25_F2316,1183674,1183748,99.9937,test,categorical,1,25,L1_S25,74,0.0063
test_categorical,L1_S25_F2318,1183674,1183748,99.9937,test,categorical,1,25,L1_S25,74,0.0063
test_categorical,L1_S25_F2320,1180172,1183748,99.6979,test,categorical,1,25,L1_S25,3576,0.3021
test_categorical,L1_S25_F2321,1183674,1183748,99.9937,test,categorical,1,25,L1_S25,74,0.0063
test_categorical,L1_S25_F2323,1183674,1183748,99.9937,test,categorical,1,25,L1_S25,74,0.0063
test_categorical,L1_S25_F2325,1180172,1183748,99.6979,test,categorical,1,25,L1_S25,3576,0.3021
test_categorical,L1_S25_F2326,1183674,1183748,99.9937,test,categorical,1,25,L1_S25,74,0.0063
test_categorical,L1_S25_F2328,1183736,1183748,99.999,test,categorical,1,25,L1_S25,12,0.001
test_categorical,L1_S25_F2330,1180127,1183748,99.6941,test,categorical,1,25,L1_S25,3621,0.3059
test_categorical,L1_S25_F2331,1183736,1183748,99.999,test,categorical,1,25,L1_S25,12,0.001
test_categorical,L1_S25_F2332,1183736,1183748,99.999,test,categorical,1,25,L1_S25,12,0.001
test_categorical,L1_S25_F2334,1180127,1183748,99.6941,test,categorical,1,25,L1_S25,3621,0.3059
test_categorical,L1_S25_F2335,1183736,1183748,99.999,test,categorical,1,25,L1_S25,12,0.001
test_categorical,L1_S25_F2337,1183736,1183748,99.999,test,categorical,1,25,L1_S25,12,0.001
test_categorical,L1_S25_F2339,1180127,1183748,99.6941,test,categorical,1,25,L1_S25,3621,0.3059
test_categorical,L1_S25_F2340,1183736,1183748,99.999,test,categorical,1,25,L1_S25,12,0.001
test_categorical,L1_S25_F2342,1183736,1183748,99.999,test,categorical,1,25,L1_S25,12,0.001
test_categorical,L1_S25_F2344,1180127,1183748,99.6941,test,categorical,1,25,L1_S25,3621,0.3059
test_categorical,L1_S25_F2345,1183736,1183748,99.999,test,categorical,1,25,L1_S25,12,0.001
test_categorical,L1_S25_F2347,1183736,1183748,99.999,test,categorical,1,25,L1_S25,12,0.001
test_categorical,L1_S25_F2349,1180127,1183748,99.6941,test,categorical,1,25,L1_S25,3621,0.3059
test_categorical,L1_S25_F2350,1183736,1183748,99.999,test,categorical,1,25,L1_S25,12,0.001
test_categorical,L1_S25_F2352,1183736,1183748,99.999,test,categorical,1,25,L1_S25,12,0.001
test_categorical,L1_S25_F2354,1180127,1183748,99.6941,test,categorical,1,25,L1_S25,3621,0.3059
test_categorical,L1_S25_F2355,1183736,1183748,99.999,test,categorical,1,25,L1_S25,12,0.001
test_categorical,L1_S25_F2357,1183736,1183748,99.999,test,categorical,1,25,L1_S25,12,0.001
test_categorical,L1_S25_F2359,1180127,1183748,99.6941,test,categorical,1,25,L1_S25,3621,0.3059
test_categorical,L1_S25_F2360,1183736,1183748,99.999,test,categorical,1,25,L1_S25,12,0.001
test_categorical,L1_S25_F2361,1183736,1183748,99.999,test,categorical,1,25,L1_S25,12,0.001
test_categorical,L1_S25_F2363,1180127,1183748,99.6941,test,categorical,1,25,L1_S25,3621,0.3059
test_categorical,L1_S25_F2364,1183736,1183748,99.999,test,categorical,1,25,L1_S25,12,0.001
test_categorical,L1_S25_F2366,1183736,1183748,99.999,test,categorical,1,25,L1_S25,12,0.001
test_categorical,L1_S25_F2368,1180127,1183748,99.6941,test,categorical,1,25,L1_S25,3621,0.3059
test_categorical,L1_S25_F2369,1183736,1183748,99.999,test,categorical,1,25,L1_S25,12,0.001
test_categorical,L1_S25_F2371,1183736,1183748,99.999,test,categorical,1,25,L1_S25,12,0.001
test_categorical,L1_S25_F2373,1180127,1183748,99.6941,test,categorical,1,25,L1_S25,3621,0.3059
test_categorical,L1_S25_F2374,1183736,1183748,99.999,test,categorical,1,25,L1_S25,12,0.001
test_categorical,L1_S25_F2376,1183736,1183748,99.999,test,categorical,1,25,L1_S25,12,0.001
test_categorical,L1_S25_F2378,1180127,1183748,99.6941,test,categorical,1,25,L1_S25,3621,0.3059
test_categorical,L1_S25_F2379,1183736,1183748,99.999,test,categorical,1,25,L1_S25,12,0.001
test_categorical,L1_S25_F2381,1183736,1183748,99.999,test,categorical,1,25,L1_S25,12,0.001
test_categorical,L1_S25_F2383,1180127,1183748,99.6941,test,categorical,1,25,L1_S25,3621,0.3059
test_categorical,L1_S25_F2384,1183736,1183748,99.999,test,categorical,1,25,L1_S25,12,0.001
test_categorical,L1_S25_F2386,1183736,1183748,99.999,test,categorical,1,25,L1_S25,12,0.001
test_categorical,L1_S25_F2388,1180127,1183748,99.6941,test,categorical,1,25,L1_S25,3621,0.3059
test_categorical,L1_S25_F2389,1183736,1183748,99.999,test,categorical,1,25,L1_S25,12,0.001
test_categorical,L1_S25_F2391,1183736,1183748,99.999,test,categorical,1,25,L1_S25,12,0.001
test_categorical,L1_S25_F2393,1180127,1183748,99.6941,test,categorical,1,25,L1_S25,3621,0.3059
test_categorical,L1_S25_F2394,1183736,1183748,99.999,test,categorical,1,25,L1_S25,12,0.001
test_categorical,L1_S25_F2396,1183736,1183748,99.999,test,categorical,1,25,L1_S25,12,0.001
test_categorical,L1_S25_F2398,1180127,1183748,99.6941,test,categorical,1,25,L1_S25,3621,0.3059
test_categorical,L1_S25_F2399,1183736,1183748,99.999,test,categorical,1,25,L1_S25,12,0.001
test_categorical,L1_S25_F2401,1183736,1183748,99.999,test,categorical,1,25,L1_S25,12,0.001
test_categorical,L1_S25_F2403,1180127,1183748,99.6941,test,categorical,1,25,L1_S25,3621,0.3059
test_categorical,L1_S25_F2404,1183736,1183748,99.999,test,categorical,1,25,L1_S25,12,0.001
test_categorical,L1_S25_F2407,1183748,1183748,100.0,test,categorical,1,25,L1_S25,0,0.0
test_categorical,L1_S25_F2410,1183748,1183748,100.0,test,categorical,1,25,L1_S25,0,0.0
test_categorical,L1_S25_F2413,1183748,1183748,100.0,test,categorical,1,25,L1_S25,0,0.0
test_categorical,L1_S25_F2416,1183748,1183748,100.0,test,categorical,1,25,L1_S25,0,0.0
test_categorical,L1_S25_F2419,1183748,1183748,100.0,test,categorical,1,25,L1_S25,0,0.0
test_categorical,L1_S25_F2422,1183748,1183748,100.0,test,categorical,1,25,L1_S25,0,0.0
test_categorical,L1_S25_F2425,1183748,1183748,100.0,test,categorical,1,25,L1_S25,0,0.0
test_categorical,L1_S25_F2428,1183748,1183748,100.0,test,categorical,1,25,L1_S25,0,0.0
test_categorical,L1_S25_F2447,1176663,1183748,99.4015,test,categorical,1,25,L1_S25,7085,0.5985
test_categorical,L1_S25_F2470,1183676,1183748,99.9939,test,categorical,1,25,L1_S25,72,0.0061
test_categorical,L1_S25_F2473,1183676,1183748,99.9939,test,categorical,1,25,L1_S25,72,0.0061
test_categorical,L1_S25_F2476,1183676,1183748,99.9939,test,categorical,1,25,L1_S25,72,0.0061
test_categorical,L1_S25_F2479,1183676,1183748,99.9939,test,categorical,1,25,L1_S25,72,0.0061
test_categorical,L1_S25_F2482,1183676,1183748,99.9939,test,categorical,1,25,L1_S25,72,0.0061
test_categorical,L1_S25_F2485,1183676,1183748,99.9939,test,categorical,1,25,L1_S25,72,0.0061
test_categorical,L1_S25_F2488,1183676,1183748,99.9939,test,categorical,1,25,L1_S25,72,0.0061
test_categorical,L1_S25_F2491,1183676,1183748,99.9939,test,categorical,1,25,L1_S25,72,0.0061
test_categorical,L1_S25_F2494,1183676,1183748,99.9939,test,categorical,1,25,L1_S25,72,0.0061
test_categorical,L1_S25_F2496,1179607,1183748,99.6502,test,categorical,1,25,L1_S25,4141,0.3498
test_categorical,L1_S25_F2517,1183740,1183748,99.9993,test,categorical,1,25,L1_S25,8,0.0007
test_categorical,L1_S25_F2519,1181672,1183748,99.8246,test,categorical,1,25,L1_S25,2076,0.1754
test_categorical,L1_S25_F2520,1183740,1183748,99.9993,test,categorical,1,25,L1_S25,8,0.0007
test_categorical,L1_S25_F2521,1183740,1183748,99.9993,test,categorical,1,25,L1_S25,8,0.0007
test_categorical,L1_S25_F2523,1181672,1183748,99.8246,test,categorical,1,25,L1_S25,2076,0.1754
test_categorical,L1_S25_F2524,1183740,1183748,99.9993,test,categorical,1,25,L1_S25,8,0.0007
test_categorical,L1_S25_F2526,1183740,1183748,99.9993,test,categorical,1,25,L1_S25,8,0.0007
test_categorical,L1_S25_F2528,1181672,1183748,99.8246,test,categorical,1,25,L1_S25,2076,0.1754
test_categorical,L1_S25_F2529,1183740,1183748,99.9993,test,categorical,1,25,L1_S25,8,0.0007
test_categorical,L1_S25_F2531,1183740,1183748,99.9993,test,categorical,1,25,L1_S25,8,0.0007
test_categorical,L1_S25_F2533,1181672,1183748,99.8246,test,categorical,1,25,L1_S25,2076,0.1754
test_categorical,L1_S25_F2534,1183740,1183748,99.9993,test,categorical,1,25,L1_S25,8,0.0007
test_categorical,L1_S25_F2536,1183740,1183748,99.9993,test,categorical,1,25,L1_S25,8,0.0007
test_categorical,L1_S25_F2538,1181672,1183748,99.8246,test,categorical,1,25,L1_S25,2076,0.1754
test_categorical,L1_S25_F2539,1183740,1183748,99.9993,test,categorical,1,25,L1_S25,8,0.0007
test_categorical,L1_S25_F2541,1183740,1183748,99.9993,test,categorical,1,25,L1_S25,8,0.0007
test_categorical,L1_S25_F2543,1181672,1183748,99.8246,test,categorical,1,25,L1_S25,2076,0.1754
test_categorical,L1_S25_F2544,1183740,1183748,99.9993,test,categorical,1,25,L1_S25,8,0.0007
test_categorical,L1_S25_F2546,1183740,1183748,99.9993,test,categorical,1,25,L1_S25,8,0.0007
test_categorical,L1_S25_F2548,1181672,1183748,99.8246,test,categorical,1,25,L1_S25,2076,0.1754
test_categorical,L1_S25_F2549,1183740,1183748,99.9993,test,categorical,1,25,L1_S25,8,0.0007
test_categorical,L1_S25_F2550,1183740,1183748,99.9993,test,categorical,1,25,L1_S25,8,0.0007
test_categorical,L1_S25_F2552,1181672,1183748,99.8246,test,categorical,1,25,L1_S25,2076,0.1754
test_categorical,L1_S25_F2553,1183740,1183748,99.9993,test,categorical,1,25,L1_S25,8,0.0007
test_categorical,L1_S25_F2555,1183740,1183748,99.9993,test,categorical,1,25,L1_S25,8,0.0007
test_categorical,L1_S25_F2557,1181672,1183748,99.8246,test,categorical,1,25,L1_S25,2076,0.1754
test_categorical,L1_S25_F2558,1183740,1183748,99.9993,test,categorical,1,25,L1_S25,8,0.0007
test_categorical,L1_S25_F2560,1183740,1183748,99.9993,test,categorical,1,25,L1_S25,8,0.0007
test_categorical,L1_S25_F2562,1181672,1183748,99.8246,test,categorical,1,25,L1_S25,2076,0.1754
test_categorical,L1_S25_F2563,1183740,1183748,99.9993,test,categorical,1,25,L1_S25,8,0.0007
test_categorical,L1_S25_F2565,1183740,1183748,99.9993,test,categorical,1,25,L1_S25,8,0.0007
test_categorical,L1_S25_F2567,1181672,1183748,99.8246,test,categorical,1,25,L1_S25,2076,0.1754
test_categorical,L1_S25_F2568,1183740,1183748,99.9993,test,categorical,1,25,L1_S25,8,0.0007
test_categorical,L1_S25_F2570,1183740,1183748,99.9993,test,categorical,1,25,L1_S25,8,0.0007
test_categorical,L1_S25_F2572,1181672,1183748,99.8246,test,categorical,1,25,L1_S25,2076,0.1754
test_categorical,L1_S25_F2573,1183740,1183748,99.9993,test,categorical,1,25,L1_S25,8,0.0007
test_categorical,L1_S25_F2575,1183740,1183748,99.9993,test,categorical,1,25,L1_S25,8,0.0007
test_categorical,L1_S25_F2577,1181672,1183748,99.8246,test,categorical,1,25,L1_S25,2076,0.1754
test_categorical,L1_S25_F2578,1183740,1183748,99.9993,test,categorical,1,25,L1_S25,8,0.0007
test_categorical,L1_S25_F2580,1183740,1183748,99.9993,test,categorical,1,25,L1_S25,8,0.0007
test_categorical,L1_S25_F2582,1181672,1183748,99.8246,test,categorical,1,25,L1_S25,2076,0.1754
test_categorical,L1_S25_F2583,1183740,1183748,99.9993,test,categorical,1,25,L1_S25,8,0.0007
test_categorical,L1_S25_F2585,1183740,1183748,99.9993,test,categorical,1,25,L1_S25,8,0.0007
test_categorical,L1_S25_F2587,1181672,1183748,99.8246,test,categorical,1,25,L1_S25,2076,0.1754
test_categorical,L1_S25_F2588,1183740,1183748,99.9993,test,categorical,1,25,L1_S25,8,0.0007
test_categorical,L1_S25_F2590,1183740,1183748,99.9993,test,categorical,1,25,L1_S25,8,0.0007
test_categorical,L1_S25_F2592,1181672,1183748,99.8246,test,categorical,1,25,L1_S25,2076,0.1754
test_categorical,L1_S25_F2593,1183740,1183748,99.9993,test,categorical,1,25,L1_S25,8,0.0007
test_categorical,L1_S25_F2595,1183746,1183748,99.9998,test,categorical,1,25,L1_S25,2,0.0002
test_categorical,L1_S25_F2597,1181688,1183748,99.826,test,categorical,1,25,L1_S25,2060,0.174
test_categorical,L1_S25_F2598,1183746,1183748,99.9998,test,categorical,1,25,L1_S25,2,0.0002
test_categorical,L1_S25_F2599,1183746,1183748,99.9998,test,categorical,1,25,L1_S25,2,0.0002
test_categorical,L1_S25_F2601,1181688,1183748,99.826,test,categorical,1,25,L1_S25,2060,0.174
test_categorical,L1_S25_F2602,1183746,1183748,99.9998,test,categorical,1,25,L1_S25,2,0.0002
test_categorical,L1_S25_F2604,1183746,1183748,99.9998,test,categorical,1,25,L1_S25,2,0.0002
test_categorical,L1_S25_F2606,1181688,1183748,99.826,test,categorical,1,25,L1_S25,2060,0.174
test_categorical,L1_S25_F2607,1183746,1183748,99.9998,test,categorical,1,25,L1_S25,2,0.0002
test_categorical,L1_S25_F2609,1183746,1183748,99.9998,test,categorical,1,25,L1_S25,2,0.0002
test_categorical,L1_S25_F2611,1181688,1183748,99.826,test,categorical,1,25,L1_S25,2060,0.174
test_categorical,L1_S25_F2612,1183746,1183748,99.9998,test,categorical,1,25,L1_S25,2,0.0002
test_categorical,L1_S25_F2614,1183746,1183748,99.9998,test,categorical,1,25,L1_S25,2,0.0002
test_categorical,L1_S25_F2616,1181688,1183748,99.826,test,categorical,1,25,L1_S25,2060,0.174
test_categorical,L1_S25_F2617,1183746,1183748,99.9998,test,categorical,1,25,L1_S25,2,0.0002
test_categorical,L1_S25_F2619,1183746,1183748,99.9998,test,categorical,1,25,L1_S25,2,0.0002
test_categorical,L1_S25_F2621,1181688,1183748,99.826,test,categorical,1,25,L1_S25,2060,0.174
test_categorical,L1_S25_F2622,1183746,1183748,99.9998,test,categorical,1,25,L1_S25,2,0.0002
test_categorical,L1_S25_F2624,1183746,1183748,99.9998,test,categorical,1,25,L1_S25,2,0.0002
test_categorical,L1_S25_F2626,1181688,1183748,99.826,test,categorical,1,25,L1_S25,2060,0.174
test_categorical,L1_S25_F2627,1183746,1183748,99.9998,test,categorical,1,25,L1_S25,2,0.0002
test_categorical,L1_S25_F2628,1183746,1183748,99.9998,test,categorical,1,25,L1_S25,2,0.0002
test_categorical,L1_S25_F2630,1181688,1183748,99.826,test,categorical,1,25,L1_S25,2060,0.174
test_categorical,L1_S25_F2631,1183746,1183748,99.9998,test,categorical,1,25,L1_S25,2,0.0002
test_categorical,L1_S25_F2633,1183746,1183748,99.9998,test,categorical,1,25,L1_S25,2,0.0002
test_categorical,L1_S25_F2635,1181688,1183748,99.826,test,categorical,1,25,L1_S25,2060,0.174
test_categorical,L1_S25_F2636,1183746,1183748,99.9998,test,categorical,1,25,L1_S25,2,0.0002
test_categorical,L1_S25_F2638,1183746,1183748,99.9998,test,categorical,1,25,L1_S25,2,0.0002
test_categorical,L1_S25_F2640,1181688,1183748,99.826,test,categorical,1,25,L1_S25,2060,0.174
test_categorical,L1_S25_F2641,1183746,1183748,99.9998,test,categorical,1,25,L1_S25,2,0.0002
test_categorical,L1_S25_F2643,1183746,1183748,99.9998,test,categorical,1,25,L1_S25,2,0.0002
test_categorical,L1_S25_F2645,1181688,1183748,99.826,test,categorical,1,25,L1_S25,2060,0.174
test_categorical,L1_S25_F2646,1183746,1183748,99.9998,test,categorical,1,25,L1_S25,2,0.0002
test_categorical,L1_S25_F2648,1183746,1183748,99.9998,test,categorical,1,25,L1_S25,2,0.0002
test_categorical,L1_S25_F2650,1181688,1183748,99.826,test,categorical,1,25,L1_S25,2060,0.174
test_categorical,L1_S25_F2651,1183746,1183748,99.9998,test,categorical,1,25,L1_S25,2,0.0002
test_categorical,L1_S25_F2653,1183746,1183748,99.9998,test,categorical,1,25,L1_S25,2,0.0002
test_categorical,L1_S25_F2655,1181688,1183748,99.826,test,categorical,1,25,L1_S25,2060,0.174
test_categorical,L1_S25_F2656,1183746,1183748,99.9998,test,categorical,1,25,L1_S25,2,0.0002
test_categorical,L1_S25_F2658,1183746,1183748,99.9998,test,categorical,1,25,L1_S25,2,0.0002
test_categorical,L1_S25_F2660,1181688,1183748,99.826,test,categorical,1,25,L1_S25,2060,0.174
test_categorical,L1_S25_F2661,1183746,1183748,99.9998,test,categorical,1,25,L1_S25,2,0.0002
test_categorical,L1_S25_F2663,1183746,1183748,99.9998,test,categorical,1,25,L1_S25,2,0.0002
test_categorical,L1_S25_F2665,1181688,1183748,99.826,test,categorical,1,25,L1_S25,2060,0.174
test_categorical,L1_S25_F2666,1183746,1183748,99.9998,test,categorical,1,25,L1_S25,2,0.0002
test_categorical,L1_S25_F2668,1183746,1183748,99.9998,test,categorical,1,25,L1_S25,2,0.0002
test_categorical,L1_S25_F2670,1181688,1183748,99.826,test,categorical,1,25,L1_S25,2060,0.174
test_categorical,L1_S25_F2671,1183746,1183748,99.9998,test,categorical,1,25,L1_S25,2,0.0002
test_categorical,L1_S25_F2673,1183742,1183748,99.9995,test,categorical,1,25,L1_S25,6,0.0005
test_categorical,L1_S25_F2675,1183743,1183748,99.9996,test,categorical,1,25,L1_S25,5,0.0004
test_categorical,L1_S25_F2676,1183742,1183748,99.9995,test,categorical,1,25,L1_S25,6,0.0005
test_categorical,L1_S25_F2678,1183742,1183748,99.9995,test,categorical,1,25,L1_S25,6,0.0005
test_categorical,L1_S25_F2680,1183743,1183748,99.9996,test,categorical,1,25,L1_S25,5,0.0004
test_categorical,L1_S25_F2681,1183742,1183748,99.9995,test,categorical,1,25,L1_S25,6,0.0005
test_categorical,L1_S25_F2683,1183742,1183748,99.9995,test,categorical,1,25,L1_S25,6,0.0005
test_categorical,L1_S25_F2685,1183743,1183748,99.9996,test,categorical,1,25,L1_S25,5,0.0004
test_categorical,L1_S25_F2686,1183742,1183748,99.9995,test,categorical,1,25,L1_S25,6,0.0005
test_categorical,L1_S25_F2688,1183742,1183748,99.9995,test,categorical,1,25,L1_S25,6,0.0005
test_categorical,L1_S25_F2690,1183743,1183748,99.9996,test,categorical,1,25,L1_S25,5,0.0004
test_categorical,L1_S25_F2691,1183742,1183748,99.9995,test,categorical,1,25,L1_S25,6,0.0005
test_categorical,L1_S25_F2693,1183742,1183748,99.9995,test,categorical,1,25,L1_S25,6,0.0005
test_categorical,L1_S25_F2695,1183743,1183748,99.9996,test,categorical,1,25,L1_S25,5,0.0004
test_categorical,L1_S25_F2696,1183742,1183748,99.9995,test,categorical,1,25,L1_S25,6,0.0005
test_categorical,L1_S25_F2698,1183742,1183748,99.9995,test,categorical,1,25,L1_S25,6,0.0005
test_categorical,L1_S25_F2700,1183743,1183748,99.9996,test,categorical,1,25,L1_S25,5,0.0004
test_categorical,L1_S25_F2701,1183742,1183748,99.9995,test,categorical,1,25,L1_S25,6,0.0005
test_categorical,L1_S25_F2703,1183742,1183748,99.9995,test,categorical,1,25,L1_S25,6,0.0005
test_categorical,L1_S25_F2705,1183743,1183748,99.9996,test,categorical,1,25,L1_S25,5,0.0004
test_categorical,L1_S25_F2706,1183742,1183748,99.9995,test,categorical,1,25,L1_S25,6,0.0005
test_categorical,L1_S25_F2708,1183742,1183748,99.9995,test,categorical,1,25,L1_S25,6,0.0005
test_categorical,L1_S25_F2710,1183743,1183748,99.9996,test,categorical,1,25,L1_S25,5,0.0004
test_categorical,L1_S25_F2711,1183742,1183748,99.9995,test,categorical,1,25,L1_S25,6,0.0005
test_categorical,L1_S25_F2730,1179634,1183748,99.6525,test,categorical,1,25,L1_S25,4114,0.3475
test_categorical,L1_S25_F2753,1183702,1183748,99.9961,test,categorical,1,25,L1_S25,46,0.0039
test_categorical,L1_S25_F2756,1183702,1183748,99.9961,test,categorical,1,25,L1_S25,46,0.0039
test_categorical,L1_S25_F2759,1183702,1183748,99.9961,test,categorical,1,25,L1_S25,46,0.0039
test_categorical,L1_S25_F2762,1183702,1183748,99.9961,test,categorical,1,25,L1_S25,46,0.0039
test_categorical,L1_S25_F2765,1183702,1183748,99.9961,test,categorical,1,25,L1_S25,46,0.0039
test_categorical,L1_S25_F2768,1183702,1183748,99.9961,test,categorical,1,25,L1_S25,46,0.0039
test_categorical,L1_S25_F2771,1183702,1183748,99.9961,test,categorical,1,25,L1_S25,46,0.0039
test_categorical,L1_S25_F2774,1183702,1183748,99.9961,test,categorical,1,25,L1_S25,46,0.0039
test_categorical,L1_S25_F2777,1183702,1183748,99.9961,test,categorical,1,25,L1_S25,46,0.0039
test_categorical,L1_S25_F2779,1166016,1183748,98.502,test,categorical,1,25,L1_S25,17732,1.498
test_categorical,L1_S25_F2800,1183726,1183748,99.9981,test,categorical,1,25,L1_S25,22,0.0019
test_categorical,L1_S25_F2802,1174850,1183748,99.2483,test,categorical,1,25,L1_S25,8898,0.7517
test_categorical,L1_S25_F2803,1183726,1183748,99.9981,test,categorical,1,25,L1_S25,22,0.0019
test_categorical,L1_S25_F2804,1183726,1183748,99.9981,test,categorical,1,25,L1_S25,22,0.0019
test_categorical,L1_S25_F2806,1174850,1183748,99.2483,test,categorical,1,25,L1_S25,8898,0.7517
test_categorical,L1_S25_F2807,1183726,1183748,99.9981,test,categorical,1,25,L1_S25,22,0.0019
test_categorical,L1_S25_F2809,1183726,1183748,99.9981,test,categorical,1,25,L1_S25,22,0.0019
test_categorical,L1_S25_F2811,1174850,1183748,99.2483,test,categorical,1,25,L1_S25,8898,0.7517
test_categorical,L1_S25_F2812,1183726,1183748,99.9981,test,categorical,1,25,L1_S25,22,0.0019
test_categorical,L1_S25_F2814,1183726,1183748,99.9981,test,categorical,1,25,L1_S25,22,0.0019
test_categorical,L1_S25_F2816,1174850,1183748,99.2483,test,categorical,1,25,L1_S25,8898,0.7517
test_categorical,L1_S25_F2817,1183726,1183748,99.9981,test,categorical,1,25,L1_S25,22,0.0019
test_categorical,L1_S25_F2819,1183726,1183748,99.9981,test,categorical,1,25,L1_S25,22,0.0019
test_categorical,L1_S25_F2821,1174850,1183748,99.2483,test,categorical,1,25,L1_S25,8898,0.7517
test_categorical,L1_S25_F2822,1183726,1183748,99.9981,test,categorical,1,25,L1_S25,22,0.0019
test_categorical,L1_S25_F2824,1183726,1183748,99.9981,test,categorical,1,25,L1_S25,22,0.0019
test_categorical,L1_S25_F2826,1174850,1183748,99.2483,test,categorical,1,25,L1_S25,8898,0.7517
test_categorical,L1_S25_F2827,1183726,1183748,99.9981,test,categorical,1,25,L1_S25,22,0.0019
test_categorical,L1_S25_F2829,1183726,1183748,99.9981,test,categorical,1,25,L1_S25,22,0.0019
test_categorical,L1_S25_F2831,1174850,1183748,99.2483,test,categorical,1,25,L1_S25,8898,0.7517
test_categorical,L1_S25_F2832,1183726,1183748,99.9981,test,categorical,1,25,L1_S25,22,0.0019
test_categorical,L1_S25_F2833,1183726,1183748,99.9981,test,categorical,1,25,L1_S25,22,0.0019
test_categorical,L1_S25_F2835,1174850,1183748,99.2483,test,categorical,1,25,L1_S25,8898,0.7517
test_categorical,L1_S25_F2836,1183726,1183748,99.9981,test,categorical,1,25,L1_S25,22,0.0019
test_categorical,L1_S25_F2838,1183726,1183748,99.9981,test,categorical,1,25,L1_S25,22,0.0019
test_categorical,L1_S25_F2840,1174850,1183748,99.2483,test,categorical,1,25,L1_S25,8898,0.7517
test_categorical,L1_S25_F2841,1183726,1183748,99.9981,test,categorical,1,25,L1_S25,22,0.0019
test_categorical,L1_S25_F2843,1183726,1183748,99.9981,test,categorical,1,25,L1_S25,22,0.0019
test_categorical,L1_S25_F2845,1174850,1183748,99.2483,test,categorical,1,25,L1_S25,8898,0.7517
test_categorical,L1_S25_F2846,1183726,1183748,99.9981,test,categorical,1,25,L1_S25,22,0.0019
test_categorical,L1_S25_F2848,1183726,1183748,99.9981,test,categorical,1,25,L1_S25,22,0.0019
test_categorical,L1_S25_F2850,1174850,1183748,99.2483,test,categorical,1,25,L1_S25,8898,0.7517
test_categorical,L1_S25_F2851,1183726,1183748,99.9981,test,categorical,1,25,L1_S25,22,0.0019
test_categorical,L1_S25_F2853,1183726,1183748,99.9981,test,categorical,1,25,L1_S25,22,0.0019
test_categorical,L1_S25_F2855,1174850,1183748,99.2483,test,categorical,1,25,L1_S25,8898,0.7517
test_categorical,L1_S25_F2856,1183726,1183748,99.9981,test,categorical,1,25,L1_S25,22,0.0019
test_categorical,L1_S25_F2858,1183726,1183748,99.9981,test,categorical,1,25,L1_S25,22,0.0019
test_categorical,L1_S25_F2860,1174850,1183748,99.2483,test,categorical,1,25,L1_S25,8898,0.7517
test_categorical,L1_S25_F2861,1183726,1183748,99.9981,test,categorical,1,25,L1_S25,22,0.0019
test_categorical,L1_S25_F2863,1183726,1183748,99.9981,test,categorical,1,25,L1_S25,22,0.0019
test_categorical,L1_S25_F2865,1174850,1183748,99.2483,test,categorical,1,25,L1_S25,8898,0.7517
test_categorical,L1_S25_F2866,1183726,1183748,99.9981,test,categorical,1,25,L1_S25,22,0.0019
test_categorical,L1_S25_F2868,1183726,1183748,99.9981,test,categorical,1,25,L1_S25,22,0.0019
test_categorical,L1_S25_F2870,1174850,1183748,99.2483,test,categorical,1,25,L1_S25,8898,0.7517
test_categorical,L1_S25_F2871,1183726,1183748,99.9981,test,categorical,1,25,L1_S25,22,0.0019
test_categorical,L1_S25_F2873,1183726,1183748,99.9981,test,categorical,1,25,L1_S25,22,0.0019
test_categorical,L1_S25_F2875,1174850,1183748,99.2483,test,categorical,1,25,L1_S25,8898,0.7517
test_categorical,L1_S25_F2876,1183726,1183748,99.9981,test,categorical,1,25,L1_S25,22,0.0019
test_categorical,L1_S25_F2878,1183743,1183748,99.9996,test,categorical,1,25,L1_S25,5,0.0004
test_categorical,L1_S25_F2880,1174882,1183748,99.251,test,categorical,1,25,L1_S25,8866,0.749
test_categorical,L1_S25_F2881,1183743,1183748,99.9996,test,categorical,1,25,L1_S25,5,0.0004
test_categorical,L1_S25_F2882,1183743,1183748,99.9996,test,categorical,1,25,L1_S25,5,0.0004
test_categorical,L1_S25_F2884,1174882,1183748,99.251,test,categorical,1,25,L1_S25,8866,0.749
test_categorical,L1_S25_F2885,1183743,1183748,99.9996,test,categorical,1,25,L1_S25,5,0.0004
test_categorical,L1_S25_F2887,1183743,1183748,99.9996,test,categorical,1,25,L1_S25,5,0.0004
test_categorical,L1_S25_F2889,1174882,1183748,99.251,test,categorical,1,25,L1_S25,8866,0.749
test_categorical,L1_S25_F2890,1183743,1183748,99.9996,test,categorical,1,25,L1_S25,5,0.0004
test_categorical,L1_S25_F2892,1183743,1183748,99.9996,test,categorical,1,25,L1_S25,5,0.0004
test_categorical,L1_S25_F2894,1174882,1183748,99.251,test,categorical,1,25,L1_S25,8866,0.749
test_categorical,L1_S25_F2895,1183743,1183748,99.9996,test,categorical,1,25,L1_S25,5,0.0004
test_categorical,L1_S25_F2897,1183743,1183748,99.9996,test,categorical,1,25,L1_S25,5,0.0004
test_categorical,L1_S25_F2899,1174882,1183748,99.251,test,categorical,1,25,L1_S25,8866,0.749
test_categorical,L1_S25_F2900,1183743,1183748,99.9996,test,categorical,1,25,L1_S25,5,0.0004
test_categorical,L1_S25_F2902,1183743,1183748,99.9996,test,categorical,1,25,L1_S25,5,0.0004
test_categorical,L1_S25_F2904,1174882,1183748,99.251,test,categorical,1,25,L1_S25,8866,0.749
test_categorical,L1_S25_F2905,1183743,1183748,99.9996,test,categorical,1,25,L1_S25,5,0.0004
test_categorical,L1_S25_F2907,1183743,1183748,99.9996,test,categorical,1,25,L1_S25,5,0.0004
test_categorical,L1_S25_F2909,1174882,1183748,99.251,test,categorical,1,25,L1_S25,8866,0.749
test_categorical,L1_S25_F2910,1183743,1183748,99.9996,test,categorical,1,25,L1_S25,5,0.0004
test_categorical,L1_S25_F2911,1183743,1183748,99.9996,test,categorical,1,25,L1_S25,5,0.0004
test_categorical,L1_S25_F2913,1174882,1183748,99.251,test,categorical,1,25,L1_S25,8866,0.749
test_categorical,L1_S25_F2914,1183743,1183748,99.9996,test,categorical,1,25,L1_S25,5,0.0004
test_categorical,L1_S25_F2916,1183743,1183748,99.9996,test,categorical,1,25,L1_S25,5,0.0004
test_categorical,L1_S25_F2918,1174882,1183748,99.251,test,categorical,1,25,L1_S25,8866,0.749
test_categorical,L1_S25_F2919,1183743,1183748,99.9996,test,categorical,1,25,L1_S25,5,0.0004
test_categorical,L1_S25_F2921,1183743,1183748,99.9996,test,categorical,1,25,L1_S25,5,0.0004
test_categorical,L1_S25_F2923,1174882,1183748,99.251,test,categorical,1,25,L1_S25,8866,0.749
test_categorical,L1_S25_F2924,1183743,1183748,99.9996,test,categorical,1,25,L1_S25,5,0.0004
test_categorical,L1_S25_F2926,1183743,1183748,99.9996,test,categorical,1,25,L1_S25,5,0.0004
test_categorical,L1_S25_F2928,1174882,1183748,99.251,test,categorical,1,25,L1_S25,8866,0.749
test_categorical,L1_S25_F2929,1183743,1183748,99.9996,test,categorical,1,25,L1_S25,5,0.0004
test_categorical,L1_S25_F2931,1183743,1183748,99.9996,test,categorical,1,25,L1_S25,5,0.0004
test_categorical,L1_S25_F2933,1174882,1183748,99.251,test,categorical,1,25,L1_S25,8866,0.749
test_categorical,L1_S25_F2934,1183743,1183748,99.9996,test,categorical,1,25,L1_S25,5,0.0004
test_categorical,L1_S25_F2936,1183743,1183748,99.9996,test,categorical,1,25,L1_S25,5,0.0004
test_categorical,L1_S25_F2938,1174882,1183748,99.251,test,categorical,1,25,L1_S25,8866,0.749
test_categorical,L1_S25_F2939,1183743,1183748,99.9996,test,categorical,1,25,L1_S25,5,0.0004
test_categorical,L1_S25_F2941,1183743,1183748,99.9996,test,categorical,1,25,L1_S25,5,0.0004
test_categorical,L1_S25_F2943,1174882,1183748,99.251,test,categorical,1,25,L1_S25,8866,0.749
test_categorical,L1_S25_F2944,1183743,1183748,99.9996,test,categorical,1,25,L1_S25,5,0.0004
test_categorical,L1_S25_F2946,1183743,1183748,99.9996,test,categorical,1,25,L1_S25,5,0.0004
test_categorical,L1_S25_F2948,1174882,1183748,99.251,test,categorical,1,25,L1_S25,8866,0.749
test_categorical,L1_S25_F2949,1183743,1183748,99.9996,test,categorical,1,25,L1_S25,5,0.0004
test_categorical,L1_S25_F2951,1183743,1183748,99.9996,test,categorical,1,25,L1_S25,5,0.0004
test_categorical,L1_S25_F2953,1174882,1183748,99.251,test,categorical,1,25,L1_S25,8866,0.749
test_categorical,L1_S25_F2954,1183743,1183748,99.9996,test,categorical,1,25,L1_S25,5,0.0004
test_categorical,L1_S25_F2956,1183747,1183748,99.9999,test,categorical,1,25,L1_S25,1,0.0001
test_categorical,L1_S25_F2958,1176682,1183748,99.4031,test,categorical,1,25,L1_S25,7066,0.5969
test_categorical,L1_S25_F2959,1183747,1183748,99.9999,test,categorical,1,25,L1_S25,1,0.0001
test_categorical,L1_S25_F2961,1183747,1183748,99.9999,test,categorical,1,25,L1_S25,1,0.0001
test_categorical,L1_S25_F2963,1176682,1183748,99.4031,test,categorical,1,25,L1_S25,7066,0.5969
test_categorical,L1_S25_F2964,1183747,1183748,99.9999,test,categorical,1,25,L1_S25,1,0.0001
test_categorical,L1_S25_F2966,1183747,1183748,99.9999,test,categorical,1,25,L1_S25,1,0.0001
test_categorical,L1_S25_F2968,1176682,1183748,99.4031,test,categorical,1,25,L1_S25,7066,0.5969
test_categorical,L1_S25_F2969,1183747,1183748,99.9999,test,categorical,1,25,L1_S25,1,0.0001
test_categorical,L1_S25_F2971,1183747,1183748,99.9999,test,categorical,1,25,L1_S25,1,0.0001
test_categorical,L1_S25_F2973,1176682,1183748,99.4031,test,categorical,1,25,L1_S25,7066,0.5969
test_categorical,L1_S25_F2974,1183747,1183748,99.9999,test,categorical,1,25,L1_S25,1,0.0001
test_categorical,L1_S25_F2976,1183747,1183748,99.9999,test,categorical,1,25,L1_S25,1,0.0001
test_categorical,L1_S25_F2978,1176682,1183748,99.4031,test,categorical,1,25,L1_S25,7066,0.5969
test_categorical,L1_S25_F2979,1183747,1183748,99.9999,test,categorical,1,25,L1_S25,1,0.0001
test_categorical,L1_S25_F2981,1183747,1183748,99.9999,test,categorical,1,25,L1_S25,1,0.0001
test_categorical,L1_S25_F2983,1176682,1183748,99.4031,test,categorical,1,25,L1_S25,7066,0.5969
test_categorical,L1_S25_F2984,1183747,1183748,99.9999,test,categorical,1,25,L1_S25,1,0.0001
test_categorical,L1_S25_F2986,1183747,1183748,99.9999,test,categorical,1,25,L1_S25,1,0.0001
test_categorical,L1_S25_F2988,1176682,1183748,99.4031,test,categorical,1,25,L1_S25,7066,0.5969
test_categorical,L1_S25_F2989,1183747,1183748,99.9999,test,categorical,1,25,L1_S25,1,0.0001
test_categorical,L1_S25_F2991,1183747,1183748,99.9999,test,categorical,1,25,L1_S25,1,0.0001
test_categorical,L1_S25_F2993,1176682,1183748,99.4031,test,categorical,1,25,L1_S25,7066,0.5969
test_categorical,L1_S25_F2994,1183747,1183748,99.9999,test,categorical,1,25,L1_S25,1,0.0001
test_categorical,L1_S25_F3013,1166020,1183748,98.5024,test,categorical,1,25,L1_S25,17728,1.4976
test_categorical,L2_S26_F3038,956415,1183748,80.7955,test,categorical,2,26,L2_S26,227333,19.2045
test_categorical,L2_S26_F3039,1183724,1183748,99.998,test,categorical,2,26,L2_S26,24,0.002
test_categorical,L2_S26_F3042,956415,1183748,80.7955,test,categorical,2,26,L2_S26,227333,19.2045
test_categorical,L2_S26_F3043,1183724,1183748,99.998,test,categorical,2,26,L2_S26,24,0.002
test_categorical,L2_S26_F3045,956415,1183748,80.7955,test,categorical,2,26,L2_S26,227333,19.2045
test_categorical,L2_S26_F3046,1183724,1183748,99.998,test,categorical,2,26,L2_S26,24,0.002
test_categorical,L2_S26_F3049,956415,1183748,80.7955,test,categorical,2,26,L2_S26,227333,19.2045
test_categorical,L2_S26_F3050,1183724,1183748,99.998,test,categorical,2,26,L2_S26,24,0.002
test_categorical,L2_S26_F3053,956415,1183748,80.7955,test,categorical,2,26,L2_S26,227333,19.2045
test_categorical,L2_S26_F3054,1183724,1183748,99.998,test,categorical,2,26,L2_S26,24,0.002
test_categorical,L2_S26_F3057,956415,1183748,80.7955,test,categorical,2,26,L2_S26,227333,19.2045
test_categorical,L2_S26_F3058,1183724,1183748,99.998,test,categorical,2,26,L2_S26,24,0.002
test_categorical,L2_S26_F3060,956415,1183748,80.7955,test,categorical,2,26,L2_S26,227333,19.2045
test_categorical,L2_S26_F3061,1183724,1183748,99.998,test,categorical,2,26,L2_S26,24,0.002
test_categorical,L2_S26_F3064,956415,1183748,80.7955,test,categorical,2,26,L2_S26,227333,19.2045
test_categorical,L2_S26_F3065,1183724,1183748,99.998,test,categorical,2,26,L2_S26,24,0.002
test_categorical,L2_S26_F3067,956415,1183748,80.7955,test,categorical,2,26,L2_S26,227333,19.2045
test_categorical,L2_S26_F3068,1183724,1183748,99.998,test,categorical,2,26,L2_S26,24,0.002
test_categorical,L2_S26_F3071,956415,1183748,80.7955,test,categorical,2,26,L2_S26,227333,19.2045
test_categorical,L2_S26_F3072,1183724,1183748,99.998,test,categorical,2,26,L2_S26,24,0.002
test_categorical,L2_S26_F3075,956415,1183748,80.7955,test,categorical,2,26,L2_S26,227333,19.2045
test_categorical,L2_S26_F3076,1183724,1183748,99.998,test,categorical,2,26,L2_S26,24,0.002
test_categorical,L2_S26_F3079,956415,1183748,80.7955,test,categorical,2,26,L2_S26,227333,19.2045
test_categorical,L2_S26_F3080,1183724,1183748,99.998,test,categorical,2,26,L2_S26,24,0.002
test_categorical,L2_S26_F3082,956415,1183748,80.7955,test,categorical,2,26,L2_S26,227333,19.2045
test_categorical,L2_S26_F3083,1183724,1183748,99.998,test,categorical,2,26,L2_S26,24,0.002
test_categorical,L2_S26_F3085,956415,1183748,80.7955,test,categorical,2,26,L2_S26,227333,19.2045
test_categorical,L2_S26_F3086,1183724,1183748,99.998,test,categorical,2,26,L2_S26,24,0.002
test_categorical,L2_S26_F3088,956415,1183748,80.7955,test,categorical,2,26,L2_S26,227333,19.2045
test_categorical,L2_S26_F3089,1183724,1183748,99.998,test,categorical,2,26,L2_S26,24,0.002
test_categorical,L2_S26_F3091,956415,1183748,80.7955,test,categorical,2,26,L2_S26,227333,19.2045
test_categorical,L2_S26_F3092,1183724,1183748,99.998,test,categorical,2,26,L2_S26,24,0.002
test_categorical,L2_S26_F3094,956415,1183748,80.7955,test,categorical,2,26,L2_S26,227333,19.2045
test_categorical,L2_S26_F3095,1183724,1183748,99.998,test,categorical,2,26,L2_S26,24,0.002
test_categorical,L2_S26_F3097,956415,1183748,80.7955,test,categorical,2,26,L2_S26,227333,19.2045
test_categorical,L2_S26_F3098,1183724,1183748,99.998,test,categorical,2,26,L2_S26,24,0.002
test_categorical,L2_S26_F3099,956415,1183748,80.7955,test,categorical,2,26,L2_S26,227333,19.2045
test_categorical,L2_S26_F3101,956415,1183748,80.7955,test,categorical,2,26,L2_S26,227333,19.2045
test_categorical,L2_S26_F3102,1183724,1183748,99.998,test,categorical,2,26,L2_S26,24,0.002
test_categorical,L2_S26_F3104,956415,1183748,80.7955,test,categorical,2,26,L2_S26,227333,19.2045
test_categorical,L2_S26_F3105,1183724,1183748,99.998,test,categorical,2,26,L2_S26,24,0.002
test_categorical,L2_S26_F3108,956415,1183748,80.7955,test,categorical,2,26,L2_S26,227333,19.2045
test_categorical,L2_S26_F3109,1183724,1183748,99.998,test,categorical,2,26,L2_S26,24,0.002
test_categorical,L2_S26_F3111,956415,1183748,80.7955,test,categorical,2,26,L2_S26,227333,19.2045
test_categorical,L2_S26_F3112,1183724,1183748,99.998,test,categorical,2,26,L2_S26,24,0.002
test_categorical,L2_S26_F3115,956415,1183748,80.7955,test,categorical,2,26,L2_S26,227333,19.2045
test_categorical,L2_S26_F3116,1183724,1183748,99.998,test,categorical,2,26,L2_S26,24,0.002
test_categorical,L2_S26_F3119,956415,1183748,80.7955,test,categorical,2,26,L2_S26,227333,19.2045
test_categorical,L2_S26_F3120,1183724,1183748,99.998,test,categorical,2,26,L2_S26,24,0.002
test_categorical,L2_S26_F3123,956415,1183748,80.7955,test,categorical,2,26,L2_S26,227333,19.2045
test_categorical,L2_S26_F3124,1183724,1183748,99.998,test,categorical,2,26,L2_S26,24,0.002
test_categorical,L2_S26_F3127,956415,1183748,80.7955,test,categorical,2,26,L2_S26,227333,19.2045
test_categorical,L2_S26_F3128,1183724,1183748,99.998,test,categorical,2,26,L2_S26,24,0.002
test_categorical,L2_S27_F3131,1064192,1183748,89.9002,test,categorical,2,27,L2_S27,119556,10.0998
test_categorical,L2_S27_F3132,1183669,1183748,99.9933,test,categorical,2,27,L2_S27,79,0.0067
test_categorical,L2_S27_F3135,1064192,1183748,89.9002,test,categorical,2,27,L2_S27,119556,10.0998
test_categorical,L2_S27_F3136,1183669,1183748,99.9933,test,categorical,2,27,L2_S27,79,0.0067
test_categorical,L2_S27_F3138,1064192,1183748,89.9002,test,categorical,2,27,L2_S27,119556,10.0998
test_categorical,L2_S27_F3139,1183669,1183748,99.9933,test,categorical,2,27,L2_S27,79,0.0067
test_categorical,L2_S27_F3142,1064192,1183748,89.9002,test,categorical,2,27,L2_S27,119556,10.0998
test_categorical,L2_S27_F3143,1183669,1183748,99.9933,test,categorical,2,27,L2_S27,79,0.0067
test_categorical,L2_S27_F3146,1064192,1183748,89.9002,test,categorical,2,27,L2_S27,119556,10.0998
test_categorical,L2_S27_F3147,1183669,1183748,99.9933,test,categorical,2,27,L2_S27,79,0.0067
test_categorical,L2_S27_F3150,1064192,1183748,89.9002,test,categorical,2,27,L2_S27,119556,10.0998
test_categorical,L2_S27_F3151,1183669,1183748,99.9933,test,categorical,2,27,L2_S27,79,0.0067
test_categorical,L2_S27_F3153,1064192,1183748,89.9002,test,categorical,2,27,L2_S27,119556,10.0998
test_categorical,L2_S27_F3154,1183669,1183748,99.9933,test,categorical,2,27,L2_S27,79,0.0067
test_categorical,L2_S27_F3157,1064192,1183748,89.9002,test,categorical,2,27,L2_S27,119556,10.0998
test_categorical,L2_S27_F3158,1183669,1183748,99.9933,test,categorical,2,27,L2_S27,79,0.0067
test_categorical,L2_S27_F3160,1064192,1183748,89.9002,test,categorical,2,27,L2_S27,119556,10.0998
test_categorical,L2_S27_F3161,1183669,1183748,99.9933,test,categorical,2,27,L2_S27,79,0.0067
test_categorical,L2_S27_F3164,1064192,1183748,89.9002,test,categorical,2,27,L2_S27,119556,10.0998
test_categorical,L2_S27_F3165,1183669,1183748,99.9933,test,categorical,2,27,L2_S27,79,0.0067
test_categorical,L2_S27_F3168,1064192,1183748,89.9002,test,categorical,2,27,L2_S27,119556,10.0998
test_categorical,L2_S27_F3169,1183669,1183748,99.9933,test,categorical,2,27,L2_S27,79,0.0067
test_categorical,L2_S27_F3172,1064192,1183748,89.9002,test,categorical,2,27,L2_S27,119556,10.0998
test_categorical,L2_S27_F3173,1183669,1183748,99.9933,test,categorical,2,27,L2_S27,79,0.0067
test_categorical,L2_S27_F3175,1064192,1183748,89.9002,test,categorical,2,27,L2_S27,119556,10.0998
test_categorical,L2_S27_F3176,1183669,1183748,99.9933,test,categorical,2,27,L2_S27,79,0.0067
test_categorical,L2_S27_F3178,1064192,1183748,89.9002,test,categorical,2,27,L2_S27,119556,10.0998
test_categorical,L2_S27_F3179,1183669,1183748,99.9933,test,categorical,2,27,L2_S27,79,0.0067
test_categorical,L2_S27_F3181,1064192,1183748,89.9002,test,categorical,2,27,L2_S27,119556,10.0998
test_categorical,L2_S27_F3182,1183669,1183748,99.9933,test,categorical,2,27,L2_S27,79,0.0067
test_categorical,L2_S27_F3184,1064192,1183748,89.9002,test,categorical,2,27,L2_S27,119556,10.0998
test_categorical,L2_S27_F3185,1183669,1183748,99.9933,test,categorical,2,27,L2_S27,79,0.0067
test_categorical,L2_S27_F3187,1064192,1183748,89.9002,test,categorical,2,27,L2_S27,119556,10.0998
test_categorical,L2_S27_F3188,1183669,1183748,99.9933,test,categorical,2,27,L2_S27,79,0.0067
test_categorical,L2_S27_F3190,1064192,1183748,89.9002,test,categorical,2,27,L2_S27,119556,10.0998
test_categorical,L2_S27_F3191,1183669,1183748,99.9933,test,categorical,2,27,L2_S27,79,0.0067
test_categorical,L2_S27_F3192,1064192,1183748,89.9002,test,categorical,2,27,L2_S27,119556,10.0998
test_categorical,L2_S27_F3194,1064192,1183748,89.9002,test,categorical,2,27,L2_S27,119556,10.0998
test_categorical,L2_S27_F3195,1183669,1183748,99.9933,test,categorical,2,27,L2_S27,79,0.0067
test_categorical,L2_S27_F3197,1064192,1183748,89.9002,test,categorical,2,27,L2_S27,119556,10.0998
test_categorical,L2_S27_F3198,1183669,1183748,99.9933,test,categorical,2,27,L2_S27,79,0.0067
test_categorical,L2_S27_F3201,1064192,1183748,89.9002,test,categorical,2,27,L2_S27,119556,10.0998
test_categorical,L2_S27_F3202,1183669,1183748,99.9933,test,categorical,2,27,L2_S27,79,0.0067
test_categorical,L2_S27_F3204,1064192,1183748,89.9002,test,categorical,2,27,L2_S27,119556,10.0998
test_categorical,L2_S27_F3205,1183669,1183748,99.9933,test,categorical,2,27,L2_S27,79,0.0067
test_categorical,L2_S27_F3208,1064192,1183748,89.9002,test,categorical,2,27,L2_S27,119556,10.0998
test_categorical,L2_S27_F3209,1183669,1183748,99.9933,test,categorical,2,27,L2_S27,79,0.0067
test_categorical,L2_S27_F3212,1064192,1183748,89.9002,test,categorical,2,27,L2_S27,119556,10.0998
test_categorical,L2_S27_F3213,1183669,1183748,99.9933,test,categorical,2,27,L2_S27,79,0.0067
test_categorical,L2_S27_F3216,1064192,1183748,89.9002,test,categorical,2,27,L2_S27,119556,10.0998
test_categorical,L2_S27_F3217,1183669,1183748,99.9933,test,categorical,2,27,L2_S27,79,0.0067
test_categorical,L2_S27_F3220,1064192,1183748,89.9002,test,categorical,2,27,L2_S27,119556,10.0998
test_categorical,L2_S27_F3221,1183669,1183748,99.9933,test,categorical,2,27,L2_S27,79,0.0067
test_categorical,L2_S28_F3224,1174178,1183748,99.1916,test,categorical,2,28,L2_S28,9570,0.8084
test_categorical,L2_S28_F3225,1183713,1183748,99.997,test,categorical,2,28,L2_S28,35,0.003
test_categorical,L2_S28_F3228,1174178,1183748,99.1916,test,categorical,2,28,L2_S28,9570,0.8084
test_categorical,L2_S28_F3229,1183713,1183748,99.997,test,categorical,2,28,L2_S28,35,0.003
test_categorical,L2_S28_F3231,1174178,1183748,99.1916,test,categorical,2,28,L2_S28,9570,0.8084
test_categorical,L2_S28_F3232,1183713,1183748,99.997,test,categorical,2,28,L2_S28,35,0.003
test_categorical,L2_S28_F3235,1174178,1183748,99.1916,test,categorical,2,28,L2_S28,9570,0.8084
test_categorical,L2_S28_F3236,1183713,1183748,99.997,test,categorical,2,28,L2_S28,35,0.003
test_categorical,L2_S28_F3239,1174178,1183748,99.1916,test,categorical,2,28,L2_S28,9570,0.8084
test_categorical,L2_S28_F3240,1183713,1183748,99.997,test,categorical,2,28,L2_S28,35,0.003
test_categorical,L2_S28_F3243,1174178,1183748,99.1916,test,categorical,2,28,L2_S28,9570,0.8084
test_categorical,L2_S28_F3244,1183713,1183748,99.997,test,categorical,2,28,L2_S28,35,0.003
test_categorical,L2_S28_F3246,1174178,1183748,99.1916,test,categorical,2,28,L2_S28,9570,0.8084
test_categorical,L2_S28_F3247,1183713,1183748,99.997,test,categorical,2,28,L2_S28,35,0.003
test_categorical,L2_S28_F3250,1174178,1183748,99.1916,test,categorical,2,28,L2_S28,9570,0.8084
test_categorical,L2_S28_F3251,1183713,1183748,99.997,test,categorical,2,28,L2_S28,35,0.003
test_categorical,L2_S28_F3253,1174178,1183748,99.1916,test,categorical,2,28,L2_S28,9570,0.8084
test_categorical,L2_S28_F3254,1183713,1183748,99.997,test,categorical,2,28,L2_S28,35,0.003
test_categorical,L2_S28_F3257,1174178,1183748,99.1916,test,categorical,2,28,L2_S28,9570,0.8084
test_categorical,L2_S28_F3258,1183713,1183748,99.997,test,categorical,2,28,L2_S28,35,0.003
test_categorical,L2_S28_F3261,1174178,1183748,99.1916,test,categorical,2,28,L2_S28,9570,0.8084
test_categorical,L2_S28_F3262,1183713,1183748,99.997,test,categorical,2,28,L2_S28,35,0.003
test_categorical,L2_S28_F3265,1174178,1183748,99.1916,test,categorical,2,28,L2_S28,9570,0.8084
test_categorical,L2_S28_F3266,1183713,1183748,99.997,test,categorical,2,28,L2_S28,35,0.003
test_categorical,L2_S28_F3268,1174178,1183748,99.1916,test,categorical,2,28,L2_S28,9570,0.8084
test_categorical,L2_S28_F3269,1183713,1183748,99.997,test,categorical,2,28,L2_S28,35,0.003
test_categorical,L2_S28_F3271,1174178,1183748,99.1916,test,categorical,2,28,L2_S28,9570,0.8084
test_categorical,L2_S28_F3272,1183713,1183748,99.997,test,categorical,2,28,L2_S28,35,0.003
test_categorical,L2_S28_F3274,1174178,1183748,99.1916,test,categorical,2,28,L2_S28,9570,0.8084
test_categorical,L2_S28_F3275,1183713,1183748,99.997,test,categorical,2,28,L2_S28,35,0.003
test_categorical,L2_S28_F3277,1174178,1183748,99.1916,test,categorical,2,28,L2_S28,9570,0.8084
test_categorical,L2_S28_F3278,1183713,1183748,99.997,test,categorical,2,28,L2_S28,35,0.003
test_categorical,L2_S28_F3280,1174178,1183748,99.1916,test,categorical,2,28,L2_S28,9570,0.8084
test_categorical,L2_S28_F3281,1183713,1183748,99.997,test,categorical,2,28,L2_S28,35,0.003
test_categorical,L2_S28_F3283,1174178,1183748,99.1916,test,categorical,2,28,L2_S28,9570,0.8084
test_categorical,L2_S28_F3284,1183713,1183748,99.997,test,categorical,2,28,L2_S28,35,0.003
test_categorical,L2_S28_F3285,1174178,1183748,99.1916,test,categorical,2,28,L2_S28,9570,0.8084
test_categorical,L2_S28_F3287,1174178,1183748,99.1916,test,categorical,2,28,L2_S28,9570,0.8084
test_categorical,L2_S28_F3288,1183713,1183748,99.997,test,categorical,2,28,L2_S28,35,0.003
test_categorical,L2_S28_F3290,1174178,1183748,99.1916,test,categorical,2,28,L2_S28,9570,0.8084
test_categorical,L2_S28_F3291,1183713,1183748,99.997,test,categorical,2,28,L2_S28,35,0.003
test_categorical,L2_S28_F3294,1174178,1183748,99.1916,test,categorical,2,28,L2_S28,9570,0.8084
test_categorical,L2_S28_F3295,1183713,1183748,99.997,test,categorical,2,28,L2_S28,35,0.003
test_categorical,L2_S28_F3297,1174178,1183748,99.1916,test,categorical,2,28,L2_S28,9570,0.8084
test_categorical,L2_S28_F3298,1183713,1183748,99.997,test,categorical,2,28,L2_S28,35,0.003
test_categorical,L2_S28_F3301,1174178,1183748,99.1916,test,categorical,2,28,L2_S28,9570,0.8084
test_categorical,L2_S28_F3302,1183713,1183748,99.997,test,categorical,2,28,L2_S28,35,0.003
test_categorical,L2_S28_F3305,1174178,1183748,99.1916,test,categorical,2,28,L2_S28,9570,0.8084
test_categorical,L2_S28_F3306,1183713,1183748,99.997,test,categorical,2,28,L2_S28,35,0.003
test_categorical,L2_S28_F3309,1174178,1183748,99.1916,test,categorical,2,28,L2_S28,9570,0.8084
test_categorical,L2_S28_F3310,1183713,1183748,99.997,test,categorical,2,28,L2_S28,35,0.003
test_categorical,L2_S28_F3313,1174178,1183748,99.1916,test,categorical,2,28,L2_S28,9570,0.8084
test_categorical,L2_S28_F3314,1183713,1183748,99.997,test,categorical,2,28,L2_S28,35,0.003
test_categorical,L3_S29_F3317,397997,1183748,33.6218,test,categorical,3,29,L3_S29,785751,66.3782
test_categorical,L3_S29_F3320,397997,1183748,33.6218,test,categorical,3,29,L3_S29,785751,66.3782
test_categorical,L3_S29_F3323,397997,1183748,33.6218,test,categorical,3,29,L3_S29,785751,66.3782
test_categorical,L3_S29_F3326,397997,1183748,33.6218,test,categorical,3,29,L3_S29,785751,66.3782
test_categorical,L3_S29_F3329,397997,1183748,33.6218,test,categorical,3,29,L3_S29,785751,66.3782
test_categorical,L3_S29_F3332,397997,1183748,33.6218,test,categorical,3,29,L3_S29,785751,66.3782
test_categorical,L3_S29_F3335,397997,1183748,33.6218,test,categorical,3,29,L3_S29,785751,66.3782
test_categorical,L3_S29_F3338,397997,1183748,33.6218,test,categorical,3,29,L3_S29,785751,66.3782
test_categorical,L3_S29_F3341,397997,1183748,33.6218,test,categorical,3,29,L3_S29,785751,66.3782
test_categorical,L3_S29_F3344,397997,1183748,33.6218,test,categorical,3,29,L3_S29,785751,66.3782
test_categorical,L3_S29_F3347,397997,1183748,33.6218,test,categorical,3,29,L3_S29,785751,66.3782
test_categorical,L3_S29_F3350,397997,1183748,33.6218,test,categorical,3,29,L3_S29,785751,66.3782
test_categorical,L3_S29_F3353,397997,1183748,33.6218,test,categorical,3,29,L3_S29,785751,66.3782
test_categorical,L3_S29_F3356,397997,1183748,33.6218,test,categorical,3,29,L3_S29,785751,66.3782
test_categorical,L3_S29_F3359,397997,1183748,33.6218,test,categorical,3,29,L3_S29,785751,66.3782
test_categorical,L3_S29_F3362,397997,1183748,33.6218,test,categorical,3,29,L3_S29,785751,66.3782
test_categorical,L3_S29_F3364,397997,1183748,33.6218,test,categorical,3,29,L3_S29,785751,66.3782
test_categorical,L3_S29_F3366,397997,1183748,33.6218,test,categorical,3,29,L3_S29,785751,66.3782
test_categorical,L3_S29_F3369,397997,1183748,33.6218,test,categorical,3,29,L3_S29,785751,66.3782
test_categorical,L3_S29_F3372,397997,1183748,33.6218,test,categorical,3,29,L3_S29,785751,66.3782
test_categorical,L3_S29_F3375,397997,1183748,33.6218,test,categorical,3,29,L3_S29,785751,66.3782
test_categorical,L3_S29_F3378,397997,1183748,33.6218,test,categorical,3,29,L3_S29,785751,66.3782
test_categorical,L3_S29_F3381,397997,1183748,33.6218,test,categorical,3,29,L3_S29,785751,66.3782
test_categorical,L3_S29_F3384,397997,1183748,33.6218,test,categorical,3,29,L3_S29,785751,66.3782
test_categorical,L3_S29_F3387,397997,1183748,33.6218,test,categorical,3,29,L3_S29,785751,66.3782
test_categorical,L3_S29_F3390,397997,1183748,33.6218,test,categorical,3,29,L3_S29,785751,66.3782
test_categorical,L3_S29_F3392,397997,1183748,33.6218,test,categorical,3,29,L3_S29,785751,66.3782
test_categorical,L3_S29_F3394,397997,1183748,33.6218,test,categorical,3,29,L3_S29,785751,66.3782
test_categorical,L3_S29_F3397,397997,1183748,33.6218,test,categorical,3,29,L3_S29,785751,66.3782
test_categorical,L3_S29_F3400,397997,1183748,33.6218,test,categorical,3,29,L3_S29,785751,66.3782
test_categorical,L3_S29_F3403,397997,1183748,33.6218,test,categorical,3,29,L3_S29,785751,66.3782
test_categorical,L3_S29_F3406,397997,1183748,33.6218,test,categorical,3,29,L3_S29,785751,66.3782
test_categorical,L3_S29_F3409,397997,1183748,33.6218,test,categorical,3,29,L3_S29,785751,66.3782
test_categorical,L3_S29_F3411,397997,1183748,33.6218,test,categorical,3,29,L3_S29,785751,66.3782
test_categorical,L3_S29_F3414,397997,1183748,33.6218,test,categorical,3,29,L3_S29,785751,66.3782
test_categorical,L3_S29_F3416,397997,1183748,33.6218,test,categorical,3,29,L3_S29,785751,66.3782
test_categorical,L3_S29_F3418,397997,1183748,33.6218,test,categorical,3,29,L3_S29,785751,66.3782
test_categorical,L3_S29_F3420,397997,1183748,33.6218,test,categorical,3,29,L3_S29,785751,66.3782
test_categorical,L3_S29_F3423,397997,1183748,33.6218,test,categorical,3,29,L3_S29,785751,66.3782
test_categorical,L3_S29_F3426,397997,1183748,33.6218,test,categorical,3,29,L3_S29,785751,66.3782
test_categorical,L3_S29_F3429,397997,1183748,33.6218,test,categorical,3,29,L3_S29,785751,66.3782
test_categorical,L3_S29_F3432,397997,1183748,33.6218,test,categorical,3,29,L3_S29,785751,66.3782
test_categorical,L3_S29_F3435,397997,1183748,33.6218,test,categorical,3,29,L3_S29,785751,66.3782
test_categorical,L3_S29_F3438,397997,1183748,33.6218,test,categorical,3,29,L3_S29,785751,66.3782
test_categorical,L3_S29_F3441,397997,1183748,33.6218,test,categorical,3,29,L3_S29,785751,66.3782
test_categorical,L3_S29_F3444,397997,1183748,33.6218,test,categorical,3,29,L3_S29,785751,66.3782
test_categorical,L3_S29_F3446,397997,1183748,33.6218,test,categorical,3,29,L3_S29,785751,66.3782
test_categorical,L3_S29_F3448,397997,1183748,33.6218,test,categorical,3,29,L3_S29,785751,66.3782
test_categorical,L3_S29_F3451,397997,1183748,33.6218,test,categorical,3,29,L3_S29,785751,66.3782
test_categorical,L3_S29_F3454,397997,1183748,33.6218,test,categorical,3,29,L3_S29,785751,66.3782
test_categorical,L3_S29_F3457,397997,1183748,33.6218,test,categorical,3,29,L3_S29,785751,66.3782
test_categorical,L3_S29_F3460,397997,1183748,33.6218,test,categorical,3,29,L3_S29,785751,66.3782
test_categorical,L3_S29_F3463,397997,1183748,33.6218,test,categorical,3,29,L3_S29,785751,66.3782
test_categorical,L3_S29_F3466,397997,1183748,33.6218,test,categorical,3,29,L3_S29,785751,66.3782
test_categorical,L3_S29_F3469,397997,1183748,33.6218,test,categorical,3,29,L3_S29,785751,66.3782
test_categorical,L3_S29_F3472,397997,1183748,33.6218,test,categorical,3,29,L3_S29,785751,66.3782
test_categorical,L3_S29_F3475,432260,1183748,36.5162,test,categorical,3,29,L3_S29,751488,63.4838
test_categorical,L3_S29_F3478,432260,1183748,36.5162,test,categorical,3,29,L3_S29,751488,63.4838
test_categorical,L3_S29_F3481,432260,1183748,36.5162,test,categorical,3,29,L3_S29,751488,63.4838
test_categorical,L3_S29_F3484,397997,1183748,33.6218,test,categorical,3,29,L3_S29,785751,66.3782
test_categorical,L3_S29_F3487,397997,1183748,33.6218,test,categorical,3,29,L3_S29,785751,66.3782
test_categorical,L3_S29_F3490,397997,1183748,33.6218,test,categorical,3,29,L3_S29,785751,66.3782
test_categorical,L3_S29_F3493,397997,1183748,33.6218,test,categorical,3,29,L3_S29,785751,66.3782
test_categorical,L3_S30_F3495,1183741,1183748,99.9994,test,categorical,3,30,L3_S30,7,0.0006
test_categorical,L3_S30_F3497,1183745,1183748,99.9997,test,categorical,3,30,L3_S30,3,0.0003
test_categorical,L3_S30_F3498,1183741,1183748,99.9994,test,categorical,3,30,L3_S30,7,0.0006
test_categorical,L3_S30_F3500,1183741,1183748,99.9994,test,categorical,3,30,L3_S30,7,0.0006
test_categorical,L3_S30_F3502,1183745,1183748,99.9997,test,categorical,3,30,L3_S30,3,0.0003
test_categorical,L3_S30_F3503,1183741,1183748,99.9994,test,categorical,3,30,L3_S30,7,0.0006
test_categorical,L3_S30_F3505,1183730,1183748,99.9985,test,categorical,3,30,L3_S30,18,0.0015
test_categorical,L3_S30_F3507,1183745,1183748,99.9997,test,categorical,3,30,L3_S30,3,0.0003
test_categorical,L3_S30_F3508,1183730,1183748,99.9985,test,categorical,3,30,L3_S30,18,0.0015
test_categorical,L3_S30_F3510,1183730,1183748,99.9985,test,categorical,3,30,L3_S30,18,0.0015
test_categorical,L3_S30_F3512,1183745,1183748,99.9997,test,categorical,3,30,L3_S30,3,0.0003
test_categorical,L3_S30_F3513,1183730,1183748,99.9985,test,categorical,3,30,L3_S30,18,0.0015
test_categorical,L3_S30_F3515,1183730,1183748,99.9985,test,categorical,3,30,L3_S30,18,0.0015
test_categorical,L3_S30_F3517,1183745,1183748,99.9997,test,categorical,3,30,L3_S30,3,0.0003
test_categorical,L3_S30_F3518,1183730,1183748,99.9985,test,categorical,3,30,L3_S30,18,0.0015
test_categorical,L3_S30_F3520,1183730,1183748,99.9985,test,categorical,3,30,L3_S30,18,0.0015
test_categorical,L3_S30_F3522,1183745,1183748,99.9997,test,categorical,3,30,L3_S30,3,0.0003
test_categorical,L3_S30_F3523,1183730,1183748,99.9985,test,categorical,3,30,L3_S30,18,0.0015
test_categorical,L3_S30_F3525,1183730,1183748,99.9985,test,categorical,3,30,L3_S30,18,0.0015
test_categorical,L3_S30_F3527,1183745,1183748,99.9997,test,categorical,3,30,L3_S30,3,0.0003
test_categorical,L3_S30_F3528,1183730,1183748,99.9985,test,categorical,3,30,L3_S30,18,0.0015
test_categorical,L3_S30_F3530,1183730,1183748,99.9985,test,categorical,3,30,L3_S30,18,0.0015
test_categorical,L3_S30_F3532,1183745,1183748,99.9997,test,categorical,3,30,L3_S30,3,0.0003
test_categorical,L3_S30_F3533,1183730,1183748,99.9985,test,categorical,3,30,L3_S30,18,0.0015
test_categorical,L3_S30_F3535,1183730,1183748,99.9985,test,categorical,3,30,L3_S30,18,0.0015
test_categorical,L3_S30_F3537,1183745,1183748,99.9997,test,categorical,3,30,L3_S30,3,0.0003
test_categorical,L3_S30_F3538,1183730,1183748,99.9985,test,categorical,3,30,L3_S30,18,0.0015
test_categorical,L3_S30_F3540,1183730,1183748,99.9985,test,categorical,3,30,L3_S30,18,0.0015
test_categorical,L3_S30_F3542,1183745,1183748,99.9997,test,categorical,3,30,L3_S30,3,0.0003
test_categorical,L3_S30_F3543,1183730,1183748,99.9985,test,categorical,3,30,L3_S30,18,0.0015
test_categorical,L3_S30_F3545,1183730,1183748,99.9985,test,categorical,3,30,L3_S30,18,0.0015
test_categorical,L3_S30_F3547,1183745,1183748,99.9997,test,categorical,3,30,L3_S30,3,0.0003
test_categorical,L3_S30_F3548,1183730,1183748,99.9985,test,categorical,3,30,L3_S30,18,0.0015
test_categorical,L3_S30_F3550,1183730,1183748,99.9985,test,categorical,3,30,L3_S30,18,0.0015
test_categorical,L3_S30_F3552,1183745,1183748,99.9997,test,categorical,3,30,L3_S30,3,0.0003
test_categorical,L3_S30_F3553,1183730,1183748,99.9985,test,categorical,3,30,L3_S30,18,0.0015
test_categorical,L3_S30_F3555,1183730,1183748,99.9985,test,categorical,3,30,L3_S30,18,0.0015
test_categorical,L3_S30_F3557,1183745,1183748,99.9997,test,categorical,3,30,L3_S30,3,0.0003
test_categorical,L3_S30_F3558,1183730,1183748,99.9985,test,categorical,3,30,L3_S30,18,0.0015
test_categorical,L3_S30_F3560,1183730,1183748,99.9985,test,categorical,3,30,L3_S30,18,0.0015
test_categorical,L3_S30_F3562,1183745,1183748,99.9997,test,categorical,3,30,L3_S30,3,0.0003
test_categorical,L3_S30_F3563,1183730,1183748,99.9985,test,categorical,3,30,L3_S30,18,0.0015
test_categorical,L3_S30_F3565,1183735,1183748,99.9989,test,categorical,3,30,L3_S30,13,0.0011
test_categorical,L3_S30_F3567,1183745,1183748,99.9997,test,categorical,3,30,L3_S30,3,0.0003
test_categorical,L3_S30_F3568,1183735,1183748,99.9989,test,categorical,3,30,L3_S30,13,0.0011
test_categorical,L3_S30_F3570,1183735,1183748,99.9989,test,categorical,3,30,L3_S30,13,0.0011
test_categorical,L3_S30_F3572,1183745,1183748,99.9997,test,categorical,3,30,L3_S30,3,0.0003
test_categorical,L3_S30_F3573,1183735,1183748,99.9989,test,categorical,3,30,L3_S30,13,0.0011
test_categorical,L3_S30_F3575,1183735,1183748,99.9989,test,categorical,3,30,L3_S30,13,0.0011
test_categorical,L3_S30_F3577,1183745,1183748,99.9997,test,categorical,3,30,L3_S30,3,0.0003
test_categorical,L3_S30_F3578,1183735,1183748,99.9989,test,categorical,3,30,L3_S30,13,0.0011
test_categorical,L3_S30_F3580,1183735,1183748,99.9989,test,categorical,3,30,L3_S30,13,0.0011
test_categorical,L3_S30_F3582,1183745,1183748,99.9997,test,categorical,3,30,L3_S30,3,0.0003
test_categorical,L3_S30_F3583,1183735,1183748,99.9989,test,categorical,3,30,L3_S30,13,0.0011
test_categorical,L3_S30_F3585,1183735,1183748,99.9989,test,categorical,3,30,L3_S30,13,0.0011
test_categorical,L3_S30_F3587,1183745,1183748,99.9997,test,categorical,3,30,L3_S30,3,0.0003
test_categorical,L3_S30_F3588,1183735,1183748,99.9989,test,categorical,3,30,L3_S30,13,0.0011
test_categorical,L3_S30_F3590,1183735,1183748,99.9989,test,categorical,3,30,L3_S30,13,0.0011
test_categorical,L3_S30_F3592,1183745,1183748,99.9997,test,categorical,3,30,L3_S30,3,0.0003
test_categorical,L3_S30_F3593,1183735,1183748,99.9989,test,categorical,3,30,L3_S30,13,0.0011
test_categorical,L3_S30_F3595,1183735,1183748,99.9989,test,categorical,3,30,L3_S30,13,0.0011
test_categorical,L3_S30_F3597,1183745,1183748,99.9997,test,categorical,3,30,L3_S30,3,0.0003
test_categorical,L3_S30_F3598,1183735,1183748,99.9989,test,categorical,3,30,L3_S30,13,0.0011
test_categorical,L3_S30_F3600,1183735,1183748,99.9989,test,categorical,3,30,L3_S30,13,0.0011
test_categorical,L3_S30_F3602,1183745,1183748,99.9997,test,categorical,3,30,L3_S30,3,0.0003
test_categorical,L3_S30_F3603,1183735,1183748,99.9989,test,categorical,3,30,L3_S30,13,0.0011
test_categorical,L3_S30_F3605,1183735,1183748,99.9989,test,categorical,3,30,L3_S30,13,0.0011
test_categorical,L3_S30_F3607,1183745,1183748,99.9997,test,categorical,3,30,L3_S30,3,0.0003
test_categorical,L3_S30_F3608,1183735,1183748,99.9989,test,categorical,3,30,L3_S30,13,0.0011
test_categorical,L3_S30_F3610,1183735,1183748,99.9989,test,categorical,3,30,L3_S30,13,0.0011
test_categorical,L3_S30_F3612,1183745,1183748,99.9997,test,categorical,3,30,L3_S30,3,0.0003
test_categorical,L3_S30_F3613,1183735,1183748,99.9989,test,categorical,3,30,L3_S30,13,0.0011
test_categorical,L3_S30_F3615,1183735,1183748,99.9989,test,categorical,3,30,L3_S30,13,0.0011
test_categorical,L3_S30_F3617,1183745,1183748,99.9997,test,categorical,3,30,L3_S30,3,0.0003
test_categorical,L3_S30_F3618,1183735,1183748,99.9989,test,categorical,3,30,L3_S30,13,0.0011
test_categorical,L3_S30_F3620,1183735,1183748,99.9989,test,categorical,3,30,L3_S30,13,0.0011
test_categorical,L3_S30_F3622,1183745,1183748,99.9997,test,categorical,3,30,L3_S30,3,0.0003
test_categorical,L3_S30_F3623,1183735,1183748,99.9989,test,categorical,3,30,L3_S30,13,0.0011
test_categorical,L3_S30_F3625,1183735,1183748,99.9989,test,categorical,3,30,L3_S30,13,0.0011
test_categorical,L3_S30_F3627,1183745,1183748,99.9997,test,categorical,3,30,L3_S30,3,0.0003
test_categorical,L3_S30_F3628,1183735,1183748,99.9989,test,categorical,3,30,L3_S30,13,0.0011
test_categorical,L3_S30_F3630,1183735,1183748,99.9989,test,categorical,3,30,L3_S30,13,0.0011
test_categorical,L3_S30_F3632,1183745,1183748,99.9997,test,categorical,3,30,L3_S30,3,0.0003
test_categorical,L3_S30_F3633,1183735,1183748,99.9989,test,categorical,3,30,L3_S30,13,0.0011
test_categorical,L3_S30_F3635,1183735,1183748,99.9989,test,categorical,3,30,L3_S30,13,0.0011
test_categorical,L3_S30_F3637,1183745,1183748,99.9997,test,categorical,3,30,L3_S30,3,0.0003
test_categorical,L3_S30_F3638,1183735,1183748,99.9989,test,categorical,3,30,L3_S30,13,0.0011
test_categorical,L3_S30_F3640,1183735,1183748,99.9989,test,categorical,3,30,L3_S30,13,0.0011
test_categorical,L3_S30_F3642,1183745,1183748,99.9997,test,categorical,3,30,L3_S30,3,0.0003
test_categorical,L3_S30_F3643,1183735,1183748,99.9989,test,categorical,3,30,L3_S30,13,0.0011
test_categorical,L3_S30_F3645,1183735,1183748,99.9989,test,categorical,3,30,L3_S30,13,0.0011
test_categorical,L3_S30_F3647,1183745,1183748,99.9997,test,categorical,3,30,L3_S30,3,0.0003
test_categorical,L3_S30_F3648,1183735,1183748,99.9989,test,categorical,3,30,L3_S30,13,0.0011
test_categorical,L3_S30_F3650,1183735,1183748,99.9989,test,categorical,3,30,L3_S30,13,0.0011
test_categorical,L3_S30_F3652,1183745,1183748,99.9997,test,categorical,3,30,L3_S30,3,0.0003
test_categorical,L3_S30_F3653,1183735,1183748,99.9989,test,categorical,3,30,L3_S30,13,0.0011
test_categorical,L3_S30_F3655,1183735,1183748,99.9989,test,categorical,3,30,L3_S30,13,0.0011
test_categorical,L3_S30_F3657,1183745,1183748,99.9997,test,categorical,3,30,L3_S30,3,0.0003
test_categorical,L3_S30_F3658,1183735,1183748,99.9989,test,categorical,3,30,L3_S30,13,0.0011
test_categorical,L3_S30_F3660,1183735,1183748,99.9989,test,categorical,3,30,L3_S30,13,0.0011
test_categorical,L3_S30_F3662,1183745,1183748,99.9997,test,categorical,3,30,L3_S30,3,0.0003
test_categorical,L3_S30_F3663,1183735,1183748,99.9989,test,categorical,3,30,L3_S30,13,0.0011
test_categorical,L3_S30_F3665,1183735,1183748,99.9989,test,categorical,3,30,L3_S30,13,0.0011
test_categorical,L3_S30_F3667,1183745,1183748,99.9997,test,categorical,3,30,L3_S30,3,0.0003
test_categorical,L3_S30_F3668,1183735,1183748,99.9989,test,categorical,3,30,L3_S30,13,0.0011
test_categorical,L3_S30_F3670,1183735,1183748,99.9989,test,categorical,3,30,L3_S30,13,0.0011
test_categorical,L3_S30_F3672,1183745,1183748,99.9997,test,categorical,3,30,L3_S30,3,0.0003
test_categorical,L3_S30_F3673,1183735,1183748,99.9989,test,categorical,3,30,L3_S30,13,0.0011
test_categorical,L3_S30_F3675,1183735,1183748,99.9989,test,categorical,3,30,L3_S30,13,0.0011
test_categorical,L3_S30_F3677,1183745,1183748,99.9997,test,categorical,3,30,L3_S30,3,0.0003
test_categorical,L3_S30_F3678,1183735,1183748,99.9989,test,categorical,3,30,L3_S30,13,0.0011
test_categorical,L3_S30_F3680,1183735,1183748,99.9989,test,categorical,3,30,L3_S30,13,0.0011
test_categorical,L3_S30_F3682,1183745,1183748,99.9997,test,categorical,3,30,L3_S30,3,0.0003
test_categorical,L3_S30_F3683,1183735,1183748,99.9989,test,categorical,3,30,L3_S30,13,0.0011
test_categorical,L3_S30_F3685,1183735,1183748,99.9989,test,categorical,3,30,L3_S30,13,0.0011
test_categorical,L3_S30_F3687,1183745,1183748,99.9997,test,categorical,3,30,L3_S30,3,0.0003
test_categorical,L3_S30_F3688,1183735,1183748,99.9989,test,categorical,3,30,L3_S30,13,0.0011
test_categorical,L3_S30_F3690,1183735,1183748,99.9989,test,categorical,3,30,L3_S30,13,0.0011
test_categorical,L3_S30_F3692,1183745,1183748,99.9997,test,categorical,3,30,L3_S30,3,0.0003
test_categorical,L3_S30_F3693,1183735,1183748,99.9989,test,categorical,3,30,L3_S30,13,0.0011
test_categorical,L3_S30_F3695,1183735,1183748,99.9989,test,categorical,3,30,L3_S30,13,0.0011
test_categorical,L3_S30_F3697,1183745,1183748,99.9997,test,categorical,3,30,L3_S30,3,0.0003
test_categorical,L3_S30_F3698,1183735,1183748,99.9989,test,categorical,3,30,L3_S30,13,0.0011
test_categorical,L3_S30_F3700,1183735,1183748,99.9989,test,categorical,3,30,L3_S30,13,0.0011
test_categorical,L3_S30_F3702,1183745,1183748,99.9997,test,categorical,3,30,L3_S30,3,0.0003
test_categorical,L3_S30_F3703,1183735,1183748,99.9989,test,categorical,3,30,L3_S30,13,0.0011
test_categorical,L3_S30_F3705,1183735,1183748,99.9989,test,categorical,3,30,L3_S30,13,0.0011
test_categorical,L3_S30_F3707,1183745,1183748,99.9997,test,categorical,3,30,L3_S30,3,0.0003
test_categorical,L3_S30_F3708,1183735,1183748,99.9989,test,categorical,3,30,L3_S30,13,0.0011
test_categorical,L3_S30_F3710,1183735,1183748,99.9989,test,categorical,3,30,L3_S30,13,0.0011
test_categorical,L3_S30_F3712,1183745,1183748,99.9997,test,categorical,3,30,L3_S30,3,0.0003
test_categorical,L3_S30_F3713,1183735,1183748,99.9989,test,categorical,3,30,L3_S30,13,0.0011
test_categorical,L3_S30_F3715,1183735,1183748,99.9989,test,categorical,3,30,L3_S30,13,0.0011
test_categorical,L3_S30_F3717,1183745,1183748,99.9997,test,categorical,3,30,L3_S30,3,0.0003
test_categorical,L3_S30_F3718,1183735,1183748,99.9989,test,categorical,3,30,L3_S30,13,0.0011
test_categorical,L3_S30_F3720,1183735,1183748,99.9989,test,categorical,3,30,L3_S30,13,0.0011
test_categorical,L3_S30_F3722,1183745,1183748,99.9997,test,categorical,3,30,L3_S30,3,0.0003
test_categorical,L3_S30_F3723,1183735,1183748,99.9989,test,categorical,3,30,L3_S30,13,0.0011
test_categorical,L3_S30_F3725,1183730,1183748,99.9985,test,categorical,3,30,L3_S30,18,0.0015
test_categorical,L3_S30_F3727,1183745,1183748,99.9997,test,categorical,3,30,L3_S30,3,0.0003
test_categorical,L3_S30_F3728,1183730,1183748,99.9985,test,categorical,3,30,L3_S30,18,0.0015
test_categorical,L3_S30_F3730,1183730,1183748,99.9985,test,categorical,3,30,L3_S30,18,0.0015
test_categorical,L3_S30_F3732,1183745,1183748,99.9997,test,categorical,3,30,L3_S30,3,0.0003
test_categorical,L3_S30_F3733,1183730,1183748,99.9985,test,categorical,3,30,L3_S30,18,0.0015
test_categorical,L3_S30_F3735,1183730,1183748,99.9985,test,categorical,3,30,L3_S30,18,0.0015
test_categorical,L3_S30_F3737,1183745,1183748,99.9997,test,categorical,3,30,L3_S30,3,0.0003
test_categorical,L3_S30_F3738,1183730,1183748,99.9985,test,categorical,3,30,L3_S30,18,0.0015
test_categorical,L3_S30_F3740,1183730,1183748,99.9985,test,categorical,3,30,L3_S30,18,0.0015
test_categorical,L3_S30_F3742,1183745,1183748,99.9997,test,categorical,3,30,L3_S30,3,0.0003
test_categorical,L3_S30_F3743,1183730,1183748,99.9985,test,categorical,3,30,L3_S30,18,0.0015
test_categorical,L3_S30_F3745,1183730,1183748,99.9985,test,categorical,3,30,L3_S30,18,0.0015
test_categorical,L3_S30_F3747,1183745,1183748,99.9997,test,categorical,3,30,L3_S30,3,0.0003
test_categorical,L3_S30_F3748,1183730,1183748,99.9985,test,categorical,3,30,L3_S30,18,0.0015
test_categorical,L3_S30_F3750,1183730,1183748,99.9985,test,categorical,3,30,L3_S30,18,0.0015
test_categorical,L3_S30_F3752,1183745,1183748,99.9997,test,categorical,3,30,L3_S30,3,0.0003
test_categorical,L3_S30_F3753,1183730,1183748,99.9985,test,categorical,3,30,L3_S30,18,0.0015
test_categorical,L3_S30_F3755,1183730,1183748,99.9985,test,categorical,3,30,L3_S30,18,0.0015
test_categorical,L3_S30_F3757,1183745,1183748,99.9997,test,categorical,3,30,L3_S30,3,0.0003
test_categorical,L3_S30_F3758,1183730,1183748,99.9985,test,categorical,3,30,L3_S30,18,0.0015
test_categorical,L3_S30_F3760,1183730,1183748,99.9985,test,categorical,3,30,L3_S30,18,0.0015
test_categorical,L3_S30_F3762,1183745,1183748,99.9997,test,categorical,3,30,L3_S30,3,0.0003
test_categorical,L3_S30_F3763,1183730,1183748,99.9985,test,categorical,3,30,L3_S30,18,0.0015
test_categorical,L3_S30_F3765,1183730,1183748,99.9985,test,categorical,3,30,L3_S30,18,0.0015
test_categorical,L3_S30_F3767,1183745,1183748,99.9997,test,categorical,3,30,L3_S30,3,0.0003
test_categorical,L3_S30_F3768,1183730,1183748,99.9985,test,categorical,3,30,L3_S30,18,0.0015
test_categorical,L3_S30_F3770,1183730,1183748,99.9985,test,categorical,3,30,L3_S30,18,0.0015
test_categorical,L3_S30_F3772,1183745,1183748,99.9997,test,categorical,3,30,L3_S30,3,0.0003
test_categorical,L3_S30_F3773,1183730,1183748,99.9985,test,categorical,3,30,L3_S30,18,0.0015
test_categorical,L3_S30_F3775,1183730,1183748,99.9985,test,categorical,3,30,L3_S30,18,0.0015
test_categorical,L3_S30_F3777,1183745,1183748,99.9997,test,categorical,3,30,L3_S30,3,0.0003
test_categorical,L3_S30_F3778,1183730,1183748,99.9985,test,categorical,3,30,L3_S30,18,0.0015
test_categorical,L3_S30_F3780,1183730,1183748,99.9985,test,categorical,3,30,L3_S30,18,0.0015
test_categorical,L3_S30_F3782,1183745,1183748,99.9997,test,categorical,3,30,L3_S30,3,0.0003
test_categorical,L3_S30_F3783,1183730,1183748,99.9985,test,categorical,3,30,L3_S30,18,0.0015
test_categorical,L3_S30_F3785,1183730,1183748,99.9985,test,categorical,3,30,L3_S30,18,0.0015
test_categorical,L3_S30_F3787,1183745,1183748,99.9997,test,categorical,3,30,L3_S30,3,0.0003
test_categorical,L3_S30_F3788,1183730,1183748,99.9985,test,categorical,3,30,L3_S30,18,0.0015
test_categorical,L3_S30_F3790,1183730,1183748,99.9985,test,categorical,3,30,L3_S30,18,0.0015
test_categorical,L3_S30_F3792,1183745,1183748,99.9997,test,categorical,3,30,L3_S30,3,0.0003
test_categorical,L3_S30_F3793,1183730,1183748,99.9985,test,categorical,3,30,L3_S30,18,0.0015
test_categorical,L3_S30_F3795,1183730,1183748,99.9985,test,categorical,3,30,L3_S30,18,0.0015
test_categorical,L3_S30_F3797,1183745,1183748,99.9997,test,categorical,3,30,L3_S30,3,0.0003
test_categorical,L3_S30_F3798,1183730,1183748,99.9985,test,categorical,3,30,L3_S30,18,0.0015
test_categorical,L3_S30_F3800,1183730,1183748,99.9985,test,categorical,3,30,L3_S30,18,0.0015
test_categorical,L3_S30_F3802,1183745,1183748,99.9997,test,categorical,3,30,L3_S30,3,0.0003
test_categorical,L3_S30_F3803,1183730,1183748,99.9985,test,categorical,3,30,L3_S30,18,0.0015
test_categorical,L3_S30_F3805,1183730,1183748,99.9985,test,categorical,3,30,L3_S30,18,0.0015
test_categorical,L3_S30_F3807,1183745,1183748,99.9997,test,categorical,3,30,L3_S30,3,0.0003
test_categorical,L3_S30_F3808,1183730,1183748,99.9985,test,categorical,3,30,L3_S30,18,0.0015
test_categorical,L3_S30_F3810,1183730,1183748,99.9985,test,categorical,3,30,L3_S30,18,0.0015
test_categorical,L3_S30_F3812,1183745,1183748,99.9997,test,categorical,3,30,L3_S30,3,0.0003
test_categorical,L3_S30_F3813,1183730,1183748,99.9985,test,categorical,3,30,L3_S30,18,0.0015
test_categorical,L3_S30_F3815,1183730,1183748,99.9985,test,categorical,3,30,L3_S30,18,0.0015
test_categorical,L3_S30_F3817,1183745,1183748,99.9997,test,categorical,3,30,L3_S30,3,0.0003
test_categorical,L3_S30_F3818,1183730,1183748,99.9985,test,categorical,3,30,L3_S30,18,0.0015
test_categorical,L3_S30_F3820,1183730,1183748,99.9985,test,categorical,3,30,L3_S30,18,0.0015
test_categorical,L3_S30_F3822,1183745,1183748,99.9997,test,categorical,3,30,L3_S30,3,0.0003
test_categorical,L3_S30_F3823,1183730,1183748,99.9985,test,categorical,3,30,L3_S30,18,0.0015
test_categorical,L3_S30_F3825,1183730,1183748,99.9985,test,categorical,3,30,L3_S30,18,0.0015
test_categorical,L3_S30_F3827,1183745,1183748,99.9997,test,categorical,3,30,L3_S30,3,0.0003
test_categorical,L3_S30_F3828,1183730,1183748,99.9985,test,categorical,3,30,L3_S30,18,0.0015
test_categorical,L3_S30_F3830,1183730,1183748,99.9985,test,categorical,3,30,L3_S30,18,0.0015
test_categorical,L3_S30_F3832,1183745,1183748,99.9997,test,categorical,3,30,L3_S30,3,0.0003
test_categorical,L3_S30_F3833,1183730,1183748,99.9985,test,categorical,3,30,L3_S30,18,0.0015
test_categorical,L3_S31_F3835,1183743,1183748,99.9996,test,categorical,3,31,L3_S31,5,0.0004
test_categorical,L3_S31_F3837,1183743,1183748,99.9996,test,categorical,3,31,L3_S31,5,0.0004
test_categorical,L3_S31_F3839,1183743,1183748,99.9996,test,categorical,3,31,L3_S31,5,0.0004
test_categorical,L3_S31_F3841,1183743,1183748,99.9996,test,categorical,3,31,L3_S31,5,0.0004
test_categorical,L3_S31_F3843,1183743,1183748,99.9996,test,categorical,3,31,L3_S31,5,0.0004
test_categorical,L3_S31_F3845,1183743,1183748,99.9996,test,categorical,3,31,L3_S31,5,0.0004
test_categorical,L3_S31_F3847,1183743,1183748,99.9996,test,categorical,3,31,L3_S31,5,0.0004
test_categorical,L3_S31_F3849,1183743,1183748,99.9996,test,categorical,3,31,L3_S31,5,0.0004
test_categorical,L3_S32_F3851,1162586,1183748,98.2123,test,categorical,3,32,L3_S32,21162,1.7877
test_categorical,L3_S32_F3853,1183699,1183748,99.9959,test,categorical,3,32,L3_S32,49,0.0041
test_categorical,L3_S32_F3854,1162586,1183748,98.2123,test,categorical,3,32,L3_S32,21162,1.7877
test_categorical,L3_S35_F3885,1183733,1183748,99.9987,test,categorical,3,35,L3_S35,15,0.0013
test_categorical,L3_S35_F3887,1183733,1183748,99.9987,test,categorical,3,35,L3_S35,15,0.0013
test_categorical,L3_S35_F3888,1183733,1183748,99.9987,test,categorical,3,35,L3_S35,15,0.0013
test_categorical,L3_S35_F3890,1183733,1183748,99.9987,test,categorical,3,35,L3_S35,15,0.0013
test_categorical,L3_S35_F3892,1183733,1183748,99.9987,test,categorical,3,35,L3_S35,15,0.0013
test_categorical,L3_S35_F3893,1183733,1183748,99.9987,test,categorical,3,35,L3_S35,15,0.0013
test_categorical,L3_S35_F3899,1183672,1183748,99.9936,test,categorical,3,35,L3_S35,76,0.0064
test_categorical,L3_S35_F3901,1183733,1183748,99.9987,test,categorical,3,35,L3_S35,15,0.0013
test_categorical,L3_S35_F3902,1183672,1183748,99.9936,test,categorical,3,35,L3_S35,76,0.0064
test_categorical,L3_S35_F3904,1183672,1183748,99.9936,test,categorical,3,35,L3_S35,76,0.0064
test_categorical,L3_S35_F3906,1183733,1183748,99.9987,test,categorical,3,35,L3_S35,15,0.0013
test_categorical,L3_S35_F3907,1183672,1183748,99.9936,test,categorical,3,35,L3_S35,76,0.0064
test_categorical,L3_S35_F3909,1183672,1183748,99.9936,test,categorical,3,35,L3_S35,76,0.0064
test_categorical,L3_S35_F3911,1183733,1183748,99.9987,test,categorical,3,35,L3_S35,15,0.0013
test_categorical,L3_S35_F3912,1183672,1183748,99.9936,test,categorical,3,35,L3_S35,76,0.0064
test_categorical,L3_S35_F3914,1183672,1183748,99.9936,test,categorical,3,35,L3_S35,76,0.0064
test_categorical,L3_S35_F3916,1183733,1183748,99.9987,test,categorical,3,35,L3_S35,15,0.0013
test_categorical,L3_S35_F3917,1183672,1183748,99.9936,test,categorical,3,35,L3_S35,76,0.0064
test_categorical,L3_S36_F3927,1183748,1183748,100.0,test,categorical,3,36,L3_S36,0,0.0
test_categorical,L3_S36_F3929,1183748,1183748,100.0,test,categorical,3,36,L3_S36,0,0.0
test_categorical,L3_S36_F3931,1183748,1183748,100.0,test,categorical,3,36,L3_S36,0,0.0
test_categorical,L3_S36_F3933,1183748,1183748,100.0,test,categorical,3,36,L3_S36,0,0.0
test_categorical,L3_S36_F3935,1183748,1183748,100.0,test,categorical,3,36,L3_S36,0,0.0
test_categorical,L3_S36_F3937,1183748,1183748,100.0,test,categorical,3,36,L3_S36,0,0.0
test_categorical,L3_S36_F3939,1183748,1183748,100.0,test,categorical,3,36,L3_S36,0,0.0
test_categorical,L3_S36_F3941,1183748,1183748,100.0,test,categorical,3,36,L3_S36,0,0.0
test_categorical,L3_S38_F3954,1183747,1183748,99.9999,test,categorical,3,38,L3_S38,1,0.0001
test_categorical,L3_S38_F3955,1183745,1183748,99.9997,test,categorical,3,38,L3_S38,3,0.0003
test_categorical,L3_S38_F3958,1183747,1183748,99.9999,test,categorical,3,38,L3_S38,1,0.0001
test_categorical,L3_S38_F3959,1183745,1183748,99.9997,test,categorical,3,38,L3_S38,3,0.0003
test_categorical,L3_S38_F3962,1183747,1183748,99.9999,test,categorical,3,38,L3_S38,1,0.0001
test_categorical,L3_S38_F3963,1183745,1183748,99.9997,test,categorical,3,38,L3_S38,3,0.0003
test_categorical,L3_S39_F3965,1183748,1183748,100.0,test,categorical,3,39,L3_S39,0,0.0
test_categorical,L3_S39_F3967,1183748,1183748,100.0,test,categorical,3,39,L3_S39,0,0.0
test_categorical,L3_S39_F3969,1183748,1183748,100.0,test,categorical,3,39,L3_S39,0,0.0
test_categorical,L3_S39_F3971,1183748,1183748,100.0,test,categorical,3,39,L3_S39,0,0.0
test_categorical,L3_S39_F3973,1183748,1183748,100.0,test,categorical,3,39,L3_S39,0,0.0
test_categorical,L3_S39_F3975,1183748,1183748,100.0,test,categorical,3,39,L3_S39,0,0.0
test_categorical,L3_S39_F3977,1183748,1183748,100.0,test,categorical,3,39,L3_S39,0,0.0
test_categorical,L3_S39_F3979,1183748,1183748,100.0,test,categorical,3,39,L3_S39,0,0.0
test_categorical,L3_S42_F4028,1183728,1183748,99.9983,test,categorical,3,42,L3_S42,20,0.0017
test_categorical,L3_S42_F4030,1183747,1183748,99.9999,test,categorical,3,42,L3_S42,1,0.0001
test_categorical,L3_S42_F4031,1183740,1183748,99.9993,test,categorical,3,42,L3_S42,8,0.0007
test_categorical,L3_S42_F4032,1183728,1183748,99.9983,test,categorical,3,42,L3_S42,20,0.0017
test_categorical,L3_S42_F4034,1183747,1183748,99.9999,test,categorical,3,42,L3_S42,1,0.0001
test_categorical,L3_S42_F4035,1183740,1183748,99.9993,test,categorical,3,42,L3_S42,8,0.0007
test_categorical,L3_S42_F4036,1183728,1183748,99.9983,test,categorical,3,42,L3_S42,20,0.0017
test_categorical,L3_S42_F4038,1183747,1183748,99.9999,test,categorical,3,42,L3_S42,1,0.0001
test_categorical,L3_S42_F4039,1183740,1183748,99.9993,test,categorical,3,42,L3_S42,8,0.0007
test_categorical,L3_S42_F4040,1183728,1183748,99.9983,test,categorical,3,42,L3_S42,20,0.0017
test_categorical,L3_S42_F4042,1183747,1183748,99.9999,test,categorical,3,42,L3_S42,1,0.0001
test_categorical,L3_S42_F4043,1183740,1183748,99.9993,test,categorical,3,42,L3_S42,8,0.0007
test_categorical,L3_S42_F4044,1183731,1183748,99.9986,test,categorical,3,42,L3_S42,17,0.0014
test_categorical,L3_S42_F4046,1183747,1183748,99.9999,test,categorical,3,42,L3_S42,1,0.0001
test_categorical,L3_S42_F4047,1183743,1183748,99.9996,test,categorical,3,42,L3_S42,5,0.0004
test_categorical,L3_S42_F4048,1183731,1183748,99.9986,test,categorical,3,42,L3_S42,17,0.0014
test_categorical,L3_S42_F4050,1183747,1183748,99.9999,test,categorical,3,42,L3_S42,1,0.0001
test_categorical,L3_S42_F4051,1183743,1183748,99.9996,test,categorical,3,42,L3_S42,5,0.0004
test_categorical,L3_S42_F4052,1183731,1183748,99.9986,test,categorical,3,42,L3_S42,17,0.0014
test_categorical,L3_S42_F4054,1183747,1183748,99.9999,test,categorical,3,42,L3_S42,1,0.0001
test_categorical,L3_S42_F4055,1183743,1183748,99.9996,test,categorical,3,42,L3_S42,5,0.0004
test_categorical,L3_S42_F4056,1183731,1183748,99.9986,test,categorical,3,42,L3_S42,17,0.0014
test_categorical,L3_S42_F4058,1183747,1183748,99.9999,test,categorical,3,42,L3_S42,1,0.0001
test_categorical,L3_S42_F4059,1183743,1183748,99.9996,test,categorical,3,42,L3_S42,5,0.0004
test_categorical,L3_S43_F4061,1183470,1183748,99.9765,test,categorical,3,43,L3_S43,278,0.0235
test_categorical,L3_S43_F4063,1183747,1183748,99.9999,test,categorical,3,43,L3_S43,1,0.0001
test_categorical,L3_S43_F4064,1183470,1183748,99.9765,test,categorical,3,43,L3_S43,278,0.0235
test_categorical,L3_S43_F4066,1183470,1183748,99.9765,test,categorical,3,43,L3_S43,278,0.0235
test_categorical,L3_S43_F4068,1183747,1183748,99.9999,test,categorical,3,43,L3_S43,1,0.0001
test_categorical,L3_S43_F4069,1183470,1183748,99.9765,test,categorical,3,43,L3_S43,278,0.0235
test_categorical,L3_S43_F4071,1183470,1183748,99.9765,test,categorical,3,43,L3_S43,278,0.0235
test_categorical,L3_S43_F4073,1183747,1183748,99.9999,test,categorical,3,43,L3_S43,1,0.0001
test_categorical,L3_S43_F4074,1183470,1183748,99.9765,test,categorical,3,43,L3_S43,278,0.0235
test_categorical,L3_S43_F4076,1183470,1183748,99.9765,test,categorical,3,43,L3_S43,278,0.0235
test_categorical,L3_S43_F4078,1183747,1183748,99.9999,test,categorical,3,43,L3_S43,1,0.0001
test_categorical,L3_S43_F4079,1183470,1183748,99.9765,test,categorical,3,43,L3_S43,278,0.0235
test_categorical,L3_S43_F4081,1183471,1183748,99.9766,test,categorical,3,43,L3_S43,277,0.0234
test_categorical,L3_S43_F4083,1183747,1183748,99.9999,test,categorical,3,43,L3_S43,1,0.0001
test_categorical,L3_S43_F4084,1183471,1183748,99.9766,test,categorical,3,43,L3_S43,277,0.0234
test_categorical,L3_S43_F4086,1183471,1183748,99.9766,test,categorical,3,43,L3_S43,277,0.0234
test_categorical,L3_S43_F4088,1183747,1183748,99.9999,test,categorical,3,43,L3_S43,1,0.0001
test_categorical,L3_S43_F4089,1183471,1183748,99.9766,test,categorical,3,43,L3_S43,277,0.0234
test_categorical,L3_S43_F4091,1183471,1183748,99.9766,test,categorical,3,43,L3_S43,277,0.0234
test_categorical,L3_S43_F4093,1183747,1183748,99.9999,test,categorical,3,43,L3_S43,1,0.0001
test_categorical,L3_S43_F4094,1183471,1183748,99.9766,test,categorical,3,43,L3_S43,277,0.0234
test_categorical,L3_S43_F4096,1183471,1183748,99.9766,test,categorical,3,43,L3_S43,277,0.0234
test_categorical,L3_S43_F4098,1183747,1183748,99.9999,test,categorical,3,43,L3_S43,1,0.0001
test_categorical,L3_S43_F4099,1183471,1183748,99.9766,test,categorical,3,43,L3_S43,277,0.0234
test_categorical,L3_S44_F4102,1181824,1183748,99.8375,test,categorical,3,44,L3_S44,1924,0.1625
test_categorical,L3_S44_F4105,1181824,1183748,99.8375,test,categorical,3,44,L3_S44,1924,0.1625
test_categorical,L3_S44_F4108,1181824,1183748,99.8375,test,categorical,3,44,L3_S44,1924,0.1625
test_categorical,L3_S44_F4111,1181824,1183748,99.8375,test,categorical,3,44,L3_S44,1924,0.1625
test_categorical,L3_S44_F4114,1181824,1183748,99.8375,test,categorical,3,44,L3_S44,1924,0.1625
test_categorical,L3_S44_F4117,1181824,1183748,99.8375,test,categorical,3,44,L3_S44,1924,0.1625
test_categorical,L3_S44_F4120,1181824,1183748,99.8375,test,categorical,3,44,L3_S44,1924,0.1625
test_categorical,L3_S44_F4123,1181824,1183748,99.8375,test,categorical,3,44,L3_S44,1924,0.1625
test_categorical,L3_S46_F4134,1183748,1183748,100.0,test,categorical,3,46,L3_S46,0,0.0
test_categorical,L3_S46_F4136,1183748,1183748,100.0,test,categorical,3,46,L3_S46,0,0.0
test_categorical,L3_S46_F4137,1183748,1183748,100.0,test,categorical,3,46,L3_S46,0,0.0
test_categorical,L3_S47_F4139,1183747,1183748,99.9999,test,categorical,3,47,L3_S47,1,0.0001
test_categorical,L3_S47_F4141,1123599,1183748,94.9188,test,categorical,3,47,L3_S47,60149,5.0812
test_categorical,L3_S47_F4142,1183747,1183748,99.9999,test,categorical,3,47,L3_S47,1,0.0001
test_categorical,L3_S47_F4144,1183747,1183748,99.9999,test,categorical,3,47,L3_S47,1,0.0001
test_categorical,L3_S47_F4146,1123599,1183748,94.9188,test,categorical,3,47,L3_S47,60149,5.0812
test_categorical,L3_S47_F4147,1183747,1183748,99.9999,test,categorical,3,47,L3_S47,1,0.0001
test_categorical,L3_S47_F4149,1183747,1183748,99.9999,test,categorical,3,47,L3_S47,1,0.0001
test_categorical,L3_S47_F4151,1123599,1183748,94.9188,test,categorical,3,47,L3_S47,60149,5.0812
test_categorical,L3_S47_F4152,1183747,1183748,99.9999,test,categorical,3,47,L3_S47,1,0.0001
test_categorical,L3_S47_F4154,1183747,1183748,99.9999,test,categorical,3,47,L3_S47,1,0.0001
test_categorical,L3_S47_F4156,1123599,1183748,94.9188,test,categorical,3,47,L3_S47,60149,5.0812
test_categorical,L3_S47_F4157,1183747,1183748,99.9999,test,categorical,3,47,L3_S47,1,0.0001
test_categorical,L3_S47_F4159,1183747,1183748,99.9999,test,categorical,3,47,L3_S47,1,0.0001
test_categorical,L3_S47_F4161,1123599,1183748,94.9188,test,categorical,3,47,L3_S47,60149,5.0812
test_categorical,L3_S47_F4162,1183747,1183748,99.9999,test,categorical,3,47,L3_S47,1,0.0001
test_categorical,L3_S47_F4164,1183747,1183748,99.9999,test,categorical,3,47,L3_S47,1,0.0001
test_categorical,L3_S47_F4166,1123599,1183748,94.9188,test,categorical,3,47,L3_S47,60149,5.0812
test_categorical,L3_S47_F4167,1183747,1183748,99.9999,test,categorical,3,47,L3_S47,1,0.0001
test_categorical,L3_S47_F4169,1183747,1183748,99.9999,test,categorical,3,47,L3_S47,1,0.0001
test_categorical,L3_S47_F4171,1123599,1183748,94.9188,test,categorical,3,47,L3_S47,60149,5.0812
test_categorical,L3_S47_F4172,1183747,1183748,99.9999,test,categorical,3,47,L3_S47,1,0.0001
test_categorical,L3_S47_F4174,1183747,1183748,99.9999,test,categorical,3,47,L3_S47,1,0.0001
test_categorical,L3_S47_F4176,1123599,1183748,94.9188,test,categorical,3,47,L3_S47,60149,5.0812
test_categorical,L3_S47_F4177,1183747,1183748,99.9999,test,categorical,3,47,L3_S47,1,0.0001
test_categorical,L3_S47_F4179,1183747,1183748,99.9999,test,categorical,3,47,L3_S47,1,0.0001
test_categorical,L3_S47_F4181,1123599,1183748,94.9188,test,categorical,3,47,L3_S47,60149,5.0812
test_categorical,L3_S47_F4182,1183747,1183748,99.9999,test,categorical,3,47,L3_S47,1,0.0001
test_categorical,L3_S47_F4184,1183747,1183748,99.9999,test,categorical,3,47,L3_S47,1,0.0001
test_categorical,L3_S47_F4186,1123599,1183748,94.9188,test,categorical,3,47,L3_S47,60149,5.0812
test_categorical,L3_S47_F4187,1183747,1183748,99.9999,test,categorical,3,47,L3_S47,1,0.0001
test_categorical,L3_S47_F4189,1183747,1183748,99.9999,test,categorical,3,47,L3_S47,1,0.0001
test_categorical,L3_S47_F4191,1123599,1183748,94.9188,test,categorical,3,47,L3_S47,60149,5.0812
test_categorical,L3_S47_F4192,1183747,1183748,99.9999,test,categorical,3,47,L3_S47,1,0.0001
test_categorical,L3_S49_F4207,1183717,1183748,99.9974,test,categorical,3,49,L3_S49,31,0.0026
test_categorical,L3_S49_F4209,1183717,1183748,99.9974,test,categorical,3,49,L3_S49,31,0.0026
test_categorical,L3_S49_F4210,1183717,1183748,99.9974,test,categorical,3,49,L3_S49,31,0.0026
test_categorical,L3_S49_F4212,1183717,1183748,99.9974,test,categorical,3,49,L3_S49,31,0.0026
test_categorical,L3_S49_F4214,1183717,1183748,99.9974,test,categorical,3,49,L3_S49,31,0.0026
test_categorical,L3_S49_F4215,1183717,1183748,99.9974,test,categorical,3,49,L3_S49,31,0.0026
test_categorical,L3_S49_F4217,1183710,1183748,99.9968,test,categorical,3,49,L3_S49,38,0.0032
test_categorical,L3_S49_F4219,1183717,1183748,99.9974,test,categorical,3,49,L3_S49,31,0.0026
test_categorical,L3_S49_F4220,1183710,1183748,99.9968,test,categorical,3,49,L3_S49,38,0.0032
test_categorical,L3_S49_F4222,1183710,1183748,99.9968,test,categorical,3,49,L3_S49,38,0.0032
test_categorical,L3_S49_F4224,1183717,1183748,99.9974,test,categorical,3,49,L3_S49,31,0.0026
test_categorical,L3_S49_F4225,1183710,1183748,99.9968,test,categorical,3,49,L3_S49,38,0.0032
test_categorical,L3_S49_F4227,1183710,1183748,99.9968,test,categorical,3,49,L3_S49,38,0.0032
test_categorical,L3_S49_F4229,1183717,1183748,99.9974,test,categorical,3,49,L3_S49,31,0.0026
test_categorical,L3_S49_F4230,1183710,1183748,99.9968,test,categorical,3,49,L3_S49,38,0.0032
test_categorical,L3_S49_F4232,1183710,1183748,99.9968,test,categorical,3,49,L3_S49,38,0.0032
test_categorical,L3_S49_F4234,1183717,1183748,99.9974,test,categorical,3,49,L3_S49,31,0.0026
test_categorical,L3_S49_F4235,1183710,1183748,99.9968,test,categorical,3,49,L3_S49,38,0.0032
test_categorical,L3_S49_F4237,1183710,1183748,99.9968,test,categorical,3,49,L3_S49,38,0.0032
test_categorical,L3_S49_F4239,1183717,1183748,99.9974,test,categorical,3,49,L3_S49,31,0.0026
test_categorical,L3_S49_F4240,1183710,1183748,99.9968,test,categorical,3,49,L3_S49,38,0.0032
test_date,L0_S0_D1,509244,1183748,43.0196,test,date,0,0,L0_S0,674504,56.9804
test_date,L0_S0_D3,509244,1183748,43.0196,test,date,0,0,L0_S0,674504,56.9804
test_date,L0_S0_D5,509244,1183748,43.0196,test,date,0,0,L0_S0,674504,56.9804
test_date,L0_S0_D7,509244,1183748,43.0196,test,date,0,0,L0_S0,674504,56.9804
test_date,L0_S0_D9,509244,1183748,43.0196,test,date,0,0,L0_S0,674504,56.9804
test_date,L0_S0_D11,509244,1183748,43.0196,test,date,0,0,L0_S0,674504,56.9804
test_date,L0_S0_D13,509244,1183748,43.0196,test,date,0,0,L0_S0,674504,56.9804
test_date,L0_S0_D15,509244,1183748,43.0196,test,date,0,0,L0_S0,674504,56.9804
test_date,L0_S0_D17,509244,1183748,43.0196,test,date,0,0,L0_S0,674504,56.9804
test_date,L0_S0_D19,509244,1183748,43.0196,test,date,0,0,L0_S0,674504,56.9804
test_date,L0_S0_D21,509244,1183748,43.0196,test,date,0,0,L0_S0,674504,56.9804
test_date,L0_S0_D23,509244,1183748,43.0196,test,date,0,0,L0_S0,674504,56.9804
test_date,L0_S1_D26,509224,1183748,43.0179,test,date,0,1,L0_S1,674524,56.9821
test_date,L0_S1_D30,509221,1183748,43.0177,test,date,0,1,L0_S1,674527,56.9823
test_date,L0_S2_D34,844356,1183748,71.329,test,date,0,2,L0_S2,339392,28.671
test_date,L0_S2_D38,844356,1183748,71.329,test,date,0,2,L0_S2,339392,28.671
test_date,L0_S2_D42,844356,1183748,71.329,test,date,0,2,L0_S2,339392,28.671
test_date,L0_S2_D46,844356,1183748,71.329,test,date,0,2,L0_S2,339392,28.671
test_date,L0_S2_D50,844356,1183748,71.329,test,date,0,2,L0_S2,339392,28.671
test_date,L0_S2_D54,844356,1183748,71.329,test,date,0,2,L0_S2,339392,28.671
test_date,L0_S2_D58,844356,1183748,71.329,test,date,0,2,L0_S2,339392,28.671
test_date,L0_S2_D62,844356,1183748,71.329,test,date,0,2,L0_S2,339392,28.671
test_date,L0_S2_D66,844356,1183748,71.329,test,date,0,2,L0_S2,339392,28.671
test_date,L0_S3_D70,848055,1183748,71.6415,test,date,0,3,L0_S3,335693,28.3585
test_date,L0_S3_D74,848055,1183748,71.6415,test,date,0,3,L0_S3,335693,28.3585
test_date,L0_S3_D78,848055,1183748,71.6415,test,date,0,3,L0_S3,335693,28.3585
test_date,L0_S3_D82,848055,1183748,71.6415,test,date,0,3,L0_S3,335693,28.3585
test_date,L0_S3_D86,848055,1183748,71.6415,test,date,0,3,L0_S3,335693,28.3585
test_date,L0_S3_D90,848055,1183748,71.6415,test,date,0,3,L0_S3,335693,28.3585
test_date,L0_S3_D94,848055,1183748,71.6415,test,date,0,3,L0_S3,335693,28.3585
test_date,L0_S3_D98,848055,1183748,71.6415,test,date,0,3,L0_S3,335693,28.3585
test_date,L0_S3_D102,848055,1183748,71.6415,test,date,0,3,L0_S3,335693,28.3585
test_date,L0_S4_D106,848440,1183748,71.674,test,date,0,4,L0_S4,335308,28.326
test_date,L0_S4_D111,848482,1183748,71.6776,test,date,0,4,L0_S4,335266,28.3224
test_date,L0_S5_D115,843662,1183748,71.2704,test,date,0,5,L0_S5,340086,28.7296
test_date,L0_S5_D117,843662,1183748,71.2704,test,date,0,5,L0_S5,340086,28.7296
test_date,L0_S6_D120,844101,1183748,71.3075,test,date,0,6,L0_S6,339647,28.6925
test_date,L0_S6_D124,844101,1183748,71.3075,test,date,0,6,L0_S6,339647,28.6925
test_date,L0_S6_D127,844101,1183748,71.3075,test,date,0,6,L0_S6,339647,28.6925
test_date,L0_S6_D130,844101,1183748,71.3075,test,date,0,6,L0_S6,339647,28.6925
test_date,L0_S6_D134,844101,1183748,71.3075,test,date,0,6,L0_S6,339647,28.6925
test_date,L0_S7_D137,848086,1183748,71.6441,test,date,0,7,L0_S7,335662,28.3559
test_date,L0_S7_D139,848086,1183748,71.6441,test,date,0,7,L0_S7,335662,28.3559
test_date,L0_S7_D140,848086,1183748,71.6441,test,date,0,7,L0_S7,335662,28.3559
test_date,L0_S7_D141,848086,1183748,71.6441,test,date,0,7,L0_S7,335662,28.3559
test_date,L0_S7_D143,848086,1183748,71.6441,test,date,0,7,L0_S7,335662,28.3559
test_date,L0_S8_D145,509246,1183748,43.0198,test,date,0,8,L0_S8,674502,56.9802
test_date,L0_S8_D147,509246,1183748,43.0198,test,date,0,8,L0_S8,674502,56.9802
test_date,L0_S8_D148,509246,1183748,43.0198,test,date,0,8,L0_S8,674502,56.9802
test_date,L0_S8_D150,509246,1183748,43.0198,test,date,0,8,L0_S8,674502,56.9802
test_date,L0_S9_D152,958021,1183748,80.9312,test,date,0,9,L0_S9,225727,19.0688
test_date,L0_S9_D157,958039,1183748,80.9327,test,date,0,9,L0_S9,225709,19.0673
test_date,L0_S9_D162,958021,1183748,80.9312,test,date,0,9,L0_S9,225727,19.0688
test_date,L0_S9_D167,958027,1183748,80.9317,test,date,0,9,L0_S9,225721,19.0683
test_date,L0_S9_D172,958021,1183748,80.9312,test,date,0,9,L0_S9,225727,19.0688
test_date,L0_S9_D177,958039,1183748,80.9327,test,date,0,9,L0_S9,225709,19.0673
test_date,L0_S9_D182,958039,1183748,80.9327,test,date,0,9,L0_S9,225709,19.0673
test_date,L0_S9_D187,958039,1183748,80.9327,test,date,0,9,L0_S9,225709,19.0673
test_date,L0_S9_D192,958039,1183748,80.9327,test,date,0,9,L0_S9,225709,19.0673
test_date,L0_S9_D197,958039,1183748,80.9327,test,date,0,9,L0_S9,225709,19.0673
test_date,L0_S9_D202,958039,1183748,80.9327,test,date,0,9,L0_S9,225709,19.0673
test_date,L0_S9_D207,958039,1183748,80.9327,test,date,0,9,L0_S9,225709,19.0673
test_date,L0_S9_D212,958039,1183748,80.9327,test,date,0,9,L0_S9,225709,19.0673
test_date,L0_S10_D216,958861,1183748,81.0021,test,date,0,10,L0_S10,224887,18.9979
test_date,L0_S10_D221,958875,1183748,81.0033,test,date,0,10,L0_S10,224873,18.9967
test_date,L0_S10_D226,958861,1183748,81.0021,test,date,0,10,L0_S10,224887,18.9979
test_date,L0_S10_D231,958869,1183748,81.0028,test,date,0,10,L0_S10,224879,18.9972
test_date,L0_S10_D236,958861,1183748,81.0021,test,date,0,10,L0_S10,224887,18.9979
test_date,L0_S10_D241,958875,1183748,81.0033,test,date,0,10,L0_S10,224873,18.9967
test_date,L0_S10_D246,958875,1183748,81.0033,test,date,0,10,L0_S10,224873,18.9967
test_date,L0_S10_D251,958875,1183748,81.0033,test,date,0,10,L0_S10,224873,18.9967
test_date,L0_S10_D256,958875,1183748,81.0033,test,date,0,10,L0_S10,224873,18.9967
test_date,L0_S10_D261,958875,1183748,81.0033,test,date,0,10,L0_S10,224873,18.9967
test_date,L0_S10_D266,958875,1183748,81.0033,test,date,0,10,L0_S10,224873,18.9967
test_date,L0_S10_D271,958875,1183748,81.0033,test,date,0,10,L0_S10,224873,18.9967
test_date,L0_S10_D276,958875,1183748,81.0033,test,date,0,10,L0_S10,224873,18.9967
test_date,L0_S11_D280,958083,1183748,80.9364,test,date,0,11,L0_S11,225665,19.0636
test_date,L0_S11_D284,958083,1183748,80.9364,test,date,0,11,L0_S11,225665,19.0636
test_date,L0_S11_D288,958083,1183748,80.9364,test,date,0,11,L0_S11,225665,19.0636
test_date,L0_S11_D292,958083,1183748,80.9364,test,date,0,11,L0_S11,225665,19.0636
test_date,L0_S11_D296,958083,1183748,80.9364,test,date,0,11,L0_S11,225665,19.0636
test_date,L0_S11_D300,958083,1183748,80.9364,test,date,0,11,L0_S11,225665,19.0636
test_date,L0_S11_D304,958083,1183748,80.9364,test,date,0,11,L0_S11,225665,19.0636
test_date,L0_S11_D308,958083,1183748,80.9364,test,date,0,11,L0_S11,225665,19.0636
test_date,L0_S11_D312,958083,1183748,80.9364,test,date,0,11,L0_S11,225665,19.0636
test_date,L0_S11_D316,958083,1183748,80.9364,test,date,0,11,L0_S11,225665,19.0636
test_date,L0_S11_D320,958083,1183748,80.9364,test,date,0,11,L0_S11,225665,19.0636
test_date,L0_S11_D324,958083,1183748,80.9364,test,date,0,11,L0_S11,225665,19.0636
test_date,L0_S11_D328,958083,1183748,80.9364,test,date,0,11,L0_S11,225665,19.0636
test_date,L0_S12_D331,941333,1183748,79.5214,test,date,0,12,L0_S12,242415,20.4786
test_date,L0_S12_D333,941333,1183748,79.5214,test,date,0,12,L0_S12,242415,20.4786
test_date,L0_S12_D335,941333,1183748,79.5214,test,date,0,12,L0_S12,242415,20.4786
test_date,L0_S12_D337,941333,1183748,79.5214,test,date,0,12,L0_S12,242415,20.4786
test_date,L0_S12_D339,941333,1183748,79.5214,test,date,0,12,L0_S12,242415,20.4786
test_date,L0_S12_D341,941333,1183748,79.5214,test,date,0,12,L0_S12,242415,20.4786
test_date,L0_S12_D343,941333,1183748,79.5214,test,date,0,12,L0_S12,242415,20.4786
test_date,L0_S12_D345,941333,1183748,79.5214,test,date,0,12,L0_S12,242415,20.4786
test_date,L0_S12_D347,941333,1183748,79.5214,test,date,0,12,L0_S12,242415,20.4786
test_date,L0_S12_D349,941333,1183748,79.5214,test,date,0,12,L0_S12,242415,20.4786
test_date,L0_S12_D351,941333,1183748,79.5214,test,date,0,12,L0_S12,242415,20.4786
test_date,L0_S12_D353,941333,1183748,79.5214,test,date,0,12,L0_S12,242415,20.4786
test_date,L0_S13_D355,941332,1183748,79.5213,test,date,0,13,L0_S13,242416,20.4787
test_date,L0_S13_D357,941332,1183748,79.5213,test,date,0,13,L0_S13,242416,20.4787
test_date,L0_S14_D360,1062633,1183748,89.7685,test,date,0,14,L0_S14,121115,10.2315
test_date,L0_S14_D364,1062633,1183748,89.7685,test,date,0,14,L0_S14,121115,10.2315
test_date,L0_S14_D368,1062633,1183748,89.7685,test,date,0,14,L0_S14,121115,10.2315
test_date,L0_S14_D372,1062633,1183748,89.7685,test,date,0,14,L0_S14,121115,10.2315
test_date,L0_S14_D376,1062633,1183748,89.7685,test,date,0,14,L0_S14,121115,10.2315
test_date,L0_S14_D380,1062633,1183748,89.7685,test,date,0,14,L0_S14,121115,10.2315
test_date,L0_S14_D384,1062633,1183748,89.7685,test,date,0,14,L0_S14,121115,10.2315
test_date,L0_S14_D388,1062633,1183748,89.7685,test,date,0,14,L0_S14,121115,10.2315
test_date,L0_S14_D392,1062633,1183748,89.7685,test,date,0,14,L0_S14,121115,10.2315
test_date,L0_S15_D395,1062459,1183748,89.7538,test,date,0,15,L0_S15,121289,10.2462
test_date,L0_S15_D398,1062459,1183748,89.7538,test,date,0,15,L0_S15,121289,10.2462
test_date,L0_S15_D401,1062459,1183748,89.7538,test,date,0,15,L0_S15,121289,10.2462
test_date,L0_S15_D404,1062459,1183748,89.7538,test,date,0,15,L0_S15,121289,10.2462
test_date,L0_S15_D407,1062459,1183748,89.7538,test,date,0,15,L0_S15,121289,10.2462
test_date,L0_S15_D410,1062459,1183748,89.7538,test,date,0,15,L0_S15,121289,10.2462
test_date,L0_S15_D413,1062459,1183748,89.7538,test,date,0,15,L0_S15,121289,10.2462
test_date,L0_S15_D416,1062459,1183748,89.7538,test,date,0,15,L0_S15,121289,10.2462
test_date,L0_S15_D419,1062459,1183748,89.7538,test,date,0,15,L0_S15,121289,10.2462
test_date,L0_S16_D423,1064168,1183748,89.8982,test,date,0,16,L0_S16,119580,10.1018
test_date,L0_S16_D428,1064168,1183748,89.8982,test,date,0,16,L0_S16,119580,10.1018
test_date,L0_S17_D432,1060813,1183748,89.6148,test,date,0,17,L0_S17,122935,10.3852
test_date,L0_S17_D434,1060813,1183748,89.6148,test,date,0,17,L0_S17,122935,10.3852
test_date,L0_S18_D437,1062511,1183748,89.7582,test,date,0,18,L0_S18,121237,10.2418
test_date,L0_S18_D441,1062511,1183748,89.7582,test,date,0,18,L0_S18,121237,10.2418
test_date,L0_S18_D444,1062511,1183748,89.7582,test,date,0,18,L0_S18,121237,10.2418
test_date,L0_S18_D447,1062511,1183748,89.7582,test,date,0,18,L0_S18,121237,10.2418
test_date,L0_S18_D451,1062511,1183748,89.7582,test,date,0,18,L0_S18,121237,10.2418
test_date,L0_S19_D454,1062522,1183748,89.7591,test,date,0,19,L0_S19,121226,10.2409
test_date,L0_S19_D456,1062522,1183748,89.7591,test,date,0,19,L0_S19,121226,10.2409
test_date,L0_S19_D457,1062522,1183748,89.7591,test,date,0,19,L0_S19,121226,10.2409
test_date,L0_S19_D458,1062522,1183748,89.7591,test,date,0,19,L0_S19,121226,10.2409
test_date,L0_S19_D460,1062522,1183748,89.7591,test,date,0,19,L0_S19,121226,10.2409
test_date,L0_S20_D462,941287,1183748,79.5175,test,date,0,20,L0_S20,242461,20.4825
test_date,L0_S20_D464,941287,1183748,79.5175,test,date,0,20,L0_S20,242461,20.4825
test_date,L0_S20_D465,941287,1183748,79.5175,test,date,0,20,L0_S20,242461,20.4825
test_date,L0_S20_D467,941287,1183748,79.5175,test,date,0,20,L0_S20,242461,20.4825
test_date,L0_S21_D469,1102153,1183748,93.1071,test,date,0,21,L0_S21,81595,6.8929
test_date,L0_S21_D474,1102184,1183748,93.1097,test,date,0,21,L0_S21,81564,6.8903
test_date,L0_S21_D479,1102153,1183748,93.1071,test,date,0,21,L0_S21,81595,6.8929
test_date,L0_S21_D484,1102174,1183748,93.1088,test,date,0,21,L0_S21,81574,6.8912
test_date,L0_S21_D489,1102153,1183748,93.1071,test,date,0,21,L0_S21,81595,6.8929
test_date,L0_S21_D494,1102184,1183748,93.1097,test,date,0,21,L0_S21,81564,6.8903
test_date,L0_S21_D499,1102184,1183748,93.1097,test,date,0,21,L0_S21,81564,6.8903
test_date,L0_S21_D504,1102184,1183748,93.1097,test,date,0,21,L0_S21,81564,6.8903
test_date,L0_S21_D509,1102184,1183748,93.1097,test,date,0,21,L0_S21,81564,6.8903
test_date,L0_S21_D514,1102184,1183748,93.1097,test,date,0,21,L0_S21,81564,6.8903
test_date,L0_S21_D519,1102184,1183748,93.1097,test,date,0,21,L0_S21,81564,6.8903
test_date,L0_S21_D524,1102184,1183748,93.1097,test,date,0,21,L0_S21,81564,6.8903
test_date,L0_S21_D529,1102184,1183748,93.1097,test,date,0,21,L0_S21,81564,6.8903
test_date,L0_S21_D534,1102184,1183748,93.1097,test,date,0,21,L0_S21,81564,6.8903
test_date,L0_S21_D539,1102184,1183748,93.1097,test,date,0,21,L0_S21,81564,6.8903
test_date,L0_S22_D543,1103307,1183748,93.2046,test,date,0,22,L0_S22,80441,6.7954
test_date,L0_S22_D548,1103326,1183748,93.2062,test,date,0,22,L0_S22,80422,6.7938
test_date,L0_S22_D553,1103308,1183748,93.2046,test,date,0,22,L0_S22,80440,6.7954
test_date,L0_S22_D558,1103316,1183748,93.2053,test,date,0,22,L0_S22,80432,6.7947
test_date,L0_S22_D563,1103308,1183748,93.2046,test,date,0,22,L0_S22,80440,6.7954
test_date,L0_S22_D568,1103326,1183748,93.2062,test,date,0,22,L0_S22,80422,6.7938
test_date,L0_S22_D573,1103326,1183748,93.2062,test,date,0,22,L0_S22,80422,6.7938
test_date,L0_S22_D578,1103326,1183748,93.2062,test,date,0,22,L0_S22,80422,6.7938
test_date,L0_S22_D583,1103326,1183748,93.2062,test,date,0,22,L0_S22,80422,6.7938
test_date,L0_S22_D588,1103326,1183748,93.2062,test,date,0,22,L0_S22,80422,6.7938
test_date,L0_S22_D593,1103326,1183748,93.2062,test,date,0,22,L0_S22,80422,6.7938
test_date,L0_S22_D598,1103326,1183748,93.2062,test,date,0,22,L0_S22,80422,6.7938
test_date,L0_S22_D603,1103326,1183748,93.2062,test,date,0,22,L0_S22,80422,6.7938
test_date,L0_S22_D608,1103326,1183748,93.2062,test,date,0,22,L0_S22,80422,6.7938
test_date,L0_S22_D613,1103326,1183748,93.2062,test,date,0,22,L0_S22,80422,6.7938
test_date,L0_S23_D617,1103123,1183748,93.189,test,date,0,23,L0_S23,80625,6.811
test_date,L0_S23_D621,1103123,1183748,93.189,test,date,0,23,L0_S23,80625,6.811
test_date,L0_S23_D625,1103123,1183748,93.189,test,date,0,23,L0_S23,80625,6.811
test_date,L0_S23_D629,1103123,1183748,93.189,test,date,0,23,L0_S23,80625,6.811
test_date,L0_S23_D633,1103123,1183748,93.189,test,date,0,23,L0_S23,80625,6.811
test_date,L0_S23_D637,1103123,1183748,93.189,test,date,0,23,L0_S23,80625,6.811
test_date,L0_S23_D641,1103123,1183748,93.189,test,date,0,23,L0_S23,80625,6.811
test_date,L0_S23_D645,1103123,1183748,93.189,test,date,0,23,L0_S23,80625,6.811
test_date,L0_S23_D649,1103123,1183748,93.189,test,date,0,23,L0_S23,80625,6.811
test_date,L0_S23_D653,1103123,1183748,93.189,test,date,0,23,L0_S23,80625,6.811
test_date,L0_S23_D657,1103123,1183748,93.189,test,date,0,23,L0_S23,80625,6.811
test_date,L0_S23_D661,1103123,1183748,93.189,test,date,0,23,L0_S23,80625,6.811
test_date,L0_S23_D665,1103123,1183748,93.189,test,date,0,23,L0_S23,80625,6.811
test_date,L0_S23_D669,1103123,1183748,93.189,test,date,0,23,L0_S23,80625,6.811
test_date,L0_S23_D673,1103123,1183748,93.189,test,date,0,23,L0_S23,80625,6.811
test_date,L1_S24_D677,1159959,1183748,97.9904,test,date,1,24,L1_S24,23789,2.0096
test_date,L1_S24_D681,1159959,1183748,97.9904,test,date,1,24,L1_S24,23789,2.0096
test_date,L1_S24_D685,1159959,1183748,97.9904,test,date,1,24,L1_S24,23789,2.0096
test_date,L1_S24_D689,1159959,1183748,97.9904,test,date,1,24,L1_S24,23789,2.0096
test_date,L1_S24_D693,1159959,1183748,97.9904,test,date,1,24,L1_S24,23789,2.0096
test_date,L1_S24_D697,1160192,1183748,98.01,test,date,1,24,L1_S24,23556,1.99
test_date,L1_S24_D702,1159998,1183748,97.9937,test,date,1,24,L1_S24,23750,2.0063
test_date,L1_S24_D707,1159998,1183748,97.9937,test,date,1,24,L1_S24,23750,2.0063
test_date,L1_S24_D712,1159998,1183748,97.9937,test,date,1,24,L1_S24,23750,2.0063
test_date,L1_S24_D716,1160192,1183748,98.01,test,date,1,24,L1_S24,23556,1.99
test_date,L1_S24_D721,1160192,1183748,98.01,test,date,1,24,L1_S24,23556,1.99
test_date,L1_S24_D725,1159998,1183748,97.9937,test,date,1,24,L1_S24,23750,2.0063
test_date,L1_S24_D730,1159998,1183748,97.9937,test,date,1,24,L1_S24,23750,2.0063
test_date,L1_S24_D735,1159998,1183748,97.9937,test,date,1,24,L1_S24,23750,2.0063
test_date,L1_S24_D739,1159998,1183748,97.9937,test,date,1,24,L1_S24,23750,2.0063
test_date,L1_S24_D743,1159998,1183748,97.9937,test,date,1,24,L1_S24,23750,2.0063
test_date,L1_S24_D748,1160192,1183748,98.01,test,date,1,24,L1_S24,23556,1.99
test_date,L1_S24_D753,1160192,1183748,98.01,test,date,1,24,L1_S24,23556,1.99
test_date,L1_S24_D758,1160192,1183748,98.01,test,date,1,24,L1_S24,23556,1.99
test_date,L1_S24_D763,1160192,1183748,98.01,test,date,1,24,L1_S24,23556,1.99
test_date,L1_S24_D768,1160192,1183748,98.01,test,date,1,24,L1_S24,23556,1.99
test_date,L1_S24_D772,1160288,1183748,98.0182,test,date,1,24,L1_S24,23460,1.9818
test_date,L1_S24_D777,1160192,1183748,98.01,test,date,1,24,L1_S24,23556,1.99
test_date,L1_S24_D782,1160192,1183748,98.01,test,date,1,24,L1_S24,23556,1.99
test_date,L1_S24_D787,1160192,1183748,98.01,test,date,1,24,L1_S24,23556,1.99
test_date,L1_S24_D792,1160192,1183748,98.01,test,date,1,24,L1_S24,23556,1.99
test_date,L1_S24_D797,1160192,1183748,98.01,test,date,1,24,L1_S24,23556,1.99
test_date,L1_S24_D801,1159980,1183748,97.9921,test,date,1,24,L1_S24,23768,2.0079
test_date,L1_S24_D804,1159980,1183748,97.9921,test,date,1,24,L1_S24,23768,2.0079
test_date,L1_S24_D807,1159982,1183748,97.9923,test,date,1,24,L1_S24,23766,2.0077
test_date,L1_S24_D809,1159982,1183748,97.9923,test,date,1,24,L1_S24,23766,2.0077
test_date,L1_S24_D811,1159982,1183748,97.9923,test,date,1,24,L1_S24,23766,2.0077
test_date,L1_S24_D813,1159981,1183748,97.9922,test,date,1,24,L1_S24,23767,2.0078
test_date,L1_S24_D815,1159981,1183748,97.9922,test,date,1,24,L1_S24,23767,2.0078
test_date,L1_S24_D818,1171778,1183748,98.9888,test,date,1,24,L1_S24,11970,1.0112
test_date,L1_S24_D822,1171778,1183748,98.9888,test,date,1,24,L1_S24,11970,1.0112
test_date,L1_S24_D826,1171778,1183748,98.9888,test,date,1,24,L1_S24,11970,1.0112
test_date,L1_S24_D831,1171778,1183748,98.9888,test,date,1,24,L1_S24,11970,1.0112
test_date,L1_S24_D836,1171778,1183748,98.9888,test,date,1,24,L1_S24,11970,1.0112
test_date,L1_S24_D841,1171778,1183748,98.9888,test,date,1,24,L1_S24,11970,1.0112
test_date,L1_S24_D846,1171778,1183748,98.9888,test,date,1,24,L1_S24,11970,1.0112
test_date,L1_S24_D850,1171778,1183748,98.9888,test,date,1,24,L1_S24,11970,1.0112
test_date,L1_S24_D854,1171778,1183748,98.9888,test,date,1,24,L1_S24,11970,1.0112
test_date,L1_S24_D859,1171778,1183748,98.9888,test,date,1,24,L1_S24,11970,1.0112
test_date,L1_S24_D864,1171778,1183748,98.9888,test,date,1,24,L1_S24,11970,1.0112
test_date,L1_S24_D869,1171778,1183748,98.9888,test,date,1,24,L1_S24,11970,1.0112
test_date,L1_S24_D874,1171778,1183748,98.9888,test,date,1,24,L1_S24,11970,1.0112
test_date,L1_S24_D879,1171778,1183748,98.9888,test,date,1,24,L1_S24,11970,1.0112
test_date,L1_S24_D884,1171778,1183748,98.9888,test,date,1,24,L1_S24,11970,1.0112
test_date,L1_S24_D889,1171778,1183748,98.9888,test,date,1,24,L1_S24,11970,1.0112
test_date,L1_S24_D894,1171778,1183748,98.9888,test,date,1,24,L1_S24,11970,1.0112
test_date,L1_S24_D899,1171778,1183748,98.9888,test,date,1,24,L1_S24,11970,1.0112
test_date,L1_S24_D904,1171778,1183748,98.9888,test,date,1,24,L1_S24,11970,1.0112
test_date,L1_S24_D909,1171944,1183748,99.0028,test,date,1,24,L1_S24,11804,0.9972
test_date,L1_S24_D913,1171944,1183748,99.0028,test,date,1,24,L1_S24,11804,0.9972
test_date,L1_S24_D917,1171944,1183748,99.0028,test,date,1,24,L1_S24,11804,0.9972
test_date,L1_S24_D922,1171944,1183748,99.0028,test,date,1,24,L1_S24,11804,0.9972
test_date,L1_S24_D927,1171944,1183748,99.0028,test,date,1,24,L1_S24,11804,0.9972
test_date,L1_S24_D932,1171944,1183748,99.0028,test,date,1,24,L1_S24,11804,0.9972
test_date,L1_S24_D937,1171944,1183748,99.0028,test,date,1,24,L1_S24,11804,0.9972
test_date,L1_S24_D941,1171944,1183748,99.0028,test,date,1,24,L1_S24,11804,0.9972
test_date,L1_S24_D945,1171944,1183748,99.0028,test,date,1,24,L1_S24,11804,0.9972
test_date,L1_S24_D950,1171944,1183748,99.0028,test,date,1,24,L1_S24,11804,0.9972
test_date,L1_S24_D955,1171944,1183748,99.0028,test,date,1,24,L1_S24,11804,0.9972
test_date,L1_S24_D960,1171944,1183748,99.0028,test,date,1,24,L1_S24,11804,0.9972
test_date,L1_S24_D965,1171944,1183748,99.0028,test,date,1,24,L1_S24,11804,0.9972
test_date,L1_S24_D970,1171944,1183748,99.0028,test,date,1,24,L1_S24,11804,0.9972
test_date,L1_S24_D975,1171944,1183748,99.0028,test,date,1,24,L1_S24,11804,0.9972
test_date,L1_S24_D980,1171944,1183748,99.0028,test,date,1,24,L1_S24,11804,0.9972
test_date,L1_S24_D985,1171944,1183748,99.0028,test,date,1,24,L1_S24,11804,0.9972
test_date,L1_S24_D990,1171944,1183748,99.0028,test,date,1,24,L1_S24,11804,0.9972
test_date,L1_S24_D995,1171944,1183748,99.0028,test,date,1,24,L1_S24,11804,0.9972
test_date,L1_S24_D999,1171846,1183748,98.9945,test,date,1,24,L1_S24,11902,1.0055
test_date,L1_S24_D1001,1171846,1183748,98.9945,test,date,1,24,L1_S24,11902,1.0055
test_date,L1_S24_D1003,1171846,1183748,98.9945,test,date,1,24,L1_S24,11902,1.0055
test_date,L1_S24_D1005,1171846,1183748,98.9945,test,date,1,24,L1_S24,11902,1.0055
test_date,L1_S24_D1007,1171846,1183748,98.9945,test,date,1,24,L1_S24,11902,1.0055
test_date,L1_S24_D1009,1171846,1183748,98.9945,test,date,1,24,L1_S24,11902,1.0055
test_date,L1_S24_D1011,1171846,1183748,98.9945,test,date,1,24,L1_S24,11902,1.0055
test_date,L1_S24_D1013,1171846,1183748,98.9945,test,date,1,24,L1_S24,11902,1.0055
test_date,L1_S24_D1015,1171846,1183748,98.9945,test,date,1,24,L1_S24,11902,1.0055
test_date,L1_S24_D1018,1171893,1183748,98.9985,test,date,1,24,L1_S24,11855,1.0015
test_date,L1_S24_D1023,1171893,1183748,98.9985,test,date,1,24,L1_S24,11855,1.0015
test_date,L1_S24_D1028,1171893,1183748,98.9985,test,date,1,24,L1_S24,11855,1.0015
test_date,L1_S24_D1033,1171893,1183748,98.9985,test,date,1,24,L1_S24,11855,1.0015
test_date,L1_S24_D1038,1171893,1183748,98.9985,test,date,1,24,L1_S24,11855,1.0015
test_date,L1_S24_D1043,1171893,1183748,98.9985,test,date,1,24,L1_S24,11855,1.0015
test_date,L1_S24_D1048,1171893,1183748,98.9985,test,date,1,24,L1_S24,11855,1.0015
test_date,L1_S24_D1053,1171893,1183748,98.9985,test,date,1,24,L1_S24,11855,1.0015
test_date,L1_S24_D1058,1171893,1183748,98.9985,test,date,1,24,L1_S24,11855,1.0015
test_date,L1_S24_D1062,1159999,1183748,97.9937,test,date,1,24,L1_S24,23749,2.0063
test_date,L1_S24_D1066,1159999,1183748,97.9937,test,date,1,24,L1_S24,23749,2.0063
test_date,L1_S24_D1070,1159999,1183748,97.9937,test,date,1,24,L1_S24,23749,2.0063
test_date,L1_S24_D1074,1159999,1183748,97.9937,test,date,1,24,L1_S24,23749,2.0063
test_date,L1_S24_D1077,1159999,1183748,97.9937,test,date,1,24,L1_S24,23749,2.0063
test_date,L1_S24_D1081,1159999,1183748,97.9937,test,date,1,24,L1_S24,23749,2.0063
test_date,L1_S24_D1085,1159999,1183748,97.9937,test,date,1,24,L1_S24,23749,2.0063
test_date,L1_S24_D1089,1159999,1183748,97.9937,test,date,1,24,L1_S24,23749,2.0063
test_date,L1_S24_D1092,1159999,1183748,97.9937,test,date,1,24,L1_S24,23749,2.0063
test_date,L1_S24_D1096,1159999,1183748,97.9937,test,date,1,24,L1_S24,23749,2.0063
test_date,L1_S24_D1100,1159999,1183748,97.9937,test,date,1,24,L1_S24,23749,2.0063
test_date,L1_S24_D1104,1159999,1183748,97.9937,test,date,1,24,L1_S24,23749,2.0063
test_date,L1_S24_D1108,1159999,1183748,97.9937,test,date,1,24,L1_S24,23749,2.0063
test_date,L1_S24_D1112,1159999,1183748,97.9937,test,date,1,24,L1_S24,23749,2.0063
test_date,L1_S24_D1116,1156269,1183748,97.6786,test,date,1,24,L1_S24,27479,2.3214
test_date,L1_S24_D1120,1156269,1183748,97.6786,test,date,1,24,L1_S24,27479,2.3214
test_date,L1_S24_D1124,1156269,1183748,97.6786,test,date,1,24,L1_S24,27479,2.3214
test_date,L1_S24_D1128,1156269,1183748,97.6786,test,date,1,24,L1_S24,27479,2.3214
test_date,L1_S24_D1132,1156269,1183748,97.6786,test,date,1,24,L1_S24,27479,2.3214
test_date,L1_S24_D1135,1156291,1183748,97.6805,test,date,1,24,L1_S24,27457,2.3195
test_date,L1_S24_D1138,1156291,1183748,97.6805,test,date,1,24,L1_S24,27457,2.3195
test_date,L1_S24_D1141,1156291,1183748,97.6805,test,date,1,24,L1_S24,27457,2.3195
test_date,L1_S24_D1143,1156291,1183748,97.6805,test,date,1,24,L1_S24,27457,2.3195
test_date,L1_S24_D1146,1156291,1183748,97.6805,test,date,1,24,L1_S24,27457,2.3195
test_date,L1_S24_D1149,1156291,1183748,97.6805,test,date,1,24,L1_S24,27457,2.3195
test_date,L1_S24_D1151,1156291,1183748,97.6805,test,date,1,24,L1_S24,27457,2.3195
test_date,L1_S24_D1153,1156291,1183748,97.6805,test,date,1,24,L1_S24,27457,2.3195
test_date,L1_S24_D1155,1156660,1183748,97.7117,test,date,1,24,L1_S24,27088,2.2883
test_date,L1_S24_D1158,1183747,1183748,99.9999,test,date,1,24,L1_S24,1,0.0001
test_date,L1_S24_D1163,1156273,1183748,97.679,test,date,1,24,L1_S24,27475,2.321
test_date,L1_S24_D1168,1156279,1183748,97.6795,test,date,1,24,L1_S24,27469,2.3205
test_date,L1_S24_D1171,1156281,1183748,97.6797,test,date,1,24,L1_S24,27467,2.3203
test_date,L1_S24_D1173,1156281,1183748,97.6797,test,date,1,24,L1_S24,27467,2.3203
test_date,L1_S24_D1175,1156281,1183748,97.6797,test,date,1,24,L1_S24,27467,2.3203
test_date,L1_S24_D1178,1156281,1183748,97.6797,test,date,1,24,L1_S24,27467,2.3203
test_date,L1_S24_D1182,1156281,1183748,97.6797,test,date,1,24,L1_S24,27467,2.3203
test_date,L1_S24_D1186,1170097,1183748,98.8468,test,date,1,24,L1_S24,13651,1.1532
test_date,L1_S24_D1190,1170097,1183748,98.8468,test,date,1,24,L1_S24,13651,1.1532
test_date,L1_S24_D1194,1170097,1183748,98.8468,test,date,1,24,L1_S24,13651,1.1532
test_date,L1_S24_D1199,1170097,1183748,98.8468,test,date,1,24,L1_S24,13651,1.1532
test_date,L1_S24_D1204,1170097,1183748,98.8468,test,date,1,24,L1_S24,13651,1.1532
test_date,L1_S24_D1209,1170097,1183748,98.8468,test,date,1,24,L1_S24,13651,1.1532
test_date,L1_S24_D1214,1170097,1183748,98.8468,test,date,1,24,L1_S24,13651,1.1532
test_date,L1_S24_D1218,1170097,1183748,98.8468,test,date,1,24,L1_S24,13651,1.1532
test_date,L1_S24_D1222,1170097,1183748,98.8468,test,date,1,24,L1_S24,13651,1.1532
test_date,L1_S24_D1227,1170097,1183748,98.8468,test,date,1,24,L1_S24,13651,1.1532
test_date,L1_S24_D1232,1170097,1183748,98.8468,test,date,1,24,L1_S24,13651,1.1532
test_date,L1_S24_D1237,1170097,1183748,98.8468,test,date,1,24,L1_S24,13651,1.1532
test_date,L1_S24_D1242,1170097,1183748,98.8468,test,date,1,24,L1_S24,13651,1.1532
test_date,L1_S24_D1247,1170097,1183748,98.8468,test,date,1,24,L1_S24,13651,1.1532
test_date,L1_S24_D1252,1170097,1183748,98.8468,test,date,1,24,L1_S24,13651,1.1532
test_date,L1_S24_D1257,1170097,1183748,98.8468,test,date,1,24,L1_S24,13651,1.1532
test_date,L1_S24_D1262,1170097,1183748,98.8468,test,date,1,24,L1_S24,13651,1.1532
test_date,L1_S24_D1267,1170097,1183748,98.8468,test,date,1,24,L1_S24,13651,1.1532
test_date,L1_S24_D1272,1170097,1183748,98.8468,test,date,1,24,L1_S24,13651,1.1532
test_date,L1_S24_D1277,1169922,1183748,98.832,test,date,1,24,L1_S24,13826,1.168
test_date,L1_S24_D1281,1169922,1183748,98.832,test,date,1,24,L1_S24,13826,1.168
test_date,L1_S24_D1285,1169922,1183748,98.832,test,date,1,24,L1_S24,13826,1.168
test_date,L1_S24_D1290,1169922,1183748,98.832,test,date,1,24,L1_S24,13826,1.168
test_date,L1_S24_D1295,1169922,1183748,98.832,test,date,1,24,L1_S24,13826,1.168
test_date,L1_S24_D1300,1169922,1183748,98.832,test,date,1,24,L1_S24,13826,1.168
test_date,L1_S24_D1305,1169922,1183748,98.832,test,date,1,24,L1_S24,13826,1.168
test_date,L1_S24_D1309,1169922,1183748,98.832,test,date,1,24,L1_S24,13826,1.168
test_date,L1_S24_D1313,1169922,1183748,98.832,test,date,1,24,L1_S24,13826,1.168
test_date,L1_S24_D1318,1169922,1183748,98.832,test,date,1,24,L1_S24,13826,1.168
test_date,L1_S24_D1323,1169922,1183748,98.832,test,date,1,24,L1_S24,13826,1.168
test_date,L1_S24_D1328,1169922,1183748,98.832,test,date,1,24,L1_S24,13826,1.168
test_date,L1_S24_D1333,1169922,1183748,98.832,test,date,1,24,L1_S24,13826,1.168
test_date,L1_S24_D1338,1169922,1183748,98.832,test,date,1,24,L1_S24,13826,1.168
test_date,L1_S24_D1343,1169922,1183748,98.832,test,date,1,24,L1_S24,13826,1.168
test_date,L1_S24_D1348,1169922,1183748,98.832,test,date,1,24,L1_S24,13826,1.168
test_date,L1_S24_D1353,1169922,1183748,98.832,test,date,1,24,L1_S24,13826,1.168
test_date,L1_S24_D1358,1169922,1183748,98.832,test,date,1,24,L1_S24,13826,1.168
test_date,L1_S24_D1363,1169922,1183748,98.832,test,date,1,24,L1_S24,13826,1.168
test_date,L1_S24_D1368,1170001,1183748,98.8387,test,date,1,24,L1_S24,13747,1.1613
test_date,L1_S24_D1373,1170001,1183748,98.8387,test,date,1,24,L1_S24,13747,1.1613
test_date,L1_S24_D1378,1170001,1183748,98.8387,test,date,1,24,L1_S24,13747,1.1613
test_date,L1_S24_D1383,1170001,1183748,98.8387,test,date,1,24,L1_S24,13747,1.1613
test_date,L1_S24_D1388,1170001,1183748,98.8387,test,date,1,24,L1_S24,13747,1.1613
test_date,L1_S24_D1393,1170001,1183748,98.8387,test,date,1,24,L1_S24,13747,1.1613
test_date,L1_S24_D1398,1170001,1183748,98.8387,test,date,1,24,L1_S24,13747,1.1613
test_date,L1_S24_D1403,1170001,1183748,98.8387,test,date,1,24,L1_S24,13747,1.1613
test_date,L1_S24_D1408,1170001,1183748,98.8387,test,date,1,24,L1_S24,13747,1.1613
test_date,L1_S24_D1413,1170064,1183748,98.844,test,date,1,24,L1_S24,13684,1.156
test_date,L1_S24_D1418,1170064,1183748,98.844,test,date,1,24,L1_S24,13684,1.156
test_date,L1_S24_D1423,1170064,1183748,98.844,test,date,1,24,L1_S24,13684,1.156
test_date,L1_S24_D1428,1170064,1183748,98.844,test,date,1,24,L1_S24,13684,1.156
test_date,L1_S24_D1433,1170064,1183748,98.844,test,date,1,24,L1_S24,13684,1.156
test_date,L1_S24_D1438,1170064,1183748,98.844,test,date,1,24,L1_S24,13684,1.156
test_date,L1_S24_D1443,1170064,1183748,98.844,test,date,1,24,L1_S24,13684,1.156
test_date,L1_S24_D1448,1170064,1183748,98.844,test,date,1,24,L1_S24,13684,1.156
test_date,L1_S24_D1453,1170064,1183748,98.844,test,date,1,24,L1_S24,13684,1.156
test_date,L1_S24_D1457,1156326,1183748,97.6835,test,date,1,24,L1_S24,27422,2.3165
test_date,L1_S24_D1461,1156326,1183748,97.6835,test,date,1,24,L1_S24,27422,2.3165
test_date,L1_S24_D1465,1156326,1183748,97.6835,test,date,1,24,L1_S24,27422,2.3165
test_date,L1_S24_D1469,1156326,1183748,97.6835,test,date,1,24,L1_S24,27422,2.3165
test_date,L1_S24_D1472,1156326,1183748,97.6835,test,date,1,24,L1_S24,27422,2.3165
test_date,L1_S24_D1476,1156326,1183748,97.6835,test,date,1,24,L1_S24,27422,2.3165
test_date,L1_S24_D1480,1156326,1183748,97.6835,test,date,1,24,L1_S24,27422,2.3165
test_date,L1_S24_D1484,1156326,1183748,97.6835,test,date,1,24,L1_S24,27422,2.3165
test_date,L1_S24_D1488,1156326,1183748,97.6835,test,date,1,24,L1_S24,27422,2.3165
test_date,L1_S24_D1492,1156326,1183748,97.6835,test,date,1,24,L1_S24,27422,2.3165
test_date,L1_S24_D1496,1156326,1183748,97.6835,test,date,1,24,L1_S24,27422,2.3165
test_date,L1_S24_D1500,1156326,1183748,97.6835,test,date,1,24,L1_S24,27422,2.3165
test_date,L1_S24_D1504,1156326,1183748,97.6835,test,date,1,24,L1_S24,27422,2.3165
test_date,L1_S24_D1508,1156326,1183748,97.6835,test,date,1,24,L1_S24,27422,2.3165
test_date,L1_S24_D1511,1051904,1183748,88.8622,test,date,1,24,L1_S24,131844,11.1378
test_date,L1_S24_D1513,1051904,1183748,88.8622,test,date,1,24,L1_S24,131844,11.1378
test_date,L1_S24_D1515,1051904,1183748,88.8622,test,date,1,24,L1_S24,131844,11.1378
test_date,L1_S24_D1517,1051904,1183748,88.8622,test,date,1,24,L1_S24,131844,11.1378
test_date,L1_S24_D1519,1051904,1183748,88.8622,test,date,1,24,L1_S24,131844,11.1378
test_date,L1_S24_D1522,1052235,1183748,88.8901,test,date,1,24,L1_S24,131513,11.1099
test_date,L1_S24_D1527,1052235,1183748,88.8901,test,date,1,24,L1_S24,131513,11.1099
test_date,L1_S24_D1532,1052235,1183748,88.8901,test,date,1,24,L1_S24,131513,11.1099
test_date,L1_S24_D1536,1052237,1183748,88.8903,test,date,1,24,L1_S24,131511,11.1097
test_date,L1_S24_D1541,1052235,1183748,88.8901,test,date,1,24,L1_S24,131513,11.1099
test_date,L1_S24_D1546,1052235,1183748,88.8901,test,date,1,24,L1_S24,131513,11.1099
test_date,L1_S24_D1550,1052235,1183748,88.8901,test,date,1,24,L1_S24,131513,11.1099
test_date,L1_S24_D1554,1052235,1183748,88.8901,test,date,1,24,L1_S24,131513,11.1099
test_date,L1_S24_D1558,1054678,1183748,89.0965,test,date,1,24,L1_S24,129070,10.9035
test_date,L1_S24_D1562,1183724,1183748,99.998,test,date,1,24,L1_S24,24,0.002
test_date,L1_S24_D1566,1051904,1183748,88.8622,test,date,1,24,L1_S24,131844,11.1378
test_date,L1_S24_D1568,1051902,1183748,88.862,test,date,1,24,L1_S24,131846,11.138
test_date,L1_S24_D1570,1051903,1183748,88.8621,test,date,1,24,L1_S24,131845,11.1379
test_date,L1_S24_D1572,1051903,1183748,88.8621,test,date,1,24,L1_S24,131845,11.1379
test_date,L1_S24_D1574,1051903,1183748,88.8621,test,date,1,24,L1_S24,131845,11.1379
test_date,L1_S24_D1576,1051901,1183748,88.8619,test,date,1,24,L1_S24,131847,11.1381
test_date,L1_S24_D1579,1051901,1183748,88.8619,test,date,1,24,L1_S24,131847,11.1381
test_date,L1_S24_D1583,1117779,1183748,94.4271,test,date,1,24,L1_S24,65969,5.5729
test_date,L1_S24_D1587,1117779,1183748,94.4271,test,date,1,24,L1_S24,65969,5.5729
test_date,L1_S24_D1591,1117779,1183748,94.4271,test,date,1,24,L1_S24,65969,5.5729
test_date,L1_S24_D1596,1117779,1183748,94.4271,test,date,1,24,L1_S24,65969,5.5729
test_date,L1_S24_D1601,1117779,1183748,94.4271,test,date,1,24,L1_S24,65969,5.5729
test_date,L1_S24_D1606,1117779,1183748,94.4271,test,date,1,24,L1_S24,65969,5.5729
test_date,L1_S24_D1611,1117779,1183748,94.4271,test,date,1,24,L1_S24,65969,5.5729
test_date,L1_S24_D1615,1117779,1183748,94.4271,test,date,1,24,L1_S24,65969,5.5729
test_date,L1_S24_D1619,1117779,1183748,94.4271,test,date,1,24,L1_S24,65969,5.5729
test_date,L1_S24_D1624,1117779,1183748,94.4271,test,date,1,24,L1_S24,65969,5.5729
test_date,L1_S24_D1629,1117779,1183748,94.4271,test,date,1,24,L1_S24,65969,5.5729
test_date,L1_S24_D1634,1117779,1183748,94.4271,test,date,1,24,L1_S24,65969,5.5729
test_date,L1_S24_D1639,1117779,1183748,94.4271,test,date,1,24,L1_S24,65969,5.5729
test_date,L1_S24_D1644,1117779,1183748,94.4271,test,date,1,24,L1_S24,65969,5.5729
test_date,L1_S24_D1649,1117779,1183748,94.4271,test,date,1,24,L1_S24,65969,5.5729
test_date,L1_S24_D1654,1117779,1183748,94.4271,test,date,1,24,L1_S24,65969,5.5729
test_date,L1_S24_D1659,1117779,1183748,94.4271,test,date,1,24,L1_S24,65969,5.5729
test_date,L1_S24_D1664,1117779,1183748,94.4271,test,date,1,24,L1_S24,65969,5.5729
test_date,L1_S24_D1669,1117779,1183748,94.4271,test,date,1,24,L1_S24,65969,5.5729
test_date,L1_S24_D1674,1117710,1183748,94.4213,test,date,1,24,L1_S24,66038,5.5787
test_date,L1_S24_D1678,1117710,1183748,94.4213,test,date,1,24,L1_S24,66038,5.5787
test_date,L1_S24_D1682,1117710,1183748,94.4213,test,date,1,24,L1_S24,66038,5.5787
test_date,L1_S24_D1687,1117710,1183748,94.4213,test,date,1,24,L1_S24,66038,5.5787
test_date,L1_S24_D1692,1117710,1183748,94.4213,test,date,1,24,L1_S24,66038,5.5787
test_date,L1_S24_D1697,1117710,1183748,94.4213,test,date,1,24,L1_S24,66038,5.5787
test_date,L1_S24_D1702,1117710,1183748,94.4213,test,date,1,24,L1_S24,66038,5.5787
test_date,L1_S24_D1706,1117710,1183748,94.4213,test,date,1,24,L1_S24,66038,5.5787
test_date,L1_S24_D1710,1117710,1183748,94.4213,test,date,1,24,L1_S24,66038,5.5787
test_date,L1_S24_D1715,1117710,1183748,94.4213,test,date,1,24,L1_S24,66038,5.5787
test_date,L1_S24_D1720,1117710,1183748,94.4213,test,date,1,24,L1_S24,66038,5.5787
test_date,L1_S24_D1725,1117710,1183748,94.4213,test,date,1,24,L1_S24,66038,5.5787
test_date,L1_S24_D1730,1117710,1183748,94.4213,test,date,1,24,L1_S24,66038,5.5787
test_date,L1_S24_D1735,1117710,1183748,94.4213,test,date,1,24,L1_S24,66038,5.5787
test_date,L1_S24_D1740,1117710,1183748,94.4213,test,date,1,24,L1_S24,66038,5.5787
test_date,L1_S24_D1745,1117710,1183748,94.4213,test,date,1,24,L1_S24,66038,5.5787
test_date,L1_S24_D1750,1117710,1183748,94.4213,test,date,1,24,L1_S24,66038,5.5787
test_date,L1_S24_D1755,1117710,1183748,94.4213,test,date,1,24,L1_S24,66038,5.5787
test_date,L1_S24_D1760,1117710,1183748,94.4213,test,date,1,24,L1_S24,66038,5.5787
test_date,L1_S24_D1765,1117876,1183748,94.4353,test,date,1,24,L1_S24,65872,5.5647
test_date,L1_S24_D1770,1117891,1183748,94.4366,test,date,1,24,L1_S24,65857,5.5634
test_date,L1_S24_D1775,1117876,1183748,94.4353,test,date,1,24,L1_S24,65872,5.5647
test_date,L1_S24_D1780,1117876,1183748,94.4353,test,date,1,24,L1_S24,65872,5.5647
test_date,L1_S24_D1785,1117876,1183748,94.4353,test,date,1,24,L1_S24,65872,5.5647
test_date,L1_S24_D1790,1117876,1183748,94.4353,test,date,1,24,L1_S24,65872,5.5647
test_date,L1_S24_D1795,1117876,1183748,94.4353,test,date,1,24,L1_S24,65872,5.5647
test_date,L1_S24_D1800,1117876,1183748,94.4353,test,date,1,24,L1_S24,65872,5.5647
test_date,L1_S24_D1805,1117876,1183748,94.4353,test,date,1,24,L1_S24,65872,5.5647
test_date,L1_S24_D1809,1117732,1183748,94.4231,test,date,1,24,L1_S24,66016,5.5769
test_date,L1_S24_D1811,1117732,1183748,94.4231,test,date,1,24,L1_S24,66016,5.5769
test_date,L1_S24_D1813,1117732,1183748,94.4231,test,date,1,24,L1_S24,66016,5.5769
test_date,L1_S24_D1815,1117732,1183748,94.4231,test,date,1,24,L1_S24,66016,5.5769
test_date,L1_S24_D1817,1117732,1183748,94.4231,test,date,1,24,L1_S24,66016,5.5769
test_date,L1_S24_D1819,1117732,1183748,94.4231,test,date,1,24,L1_S24,66016,5.5769
test_date,L1_S24_D1821,1117732,1183748,94.4231,test,date,1,24,L1_S24,66016,5.5769
test_date,L1_S24_D1823,1117732,1183748,94.4231,test,date,1,24,L1_S24,66016,5.5769
test_date,L1_S24_D1825,1117732,1183748,94.4231,test,date,1,24,L1_S24,66016,5.5769
test_date,L1_S24_D1826,1051892,1183748,88.8611,test,date,1,24,L1_S24,131856,11.1389
test_date,L1_S24_D1828,1051892,1183748,88.8611,test,date,1,24,L1_S24,131856,11.1389
test_date,L1_S24_D1830,1051892,1183748,88.8611,test,date,1,24,L1_S24,131856,11.1389
test_date,L1_S24_D1832,1051892,1183748,88.8611,test,date,1,24,L1_S24,131856,11.1389
test_date,L1_S24_D1833,1051892,1183748,88.8611,test,date,1,24,L1_S24,131856,11.1389
test_date,L1_S24_D1835,1051892,1183748,88.8611,test,date,1,24,L1_S24,131856,11.1389
test_date,L1_S24_D1837,1051892,1183748,88.8611,test,date,1,24,L1_S24,131856,11.1389
test_date,L1_S24_D1839,1051892,1183748,88.8611,test,date,1,24,L1_S24,131856,11.1389
test_date,L1_S24_D1841,1051892,1183748,88.8611,test,date,1,24,L1_S24,131856,11.1389
test_date,L1_S24_D1843,1051892,1183748,88.8611,test,date,1,24,L1_S24,131856,11.1389
test_date,L1_S24_D1845,1051892,1183748,88.8611,test,date,1,24,L1_S24,131856,11.1389
test_date,L1_S24_D1847,1051892,1183748,88.8611,test,date,1,24,L1_S24,131856,11.1389
test_date,L1_S24_D1849,1051892,1183748,88.8611,test,date,1,24,L1_S24,131856,11.1389
test_date,L1_S24_D1851,1051892,1183748,88.8611,test,date,1,24,L1_S24,131856,11.1389
test_date,L1_S25_D1854,1128173,1183748,95.3052,test,date,1,25,L1_S25,55575,4.6948
test_date,L1_S25_D1857,1128173,1183748,95.3052,test,date,1,25,L1_S25,55575,4.6948
test_date,L1_S25_D1860,1128173,1183748,95.3052,test,date,1,25,L1_S25,55575,4.6948
test_date,L1_S25_D1862,1128173,1183748,95.3052,test,date,1,25,L1_S25,55575,4.6948
test_date,L1_S25_D1864,1128173,1183748,95.3052,test,date,1,25,L1_S25,55575,4.6948
test_date,L1_S25_D1867,1128334,1183748,95.3188,test,date,1,25,L1_S25,55414,4.6812
test_date,L1_S25_D1871,1128334,1183748,95.3188,test,date,1,25,L1_S25,55414,4.6812
test_date,L1_S25_D1875,1128334,1183748,95.3188,test,date,1,25,L1_S25,55414,4.6812
test_date,L1_S25_D1879,1128334,1183748,95.3188,test,date,1,25,L1_S25,55414,4.6812
test_date,L1_S25_D1883,1128366,1183748,95.3215,test,date,1,25,L1_S25,55382,4.6785
test_date,L1_S25_D1887,1128235,1183748,95.3104,test,date,1,25,L1_S25,55513,4.6896
test_date,L1_S25_D1891,1128242,1183748,95.311,test,date,1,25,L1_S25,55506,4.689
test_date,L1_S25_D1893,1128242,1183748,95.311,test,date,1,25,L1_S25,55506,4.689
test_date,L1_S25_D1895,1128242,1183748,95.311,test,date,1,25,L1_S25,55506,4.689
test_date,L1_S25_D1898,1128823,1183748,95.3601,test,date,1,25,L1_S25,54925,4.6399
test_date,L1_S25_D1902,1155839,1183748,97.6423,test,date,1,25,L1_S25,27909,2.3577
test_date,L1_S25_D1906,1155839,1183748,97.6423,test,date,1,25,L1_S25,27909,2.3577
test_date,L1_S25_D1911,1155839,1183748,97.6423,test,date,1,25,L1_S25,27909,2.3577
test_date,L1_S25_D1916,1155839,1183748,97.6423,test,date,1,25,L1_S25,27909,2.3577
test_date,L1_S25_D1921,1155839,1183748,97.6423,test,date,1,25,L1_S25,27909,2.3577
test_date,L1_S25_D1926,1155839,1183748,97.6423,test,date,1,25,L1_S25,27909,2.3577
test_date,L1_S25_D1931,1155839,1183748,97.6423,test,date,1,25,L1_S25,27909,2.3577
test_date,L1_S25_D1935,1155839,1183748,97.6423,test,date,1,25,L1_S25,27909,2.3577
test_date,L1_S25_D1940,1155839,1183748,97.6423,test,date,1,25,L1_S25,27909,2.3577
test_date,L1_S25_D1945,1155839,1183748,97.6423,test,date,1,25,L1_S25,27909,2.3577
test_date,L1_S25_D1950,1155839,1183748,97.6423,test,date,1,25,L1_S25,27909,2.3577
test_date,L1_S25_D1955,1155839,1183748,97.6423,test,date,1,25,L1_S25,27909,2.3577
test_date,L1_S25_D1960,1155839,1183748,97.6423,test,date,1,25,L1_S25,27909,2.3577
test_date,L1_S25_D1965,1155839,1183748,97.6423,test,date,1,25,L1_S25,27909,2.3577
test_date,L1_S25_D1970,1155839,1183748,97.6423,test,date,1,25,L1_S25,27909,2.3577
test_date,L1_S25_D1975,1155839,1183748,97.6423,test,date,1,25,L1_S25,27909,2.3577
test_date,L1_S25_D1980,1156063,1183748,97.6612,test,date,1,25,L1_S25,27685,2.3388
test_date,L1_S25_D1984,1156063,1183748,97.6612,test,date,1,25,L1_S25,27685,2.3388
test_date,L1_S25_D1989,1156063,1183748,97.6612,test,date,1,25,L1_S25,27685,2.3388
test_date,L1_S25_D1994,1156063,1183748,97.6612,test,date,1,25,L1_S25,27685,2.3388
test_date,L1_S25_D1999,1156063,1183748,97.6612,test,date,1,25,L1_S25,27685,2.3388
test_date,L1_S25_D2004,1156063,1183748,97.6612,test,date,1,25,L1_S25,27685,2.3388
test_date,L1_S25_D2009,1156063,1183748,97.6612,test,date,1,25,L1_S25,27685,2.3388
test_date,L1_S25_D2013,1156063,1183748,97.6612,test,date,1,25,L1_S25,27685,2.3388
test_date,L1_S25_D2018,1156063,1183748,97.6612,test,date,1,25,L1_S25,27685,2.3388
test_date,L1_S25_D2023,1156063,1183748,97.6612,test,date,1,25,L1_S25,27685,2.3388
test_date,L1_S25_D2028,1156063,1183748,97.6612,test,date,1,25,L1_S25,27685,2.3388
test_date,L1_S25_D2033,1156063,1183748,97.6612,test,date,1,25,L1_S25,27685,2.3388
test_date,L1_S25_D2038,1156063,1183748,97.6612,test,date,1,25,L1_S25,27685,2.3388
test_date,L1_S25_D2043,1156063,1183748,97.6612,test,date,1,25,L1_S25,27685,2.3388
test_date,L1_S25_D2048,1156063,1183748,97.6612,test,date,1,25,L1_S25,27685,2.3388
test_date,L1_S25_D2053,1156063,1183748,97.6612,test,date,1,25,L1_S25,27685,2.3388
test_date,L1_S25_D2058,1156356,1183748,97.686,test,date,1,25,L1_S25,27392,2.314
test_date,L1_S25_D2063,1156356,1183748,97.686,test,date,1,25,L1_S25,27392,2.314
test_date,L1_S25_D2068,1156356,1183748,97.686,test,date,1,25,L1_S25,27392,2.314
test_date,L1_S25_D2073,1156356,1183748,97.686,test,date,1,25,L1_S25,27392,2.314
test_date,L1_S25_D2078,1156356,1183748,97.686,test,date,1,25,L1_S25,27392,2.314
test_date,L1_S25_D2083,1156356,1183748,97.686,test,date,1,25,L1_S25,27392,2.314
test_date,L1_S25_D2088,1156356,1183748,97.686,test,date,1,25,L1_S25,27392,2.314
test_date,L1_S25_D2093,1156356,1183748,97.686,test,date,1,25,L1_S25,27392,2.314
test_date,L1_S25_D2098,1155907,1183748,97.6481,test,date,1,25,L1_S25,27841,2.3519
test_date,L1_S25_D2103,1155907,1183748,97.6481,test,date,1,25,L1_S25,27841,2.3519
test_date,L1_S25_D2108,1155907,1183748,97.6481,test,date,1,25,L1_S25,27841,2.3519
test_date,L1_S25_D2113,1155907,1183748,97.6481,test,date,1,25,L1_S25,27841,2.3519
test_date,L1_S25_D2118,1155907,1183748,97.6481,test,date,1,25,L1_S25,27841,2.3519
test_date,L1_S25_D2123,1155907,1183748,97.6481,test,date,1,25,L1_S25,27841,2.3519
test_date,L1_S25_D2128,1155907,1183748,97.6481,test,date,1,25,L1_S25,27841,2.3519
test_date,L1_S25_D2133,1155907,1183748,97.6481,test,date,1,25,L1_S25,27841,2.3519
test_date,L1_S25_D2138,1128668,1183748,95.347,test,date,1,25,L1_S25,55080,4.653
test_date,L1_S25_D2140,1128668,1183748,95.347,test,date,1,25,L1_S25,55080,4.653
test_date,L1_S25_D2143,1128668,1183748,95.347,test,date,1,25,L1_S25,55080,4.653
test_date,L1_S25_D2146,1128668,1183748,95.347,test,date,1,25,L1_S25,55080,4.653
test_date,L1_S25_D2149,1128668,1183748,95.347,test,date,1,25,L1_S25,55080,4.653
test_date,L1_S25_D2151,1128668,1183748,95.347,test,date,1,25,L1_S25,55080,4.653
test_date,L1_S25_D2154,1128668,1183748,95.347,test,date,1,25,L1_S25,55080,4.653
test_date,L1_S25_D2157,1128668,1183748,95.347,test,date,1,25,L1_S25,55080,4.653
test_date,L1_S25_D2160,1128668,1183748,95.347,test,date,1,25,L1_S25,55080,4.653
test_date,L1_S25_D2163,1128668,1183748,95.347,test,date,1,25,L1_S25,55080,4.653
test_date,L1_S25_D2166,1128668,1183748,95.347,test,date,1,25,L1_S25,55080,4.653
test_date,L1_S25_D2169,1128668,1183748,95.347,test,date,1,25,L1_S25,55080,4.653
test_date,L1_S25_D2172,1128668,1183748,95.347,test,date,1,25,L1_S25,55080,4.653
test_date,L1_S25_D2175,1128668,1183748,95.347,test,date,1,25,L1_S25,55080,4.653
test_date,L1_S25_D2178,1128668,1183748,95.347,test,date,1,25,L1_S25,55080,4.653
test_date,L1_S25_D2180,1182552,1183748,99.899,test,date,1,25,L1_S25,1196,0.101
test_date,L1_S25_D2183,1182552,1183748,99.899,test,date,1,25,L1_S25,1196,0.101
test_date,L1_S25_D2186,1182552,1183748,99.899,test,date,1,25,L1_S25,1196,0.101
test_date,L1_S25_D2189,1182552,1183748,99.899,test,date,1,25,L1_S25,1196,0.101
test_date,L1_S25_D2192,1182552,1183748,99.899,test,date,1,25,L1_S25,1196,0.101
test_date,L1_S25_D2195,1182552,1183748,99.899,test,date,1,25,L1_S25,1196,0.101
test_date,L1_S25_D2198,1182552,1183748,99.899,test,date,1,25,L1_S25,1196,0.101
test_date,L1_S25_D2201,1182552,1183748,99.899,test,date,1,25,L1_S25,1196,0.101
test_date,L1_S25_D2204,1182552,1183748,99.899,test,date,1,25,L1_S25,1196,0.101
test_date,L1_S25_D2206,1180178,1183748,99.6984,test,date,1,25,L1_S25,3570,0.3016
test_date,L1_S25_D2209,1180178,1183748,99.6984,test,date,1,25,L1_S25,3570,0.3016
test_date,L1_S25_D2212,1180178,1183748,99.6984,test,date,1,25,L1_S25,3570,0.3016
test_date,L1_S25_D2214,1180178,1183748,99.6984,test,date,1,25,L1_S25,3570,0.3016
test_date,L1_S25_D2216,1180178,1183748,99.6984,test,date,1,25,L1_S25,3570,0.3016
test_date,L1_S25_D2219,1180178,1183748,99.6984,test,date,1,25,L1_S25,3570,0.3016
test_date,L1_S25_D2222,1180178,1183748,99.6984,test,date,1,25,L1_S25,3570,0.3016
test_date,L1_S25_D2225,1180178,1183748,99.6984,test,date,1,25,L1_S25,3570,0.3016
test_date,L1_S25_D2228,1180178,1183748,99.6984,test,date,1,25,L1_S25,3570,0.3016
test_date,L1_S25_D2230,1176577,1183748,99.3942,test,date,1,25,L1_S25,7171,0.6058
test_date,L1_S25_D2232,1176577,1183748,99.3942,test,date,1,25,L1_S25,7171,0.6058
test_date,L1_S25_D2234,1176577,1183748,99.3942,test,date,1,25,L1_S25,7171,0.6058
test_date,L1_S25_D2235,1176577,1183748,99.3942,test,date,1,25,L1_S25,7171,0.6058
test_date,L1_S25_D2236,1176577,1183748,99.3942,test,date,1,25,L1_S25,7171,0.6058
test_date,L1_S25_D2238,1176588,1183748,99.3951,test,date,1,25,L1_S25,7160,0.6049
test_date,L1_S25_D2240,1176591,1183748,99.3954,test,date,1,25,L1_S25,7157,0.6046
test_date,L1_S25_D2242,1179275,1183748,99.6221,test,date,1,25,L1_S25,4473,0.3779
test_date,L1_S25_D2244,1179275,1183748,99.6221,test,date,1,25,L1_S25,4473,0.3779
test_date,L1_S25_D2246,1179275,1183748,99.6221,test,date,1,25,L1_S25,4473,0.3779
test_date,L1_S25_D2248,1176594,1183748,99.3956,test,date,1,25,L1_S25,7154,0.6044
test_date,L1_S25_D2251,1180172,1183748,99.6979,test,date,1,25,L1_S25,3576,0.3021
test_date,L1_S25_D2255,1180172,1183748,99.6979,test,date,1,25,L1_S25,3576,0.3021
test_date,L1_S25_D2260,1180172,1183748,99.6979,test,date,1,25,L1_S25,3576,0.3021
test_date,L1_S25_D2265,1180172,1183748,99.6979,test,date,1,25,L1_S25,3576,0.3021
test_date,L1_S25_D2270,1180172,1183748,99.6979,test,date,1,25,L1_S25,3576,0.3021
test_date,L1_S25_D2275,1180172,1183748,99.6979,test,date,1,25,L1_S25,3576,0.3021
test_date,L1_S25_D2280,1180172,1183748,99.6979,test,date,1,25,L1_S25,3576,0.3021
test_date,L1_S25_D2284,1180172,1183748,99.6979,test,date,1,25,L1_S25,3576,0.3021
test_date,L1_S25_D2289,1180172,1183748,99.6979,test,date,1,25,L1_S25,3576,0.3021
test_date,L1_S25_D2294,1180172,1183748,99.6979,test,date,1,25,L1_S25,3576,0.3021
test_date,L1_S25_D2299,1180172,1183748,99.6979,test,date,1,25,L1_S25,3576,0.3021
test_date,L1_S25_D2304,1180172,1183748,99.6979,test,date,1,25,L1_S25,3576,0.3021
test_date,L1_S25_D2309,1180172,1183748,99.6979,test,date,1,25,L1_S25,3576,0.3021
test_date,L1_S25_D2314,1180172,1183748,99.6979,test,date,1,25,L1_S25,3576,0.3021
test_date,L1_S25_D2319,1180172,1183748,99.6979,test,date,1,25,L1_S25,3576,0.3021
test_date,L1_S25_D2324,1180172,1183748,99.6979,test,date,1,25,L1_S25,3576,0.3021
test_date,L1_S25_D2329,1180127,1183748,99.6941,test,date,1,25,L1_S25,3621,0.3059
test_date,L1_S25_D2333,1180127,1183748,99.6941,test,date,1,25,L1_S25,3621,0.3059
test_date,L1_S25_D2338,1180127,1183748,99.6941,test,date,1,25,L1_S25,3621,0.3059
test_date,L1_S25_D2343,1180127,1183748,99.6941,test,date,1,25,L1_S25,3621,0.3059
test_date,L1_S25_D2348,1180127,1183748,99.6941,test,date,1,25,L1_S25,3621,0.3059
test_date,L1_S25_D2353,1180127,1183748,99.6941,test,date,1,25,L1_S25,3621,0.3059
test_date,L1_S25_D2358,1180127,1183748,99.6941,test,date,1,25,L1_S25,3621,0.3059
test_date,L1_S25_D2362,1180127,1183748,99.6941,test,date,1,25,L1_S25,3621,0.3059
test_date,L1_S25_D2367,1180127,1183748,99.6941,test,date,1,25,L1_S25,3621,0.3059
test_date,L1_S25_D2372,1180127,1183748,99.6941,test,date,1,25,L1_S25,3621,0.3059
test_date,L1_S25_D2377,1180127,1183748,99.6941,test,date,1,25,L1_S25,3621,0.3059
test_date,L1_S25_D2382,1180127,1183748,99.6941,test,date,1,25,L1_S25,3621,0.3059
test_date,L1_S25_D2387,1180127,1183748,99.6941,test,date,1,25,L1_S25,3621,0.3059
test_date,L1_S25_D2392,1180127,1183748,99.6941,test,date,1,25,L1_S25,3621,0.3059
test_date,L1_S25_D2397,1180127,1183748,99.6941,test,date,1,25,L1_S25,3621,0.3059
test_date,L1_S25_D2402,1180127,1183748,99.6941,test,date,1,25,L1_S25,3621,0.3059
test_date,L1_S25_D2406,1180134,1183748,99.6947,test,date,1,25,L1_S25,3614,0.3053
test_date,L1_S25_D2409,1180134,1183748,99.6947,test,date,1,25,L1_S25,3614,0.3053
test_date,L1_S25_D2412,1180134,1183748,99.6947,test,date,1,25,L1_S25,3614,0.3053
test_date,L1_S25_D2415,1180134,1183748,99.6947,test,date,1,25,L1_S25,3614,0.3053
test_date,L1_S25_D2418,1180134,1183748,99.6947,test,date,1,25,L1_S25,3614,0.3053
test_date,L1_S25_D2421,1180134,1183748,99.6947,test,date,1,25,L1_S25,3614,0.3053
test_date,L1_S25_D2424,1180134,1183748,99.6947,test,date,1,25,L1_S25,3614,0.3053
test_date,L1_S25_D2427,1180134,1183748,99.6947,test,date,1,25,L1_S25,3614,0.3053
test_date,L1_S25_D2430,1180262,1183748,99.7055,test,date,1,25,L1_S25,3486,0.2945
test_date,L1_S25_D2432,1180262,1183748,99.7055,test,date,1,25,L1_S25,3486,0.2945
test_date,L1_S25_D2434,1180262,1183748,99.7055,test,date,1,25,L1_S25,3486,0.2945
test_date,L1_S25_D2436,1180262,1183748,99.7055,test,date,1,25,L1_S25,3486,0.2945
test_date,L1_S25_D2438,1180262,1183748,99.7055,test,date,1,25,L1_S25,3486,0.2945
test_date,L1_S25_D2440,1180262,1183748,99.7055,test,date,1,25,L1_S25,3486,0.2945
test_date,L1_S25_D2442,1180262,1183748,99.7055,test,date,1,25,L1_S25,3486,0.2945
test_date,L1_S25_D2444,1180262,1183748,99.7055,test,date,1,25,L1_S25,3486,0.2945
test_date,L1_S25_D2445,1176663,1183748,99.4015,test,date,1,25,L1_S25,7085,0.5985
test_date,L1_S25_D2446,1176663,1183748,99.4015,test,date,1,25,L1_S25,7085,0.5985
test_date,L1_S25_D2448,1176663,1183748,99.4015,test,date,1,25,L1_S25,7085,0.5985
test_date,L1_S25_D2450,1176663,1183748,99.4015,test,date,1,25,L1_S25,7085,0.5985
test_date,L1_S25_D2452,1176663,1183748,99.4015,test,date,1,25,L1_S25,7085,0.5985
test_date,L1_S25_D2453,1176663,1183748,99.4015,test,date,1,25,L1_S25,7085,0.5985
test_date,L1_S25_D2455,1176663,1183748,99.4015,test,date,1,25,L1_S25,7085,0.5985
test_date,L1_S25_D2457,1176663,1183748,99.4015,test,date,1,25,L1_S25,7085,0.5985
test_date,L1_S25_D2459,1176663,1183748,99.4015,test,date,1,25,L1_S25,7085,0.5985
test_date,L1_S25_D2461,1176663,1183748,99.4015,test,date,1,25,L1_S25,7085,0.5985
test_date,L1_S25_D2463,1176663,1183748,99.4015,test,date,1,25,L1_S25,7085,0.5985
test_date,L1_S25_D2465,1176663,1183748,99.4015,test,date,1,25,L1_S25,7085,0.5985
test_date,L1_S25_D2467,1176663,1183748,99.4015,test,date,1,25,L1_S25,7085,0.5985
test_date,L1_S25_D2469,1176663,1183748,99.4015,test,date,1,25,L1_S25,7085,0.5985
test_date,L1_S25_D2471,1174035,1183748,99.1795,test,date,1,25,L1_S25,9713,0.8205
test_date,L1_S25_D2474,1174035,1183748,99.1795,test,date,1,25,L1_S25,9713,0.8205
test_date,L1_S25_D2477,1174035,1183748,99.1795,test,date,1,25,L1_S25,9713,0.8205
test_date,L1_S25_D2480,1174035,1183748,99.1795,test,date,1,25,L1_S25,9713,0.8205
test_date,L1_S25_D2483,1174035,1183748,99.1795,test,date,1,25,L1_S25,9713,0.8205
test_date,L1_S25_D2486,1174035,1183748,99.1795,test,date,1,25,L1_S25,9713,0.8205
test_date,L1_S25_D2489,1174035,1183748,99.1795,test,date,1,25,L1_S25,9713,0.8205
test_date,L1_S25_D2492,1174035,1183748,99.1795,test,date,1,25,L1_S25,9713,0.8205
test_date,L1_S25_D2495,1174035,1183748,99.1795,test,date,1,25,L1_S25,9713,0.8205
test_date,L1_S25_D2497,1179607,1183748,99.6502,test,date,1,25,L1_S25,4141,0.3498
test_date,L1_S25_D2499,1179607,1183748,99.6502,test,date,1,25,L1_S25,4141,0.3498
test_date,L1_S25_D2501,1179607,1183748,99.6502,test,date,1,25,L1_S25,4141,0.3498
test_date,L1_S25_D2502,1179607,1183748,99.6502,test,date,1,25,L1_S25,4141,0.3498
test_date,L1_S25_D2503,1179607,1183748,99.6502,test,date,1,25,L1_S25,4141,0.3498
test_date,L1_S25_D2505,1179608,1183748,99.6503,test,date,1,25,L1_S25,4140,0.3497
test_date,L1_S25_D2507,1179608,1183748,99.6503,test,date,1,25,L1_S25,4140,0.3497
test_date,L1_S25_D2509,1180310,1183748,99.7096,test,date,1,25,L1_S25,3438,0.2904
test_date,L1_S25_D2511,1180310,1183748,99.7096,test,date,1,25,L1_S25,3438,0.2904
test_date,L1_S25_D2513,1180310,1183748,99.7096,test,date,1,25,L1_S25,3438,0.2904
test_date,L1_S25_D2515,1179608,1183748,99.6503,test,date,1,25,L1_S25,4140,0.3497
test_date,L1_S25_D2518,1181672,1183748,99.8246,test,date,1,25,L1_S25,2076,0.1754
test_date,L1_S25_D2522,1181672,1183748,99.8246,test,date,1,25,L1_S25,2076,0.1754
test_date,L1_S25_D2527,1181672,1183748,99.8246,test,date,1,25,L1_S25,2076,0.1754
test_date,L1_S25_D2532,1181672,1183748,99.8246,test,date,1,25,L1_S25,2076,0.1754
test_date,L1_S25_D2537,1181672,1183748,99.8246,test,date,1,25,L1_S25,2076,0.1754
test_date,L1_S25_D2542,1181672,1183748,99.8246,test,date,1,25,L1_S25,2076,0.1754
test_date,L1_S25_D2547,1181672,1183748,99.8246,test,date,1,25,L1_S25,2076,0.1754
test_date,L1_S25_D2551,1181672,1183748,99.8246,test,date,1,25,L1_S25,2076,0.1754
test_date,L1_S25_D2556,1181672,1183748,99.8246,test,date,1,25,L1_S25,2076,0.1754
test_date,L1_S25_D2561,1181672,1183748,99.8246,test,date,1,25,L1_S25,2076,0.1754
test_date,L1_S25_D2566,1181672,1183748,99.8246,test,date,1,25,L1_S25,2076,0.1754
test_date,L1_S25_D2571,1181672,1183748,99.8246,test,date,1,25,L1_S25,2076,0.1754
test_date,L1_S25_D2576,1181672,1183748,99.8246,test,date,1,25,L1_S25,2076,0.1754
test_date,L1_S25_D2581,1181672,1183748,99.8246,test,date,1,25,L1_S25,2076,0.1754
test_date,L1_S25_D2586,1181672,1183748,99.8246,test,date,1,25,L1_S25,2076,0.1754
test_date,L1_S25_D2591,1181672,1183748,99.8246,test,date,1,25,L1_S25,2076,0.1754
test_date,L1_S25_D2596,1181688,1183748,99.826,test,date,1,25,L1_S25,2060,0.174
test_date,L1_S25_D2600,1181688,1183748,99.826,test,date,1,25,L1_S25,2060,0.174
test_date,L1_S25_D2605,1181688,1183748,99.826,test,date,1,25,L1_S25,2060,0.174
test_date,L1_S25_D2610,1181688,1183748,99.826,test,date,1,25,L1_S25,2060,0.174
test_date,L1_S25_D2615,1181688,1183748,99.826,test,date,1,25,L1_S25,2060,0.174
test_date,L1_S25_D2620,1181688,1183748,99.826,test,date,1,25,L1_S25,2060,0.174
test_date,L1_S25_D2625,1181688,1183748,99.826,test,date,1,25,L1_S25,2060,0.174
test_date,L1_S25_D2629,1181688,1183748,99.826,test,date,1,25,L1_S25,2060,0.174
test_date,L1_S25_D2634,1181688,1183748,99.826,test,date,1,25,L1_S25,2060,0.174
test_date,L1_S25_D2639,1181688,1183748,99.826,test,date,1,25,L1_S25,2060,0.174
test_date,L1_S25_D2644,1181688,1183748,99.826,test,date,1,25,L1_S25,2060,0.174
test_date,L1_S25_D2649,1181688,1183748,99.826,test,date,1,25,L1_S25,2060,0.174
test_date,L1_S25_D2654,1181688,1183748,99.826,test,date,1,25,L1_S25,2060,0.174
test_date,L1_S25_D2659,1181688,1183748,99.826,test,date,1,25,L1_S25,2060,0.174
test_date,L1_S25_D2664,1181688,1183748,99.826,test,date,1,25,L1_S25,2060,0.174
test_date,L1_S25_D2669,1181688,1183748,99.826,test,date,1,25,L1_S25,2060,0.174
test_date,L1_S25_D2674,1181719,1183748,99.8286,test,date,1,25,L1_S25,2029,0.1714
test_date,L1_S25_D2679,1181719,1183748,99.8286,test,date,1,25,L1_S25,2029,0.1714
test_date,L1_S25_D2684,1181719,1183748,99.8286,test,date,1,25,L1_S25,2029,0.1714
test_date,L1_S25_D2689,1181719,1183748,99.8286,test,date,1,25,L1_S25,2029,0.1714
test_date,L1_S25_D2694,1181719,1183748,99.8286,test,date,1,25,L1_S25,2029,0.1714
test_date,L1_S25_D2699,1181719,1183748,99.8286,test,date,1,25,L1_S25,2029,0.1714
test_date,L1_S25_D2704,1181719,1183748,99.8286,test,date,1,25,L1_S25,2029,0.1714
test_date,L1_S25_D2709,1181719,1183748,99.8286,test,date,1,25,L1_S25,2029,0.1714
test_date,L1_S25_D2713,1181646,1183748,99.8224,test,date,1,25,L1_S25,2102,0.1776
test_date,L1_S25_D2715,1181646,1183748,99.8224,test,date,1,25,L1_S25,2102,0.1776
test_date,L1_S25_D2717,1181646,1183748,99.8224,test,date,1,25,L1_S25,2102,0.1776
test_date,L1_S25_D2719,1181646,1183748,99.8224,test,date,1,25,L1_S25,2102,0.1776
test_date,L1_S25_D2721,1181646,1183748,99.8224,test,date,1,25,L1_S25,2102,0.1776
test_date,L1_S25_D2723,1181646,1183748,99.8224,test,date,1,25,L1_S25,2102,0.1776
test_date,L1_S25_D2725,1181646,1183748,99.8224,test,date,1,25,L1_S25,2102,0.1776
test_date,L1_S25_D2727,1181646,1183748,99.8224,test,date,1,25,L1_S25,2102,0.1776
test_date,L1_S25_D2728,1179634,1183748,99.6525,test,date,1,25,L1_S25,4114,0.3475
test_date,L1_S25_D2729,1179634,1183748,99.6525,test,date,1,25,L1_S25,4114,0.3475
test_date,L1_S25_D2731,1179634,1183748,99.6525,test,date,1,25,L1_S25,4114,0.3475
test_date,L1_S25_D2733,1179634,1183748,99.6525,test,date,1,25,L1_S25,4114,0.3475
test_date,L1_S25_D2735,1179634,1183748,99.6525,test,date,1,25,L1_S25,4114,0.3475
test_date,L1_S25_D2736,1179634,1183748,99.6525,test,date,1,25,L1_S25,4114,0.3475
test_date,L1_S25_D2738,1179634,1183748,99.6525,test,date,1,25,L1_S25,4114,0.3475
test_date,L1_S25_D2740,1179634,1183748,99.6525,test,date,1,25,L1_S25,4114,0.3475
test_date,L1_S25_D2742,1179634,1183748,99.6525,test,date,1,25,L1_S25,4114,0.3475
test_date,L1_S25_D2744,1179634,1183748,99.6525,test,date,1,25,L1_S25,4114,0.3475
test_date,L1_S25_D2746,1179634,1183748,99.6525,test,date,1,25,L1_S25,4114,0.3475
test_date,L1_S25_D2748,1179634,1183748,99.6525,test,date,1,25,L1_S25,4114,0.3475
test_date,L1_S25_D2750,1179634,1183748,99.6525,test,date,1,25,L1_S25,4114,0.3475
test_date,L1_S25_D2752,1179634,1183748,99.6525,test,date,1,25,L1_S25,4114,0.3475
test_date,L1_S25_D2754,1181221,1183748,99.7865,test,date,1,25,L1_S25,2527,0.2135
test_date,L1_S25_D2757,1181221,1183748,99.7865,test,date,1,25,L1_S25,2527,0.2135
test_date,L1_S25_D2760,1181221,1183748,99.7865,test,date,1,25,L1_S25,2527,0.2135
test_date,L1_S25_D2763,1181221,1183748,99.7865,test,date,1,25,L1_S25,2527,0.2135
test_date,L1_S25_D2766,1181221,1183748,99.7865,test,date,1,25,L1_S25,2527,0.2135
test_date,L1_S25_D2769,1181221,1183748,99.7865,test,date,1,25,L1_S25,2527,0.2135
test_date,L1_S25_D2772,1181221,1183748,99.7865,test,date,1,25,L1_S25,2527,0.2135
test_date,L1_S25_D2775,1181221,1183748,99.7865,test,date,1,25,L1_S25,2527,0.2135
test_date,L1_S25_D2778,1181221,1183748,99.7865,test,date,1,25,L1_S25,2527,0.2135
test_date,L1_S25_D2780,1166016,1183748,98.502,test,date,1,25,L1_S25,17732,1.498
test_date,L1_S25_D2782,1166016,1183748,98.502,test,date,1,25,L1_S25,17732,1.498
test_date,L1_S25_D2784,1166016,1183748,98.502,test,date,1,25,L1_S25,17732,1.498
test_date,L1_S25_D2785,1166016,1183748,98.502,test,date,1,25,L1_S25,17732,1.498
test_date,L1_S25_D2786,1166016,1183748,98.502,test,date,1,25,L1_S25,17732,1.498
test_date,L1_S25_D2788,1166015,1183748,98.502,test,date,1,25,L1_S25,17733,1.498
test_date,L1_S25_D2790,1166019,1183748,98.5023,test,date,1,25,L1_S25,17729,1.4977
test_date,L1_S25_D2792,1169617,1183748,98.8062,test,date,1,25,L1_S25,14131,1.1938
test_date,L1_S25_D2794,1169617,1183748,98.8062,test,date,1,25,L1_S25,14131,1.1938
test_date,L1_S25_D2796,1169617,1183748,98.8062,test,date,1,25,L1_S25,14131,1.1938
test_date,L1_S25_D2798,1166012,1183748,98.5017,test,date,1,25,L1_S25,17736,1.4983
test_date,L1_S25_D2801,1174850,1183748,99.2483,test,date,1,25,L1_S25,8898,0.7517
test_date,L1_S25_D2805,1174850,1183748,99.2483,test,date,1,25,L1_S25,8898,0.7517
test_date,L1_S25_D2810,1174850,1183748,99.2483,test,date,1,25,L1_S25,8898,0.7517
test_date,L1_S25_D2815,1174850,1183748,99.2483,test,date,1,25,L1_S25,8898,0.7517
test_date,L1_S25_D2820,1174850,1183748,99.2483,test,date,1,25,L1_S25,8898,0.7517
test_date,L1_S25_D2825,1174850,1183748,99.2483,test,date,1,25,L1_S25,8898,0.7517
test_date,L1_S25_D2830,1174850,1183748,99.2483,test,date,1,25,L1_S25,8898,0.7517
test_date,L1_S25_D2834,1174850,1183748,99.2483,test,date,1,25,L1_S25,8898,0.7517
test_date,L1_S25_D2839,1174850,1183748,99.2483,test,date,1,25,L1_S25,8898,0.7517
test_date,L1_S25_D2844,1174850,1183748,99.2483,test,date,1,25,L1_S25,8898,0.7517
test_date,L1_S25_D2849,1174850,1183748,99.2483,test,date,1,25,L1_S25,8898,0.7517
test_date,L1_S25_D2854,1174850,1183748,99.2483,test,date,1,25,L1_S25,8898,0.7517
test_date,L1_S25_D2859,1174850,1183748,99.2483,test,date,1,25,L1_S25,8898,0.7517
test_date,L1_S25_D2864,1174850,1183748,99.2483,test,date,1,25,L1_S25,8898,0.7517
test_date,L1_S25_D2869,1174850,1183748,99.2483,test,date,1,25,L1_S25,8898,0.7517
test_date,L1_S25_D2874,1174850,1183748,99.2483,test,date,1,25,L1_S25,8898,0.7517
test_date,L1_S25_D2879,1174882,1183748,99.251,test,date,1,25,L1_S25,8866,0.749
test_date,L1_S25_D2883,1174882,1183748,99.251,test,date,1,25,L1_S25,8866,0.749
test_date,L1_S25_D2888,1174882,1183748,99.251,test,date,1,25,L1_S25,8866,0.749
test_date,L1_S25_D2893,1174882,1183748,99.251,test,date,1,25,L1_S25,8866,0.749
test_date,L1_S25_D2898,1174882,1183748,99.251,test,date,1,25,L1_S25,8866,0.749
test_date,L1_S25_D2903,1174882,1183748,99.251,test,date,1,25,L1_S25,8866,0.749
test_date,L1_S25_D2908,1174882,1183748,99.251,test,date,1,25,L1_S25,8866,0.749
test_date,L1_S25_D2912,1174882,1183748,99.251,test,date,1,25,L1_S25,8866,0.749
test_date,L1_S25_D2917,1174882,1183748,99.251,test,date,1,25,L1_S25,8866,0.749
test_date,L1_S25_D2922,1174882,1183748,99.251,test,date,1,25,L1_S25,8866,0.749
test_date,L1_S25_D2927,1174882,1183748,99.251,test,date,1,25,L1_S25,8866,0.749
test_date,L1_S25_D2932,1174882,1183748,99.251,test,date,1,25,L1_S25,8866,0.749
test_date,L1_S25_D2937,1174882,1183748,99.251,test,date,1,25,L1_S25,8866,0.749
test_date,L1_S25_D2942,1174882,1183748,99.251,test,date,1,25,L1_S25,8866,0.749
test_date,L1_S25_D2947,1174882,1183748,99.251,test,date,1,25,L1_S25,8866,0.749
test_date,L1_S25_D2952,1174882,1183748,99.251,test,date,1,25,L1_S25,8866,0.749
test_date,L1_S25_D2957,1174757,1183748,99.2405,test,date,1,25,L1_S25,8991,0.7595
test_date,L1_S25_D2962,1174757,1183748,99.2405,test,date,1,25,L1_S25,8991,0.7595
test_date,L1_S25_D2967,1174757,1183748,99.2405,test,date,1,25,L1_S25,8991,0.7595
test_date,L1_S25_D2972,1174757,1183748,99.2405,test,date,1,25,L1_S25,8991,0.7595
test_date,L1_S25_D2977,1174757,1183748,99.2405,test,date,1,25,L1_S25,8991,0.7595
test_date,L1_S25_D2982,1174757,1183748,99.2405,test,date,1,25,L1_S25,8991,0.7595
test_date,L1_S25_D2987,1174757,1183748,99.2405,test,date,1,25,L1_S25,8991,0.7595
test_date,L1_S25_D2992,1174757,1183748,99.2405,test,date,1,25,L1_S25,8991,0.7595
test_date,L1_S25_D2996,1175013,1183748,99.2621,test,date,1,25,L1_S25,8735,0.7379
test_date,L1_S25_D2998,1175013,1183748,99.2621,test,date,1,25,L1_S25,8735,0.7379
test_date,L1_S25_D3000,1175013,1183748,99.2621,test,date,1,25,L1_S25,8735,0.7379
test_date,L1_S25_D3002,1175013,1183748,99.2621,test,date,1,25,L1_S25,8735,0.7379
test_date,L1_S25_D3004,1175013,1183748,99.2621,test,date,1,25,L1_S25,8735,0.7379
test_date,L1_S25_D3006,1175013,1183748,99.2621,test,date,1,25,L1_S25,8735,0.7379
test_date,L1_S25_D3008,1175013,1183748,99.2621,test,date,1,25,L1_S25,8735,0.7379
test_date,L1_S25_D3010,1175013,1183748,99.2621,test,date,1,25,L1_S25,8735,0.7379
test_date,L1_S25_D3011,1166020,1183748,98.5024,test,date,1,25,L1_S25,17728,1.4976
test_date,L1_S25_D3012,1166020,1183748,98.5024,test,date,1,25,L1_S25,17728,1.4976
test_date,L1_S25_D3014,1166020,1183748,98.5024,test,date,1,25,L1_S25,17728,1.4976
test_date,L1_S25_D3016,1166020,1183748,98.5024,test,date,1,25,L1_S25,17728,1.4976
test_date,L1_S25_D3018,1166020,1183748,98.5024,test,date,1,25,L1_S25,17728,1.4976
test_date,L1_S25_D3019,1166020,1183748,98.5024,test,date,1,25,L1_S25,17728,1.4976
test_date,L1_S25_D3021,1166020,1183748,98.5024,test,date,1,25,L1_S25,17728,1.4976
test_date,L1_S25_D3023,1166020,1183748,98.5024,test,date,1,25,L1_S25,17728,1.4976
test_date,L1_S25_D3025,1166020,1183748,98.5024,test,date,1,25,L1_S25,17728,1.4976
test_date,L1_S25_D3027,1166020,1183748,98.5024,test,date,1,25,L1_S25,17728,1.4976
test_date,L1_S25_D3029,1166020,1183748,98.5024,test,date,1,25,L1_S25,17728,1.4976
test_date,L1_S25_D3031,1166020,1183748,98.5024,test,date,1,25,L1_S25,17728,1.4976
test_date,L1_S25_D3033,1166020,1183748,98.5024,test,date,1,25,L1_S25,17728,1.4976
test_date,L1_S25_D3035,1166020,1183748,98.5024,test,date,1,25,L1_S25,17728,1.4976
test_date,L2_S26_D3037,956415,1183748,80.7955,test,date,2,26,L2_S26,227333,19.2045
test_date,L2_S26_D3041,956415,1183748,80.7955,test,date,2,26,L2_S26,227333,19.2045
test_date,L2_S26_D3044,956415,1183748,80.7955,test,date,2,26,L2_S26,227333,19.2045
test_date,L2_S26_D3048,956415,1183748,80.7955,test,date,2,26,L2_S26,227333,19.2045
test_date,L2_S26_D3052,956415,1183748,80.7955,test,date,2,26,L2_S26,227333,19.2045
test_date,L2_S26_D3056,956415,1183748,80.7955,test,date,2,26,L2_S26,227333,19.2045
test_date,L2_S26_D3059,956415,1183748,80.7955,test,date,2,26,L2_S26,227333,19.2045
test_date,L2_S26_D3063,956415,1183748,80.7955,test,date,2,26,L2_S26,227333,19.2045
test_date,L2_S26_D3066,956415,1183748,80.7955,test,date,2,26,L2_S26,227333,19.2045
test_date,L2_S26_D3070,956415,1183748,80.7955,test,date,2,26,L2_S26,227333,19.2045
test_date,L2_S26_D3074,956415,1183748,80.7955,test,date,2,26,L2_S26,227333,19.2045
test_date,L2_S26_D3078,956415,1183748,80.7955,test,date,2,26,L2_S26,227333,19.2045
test_date,L2_S26_D3081,956415,1183748,80.7955,test,date,2,26,L2_S26,227333,19.2045
test_date,L2_S26_D3084,956415,1183748,80.7955,test,date,2,26,L2_S26,227333,19.2045
test_date,L2_S26_D3087,956415,1183748,80.7955,test,date,2,26,L2_S26,227333,19.2045
test_date,L2_S26_D3090,956415,1183748,80.7955,test,date,2,26,L2_S26,227333,19.2045
test_date,L2_S26_D3093,956415,1183748,80.7955,test,date,2,26,L2_S26,227333,19.2045
test_date,L2_S26_D3096,956415,1183748,80.7955,test,date,2,26,L2_S26,227333,19.2045
test_date,L2_S26_D3100,956415,1183748,80.7955,test,date,2,26,L2_S26,227333,19.2045
test_date,L2_S26_D3103,956415,1183748,80.7955,test,date,2,26,L2_S26,227333,19.2045
test_date,L2_S26_D3107,956415,1183748,80.7955,test,date,2,26,L2_S26,227333,19.2045
test_date,L2_S26_D3110,956415,1183748,80.7955,test,date,2,26,L2_S26,227333,19.2045
test_date,L2_S26_D3114,956415,1183748,80.7955,test,date,2,26,L2_S26,227333,19.2045
test_date,L2_S26_D3118,956415,1183748,80.7955,test,date,2,26,L2_S26,227333,19.2045
test_date,L2_S26_D3122,956415,1183748,80.7955,test,date,2,26,L2_S26,227333,19.2045
test_date,L2_S26_D3126,956415,1183748,80.7955,test,date,2,26,L2_S26,227333,19.2045
test_date,L2_S27_D3130,1064192,1183748,89.9002,test,date,2,27,L2_S27,119556,10.0998
test_date,L2_S27_D3134,1064192,1183748,89.9002,test,date,2,27,L2_S27,119556,10.0998
test_date,L2_S27_D3137,1064192,1183748,89.9002,test,date,2,27,L2_S27,119556,10.0998
test_date,L2_S27_D3141,1064192,1183748,89.9002,test,date,2,27,L2_S27,119556,10.0998
test_date,L2_S27_D3145,1064192,1183748,89.9002,test,date,2,27,L2_S27,119556,10.0998
test_date,L2_S27_D3149,1064192,1183748,89.9002,test,date,2,27,L2_S27,119556,10.0998
test_date,L2_S27_D3152,1064192,1183748,89.9002,test,date,2,27,L2_S27,119556,10.0998
test_date,L2_S27_D3156,1064192,1183748,89.9002,test,date,2,27,L2_S27,119556,10.0998
test_date,L2_S27_D3159,1064192,1183748,89.9002,test,date,2,27,L2_S27,119556,10.0998
test_date,L2_S27_D3163,1064192,1183748,89.9002,test,date,2,27,L2_S27,119556,10.0998
test_date,L2_S27_D3167,1064192,1183748,89.9002,test,date,2,27,L2_S27,119556,10.0998
test_date,L2_S27_D3171,1064192,1183748,89.9002,test,date,2,27,L2_S27,119556,10.0998
test_date,L2_S27_D3174,1064192,1183748,89.9002,test,date,2,27,L2_S27,119556,10.0998
test_date,L2_S27_D3177,1064192,1183748,89.9002,test,date,2,27,L2_S27,119556,10.0998
test_date,L2_S27_D3180,1064192,1183748,89.9002,test,date,2,27,L2_S27,119556,10.0998
test_date,L2_S27_D3183,1064192,1183748,89.9002,test,date,2,27,L2_S27,119556,10.0998
test_date,L2_S27_D3186,1064192,1183748,89.9002,test,date,2,27,L2_S27,119556,10.0998
test_date,L2_S27_D3189,1064192,1183748,89.9002,test,date,2,27,L2_S27,119556,10.0998
test_date,L2_S27_D3193,1064192,1183748,89.9002,test,date,2,27,L2_S27,119556,10.0998
test_date,L2_S27_D3196,1064192,1183748,89.9002,test,date,2,27,L2_S27,119556,10.0998
test_date,L2_S27_D3200,1064192,1183748,89.9002,test,date,2,27,L2_S27,119556,10.0998
test_date,L2_S27_D3203,1064192,1183748,89.9002,test,date,2,27,L2_S27,119556,10.0998
test_date,L2_S27_D3207,1064192,1183748,89.9002,test,date,2,27,L2_S27,119556,10.0998
test_date,L2_S27_D3211,1064192,1183748,89.9002,test,date,2,27,L2_S27,119556,10.0998
test_date,L2_S27_D3215,1064192,1183748,89.9002,test,date,2,27,L2_S27,119556,10.0998
test_date,L2_S27_D3219,1064192,1183748,89.9002,test,date,2,27,L2_S27,119556,10.0998
test_date,L2_S28_D3223,1174178,1183748,99.1916,test,date,2,28,L2_S28,9570,0.8084
test_date,L2_S28_D3227,1174178,1183748,99.1916,test,date,2,28,L2_S28,9570,0.8084
test_date,L2_S28_D3230,1174178,1183748,99.1916,test,date,2,28,L2_S28,9570,0.8084
test_date,L2_S28_D3234,1174178,1183748,99.1916,test,date,2,28,L2_S28,9570,0.8084
test_date,L2_S28_D3238,1174178,1183748,99.1916,test,date,2,28,L2_S28,9570,0.8084
test_date,L2_S28_D3242,1174178,1183748,99.1916,test,date,2,28,L2_S28,9570,0.8084
test_date,L2_S28_D3245,1174178,1183748,99.1916,test,date,2,28,L2_S28,9570,0.8084
test_date,L2_S28_D3249,1174178,1183748,99.1916,test,date,2,28,L2_S28,9570,0.8084
test_date,L2_S28_D3252,1174178,1183748,99.1916,test,date,2,28,L2_S28,9570,0.8084
test_date,L2_S28_D3256,1174178,1183748,99.1916,test,date,2,28,L2_S28,9570,0.8084
test_date,L2_S28_D3260,1174178,1183748,99.1916,test,date,2,28,L2_S28,9570,0.8084
test_date,L2_S28_D3264,1174178,1183748,99.1916,test,date,2,28,L2_S28,9570,0.8084
test_date,L2_S28_D3267,1174178,1183748,99.1916,test,date,2,28,L2_S28,9570,0.8084
test_date,L2_S28_D3270,1174178,1183748,99.1916,test,date,2,28,L2_S28,9570,0.8084
test_date,L2_S28_D3273,1174178,1183748,99.1916,test,date,2,28,L2_S28,9570,0.8084
test_date,L2_S28_D3276,1174178,1183748,99.1916,test,date,2,28,L2_S28,9570,0.8084
test_date,L2_S28_D3279,1174178,1183748,99.1916,test,date,2,28,L2_S28,9570,0.8084
test_date,L2_S28_D3282,1174178,1183748,99.1916,test,date,2,28,L2_S28,9570,0.8084
test_date,L2_S28_D3286,1174178,1183748,99.1916,test,date,2,28,L2_S28,9570,0.8084
test_date,L2_S28_D3289,1174178,1183748,99.1916,test,date,2,28,L2_S28,9570,0.8084
test_date,L2_S28_D3293,1174178,1183748,99.1916,test,date,2,28,L2_S28,9570,0.8084
test_date,L2_S28_D3296,1174178,1183748,99.1916,test,date,2,28,L2_S28,9570,0.8084
test_date,L2_S28_D3300,1174178,1183748,99.1916,test,date,2,28,L2_S28,9570,0.8084
test_date,L2_S28_D3304,1174178,1183748,99.1916,test,date,2,28,L2_S28,9570,0.8084
test_date,L2_S28_D3308,1174178,1183748,99.1916,test,date,2,28,L2_S28,9570,0.8084
test_date,L2_S28_D3312,1174178,1183748,99.1916,test,date,2,28,L2_S28,9570,0.8084
test_date,L3_S29_D3316,64311,1183748,5.4328,test,date,3,29,L3_S29,1119437,94.5672
test_date,L3_S29_D3319,64311,1183748,5.4328,test,date,3,29,L3_S29,1119437,94.5672
test_date,L3_S29_D3322,64311,1183748,5.4328,test,date,3,29,L3_S29,1119437,94.5672
test_date,L3_S29_D3325,64311,1183748,5.4328,test,date,3,29,L3_S29,1119437,94.5672
test_date,L3_S29_D3328,64311,1183748,5.4328,test,date,3,29,L3_S29,1119437,94.5672
test_date,L3_S29_D3331,64311,1183748,5.4328,test,date,3,29,L3_S29,1119437,94.5672
test_date,L3_S29_D3334,64311,1183748,5.4328,test,date,3,29,L3_S29,1119437,94.5672
test_date,L3_S29_D3337,64311,1183748,5.4328,test,date,3,29,L3_S29,1119437,94.5672
test_date,L3_S29_D3340,64311,1183748,5.4328,test,date,3,29,L3_S29,1119437,94.5672
test_date,L3_S29_D3343,64311,1183748,5.4328,test,date,3,29,L3_S29,1119437,94.5672
test_date,L3_S29_D3346,64311,1183748,5.4328,test,date,3,29,L3_S29,1119437,94.5672
test_date,L3_S29_D3349,64311,1183748,5.4328,test,date,3,29,L3_S29,1119437,94.5672
test_date,L3_S29_D3352,64311,1183748,5.4328,test,date,3,29,L3_S29,1119437,94.5672
test_date,L3_S29_D3355,64311,1183748,5.4328,test,date,3,29,L3_S29,1119437,94.5672
test_date,L3_S29_D3358,64311,1183748,5.4328,test,date,3,29,L3_S29,1119437,94.5672
test_date,L3_S29_D3361,64311,1183748,5.4328,test,date,3,29,L3_S29,1119437,94.5672
test_date,L3_S29_D3363,64311,1183748,5.4328,test,date,3,29,L3_S29,1119437,94.5672
test_date,L3_S29_D3365,64311,1183748,5.4328,test,date,3,29,L3_S29,1119437,94.5672
test_date,L3_S29_D3368,64311,1183748,5.4328,test,date,3,29,L3_S29,1119437,94.5672
test_date,L3_S29_D3371,64311,1183748,5.4328,test,date,3,29,L3_S29,1119437,94.5672
test_date,L3_S29_D3374,64311,1183748,5.4328,test,date,3,29,L3_S29,1119437,94.5672
test_date,L3_S29_D3377,64311,1183748,5.4328,test,date,3,29,L3_S29,1119437,94.5672
test_date,L3_S29_D3380,64311,1183748,5.4328,test,date,3,29,L3_S29,1119437,94.5672
test_date,L3_S29_D3383,64311,1183748,5.4328,test,date,3,29,L3_S29,1119437,94.5672
test_date,L3_S29_D3386,64311,1183748,5.4328,test,date,3,29,L3_S29,1119437,94.5672
test_date,L3_S29_D3389,64311,1183748,5.4328,test,date,3,29,L3_S29,1119437,94.5672
test_date,L3_S29_D3391,64311,1183748,5.4328,test,date,3,29,L3_S29,1119437,94.5672
test_date,L3_S29_D3393,64311,1183748,5.4328,test,date,3,29,L3_S29,1119437,94.5672
test_date,L3_S29_D3396,64311,1183748,5.4328,test,date,3,29,L3_S29,1119437,94.5672
test_date,L3_S29_D3399,64311,1183748,5.4328,test,date,3,29,L3_S29,1119437,94.5672
test_date,L3_S29_D3402,64311,1183748,5.4328,test,date,3,29,L3_S29,1119437,94.5672
test_date,L3_S29_D3405,64311,1183748,5.4328,test,date,3,29,L3_S29,1119437,94.5672
test_date,L3_S29_D3408,64311,1183748,5.4328,test,date,3,29,L3_S29,1119437,94.5672
test_date,L3_S29_D3410,64311,1183748,5.4328,test,date,3,29,L3_S29,1119437,94.5672
test_date,L3_S29_D3413,64311,1183748,5.4328,test,date,3,29,L3_S29,1119437,94.5672
test_date,L3_S29_D3415,64311,1183748,5.4328,test,date,3,29,L3_S29,1119437,94.5672
test_date,L3_S29_D3417,64311,1183748,5.4328,test,date,3,29,L3_S29,1119437,94.5672
test_date,L3_S29_D3419,64311,1183748,5.4328,test,date,3,29,L3_S29,1119437,94.5672
test_date,L3_S29_D3422,64311,1183748,5.4328,test,date,3,29,L3_S29,1119437,94.5672
test_date,L3_S29_D3425,64311,1183748,5.4328,test,date,3,29,L3_S29,1119437,94.5672
test_date,L3_S29_D3428,64311,1183748,5.4328,test,date,3,29,L3_S29,1119437,94.5672
test_date,L3_S29_D3431,64311,1183748,5.4328,test,date,3,29,L3_S29,1119437,94.5672
test_date,L3_S29_D3434,64311,1183748,5.4328,test,date,3,29,L3_S29,1119437,94.5672
test_date,L3_S29_D3437,64311,1183748,5.4328,test,date,3,29,L3_S29,1119437,94.5672
test_date,L3_S29_D3440,64311,1183748,5.4328,test,date,3,29,L3_S29,1119437,94.5672
test_date,L3_S29_D3443,64311,1183748,5.4328,test,date,3,29,L3_S29,1119437,94.5672
test_date,L3_S29_D3445,64311,1183748,5.4328,test,date,3,29,L3_S29,1119437,94.5672
test_date,L3_S29_D3447,64311,1183748,5.4328,test,date,3,29,L3_S29,1119437,94.5672
test_date,L3_S29_D3450,64311,1183748,5.4328,test,date,3,29,L3_S29,1119437,94.5672
test_date,L3_S29_D3453,64311,1183748,5.4328,test,date,3,29,L3_S29,1119437,94.5672
test_date,L3_S29_D3456,64311,1183748,5.4328,test,date,3,29,L3_S29,1119437,94.5672
test_date,L3_S29_D3459,64311,1183748,5.4328,test,date,3,29,L3_S29,1119437,94.5672
test_date,L3_S29_D3462,64311,1183748,5.4328,test,date,3,29,L3_S29,1119437,94.5672
test_date,L3_S29_D3465,64311,1183748,5.4328,test,date,3,29,L3_S29,1119437,94.5672
test_date,L3_S29_D3468,64311,1183748,5.4328,test,date,3,29,L3_S29,1119437,94.5672
test_date,L3_S29_D3471,64311,1183748,5.4328,test,date,3,29,L3_S29,1119437,94.5672
test_date,L3_S29_D3474,114786,1183748,9.6968,test,date,3,29,L3_S29,1068962,90.3032
test_date,L3_S29_D3477,114786,1183748,9.6968,test,date,3,29,L3_S29,1068962,90.3032
test_date,L3_S29_D3480,114786,1183748,9.6968,test,date,3,29,L3_S29,1068962,90.3032
test_date,L3_S29_D3483,64311,1183748,5.4328,test,date,3,29,L3_S29,1119437,94.5672
test_date,L3_S29_D3486,64311,1183748,5.4328,test,date,3,29,L3_S29,1119437,94.5672
test_date,L3_S29_D3489,64311,1183748,5.4328,test,date,3,29,L3_S29,1119437,94.5672
test_date,L3_S29_D3492,64311,1183748,5.4328,test,date,3,29,L3_S29,1119437,94.5672
test_date,L3_S30_D3496,64204,1183748,5.4238,test,date,3,30,L3_S30,1119544,94.5762
test_date,L3_S30_D3501,64210,1183748,5.4243,test,date,3,30,L3_S30,1119538,94.5757
test_date,L3_S30_D3506,64422,1183748,5.4422,test,date,3,30,L3_S30,1119326,94.5578
test_date,L3_S30_D3511,64422,1183748,5.4422,test,date,3,30,L3_S30,1119326,94.5578
test_date,L3_S30_D3516,64422,1183748,5.4422,test,date,3,30,L3_S30,1119326,94.5578
test_date,L3_S30_D3521,64422,1183748,5.4422,test,date,3,30,L3_S30,1119326,94.5578
test_date,L3_S30_D3526,64422,1183748,5.4422,test,date,3,30,L3_S30,1119326,94.5578
test_date,L3_S30_D3531,64422,1183748,5.4422,test,date,3,30,L3_S30,1119326,94.5578
test_date,L3_S30_D3536,64422,1183748,5.4422,test,date,3,30,L3_S30,1119326,94.5578
test_date,L3_S30_D3541,64422,1183748,5.4422,test,date,3,30,L3_S30,1119326,94.5578
test_date,L3_S30_D3546,64422,1183748,5.4422,test,date,3,30,L3_S30,1119326,94.5578
test_date,L3_S30_D3551,64422,1183748,5.4422,test,date,3,30,L3_S30,1119326,94.5578
test_date,L3_S30_D3556,64422,1183748,5.4422,test,date,3,30,L3_S30,1119326,94.5578
test_date,L3_S30_D3561,64422,1183748,5.4422,test,date,3,30,L3_S30,1119326,94.5578
test_date,L3_S30_D3566,374101,1183748,31.6031,test,date,3,30,L3_S30,809647,68.3969
test_date,L3_S30_D3571,374101,1183748,31.6031,test,date,3,30,L3_S30,809647,68.3969
test_date,L3_S30_D3576,374101,1183748,31.6031,test,date,3,30,L3_S30,809647,68.3969
test_date,L3_S30_D3581,374101,1183748,31.6031,test,date,3,30,L3_S30,809647,68.3969
test_date,L3_S30_D3586,374101,1183748,31.6031,test,date,3,30,L3_S30,809647,68.3969
test_date,L3_S30_D3591,374101,1183748,31.6031,test,date,3,30,L3_S30,809647,68.3969
test_date,L3_S30_D3596,374101,1183748,31.6031,test,date,3,30,L3_S30,809647,68.3969
test_date,L3_S30_D3601,374101,1183748,31.6031,test,date,3,30,L3_S30,809647,68.3969
test_date,L3_S30_D3606,374101,1183748,31.6031,test,date,3,30,L3_S30,809647,68.3969
test_date,L3_S30_D3611,374101,1183748,31.6031,test,date,3,30,L3_S30,809647,68.3969
test_date,L3_S30_D3616,374101,1183748,31.6031,test,date,3,30,L3_S30,809647,68.3969
test_date,L3_S30_D3621,374101,1183748,31.6031,test,date,3,30,L3_S30,809647,68.3969
test_date,L3_S30_D3626,374101,1183748,31.6031,test,date,3,30,L3_S30,809647,68.3969
test_date,L3_S30_D3631,374101,1183748,31.6031,test,date,3,30,L3_S30,809647,68.3969
test_date,L3_S30_D3636,374101,1183748,31.6031,test,date,3,30,L3_S30,809647,68.3969
test_date,L3_S30_D3641,374101,1183748,31.6031,test,date,3,30,L3_S30,809647,68.3969
test_date,L3_S30_D3646,374101,1183748,31.6031,test,date,3,30,L3_S30,809647,68.3969
test_date,L3_S30_D3651,374101,1183748,31.6031,test,date,3,30,L3_S30,809647,68.3969
test_date,L3_S30_D3656,374101,1183748,31.6031,test,date,3,30,L3_S30,809647,68.3969
test_date,L3_S30_D3661,374101,1183748,31.6031,test,date,3,30,L3_S30,809647,68.3969
test_date,L3_S30_D3666,374101,1183748,31.6031,test,date,3,30,L3_S30,809647,68.3969
test_date,L3_S30_D3671,374101,1183748,31.6031,test,date,3,30,L3_S30,809647,68.3969
test_date,L3_S30_D3676,374101,1183748,31.6031,test,date,3,30,L3_S30,809647,68.3969
test_date,L3_S30_D3681,374101,1183748,31.6031,test,date,3,30,L3_S30,809647,68.3969
test_date,L3_S30_D3686,374101,1183748,31.6031,test,date,3,30,L3_S30,809647,68.3969
test_date,L3_S30_D3691,374101,1183748,31.6031,test,date,3,30,L3_S30,809647,68.3969
test_date,L3_S30_D3696,374101,1183748,31.6031,test,date,3,30,L3_S30,809647,68.3969
test_date,L3_S30_D3701,374101,1183748,31.6031,test,date,3,30,L3_S30,809647,68.3969
test_date,L3_S30_D3706,374101,1183748,31.6031,test,date,3,30,L3_S30,809647,68.3969
test_date,L3_S30_D3711,374101,1183748,31.6031,test,date,3,30,L3_S30,809647,68.3969
test_date,L3_S30_D3716,374101,1183748,31.6031,test,date,3,30,L3_S30,809647,68.3969
test_date,L3_S30_D3721,374101,1183748,31.6031,test,date,3,30,L3_S30,809647,68.3969
test_date,L3_S30_D3726,64193,1183748,5.4229,test,date,3,30,L3_S30,1119555,94.5771
test_date,L3_S30_D3731,64193,1183748,5.4229,test,date,3,30,L3_S30,1119555,94.5771
test_date,L3_S30_D3736,64193,1183748,5.4229,test,date,3,30,L3_S30,1119555,94.5771
test_date,L3_S30_D3741,64193,1183748,5.4229,test,date,3,30,L3_S30,1119555,94.5771
test_date,L3_S30_D3746,64422,1183748,5.4422,test,date,3,30,L3_S30,1119326,94.5578
test_date,L3_S30_D3751,64422,1183748,5.4422,test,date,3,30,L3_S30,1119326,94.5578
test_date,L3_S30_D3756,64422,1183748,5.4422,test,date,3,30,L3_S30,1119326,94.5578
test_date,L3_S30_D3761,64422,1183748,5.4422,test,date,3,30,L3_S30,1119326,94.5578
test_date,L3_S30_D3766,64193,1183748,5.4229,test,date,3,30,L3_S30,1119555,94.5771
test_date,L3_S30_D3771,64193,1183748,5.4229,test,date,3,30,L3_S30,1119555,94.5771
test_date,L3_S30_D3776,64193,1183748,5.4229,test,date,3,30,L3_S30,1119555,94.5771
test_date,L3_S30_D3781,64193,1183748,5.4229,test,date,3,30,L3_S30,1119555,94.5771
test_date,L3_S30_D3786,64193,1183748,5.4229,test,date,3,30,L3_S30,1119555,94.5771
test_date,L3_S30_D3791,64193,1183748,5.4229,test,date,3,30,L3_S30,1119555,94.5771
test_date,L3_S30_D3796,64193,1183748,5.4229,test,date,3,30,L3_S30,1119555,94.5771
test_date,L3_S30_D3801,64193,1183748,5.4229,test,date,3,30,L3_S30,1119555,94.5771
test_date,L3_S30_D3806,64193,1183748,5.4229,test,date,3,30,L3_S30,1119555,94.5771
test_date,L3_S30_D3811,64193,1183748,5.4229,test,date,3,30,L3_S30,1119555,94.5771
test_date,L3_S30_D3816,64193,1183748,5.4229,test,date,3,30,L3_S30,1119555,94.5771
test_date,L3_S30_D3821,64193,1183748,5.4229,test,date,3,30,L3_S30,1119555,94.5771
test_date,L3_S30_D3826,64193,1183748,5.4229,test,date,3,30,L3_S30,1119555,94.5771
test_date,L3_S30_D3831,64193,1183748,5.4229,test,date,3,30,L3_S30,1119555,94.5771
test_date,L3_S31_D3836,1144513,1183748,96.6855,test,date,3,31,L3_S31,39235,3.3145
test_date,L3_S31_D3840,1144513,1183748,96.6855,test,date,3,31,L3_S31,39235,3.3145
test_date,L3_S31_D3844,1144513,1183748,96.6855,test,date,3,31,L3_S31,39235,3.3145
test_date,L3_S31_D3848,1144513,1183748,96.6855,test,date,3,31,L3_S31,39235,3.3145
test_date,L3_S32_D3852,1159613,1183748,97.9611,test,date,3,32,L3_S32,24135,2.0389
test_date,L3_S33_D3856,69254,1183748,5.8504,test,date,3,33,L3_S33,1114494,94.1496
test_date,L3_S33_D3858,69254,1183748,5.8504,test,date,3,33,L3_S33,1114494,94.1496
test_date,L3_S33_D3860,69254,1183748,5.8504,test,date,3,33,L3_S33,1114494,94.1496
test_date,L3_S33_D3862,69254,1183748,5.8504,test,date,3,33,L3_S33,1114494,94.1496
test_date,L3_S33_D3864,69254,1183748,5.8504,test,date,3,33,L3_S33,1114494,94.1496
test_date,L3_S33_D3866,69254,1183748,5.8504,test,date,3,33,L3_S33,1114494,94.1496
test_date,L3_S33_D3868,69254,1183748,5.8504,test,date,3,33,L3_S33,1114494,94.1496
test_date,L3_S33_D3870,69254,1183748,5.8504,test,date,3,33,L3_S33,1114494,94.1496
test_date,L3_S33_D3872,69254,1183748,5.8504,test,date,3,33,L3_S33,1114494,94.1496
test_date,L3_S33_D3874,69254,1183748,5.8504,test,date,3,33,L3_S33,1114494,94.1496
test_date,L3_S34_D3875,68813,1183748,5.8131,test,date,3,34,L3_S34,1114935,94.1869
test_date,L3_S34_D3877,68813,1183748,5.8131,test,date,3,34,L3_S34,1114935,94.1869
test_date,L3_S34_D3879,68813,1183748,5.8131,test,date,3,34,L3_S34,1114935,94.1869
test_date,L3_S34_D3881,68813,1183748,5.8131,test,date,3,34,L3_S34,1114935,94.1869
test_date,L3_S34_D3883,68813,1183748,5.8131,test,date,3,34,L3_S34,1114935,94.1869
test_date,L3_S35_D3886,631696,1183748,53.3641,test,date,3,35,L3_S35,552052,46.6359
test_date,L3_S35_D3891,631696,1183748,53.3641,test,date,3,35,L3_S35,552052,46.6359
test_date,L3_S35_D3895,631711,1183748,53.3653,test,date,3,35,L3_S35,552037,46.6347
test_date,L3_S35_D3897,631711,1183748,53.3653,test,date,3,35,L3_S35,552037,46.6347
test_date,L3_S35_D3900,631635,1183748,53.3589,test,date,3,35,L3_S35,552113,46.6411
test_date,L3_S35_D3905,631635,1183748,53.3589,test,date,3,35,L3_S35,552113,46.6411
test_date,L3_S35_D3910,631635,1183748,53.3589,test,date,3,35,L3_S35,552113,46.6411
test_date,L3_S35_D3915,631635,1183748,53.3589,test,date,3,35,L3_S35,552113,46.6411
test_date,L3_S36_D3919,614866,1183748,51.9423,test,date,3,36,L3_S36,568882,48.0577
test_date,L3_S36_D3921,614866,1183748,51.9423,test,date,3,36,L3_S36,568882,48.0577
test_date,L3_S36_D3923,614866,1183748,51.9423,test,date,3,36,L3_S36,568882,48.0577
test_date,L3_S36_D3925,614866,1183748,51.9423,test,date,3,36,L3_S36,568882,48.0577
test_date,L3_S36_D3928,614866,1183748,51.9423,test,date,3,36,L3_S36,568882,48.0577
test_date,L3_S36_D3932,614866,1183748,51.9423,test,date,3,36,L3_S36,568882,48.0577
test_date,L3_S36_D3936,614866,1183748,51.9423,test,date,3,36,L3_S36,568882,48.0577
test_date,L3_S36_D3940,614866,1183748,51.9423,test,date,3,36,L3_S36,568882,48.0577
test_date,L3_S37_D3942,63482,1183748,5.3628,test,date,3,37,L3_S37,1120266,94.6372
test_date,L3_S37_D3943,63482,1183748,5.3628,test,date,3,37,L3_S37,1120266,94.6372
test_date,L3_S37_D3945,63482,1183748,5.3628,test,date,3,37,L3_S37,1120266,94.6372
test_date,L3_S37_D3947,63482,1183748,5.3628,test,date,3,37,L3_S37,1120266,94.6372
test_date,L3_S37_D3949,63482,1183748,5.3628,test,date,3,37,L3_S37,1120266,94.6372
test_date,L3_S37_D3951,63482,1183748,5.3628,test,date,3,37,L3_S37,1120266,94.6372
test_date,L3_S38_D3953,1156715,1183748,97.7163,test,date,3,38,L3_S38,27033,2.2837
test_date,L3_S38_D3957,1156715,1183748,97.7163,test,date,3,38,L3_S38,27033,2.2837
test_date,L3_S38_D3961,1156715,1183748,97.7163,test,date,3,38,L3_S38,27033,2.2837
test_date,L3_S39_D3966,1123637,1183748,94.922,test,date,3,39,L3_S39,60111,5.078
test_date,L3_S39_D3970,1123637,1183748,94.922,test,date,3,39,L3_S39,60111,5.078
test_date,L3_S39_D3974,1123637,1183748,94.922,test,date,3,39,L3_S39,60111,5.078
test_date,L3_S39_D3978,1123637,1183748,94.922,test,date,3,39,L3_S39,60111,5.078
test_date,L3_S40_D3981,1123642,1183748,94.9224,test,date,3,40,L3_S40,60106,5.0776
test_date,L3_S40_D3983,1123642,1183748,94.9224,test,date,3,40,L3_S40,60106,5.0776
test_date,L3_S40_D3985,1123629,1183748,94.9213,test,date,3,40,L3_S40,60119,5.0787
test_date,L3_S40_D3987,1123629,1183748,94.9213,test,date,3,40,L3_S40,60119,5.0787
test_date,L3_S40_D3989,1123629,1183748,94.9213,test,date,3,40,L3_S40,60119,5.0787
test_date,L3_S40_D3991,1123629,1183748,94.9213,test,date,3,40,L3_S40,60119,5.0787
test_date,L3_S40_D3993,1123629,1183748,94.9213,test,date,3,40,L3_S40,60119,5.0787
test_date,L3_S40_D3995,1123629,1183748,94.9213,test,date,3,40,L3_S40,60119,5.0787
test_date,L3_S41_D3997,1123637,1183748,94.922,test,date,3,41,L3_S41,60111,5.078
test_date,L3_S41_D3999,1123637,1183748,94.922,test,date,3,41,L3_S41,60111,5.078
test_date,L3_S41_D4001,1123637,1183748,94.922,test,date,3,41,L3_S41,60111,5.078
test_date,L3_S41_D4003,1123637,1183748,94.922,test,date,3,41,L3_S41,60111,5.078
test_date,L3_S41_D4005,1123637,1183748,94.922,test,date,3,41,L3_S41,60111,5.078
test_date,L3_S41_D4007,1123637,1183748,94.922,test,date,3,41,L3_S41,60111,5.078
test_date,L3_S41_D4009,1123637,1183748,94.922,test,date,3,41,L3_S41,60111,5.078
test_date,L3_S41_D4010,1123637,1183748,94.922,test,date,3,41,L3_S41,60111,5.078
test_date,L3_S41_D4012,1123637,1183748,94.922,test,date,3,41,L3_S41,60111,5.078
test_date,L3_S41_D4013,1123637,1183748,94.922,test,date,3,41,L3_S41,60111,5.078
test_date,L3_S41_D4015,1123637,1183748,94.922,test,date,3,41,L3_S41,60111,5.078
test_date,L3_S41_D4017,1123637,1183748,94.922,test,date,3,41,L3_S41,60111,5.078
test_date,L3_S41_D4019,1123637,1183748,94.922,test,date,3,41,L3_S41,60111,5.078
test_date,L3_S41_D4021,1123637,1183748,94.922,test,date,3,41,L3_S41,60111,5.078
test_date,L3_S41_D4022,1123637,1183748,94.922,test,date,3,41,L3_S41,60111,5.078
test_date,L3_S41_D4024,1123637,1183748,94.922,test,date,3,41,L3_S41,60111,5.078
test_date,L3_S41_D4025,1123637,1183748,94.922,test,date,3,41,L3_S41,60111,5.078
test_date,L3_S41_D4027,1123637,1183748,94.922,test,date,3,41,L3_S41,60111,5.078
test_date,L3_S42_D4029,1183728,1183748,99.9983,test,date,3,42,L3_S42,20,0.0017
test_date,L3_S42_D4033,1183728,1183748,99.9983,test,date,3,42,L3_S42,20,0.0017
test_date,L3_S42_D4037,1183728,1183748,99.9983,test,date,3,42,L3_S42,20,0.0017
test_date,L3_S42_D4041,1183728,1183748,99.9983,test,date,3,42,L3_S42,20,0.0017
test_date,L3_S42_D4045,1183731,1183748,99.9986,test,date,3,42,L3_S42,17,0.0014
test_date,L3_S42_D4049,1183731,1183748,99.9986,test,date,3,42,L3_S42,17,0.0014
test_date,L3_S42_D4053,1183731,1183748,99.9986,test,date,3,42,L3_S42,17,0.0014
test_date,L3_S42_D4057,1183731,1183748,99.9986,test,date,3,42,L3_S42,17,0.0014
test_date,L3_S43_D4062,1153169,1183748,97.4168,test,date,3,43,L3_S43,30579,2.5832
test_date,L3_S43_D4067,1153169,1183748,97.4168,test,date,3,43,L3_S43,30579,2.5832
test_date,L3_S43_D4072,1153169,1183748,97.4168,test,date,3,43,L3_S43,30579,2.5832
test_date,L3_S43_D4077,1153169,1183748,97.4168,test,date,3,43,L3_S43,30579,2.5832
test_date,L3_S43_D4082,1153170,1183748,97.4168,test,date,3,43,L3_S43,30578,2.5832
test_date,L3_S43_D4087,1153170,1183748,97.4168,test,date,3,43,L3_S43,30578,2.5832
test_date,L3_S43_D4092,1153170,1183748,97.4168,test,date,3,43,L3_S43,30578,2.5832
test_date,L3_S43_D4097,1153170,1183748,97.4168,test,date,3,43,L3_S43,30578,2.5832
test_date,L3_S44_D4101,1153757,1183748,97.4664,test,date,3,44,L3_S44,29991,2.5336
test_date,L3_S44_D4104,1153757,1183748,97.4664,test,date,3,44,L3_S44,29991,2.5336
test_date,L3_S44_D4107,1153757,1183748,97.4664,test,date,3,44,L3_S44,29991,2.5336
test_date,L3_S44_D4110,1153757,1183748,97.4664,test,date,3,44,L3_S44,29991,2.5336
test_date,L3_S44_D4113,1153757,1183748,97.4664,test,date,3,44,L3_S44,29991,2.5336
test_date,L3_S44_D4116,1153757,1183748,97.4664,test,date,3,44,L3_S44,29991,2.5336
test_date,L3_S44_D4119,1153757,1183748,97.4664,test,date,3,44,L3_S44,29991,2.5336
test_date,L3_S44_D4122,1153757,1183748,97.4664,test,date,3,44,L3_S44,29991,2.5336
test_date,L3_S45_D4125,1123605,1183748,94.9193,test,date,3,45,L3_S45,60143,5.0807
test_date,L3_S45_D4127,1123605,1183748,94.9193,test,date,3,45,L3_S45,60143,5.0807
test_date,L3_S45_D4129,1123605,1183748,94.9193,test,date,3,45,L3_S45,60143,5.0807
test_date,L3_S45_D4131,1123605,1183748,94.9193,test,date,3,45,L3_S45,60143,5.0807
test_date,L3_S45_D4133,1123605,1183748,94.9193,test,date,3,45,L3_S45,60143,5.0807
test_date,L3_S46_D4135,1183748,1183748,100.0,test,date,3,46,L3_S46,0,0.0
test_date,L3_S47_D4140,1123599,1183748,94.9188,test,date,3,47,L3_S47,60149,5.0812
test_date,L3_S47_D4145,1123599,1183748,94.9188,test,date,3,47,L3_S47,60149,5.0812
test_date,L3_S47_D4150,1123599,1183748,94.9188,test,date,3,47,L3_S47,60149,5.0812
test_date,L3_S47_D4155,1123599,1183748,94.9188,test,date,3,47,L3_S47,60149,5.0812
test_date,L3_S47_D4160,1123599,1183748,94.9188,test,date,3,47,L3_S47,60149,5.0812
test_date,L3_S47_D4165,1123599,1183748,94.9188,test,date,3,47,L3_S47,60149,5.0812
test_date,L3_S47_D4170,1123599,1183748,94.9188,test,date,3,47,L3_S47,60149,5.0812
test_date,L3_S47_D4175,1123599,1183748,94.9188,test,date,3,47,L3_S47,60149,5.0812
test_date,L3_S47_D4180,1123599,1183748,94.9188,test,date,3,47,L3_S47,60149,5.0812
test_date,L3_S47_D4185,1123599,1183748,94.9188,test,date,3,47,L3_S47,60149,5.0812
test_date,L3_S47_D4190,1123599,1183748,94.9188,test,date,3,47,L3_S47,60149,5.0812
test_date,L3_S48_D4194,1123627,1183748,94.9211,test,date,3,48,L3_S48,60121,5.0789
test_date,L3_S48_D4195,1123623,1183748,94.9208,test,date,3,48,L3_S48,60125,5.0792
test_date,L3_S48_D4197,1123623,1183748,94.9208,test,date,3,48,L3_S48,60125,5.0792
test_date,L3_S48_D4199,1123623,1183748,94.9208,test,date,3,48,L3_S48,60125,5.0792
test_date,L3_S48_D4201,1123623,1183748,94.9208,test,date,3,48,L3_S48,60125,5.0792
test_date,L3_S48_D4203,1123623,1183748,94.9208,test,date,3,48,L3_S48,60125,5.0792
test_date,L3_S48_D4205,1123623,1183748,94.9208,test,date,3,48,L3_S48,60125,5.0792
test_date,L3_S49_D4208,1153859,1183748,97.4751,test,date,3,49,L3_S49,29889,2.5249
test_date,L3_S49_D4213,1153859,1183748,97.4751,test,date,3,49,L3_S49,29889,2.5249
test_date,L3_S49_D4218,1153852,1183748,97.4745,test,date,3,49,L3_S49,29896,2.5255
test_date,L3_S49_D4223,1153852,1183748,97.4745,test,date,3,49,L3_S49,29896,2.5255
test_date,L3_S49_D4228,1153852,1183748,97.4745,test,date,3,49,L3_S49,29896,2.5255
test_date,L3_S49_D4233,1153852,1183748,97.4745,test,date,3,49,L3_S49,29896,2.5255
test_date,L3_S49_D4238,1153852,1183748,97.4745,test,date,3,49,L3_S49,29896,2.5255
test_date,L3_S50_D4242,1153413,1183748,97.4374,test,date,3,50,L3_S50,30335,2.5626
test_date,L3_S50_D4244,1153413,1183748,97.4374,test,date,3,50,L3_S50,30335,2.5626
test_date,L3_S50_D4246,1153413,1183748,97.4374,test,date,3,50,L3_S50,30335,2.5626
test_date,L3_S50_D4248,1153413,1183748,97.4374,test,date,3,50,L3_S50,30335,2.5626
test_date,L3_S50_D4250,1153413,1183748,97.4374,test,date,3,50,L3_S50,30335,2.5626
test_date,L3_S50_D4252,1153413,1183748,97.4374,test,date,3,50,L3_S50,30335,2.5626
test_date,L3_S50_D4254,1153413,1183748,97.4374,test,date,3,50,L3_S50,30335,2.5626
test_date,L3_S51_D4255,1123674,1183748,94.9251,test,date,3,51,L3_S51,60074,5.0749
test_date,L3_S51_D4257,1123674,1183748,94.9251,test,date,3,51,L3_S51,60074,5.0749
test_date,L3_S51_D4259,1123674,1183748,94.9251,test,date,3,51,L3_S51,60074,5.0749
test_date,L3_S51_D4261,1123674,1183748,94.9251,test,date,3,51,L3_S51,60074,5.0749
test_date,L3_S51_D4263,1123674,1183748,94.9251,test,date,3,51,L3_S51,60074,5.0749
