feature,non_null_count,missing_count,missing_rate,present_rate,value_corr_with_response,abs_value_corr,missing_failure_rate,present_failure_rate,missing_signal_abs_diff,global_response_rate_reference
L1_S24_F867,12026,1171721,0.9898407345488521,0.01015926545114787,-0.22712468707650255,0.22712468707650255,0.0058068430966074685,0.006236487610177948,0.0004296445135704794,0.005780455124672923
L1_S24_F1723,66500,1117247,0.9438224553050609,0.056177544694939074,-0.18530013254761285,0.18530013254761285,0.00561200880378287,0.009157894736842104,0.0035458859330592344,0.005780455124672923
L1_S24_F839,12026,1171721,0.9898407345488521,0.01015926545114787,-0.1404754290493935,0.1404754290493935,0.0058068430966074685,0.006236487610177948,0.0004296445135704794,0.005780455124672923
L1_S24_F1695,66500,1117247,0.9438224553050609,0.056177544694939074,-0.13435700065846196,0.13435700065846196,0.00561200880378287,0.009157894736842104,0.0035458859330592344,0.005780455124672923
L1_S24_F1632,66583,1117164,0.9437523389710808,0.056247661028919205,-0.1273636020835187,0.1273636020835187,0.005614215996935097,0.009116441133622696,0.003502225136687599,0.005780455124672923
L1_S24_F1604,66583,1117164,0.9437523389710808,0.056247661028919205,-0.10461929197451218,0.10461929197451218,0.005614215996935097,0.009116441133622696,0.003502225136687599,0.005780455124672923
L1_S25_F2657,2154,1181593,0.9981803544169489,0.0018196455830511438,-0.0951020531277562,0.0951020531277562,0.005816723694199272,0.002785515320334262,0.00303120837386501,0.005780455124672923
L1_S24_F1758,66500,1117247,0.9438224553050609,0.056177544694939074,-0.09354459562390109,0.09354459562390109,0.00561200880378287,0.009157894736842104,0.0035458859330592344,0.005780455124672923
L1_S24_F902,12026,1171721,0.9898407345488521,0.01015926545114787,-0.08462487695099032,0.08462487695099032,0.0058068430966074685,0.006236487610177948,0.0004296445135704794,0.005780455124672923
L1_S24_F1667,66583,1117164,0.9437523389710808,0.056247661028919205,-0.08364283199389375,0.08364283199389375,0.005614215996935097,0.009116441133622696,0.003502225136687599,0.005780455124672923
L1_S25_F2662,2154,1181593,0.9981803544169489,0.0018196455830511438,0.08152907337395132,0.08152907337395132,0.005816723694199272,0.002785515320334262,0.00303120837386501,0.005780455124672923
L1_S25_F2307,3579,1180168,0.9969765498877716,0.0030234501122283763,-0.06789583012834961,0.06789583012834961,0.005810189735698646,0.006146968426934898,0.00033677869123625165,0.005780455124672923
L1_S25_F2385,3598,1180149,0.9969604991607159,0.0030395008392840595,-0.06739577853753001,0.06739577853753001,0.0058051991740026045,0.007782101167315175,0.0019769019933125707,0.005780455124672923
L1_S25_F2297,3579,1180168,0.9969765498877716,0.0030234501122283763,-0.06377865404384013,0.06377865404384013,0.005810189735698646,0.006146968426934898,0.00033677869123625165,0.005780455124672923
L1_S24_F1846,132922,1050825,0.8877108030685611,0.1122891969314389,-0.06271109168257935,0.06271109168257935,0.005411938239002688,0.008967665247287883,0.0035557270082851944,0.005780455124672923
L2_S28_F3259,9583,1174164,0.9919045201381714,0.00809547986182857,-0.06179836445325013,0.06179836445325013,0.005801574567096249,0.006991547532088072,0.0011899729649918235,0.005780455124672923
L1_S25_F2193,1243,1182504,0.9989499445405141,0.001050055459485888,0.05978594683520842,0.05978594683520842,0.005813933821788341,0.003218020917135961,0.0025959129046523796,0.005780455124672923
L1_S25_F2632,2154,1181593,0.9981803544169489,0.0018196455830511438,0.05871726895866815,0.05871726895866815,0.005816723694199272,0.002785515320334262,0.00303120837386501,0.005780455124672923
L1_S25_F2564,2147,1181600,0.9981862678427063,0.001813732157293746,-0.05828885414893541,0.05828885414893541,0.0058200744752877455,0.0009315323707498836,0.004888542104537862,0.005780455124672923
L1_S25_F2516,2147,1181600,0.9981862678427063,0.001813732157293746,0.057486663681961654,0.057486663681961654,0.0058200744752877455,0.0009315323707498836,0.004888542104537862,0.005780455124672923
L1_S25_F2741,4268,1179479,0.9963944998382256,0.003605500161774411,-0.05279658312014889,0.05279658312014889,0.0058254534417314765,0.0018744142455482662,0.00395103919618321,0.005780455124672923
L1_S25_F2504,4297,1179450,0.9963700013600879,0.003629998639912091,-0.05277091619039222,0.05277091619039222,0.005825596676416974,0.0018617640214102862,0.003963832655006688,0.005780455124672923
L1_S24_F1002,11879,1171868,0.9899649164897567,0.010035083510243292,0.05160428952870352,0.05160428952870352,0.00581379472773384,0.00555602323427898,0.00025777149345485983,0.005780455124672923
L1_S24_F1298,13563,1170184,0.988542315207557,0.011457684792443024,-0.049837388836149896,0.049837388836149896,0.005781996677445598,0.0083314900833149,0.0025494934058693025,0.005780455124672923
L1_S25_F2613,2154,1181593,0.9981803544169489,0.0018196455830511438,-0.049179180873461945,0.049179180873461945,0.005816723694199272,0.002785515320334262,0.00303120837386501,0.005780455124672923
L1_S25_F2647,2154,1181593,0.9981803544169489,0.0018196455830511438,-0.048690934421961284,0.048690934421961284,0.005816723694199272,0.002785515320334262,0.00303120837386501,0.005780455124672923
L1_S24_F1581,66583,1117164,0.9437523389710808,0.056247661028919205,0.047810029887578424,0.047810029887578424,0.005614215996935097,0.009116441133622696,0.003502225136687599,0.005780455124672923
L2_S28_F3292,9583,1174164,0.9919045201381714,0.00809547986182857,0.04752692518464788,0.04752692518464788,0.005801574567096249,0.006991547532088072,0.0011899729649918235,0.005780455124672923
L1_S25_F2184,1243,1182504,0.9989499445405141,0.001050055459485888,-0.046643752483839056,0.046643752483839056,0.005813933821788341,0.003218020917135961,0.0025959129046523796,0.005780455124672923
L1_S24_F1672,66500,1117247,0.9438224553050609,0.056177544694939074,0.04647026463720038,0.04647026463720038,0.00561200880378287,0.009157894736842104,0.0035458859330592344,0.005780455124672923
L1_S25_F2443,3615,1180132,0.9969461379838767,0.003053862016123343,-0.04550173373187557,0.04550173373187557,0.005809519613060234,0.00636237897648686,0.0005528593634266266,0.005780455124672923
L1_S24_F988,11834,1171913,0.9900029313696255,0.009997068630374528,0.04468697394965719,0.04468697394965719,0.00582125123622658,0.004816630049011323,0.001004621187215257,0.005780455124672923
L1_S24_F930,11834,1171913,0.9900029313696255,0.009997068630374528,-0.04463568266810883,0.04463568266810883,0.00582125123622658,0.004816630049011323,0.001004621187215257,0.005780455124672923
L1_S25_F2652,2154,1181593,0.9981803544169489,0.0018196455830511438,0.04379091488003654,0.04379091488003654,0.005816723694199272,0.002785515320334262,0.00303120837386501,0.005780455124672923
L1_S25_F2390,3598,1180149,0.9969604991607159,0.0030395008392840595,-0.04296675869767934,0.04296675869767934,0.0058051991740026045,0.007782101167315175,0.0019769019933125707,0.005780455124672923
L1_S25_F2287,3579,1180168,0.9969765498877716,0.0030234501122283763,-0.04252087334982355,0.04252087334982355,0.005810189735698646,0.006146968426934898,0.00033677869123625165,0.005780455124672923
L1_S24_F1844,132922,1050825,0.8877108030685611,0.1122891969314389,-0.04240127655926423,0.04240127655926423,0.005411938239002688,0.008967665247287883,0.0035557270082851944,0.005780455124672923
L1_S24_F1326,13563,1170184,0.988542315207557,0.011457684792443024,-0.042143827459561876,0.042143827459561876,0.005781996677445598,0.0083314900833149,0.0025494934058693025,0.005780455124672923
L1_S24_F816,12026,1171721,0.9898407345488521,0.01015926545114787,0.042061781522465744,0.042061781522465744,0.0058068430966074685,0.006236487610177948,0.0004296445135704794,0.005780455124672923
L1_S25_F2545,2147,1181600,0.9981862678427063,0.001813732157293746,0.04153752333651267,0.04153752333651267,0.0058200744752877455,0.0009315323707498836,0.004888542104537862,0.005780455124672923
L1_S25_F2380,3598,1180149,0.9969604991607159,0.0030395008392840595,0.04151796693647404,0.04151796693647404,0.0058051991740026045,0.007782101167315175,0.0019769019933125707,0.005780455124672923
L1_S24_F829,12026,1171721,0.9898407345488521,0.01015926545114787,0.04140053935323731,0.04140053935323731,0.0058068430966074685,0.006236487610177948,0.0004296445135704794,0.005780455124672923
L1_S25_F2525,2147,1181600,0.9981862678427063,0.001813732157293746,-0.04107217197614018,0.04107217197614018,0.0058200744752877455,0.0009315323707498836,0.004888542104537862,0.005780455124672923
L1_S24_F1000,11879,1171868,0.9899649164897567,0.010035083510243292,0.04104750561189933,0.04104750561189933,0.00581379472773384,0.00555602323427898,0.00025777149345485983,0.005780455124672923
L3_S38_F3952,27142,1156605,0.977071114013383,0.02292888598661702,0.04077919400168331,0.04077919400168331,0.005764284262993849,0.007810772971778056,0.0020464887087842075,0.005780455124672923
L1_S25_F2370,3598,1180149,0.9969604991607159,0.0030395008392840595,-0.040221460340719085,0.040221460340719085,0.0058051991740026045,0.007782101167315175,0.0019769019933125707,0.005780455124672923
L1_S25_F2767,2477,1181270,0.997907492057002,0.0020925079429979787,-0.039601745873404565,0.039601745873404565,0.0058073090825975435,0.007670569236980218,0.0018632601543826744,0.005780455124672923
L1_S25_F2554,2147,1181600,0.9981862678427063,0.001813732157293746,0.039119119336033584,0.039119119336033584,0.0058200744752877455,0.0009315323707498836,0.004888542104537862,0.005780455124672923
L1_S24_F1748,66500,1117247,0.9438224553050609,0.056177544694939074,0.038532656569350655,0.038532656569350655,0.00561200880378287,0.009157894736842104,0.0035458859330592344,0.005780455124672923
L1_S25_F2249,3579,1180168,0.9969765498877716,0.0030234501122283763,0.03819256176376934,0.03819256176376934,0.005810189735698646,0.006146968426934898,0.00033677869123625165,0.005780455124672923
L1_S24_F1036,11951,1171796,0.9899040926819667,0.010095907318033337,-0.03771999532114261,0.03771999532114261,0.00581585873309006,0.00535520040164003,0.0004606583314500298,0.005780455124672923
L2_S28_F3248,9583,1174164,0.9919045201381714,0.00809547986182857,0.036367028339510984,0.036367028339510984,0.005801574567096249,0.006991547532088072,0.0011899729649918235,0.005780455124672923
L1_S25_F2278,3579,1180168,0.9969765498877716,0.0030234501122283763,0.036344159204298156,0.036344159204298156,0.005810189735698646,0.006146968426934898,0.00033677869123625165,0.005780455124672923
L1_S24_F1713,66500,1117247,0.9438224553050609,0.056177544694939074,0.03590688558236245,0.03590688558236245,0.00561200880378287,0.009157894736842104,0.0035458859330592344,0.005780455124672923
L1_S25_F2857,8872,1174875,0.9925051552400977,0.007494844759902253,0.035403368575390955,0.035403368575390955,0.005815937865730397,0.005184851217312894,0.0006310866484175032,0.005780455124672923
L1_S25_F2437,3615,1180132,0.9969461379838767,0.003053862016123343,0.034901249225554994,0.034901249225554994,0.005809519613060234,0.00636237897648686,0.0005528593634266266,0.005780455124672923
L1_S24_F1718,66500,1117247,0.9438224553050609,0.056177544694939074,0.034778899163163485,0.034778899163163485,0.00561200880378287,0.009157894736842104,0.0035458859330592344,0.005780455124672923
L1_S25_F2579,2147,1181600,0.9981862678427063,0.001813732157293746,0.034337718585045154,0.034337718585045154,0.0058200744752877455,0.0009315323707498836,0.004888542104537862,0.005780455124672923
L1_S25_F2687,2168,1181579,0.9981685275654342,0.0018314724345658284,-0.034315936239745576,0.034315936239745576,0.005816792613951331,0.0027675276752767526,0.0030492649386745785,0.005780455124672923
L1_S25_F2637,2154,1181593,0.9981803544169489,0.0018196455830511438,0.03394255941096735,0.03394255941096735,0.005816723694199272,0.002785515320334262,0.00303120837386501,0.005780455124672923
L1_S24_F1494,27152,1156595,0.977062666262301,0.022937333737699017,-0.03345268567505746,0.03345268567505746,0.005772115563356231,0.007476428992339423,0.0017043134289831917,0.005780455124672923
L1_S25_F2697,2168,1181579,0.9981685275654342,0.0018314724345658284,0.03321445621008827,0.03321445621008827,0.005816792613951331,0.0027675276752767526,0.0030492649386745785,0.005780455124672923
L1_S24_F1498,27152,1156595,0.977062666262301,0.022937333737699017,-0.03292652816966039,0.03292652816966039,0.005772115563356231,0.007476428992339423,0.0017043134289831917,0.005780455124672923
L1_S24_F1207,13641,1170106,0.9884764227491178,0.011523577250882155,-0.03251703095354924,0.03251703095354924,0.0058011838243714675,0.006671065171175133,0.000869881346803666,0.005780455124672923
L1_S25_F2672,2168,1181579,0.9981685275654342,0.0018314724345658284,-0.032151722126146955,0.032151722126146955,0.005816792613951331,0.0027675276752767526,0.0030492649386745785,0.005780455124672923
L1_S25_F2960,8800,1174947,0.9925659790478878,0.007434020952112208,-0.0317983875019098,0.0317983875019098,0.005820688082100725,0.004545454545454545,0.0012752335366461795,0.005780455124672923
L1_S25_F2751,4268,1179479,0.9963944998382256,0.003605500161774411,0.031220960302788363,0.031220960302788363,0.0058254534417314765,0.0018744142455482662,0.00395103919618321,0.005780455124672923
L1_S25_F2346,3598,1180149,0.9969604991607159,0.0030395008392840595,0.030978197257937837,0.030978197257937837,0.0058051991740026045,0.007782101167315175,0.0019769019933125707,0.005780455124672923
L1_S25_F2464,7062,1176685,0.99403419818593,0.005965801814070026,-0.03056017708788828,0.03056017708788828,0.005803592295304181,0.007080147267063155,0.0012765549717589737,0.005780455124672923
L1_S24_F679,23862,1159885,0.9798419763682611,0.02015802363173891,0.028322207809568133,0.028322207809568133,0.005818680300202175,0.005447992624256139,0.0003706876759460359,0.005780455124672923
L1_S24_F1004,11879,1171868,0.9899649164897567,0.010035083510243292,0.028281390016041335,0.028281390016041335,0.00581379472773384,0.00555602323427898,0.00025777149345485983,0.005780455124672923
L1_S24_F691,23862,1159885,0.9798419763682611,0.02015802363173891,-0.02814484908818089,0.02814484908818089,0.005818680300202175,0.005447992624256139,0.0003706876759460359,0.005780455124672923
L1_S25_F2336,3598,1180149,0.9969604991607159,0.0030395008392840595,-0.028045427291103906,0.028045427291103906,0.0058051991740026045,0.007782101167315175,0.0019769019933125707,0.005780455124672923
L1_S24_F1122,27202,1156545,0.9770204275068912,0.02297957249310878,0.027684437682916164,0.027684437682916164,0.005772365104686804,0.007462686567164179,0.0016903214624773748,0.005780455124672923
L1_S24_F1490,27152,1156595,0.977062666262301,0.022937333737699017,-0.0273441507149718,0.0273441507149718,0.005772115563356231,0.007476428992339423,0.0017043134289831917,0.005780455124672923
L1_S24_F1102,23827,1159920,0.979871543497048,0.02012845650295203,-0.027338895700440128,0.027338895700440128,0.005818504724463756,0.005455995299450203,0.00036250942501355257,0.005780455124672923
L1_S25_F2408,3464,1180283,0.997073699025214,0.002926300974785967,0.02708182931336438,0.02708182931336438,0.005805387352016423,0.00779445727482679,0.0019890699228103667,0.005780455124672923
L1_S24_F1174,27197,1156550,0.9770246513824322,0.02297534861756778,-0.02703115692183753,0.02703115692183753,0.005772340149582811,0.007464058535867926,0.001691718386285115,0.005780455124672923
L1_S25_F2707,2168,1181579,0.9981685275654342,0.0018314724345658284,-0.02702311508294181,0.02702311508294181,0.005816792613951331,0.0027675276752767526,0.0030492649386745785,0.005780455124672923
L1_S24_F1609,66583,1117164,0.9437523389710808,0.056247661028919205,-0.027021516347290515,0.027021516347290515,0.005614215996935097,0.009116441133622696,0.003502225136687599,0.005780455124672923
L1_S25_F2915,8936,1174811,0.9924510896331733,0.0075489103668267,0.02701993529491355,0.02701993529491355,0.005814552298199455,0.005371530886302597,0.0004430214118968587,0.005780455124672923
L2_S28_F3237,9583,1174164,0.9919045201381714,0.00809547986182857,-0.02693441221810813,0.02693441221810813,0.005801574567096249,0.006991547532088072,0.0011899729649918235,0.005780455124672923
L1_S24_F998,11879,1171868,0.9899649164897567,0.010035083510243292,0.026858281759497293,0.026858281759497293,0.00581379472773384,0.00555602323427898,0.00025777149345485983,0.005780455124672923
L1_S24_F719,23637,1160110,0.9800320507676049,0.019967949232395088,-0.02646430035360898,0.02646430035360898,0.0058209997327839606,0.005330625713923087,0.0004903740188608738,0.005780455124672923
L1_S24_F1212,13641,1170106,0.9884764227491178,0.011523577250882155,-0.026456203534477304,0.026456203534477304,0.0058011838243714675,0.006671065171175133,0.000869881346803666,0.005780455124672923
L3_S49_F4206,29663,1154084,0.9749414359656244,0.025058564034375563,0.026349797749275535,0.026349797749275535,0.005832331095483517,0.00498938070997539,0.0008429503855081275,0.005780455124672923
L2_S28_F3303,9583,1174164,0.9919045201381714,0.00809547986182857,0.02633669999531057,0.02633669999531057,0.005801574567096249,0.006991547532088072,0.0011899729649918235,0.005780455124672923
L1_S24_F1031,11951,1171796,0.9899040926819667,0.010095907318033337,0.02605554210223896,0.02605554210223896,0.00581585873309006,0.00535520040164003,0.0004606583314500298,0.005780455124672923
L1_S25_F2886,8936,1174811,0.9924510896331733,0.0075489103668267,0.02582904726030831,0.02582904726030831,0.005814552298199455,0.005371530886302597,0.0004430214118968587,0.005780455124672923
L1_S25_F2414,3464,1180283,0.997073699025214,0.002926300974785967,0.02570831156412026,0.02570831156412026,0.005805387352016423,0.00779445727482679,0.0019890699228103667,0.005780455124672923
L1_S24_F1303,13563,1170184,0.988542315207557,0.011457684792443024,-0.02567653829397314,0.02567653829397314,0.005781996677445598,0.0083314900833149,0.0025494934058693025,0.005780455124672923
L1_S24_F795,23637,1160110,0.9800320507676049,0.019967949232395088,-0.025673023430711425,0.025673023430711425,0.0058209997327839606,0.005330625713923087,0.0004903740188608738,0.005780455124672923
L1_S24_F1842,132922,1050825,0.8877108030685611,0.1122891969314389,-0.025524649051893732,0.025524649051893732,0.005411938239002688,0.008967665247287883,0.0035557270082851944,0.005780455124672923
L1_S24_F1700,66500,1117247,0.9438224553050609,0.056177544694939074,-0.02531582486040625,0.02531582486040625,0.00561200880378287,0.009157894736842104,0.0035458859330592344,0.005780455124672923
L1_S24_F963,11834,1171913,0.9900029313696255,0.009997068630374528,0.025312062646250286,0.025312062646250286,0.00582125123622658,0.004816630049011323,0.001004621187215257,0.005780455124672923
L1_S25_F2726,2117,1181630,0.9982116110959521,0.0017883889040478662,0.02527616312808741,0.02527616312808741,0.005819926711407124,0.000944733112895607,0.004875193598511516,0.005780455124672923
L1_S24_F1478,27152,1156595,0.977062666262301,0.022937333737699017,0.02512635774482169,0.02512635774482169,0.005772115563356231,0.007476428992339423,0.0017043134289831917,0.005780455124672923
L1_S24_F1176,27197,1156550,0.9770246513824322,0.02297534861756778,0.025083586137581923,0.025083586137581923,0.005772340149582811,0.007464058535867926,0.001691718386285115,0.005780455124672923
L1_S24_F1622,66583,1117164,0.9437523389710808,0.056247661028919205,0.025055063367828985,0.025055063367828985,0.005614215996935097,0.009116441133622696,0.003502225136687599,0.005780455124672923
L1_S24_F1474,27152,1156595,0.977062666262301,0.022937333737699017,0.025026456552759122,0.025026456552759122,0.005772115563356231,0.007476428992339423,0.0017043134289831917,0.005780455124672923
L1_S24_F1166,27197,1156550,0.9770246513824322,0.02297534861756778,0.024975940192747886,0.024975940192747886,0.005772340149582811,0.007464058535867926,0.001691718386285115,0.005780455124672923
L1_S25_F2608,2154,1181593,0.9981803544169489,0.0018196455830511438,0.024872045180488,0.024872045180488,0.005816723694199272,0.002785515320334262,0.00303120837386501,0.005780455124672923
L3_S49_F4211,29663,1154084,0.9749414359656244,0.025058564034375563,-0.024805964430384443,0.024805964430384443,0.005832331095483517,0.00498938070997539,0.0008429503855081275,0.005780455124672923
L1_S24_F1778,66484,1117263,0.9438359717067921,0.05616402829320788,0.02457804467678956,0.02457804467678956,0.0056020829473454326,0.009325552012514289,0.0037234690651688565,0.005780455124672923
L1_S24_F958,11834,1171913,0.9900029313696255,0.009997068630374528,-0.02444621368041405,0.02444621368041405,0.00582125123622658,0.004816630049011323,0.001004621187215257,0.005780455124672923
L1_S24_F746,23637,1160110,0.9800320507676049,0.019967949232395088,-0.02432320390123409,0.02432320390123409,0.0058209997327839606,0.005330625713923087,0.0004903740188608738,0.005780455124672923
L1_S24_F785,23637,1160110,0.9800320507676049,0.019967949232395088,-0.024317634598901457,0.024317634598901457,0.0058209997327839606,0.005330625713923087,0.0004903740188608738,0.005780455124672923
L1_S24_F780,23637,1160110,0.9800320507676049,0.019967949232395088,-0.024317631205733516,0.024317631205733516,0.0058209997327839606,0.005330625713923087,0.0004903740188608738,0.005780455124672923
L1_S24_F766,23637,1160110,0.9800320507676049,0.019967949232395088,-0.02429227257492025,0.02429227257492025,0.0058209997327839606,0.005330625713923087,0.0004903740188608738,0.005780455124672923
L1_S24_F775,23637,1160110,0.9800320507676049,0.019967949232395088,-0.02428955954403427,0.02428955954403427,0.0058209997327839606,0.005330625713923087,0.0004903740188608738,0.005780455124672923
L2_S27_F3144,120729,1063018,0.8980111459627775,0.10198885403722247,-0.02426284777150296,0.02426284777150296,0.005697927974879071,0.006808637527023333,0.0011107095521442623,0.005780455124672923
L1_S24_F814,23839,1159908,0.9798614061957496,0.020138593804250426,-0.02425166073414367,0.02425166073414367,0.0058185649206661215,0.005453248877889174,0.00036531604277694786,0.005780455124672923
L1_S24_F1657,66583,1117164,0.9437523389710808,0.056247661028919205,0.02409224621391414,0.02409224621391414,0.005614215996935097,0.009116441133622696,0.003502225136687599,0.005780455124672923
L1_S25_F2667,2154,1181593,0.9981803544169489,0.0018196455830511438,-0.024073233388214387,0.024073233388214387,0.005816723694199272,0.002785515320334262,0.00303120837386501,0.005780455124672923
L1_S25_F2714,2117,1181630,0.9982116110959521,0.0017883889040478662,0.02382945079851975,0.02382945079851975,0.005819926711407124,0.000944733112895607,0.004875193598511516,0.005780455124672923
L1_S25_F2237,7149,1176598,0.993960702751517,0.0060392972484829555,0.023606057589273106,0.023606057589273106,0.005804021424479729,0.006993985172751434,0.0011899637482717055,0.005780455124672923
L1_S25_F2990,8800,1174947,0.9925659790478878,0.007434020952112208,0.02351637265413731,0.02351637265413731,0.005820688082100725,0.004545454545454545,0.0012752335366461795,0.005780455124672923
L1_S24_F1627,66583,1117164,0.9437523389710808,0.056247661028919205,0.023472868386800134,0.023472868386800134,0.005614215996935097,0.009116441133622696,0.003502225136687599,0.005780455124672923
L1_S24_F1126,27202,1156545,0.9770204275068912,0.02297957249310878,-0.02346040619477299,0.02346040619477299,0.005772365104686804,0.007462686567164179,0.0016903214624773748,0.005780455124672923
L1_S25_F2466,7062,1176685,0.99403419818593,0.005965801814070026,0.023437199607846883,0.023437199607846883,0.005803592295304181,0.007080147267063155,0.0012765549717589737,0.005780455124672923
L1_S24_F1814,66466,1117281,0.9438511776587396,0.056148822341260396,0.02342873600601522,0.02342873600601522,0.005644954134188266,0.00860590377034875,0.0029609496361604837,0.005780455124672923
L1_S25_F2458,7062,1176685,0.99403419818593,0.005965801814070026,0.023400194799457572,0.023400194799457572,0.005803592295304181,0.007080147267063155,0.0012765549717589737,0.005780455124672923
L1_S25_F2449,7062,1176685,0.99403419818593,0.005965801814070026,0.02325186540576818,0.02325186540576818,0.005803592295304181,0.007080147267063155,0.0012765549717589737,0.005780455124672923
L1_S25_F2808,8872,1174875,0.9925051552400977,0.007494844759902253,-0.023188725377473338,0.023188725377473338,0.005815937865730397,0.005184851217312894,0.0006310866484175032,0.005780455124672923
L1_S25_F2021,27528,1156219,0.9767450308216198,0.023254969178380214,-0.02311723035284814,0.02311723035284814,0.005829345478667969,0.00504940424295263,0.0007799412357153389,0.005780455124672923
L1_S24_F1172,27197,1156550,0.9770246513824322,0.02297534861756778,-0.023025431095962532,0.023025431095962532,0.005772340149582811,0.007464058535867926,0.001691718386285115,0.005780455124672923
L1_S24_F1083,23827,1159920,0.979871543497048,0.02012845650295203,0.023005151010538877,0.023005151010538877,0.005818504724463756,0.005455995299450203,0.00036250942501355257,0.005780455124672923
L1_S24_F812,23839,1159908,0.9798614061957496,0.020138593804250426,0.022970922290749658,0.022970922290749658,0.0058185649206661215,0.005453248877889174,0.00036531604277694786,0.005780455124672923
L1_S24_F1170,27197,1156550,0.9770246513824322,0.02297534861756778,-0.022869165131276424,0.022869165131276424,0.005772340149582811,0.007464058535867926,0.001691718386285115,0.005780455124672923
L1_S25_F2732,4268,1179479,0.9963944998382256,0.003605500161774411,-0.022678080367190337,0.022678080367190337,0.0058254534417314765,0.0018744142455482662,0.00395103919618321,0.005780455124672923
L1_S24_F993,11834,1171913,0.9900029313696255,0.009997068630374528,-0.022647776416745334,0.022647776416745334,0.00582125123622658,0.004816630049011323,0.001004621187215257,0.005780455124672923
L2_S28_F3255,9583,1174164,0.9919045201381714,0.00809547986182857,0.022588114466247707,0.022588114466247707,0.005801574567096249,0.006991547532088072,0.0011899729649918235,0.005780455124672923
L3_S29_F3351,1119629,64118,0.05416529038721957,0.9458347096127804,-0.022489369672905747,0.022489369672905747,0.005193549393306092,0.005846579536614361,0.0006530301433082687,0.005780455124672923
L3_S29_F3458,1119629,64118,0.05416529038721957,0.9458347096127804,-0.022489369672905747,0.022489369672905747,0.005193549393306092,0.005846579536614361,0.0006530301433082687,0.005780455124672923
L1_S25_F2749,4268,1179479,0.9963944998382256,0.003605500161774411,-0.0223816043467066,0.0223816043467066,0.0058254534417314765,0.0018744142455482662,0.00395103919618321,0.005780455124672923
L1_S25_F2950,8936,1174811,0.9924510896331733,0.0075489103668267,0.022134053407832442,0.022134053407832442,0.005814552298199455,0.005371530886302597,0.0004430214118968587,0.005780455124672923
L1_S24_F1565,132908,1050839,0.8877226299200758,0.11227737007992422,0.022078889190758556,0.022078889190758556,0.005411866137438751,0.008968609865470852,0.003556743728032101,0.005780455124672923
L1_S24_F1838,132922,1050825,0.8877108030685611,0.1122891969314389,0.022058025268850638,0.022058025268850638,0.005411938239002688,0.008967665247287883,0.0035557270082851944,0.005780455124672923
L1_S24_F1270,13641,1170106,0.9884764227491178,0.011523577250882155,-0.021868011700871874,0.021868011700871874,0.0058011838243714675,0.006671065171175133,0.000869881346803666,0.005780455124672923
L1_S24_F808,23836,1159911,0.9798639405210742,0.020136059478925827,-0.021512959262548783,0.021512959262548783,0.005819412006610852,0.005411981876153717,0.00040743013045713497,0.005780455124672923
L1_S24_F1467,27152,1156595,0.977062666262301,0.022937333737699017,-0.02126174703062715,0.02126174703062715,0.005772115563356231,0.007476428992339423,0.0017043134289831917,0.005780455124672923
L1_S25_F3007,8973,1174774,0.9924198329541701,0.0075801670458298664,0.021230565720626652,0.021230565720626652,0.005809628064632006,0.006018054162487462,0.00020842609785545578,0.005780455124672923
L1_S24_F1145,27177,1156570,0.9770415468845961,0.0229584531154039,-0.02123002154486724,0.02123002154486724,0.0057722403313245196,0.007469551458954263,0.0016973111276297435,0.005780455124672923
L1_S25_F2584,2147,1181600,0.9981862678427063,0.001813732157293746,0.02083346687334446,0.02083346687334446,0.0058200744752877455,0.0009315323707498836,0.004888542104537862,0.005780455124672923
L1_S25_F2417,3464,1180283,0.997073699025214,0.002926300974785967,0.020811089431391632,0.020811089431391632,0.005805387352016423,0.00779445727482679,0.0019890699228103667,0.005780455124672923
L1_S25_F2026,27528,1156219,0.9767450308216198,0.023254969178380214,-0.020564521655992082,0.020564521655992082,0.005829345478667969,0.00504940424295263,0.0007799412357153389,0.005780455124672923
L2_S27_F3133,120729,1063018,0.8980111459627775,0.10198885403722247,-0.02048140091920337,0.02048140091920337,0.005697927974879071,0.006808637527023333,0.0011107095521442623,0.005780455124672923
L1_S25_F2535,2147,1181600,0.9981862678427063,0.001813732157293746,0.020472160865665806,0.020472160865665806,0.0058200744752877455,0.0009315323707498836,0.004888542104537862,0.005780455124672923
L1_S24_F1578,132906,1050841,0.8877243194702922,0.11227568052970782,-0.020447360106291244,0.020447360106291244,0.005411855837372162,0.008968744827171084,0.003556888989798922,0.005780455124672923
L1_S24_F806,23836,1159911,0.9798639405210742,0.020136059478925827,-0.020434730563519566,0.020434730563519566,0.005819412006610852,0.005411981876153717,0.00040743013045713497,0.005780455124672923
L1_S25_F2569,2147,1181600,0.9981862678427063,0.001813732157293746,0.020397321614085296,0.020397321614085296,0.0058200744752877455,0.0009315323707498836,0.004888542104537862,0.005780455124672923
L1_S25_F2181,1243,1182504,0.9989499445405141,0.001050055459485888,-0.02038328798770599,0.02038328798770599,0.005813933821788341,0.003218020917135961,0.0025959129046523796,0.005780455124672923
L1_S25_F2202,1243,1182504,0.9989499445405141,0.001050055459485888,0.020252674990556826,0.020252674990556826,0.005813933821788341,0.003218020917135961,0.0025959129046523796,0.005780455124672923
L1_S25_F2847,8872,1174875,0.9925051552400977,0.007494844759902253,0.020081694100883566,0.020081694100883566,0.005815937865730397,0.005184851217312894,0.0006310866484175032,0.005780455124672923
L2_S26_F3106,227011,956736,0.8082267579136421,0.19177324208635793,0.019998493940003977,0.019998493940003977,0.005418422636965683,0.0074665985348727594,0.002048175897907076,0.005780455124672923
L1_S24_F1079,23827,1159920,0.979871543497048,0.02012845650295203,0.019971672862149438,0.019971672862149438,0.005818504724463756,0.005455995299450203,0.00036250942501355257,0.005780455124672923
L2_S27_F3166,120729,1063018,0.8980111459627775,0.10198885403722247,-0.01990206764041225,0.01990206764041225,0.005697927974879071,0.006808637527023333,0.0011107095521442623,0.005780455124672923
L1_S24_F802,23841,1159906,0.9798597166455332,0.020140283354466826,0.019877972740467417,0.019877972740467417,0.00581857495348761,0.005452791409756302,0.000365783543731308,0.005780455124672923
L1_S25_F2351,3598,1180149,0.9969604991607159,0.0030395008392840595,-0.01974939078147454,0.01974939078147454,0.0058051991740026045,0.007782101167315175,0.0019769019933125707,0.005780455124672923
L1_S25_F3009,8973,1174774,0.9924198329541701,0.0075801670458298664,0.019609774763471907,0.019609774763471907,0.005809628064632006,0.006018054162487462,0.00020842609785545578,0.005780455124672923
L1_S25_F2258,3579,1180168,0.9969765498877716,0.0030234501122283763,-0.01952218956849351,0.01952218956849351,0.005810189735698646,0.006146968426934898,0.00033677869123625165,0.005780455124672923
L1_S24_F1733,66500,1117247,0.9438224553050609,0.056177544694939074,-0.019401428844291444,0.019401428844291444,0.00561200880378287,0.009157894736842104,0.0035458859330592344,0.005780455124672923
L3_S30_F3704,810256,373491,0.31551589993469886,0.6844841000653011,-0.019398930546296638,0.019398930546296638,0.006324114905044566,0.005574781303686736,0.0007493336013578294,0.005780455124672923
L1_S24_F1690,66500,1117247,0.9438224553050609,0.056177544694939074,-0.01919073816229146,0.01919073816229146,0.00561200880378287,0.009157894736842104,0.0035458859330592344,0.005780455124672923
L1_S24_F1008,11879,1171868,0.9899649164897567,0.010035083510243292,-0.019040752736179414,0.019040752736179414,0.00581379472773384,0.00555602323427898,0.00025777149345485983,0.005780455124672923
L2_S28_F3226,9583,1174164,0.9919045201381714,0.00809547986182857,0.019026398138146546,0.019026398138146546,0.005801574567096249,0.006991547532088072,0.0011899729649918235,0.005780455124672923
L1_S24_F1014,11879,1171868,0.9899649164897567,0.010035083510243292,-0.01899481180990066,0.01899481180990066,0.00581379472773384,0.00555602323427898,0.00025777149345485983,0.005780455124672923
L1_S25_F2431,3615,1180132,0.9969461379838767,0.003053862016123343,0.018975428533305565,0.018975428533305565,0.005809519613060234,0.00636237897648686,0.0005528593634266266,0.005780455124672923
L1_S25_F2400,3598,1180149,0.9969604991607159,0.0030395008392840595,0.018843955472408913,0.018843955472408913,0.0058051991740026045,0.007782101167315175,0.0019769019933125707,0.005780455124672923
L1_S25_F2395,3598,1180149,0.9969604991607159,0.0030395008392840595,-0.01883153974682734,0.01883153974682734,0.0058051991740026045,0.007782101167315175,0.0019769019933125707,0.005780455124672923
L1_S25_F2231,7158,1176589,0.9939530997755432,0.006046900224456753,-0.018787806984456763,0.018787806984456763,0.005804065820775139,0.006985191394244202,0.0011811255734690638,0.005780455124672923
L1_S25_F2867,8872,1174875,0.9925051552400977,0.007494844759902253,0.018722319466179995,0.018722319466179995,0.005815937865730397,0.005184851217312894,0.0006310866484175032,0.005780455124672923
L1_S25_F2682,2168,1181579,0.9981685275654342,0.0018314724345658284,-0.018521163649530065,0.018521163649530065,0.005816792613951331,0.0027675276752767526,0.0030492649386745785,0.005780455124672923
L1_S24_F1798,66484,1117263,0.9438359717067921,0.05616402829320788,-0.01848014981063294,0.01848014981063294,0.0056020829473454326,0.009325552012514289,0.0037234690651688565,0.005780455124672923
L3_S29_F3464,1119629,64118,0.05416529038721957,0.9458347096127804,0.018379962544411668,0.018379962544411668,0.005193549393306092,0.005846579536614361,0.0006530301433082687,0.005780455124672923
L3_S29_F3470,1119629,64118,0.05416529038721957,0.9458347096127804,0.018379962544411668,0.018379962544411668,0.005193549393306092,0.005846579536614361,0.0006530301433082687,0.005780455124672923
L2_S26_F3073,227011,956736,0.8082267579136421,0.19177324208635793,0.018186880071329573,0.018186880071329573,0.005418422636965683,0.0074665985348727594,0.002048175897907076,0.005780455124672923
L1_S25_F3017,17772,1165975,0.984986656777166,0.015013343222833986,-0.01815538040649457,0.01815538040649457,0.005819164218786852,0.005289218996173756,0.0005299452226130959,0.005780455124672923
L1_S25_F2435,3615,1180132,0.9969461379838767,0.003053862016123343,-0.017979212176850598,0.017979212176850598,0.005809519613060234,0.00636237897648686,0.0005528593634266266,0.005780455124672923
L1_S25_F1958,27979,1155768,0.9763640372478241,0.023635962752175943,-0.017774225731670697,0.017774225731670697,0.005827294059015304,0.0051467171807427,0.0006805768782726044,0.005780455124672923
L1_S24_F862,12026,1171721,0.9898407345488521,0.01015926545114787,-0.017712675498689122,0.017712675498689122,0.0058068430966074685,0.006236487610177948,0.0004296445135704794,0.005780455124672923
L1_S24_F1134,27177,1156570,0.9770415468845961,0.0229584531154039,-0.01738134949303038,0.01738134949303038,0.0057722403313245196,0.007469551458954263,0.0016973111276297435,0.005780455124672923
L3_S29_F3339,1119629,64118,0.05416529038721957,0.9458347096127804,0.017343772395625862,0.017343772395625862,0.005193549393306092,0.005846579536614361,0.0006530301433082687,0.005780455124672923
L3_S29_F3455,1119629,64118,0.05416529038721957,0.9458347096127804,0.017343772395625862,0.017343772395625862,0.005193549393306092,0.005846579536614361,0.0006530301433082687,0.005780455124672923
L1_S25_F2935,8936,1174811,0.9924510896331733,0.0075489103668267,0.017285367410956234,0.017285367410956234,0.005814552298199455,0.005371530886302597,0.0004430214118968587,0.005780455124672923
L1_S25_F2498,4297,1179450,0.9963700013600879,0.003629998639912091,-0.01725473804416993,0.01725473804416993,0.005825596676416974,0.0018617640214102862,0.003963832655006688,0.005780455124672923
L1_S25_F2955,8800,1174947,0.9925659790478878,0.007434020952112208,-0.017076623321585153,0.017076623321585153,0.005820688082100725,0.004545454545454545,0.0012752335366461795,0.005780455124672923
L0_S8_F144,673881,509866,0.43072210531473365,0.5692778946852664,-0.017062669929617823,0.017062669929617823,0.006419333707287797,0.005351093145525693,0.0010682405617621037,0.005780455124672923
L1_S25_F2755,2477,1181270,0.997907492057002,0.0020925079429979787,0.017062332221441576,0.017062332221441576,0.0058073090825975435,0.007670569236980218,0.0018632601543826744,0.005780455124672923
L1_S24_F1361,13563,1170184,0.988542315207557,0.011457684792443024,-0.01696295965229143,0.01696295965229143,0.005781996677445598,0.0083314900833149,0.0025494934058693025,0.005780455124672923
L1_S25_F2743,4268,1179479,0.9963944998382256,0.003605500161774411,0.016904216638056187,0.016904216638056187,0.0058254534417314765,0.0018744142455482662,0.00395103919618321,0.005780455124672923
L1_S24_F1098,23827,1159920,0.979871543497048,0.02012845650295203,-0.016822153099707096,0.016822153099707096,0.005818504724463756,0.005455995299450203,0.00036250942501355257,0.005780455124672923
L0_S4_F104,335295,848452,0.716751130097901,0.28324886990209897,-0.016751500731119282,0.016751500731119282,0.005986196037018004,0.005368406925244934,0.0006177891117730705,0.005780455124672923
L1_S25_F2223,3616,1180131,0.9969452932087685,0.003054706791231543,-0.01668199825471609,0.01668199825471609,0.005820540262055653,0.0027654867256637168,0.0030550535363919364,0.005780455124672923
L1_S25_F2484,9864,1173883,0.9916671383327688,0.00833286166723124,0.016673613541389666,0.016673613541389666,0.0058276676636427995,0.0038523925385239256,0.001975275125118874,0.005780455124672923
L2_S26_F3121,227011,956736,0.8082267579136421,0.19177324208635793,0.016663470652924423,0.016663470652924423,0.005418422636965683,0.0074665985348727594,0.002048175897907076,0.005780455124672923
L3_S29_F3342,1119629,64118,0.05416529038721957,0.9458347096127804,0.0166395655335876,0.0166395655335876,0.005193549393306092,0.005846579536614361,0.0006530301433082687,0.005780455124672923
L3_S29_F3449,1119629,64118,0.05416529038721957,0.9458347096127804,0.0166395655335876,0.0166395655335876,0.005193549393306092,0.005846579536614361,0.0006530301433082687,0.005780455124672923
L1_S25_F2891,8936,1174811,0.9924510896331733,0.0075489103668267,-0.016592976399746273,0.016592976399746273,0.005814552298199455,0.005371530886302597,0.0004430214118968587,0.005780455124672923
L1_S25_F2920,8936,1174811,0.9924510896331733,0.0075489103668267,0.016556132009396173,0.016556132009396173,0.005814552298199455,0.005371530886302597,0.0004430214118968587,0.005780455124672923
L1_S24_F1421,13596,1170151,0.9885144376289866,0.011485562371013391,0.016417614174427702,0.016417614174427702,0.005794124006218001,0.007281553398058253,0.0014874293918402514,0.005780455124672923
L1_S25_F1938,27979,1155768,0.9763640372478241,0.023635962752175943,-0.016317404552207326,0.016317404552207326,0.005827294059015304,0.0051467171807427,0.0006805768782726044,0.005780455124672923
L3_S43_F4080,30545,1153202,0.9741963443201967,0.02580365567980325,0.016217737597110177,0.016217737597110177,0.005827253161198125,0.005205434604681617,0.0006218185565165079,0.005780455124672923
L2_S28_F3241,9583,1174164,0.9919045201381714,0.00809547986182857,-0.01621416174330447,0.01621416174330447,0.005801574567096249,0.006991547532088072,0.0011899729649918235,0.005780455124672923
L1_S25_F2512,3574,1180173,0.9969807737633126,0.003019226236687378,-0.016108030591406534,0.016108030591406534,0.005827959121247478,0.0002797985450475658,0.005548160576199912,0.005780455124672923
L2_S28_F3263,9583,1174164,0.9919045201381714,0.00809547986182857,-0.01601839963939223,0.01601839963939223,0.005801574567096249,0.006991547532088072,0.0011899729649918235,0.005780455124672923
L2_S28_F3307,9583,1174164,0.9919045201381714,0.00809547986182857,0.015865861793808507,0.015865861793808507,0.005801574567096249,0.006991547532088072,0.0011899729649918235,0.005780455124672923
L1_S24_F1848,132922,1050825,0.8877108030685611,0.1122891969314389,-0.01566116791710333,0.01566116791710333,0.005411938239002688,0.008967665247287883,0.0035557270082851944,0.005780455124672923
L1_S24_F1829,132922,1050825,0.8877108030685611,0.1122891969314389,-0.01558997036237472,0.01558997036237472,0.005411938239002688,0.008967665247287883,0.0035557270082851944,0.005780455124672923
L1_S24_F1321,13563,1170184,0.988542315207557,0.011457684792443024,-0.015542248492201267,0.015542248492201267,0.005781996677445598,0.0083314900833149,0.0025494934058693025,0.005780455124672923
L1_S25_F2475,9864,1173883,0.9916671383327688,0.00833286166723124,0.015381344316141207,0.015381344316141207,0.0058276676636427995,0.0038523925385239256,0.001975275125118874,0.005780455124672923
L1_S25_F2051,27528,1156219,0.9767450308216198,0.023254969178380214,-0.015358797197051924,0.015358797197051924,0.005829345478667969,0.00504940424295263,0.0007799412357153389,0.005780455124672923
L1_S24_F1235,13641,1170106,0.9884764227491178,0.011523577250882155,-0.015090257064034518,0.015090257064034518,0.0058011838243714675,0.006671065171175133,0.000869881346803666,0.005780455124672923
L2_S26_F3040,227011,956736,0.8082267579136421,0.19177324208635793,-0.015062863173037908,0.015062863173037908,0.005418422636965683,0.0074665985348727594,0.002048175897907076,0.005780455124672923
L1_S24_F1316,13563,1170184,0.988542315207557,0.011457684792443024,-0.015060431381440548,0.015060431381440548,0.005781996677445598,0.0083314900833149,0.0025494934058693025,0.005780455124672923
L1_S24_F733,23826,1159921,0.9798723882721562,0.02012761172784383,0.015039966185079258,0.015039966185079258,0.00581849970816978,0.00545622429278939,0.00036227541538039025,0.005780455124672923
L1_S25_F2559,2147,1181600,0.9981862678427063,0.001813732157293746,0.015031386047491728,0.015031386047491728,0.0058200744752877455,0.0009315323707498836,0.004888542104537862,0.005780455124672923
L1_S25_F2837,8872,1174875,0.9925051552400977,0.007494844759902253,-0.014972185659148493,0.014972185659148493,0.005815937865730397,0.005184851217312894,0.0006310866484175032,0.005780455124672923
L1_S24_F1812,66466,1117281,0.9438511776587396,0.056148822341260396,-0.014906160755003516,0.014906160755003516,0.005644954134188266,0.00860590377034875,0.0029609496361604837,0.005780455124672923
L1_S25_F2906,8936,1174811,0.9924510896331733,0.0075489103668267,0.014896790163072167,0.014896790163072167,0.005814552298199455,0.005371530886302597,0.0004430214118968587,0.005780455124672923
L1_S24_F857,12026,1171721,0.9898407345488521,0.01015926545114787,-0.0148798989998959,0.0148798989998959,0.0058068430966074685,0.006236487610177948,0.0004296445135704794,0.005780455124672923
L1_S25_F2426,3464,1180283,0.997073699025214,0.002926300974785967,-0.014822107122018669,0.014822107122018669,0.005805387352016423,0.00779445727482679,0.0019890699228103667,0.005780455124672923
L1_S25_F2530,2147,1181600,0.9981862678427063,0.001813732157293746,-0.014734597169029024,0.014734597169029024,0.0058200744752877455,0.0009315323707498836,0.004888542104537862,0.005780455124672923
L1_S24_F1376,13560,1170187,0.9885448495328816,0.011455150467118425,0.014711393575828543,0.014711393575828543,0.005789672932616753,0.007669616519174041,0.0018799435865572882,0.005780455124672923
L3_S43_F4090,30545,1153202,0.9741963443201967,0.02580365567980325,0.014686487084703248,0.014686487084703248,0.005827253161198125,0.005205434604681617,0.0006218185565165079,0.005780455124672923
L1_S25_F2220,3616,1180131,0.9969452932087685,0.003054706791231543,0.014642975999800066,0.014642975999800066,0.005820540262055653,0.0027654867256637168,0.0030550535363919364,0.005780455124672923
L1_S25_F1865,55289,1128458,0.9532932290430303,0.046706770956969734,0.014631836621679065,0.014631836621679065,0.005845144436035723,0.005118558845339941,0.0007265855906957823,0.005780455124672923
L1_S24_F1391,13560,1170187,0.9885448495328816,0.011455150467118425,0.014527762114638942,0.014527762114638942,0.005789672932616753,0.007669616519174041,0.0018799435865572882,0.005780455124672923
L1_S24_F1401,13560,1170187,0.9885448495328816,0.011455150467118425,0.014495909032998447,0.014495909032998447,0.005789672932616753,0.007669616519174041,0.0018799435865572882,0.005780455124672923
L1_S25_F2420,3464,1180283,0.997073699025214,0.002926300974785967,-0.014470771706700018,0.014470771706700018,0.005805387352016423,0.00779445727482679,0.0019890699228103667,0.005780455124672923
L1_S25_F2718,2117,1181630,0.9982116110959521,0.0017883889040478662,0.014459851824445452,0.014459851824445452,0.005819926711407124,0.000944733112895607,0.004875193598511516,0.005780455124672923
L1_S25_F2487,9864,1173883,0.9916671383327688,0.00833286166723124,-0.01445802213295684,0.01445802213295684,0.0058276676636427995,0.0038523925385239256,0.001975275125118874,0.005780455124672923
L1_S25_F2312,3579,1180168,0.9969765498877716,0.0030234501122283763,0.014435288877907152,0.014435288877907152,0.005810189735698646,0.006146968426934898,0.00033677869123625165,0.005780455124672923
L1_S24_F1356,13563,1170184,0.988542315207557,0.011457684792443024,-0.01433654847372992,0.01433654847372992,0.005781996677445598,0.0083314900833149,0.0025494934058693025,0.005780455124672923
L1_S25_F2997,8973,1174774,0.9924198329541701,0.0075801670458298664,-0.0143029104812078,0.0143029104812078,0.005809628064632006,0.006018054162487462,0.00020842609785545578,0.005780455124672923
L1_S25_F2724,2117,1181630,0.9982116110959521,0.0017883889040478662,-0.014243980031945236,0.014243980031945236,0.005819926711407124,0.000944733112895607,0.004875193598511516,0.005780455124672923
L0_S22_F556,80595,1103152,0.9319153501550584,0.06808464984494156,0.014240572359798564,0.014240572359798564,0.005847788881314633,0.005310503132948694,0.0005372857483659389,0.005780455124672923
L0_S22_F546,80591,1103156,0.9319187292554912,0.06808127074450876,0.01423065155671378,0.01423065155671378,0.005847767677463568,0.005310766710923056,0.0005370009665405118,0.005780455124672923
L1_S24_F1599,66583,1117164,0.9437523389710808,0.056247661028919205,-0.01397735770254727,0.01397735770254727,0.005614215996935097,0.009116441133622696,0.003502225136687599,0.005780455124672923
L1_S24_F1265,13641,1170106,0.9884764227491178,0.011523577250882155,-0.013945891128671456,0.013945891128671456,0.0058011838243714675,0.006671065171175133,0.000869881346803666,0.005780455124672923
L1_S24_F1021,11951,1171796,0.9899040926819667,0.010095907318033337,0.013733370391140295,0.013733370391140295,0.00581585873309006,0.00535520040164003,0.0004606583314500298,0.005780455124672923
L1_S24_F756,23637,1160110,0.9800320507676049,0.019967949232395088,-0.013695716635982074,0.013695716635982074,0.0058209997327839606,0.005330625713923087,0.0004903740188608738,0.005780455124672923
L1_S25_F2745,4268,1179479,0.9963944998382256,0.003605500161774411,0.013611700569207387,0.013611700569207387,0.0058254534417314765,0.0018744142455482662,0.00395103919618321,0.005780455124672923
L1_S24_F1056,11951,1171796,0.9899040926819667,0.010095907318033337,-0.01356289314724268,0.01356289314724268,0.00581585873309006,0.00535520040164003,0.0004606583314500298,0.005780455124672923
L1_S24_F1366,13560,1170187,0.9885448495328816,0.011455150467118425,-0.013519162628932819,0.013519162628932819,0.005789672932616753,0.007669616519174041,0.0018799435865572882,0.005780455124672923
L1_S25_F2970,8800,1174947,0.9925659790478878,0.007434020952112208,0.013491687347685164,0.013491687347685164,0.005820688082100725,0.004545454545454545,0.0012752335366461795,0.005780455124672923
L3_S43_F4095,30545,1153202,0.9741963443201967,0.02580365567980325,-0.013429166319125769,0.013429166319125769,0.005827253161198125,0.005205434604681617,0.0006218185565165079,0.005780455124672923
L1_S24_F810,23836,1159911,0.9798639405210742,0.020136059478925827,-0.013387123646732276,0.013387123646732276,0.005819412006610852,0.005411981876153717,0.00040743013045713497,0.005780455124672923
L1_S25_F2734,4268,1179479,0.9963944998382256,0.003605500161774411,-0.013386735523055157,0.013386735523055157,0.0058254534417314765,0.0018744142455482662,0.00395103919618321,0.005780455124672923
L1_S25_F2317,3579,1180168,0.9969765498877716,0.0030234501122283763,0.013302661275459015,0.013302661275459015,0.005810189735698646,0.006146968426934898,0.00033677869123625165,0.005780455124672923
L1_S24_F1642,66583,1117164,0.9437523389710808,0.056247661028919205,-0.013238143935149932,0.013238143935149932,0.005614215996935097,0.009116441133622696,0.003502225136687599,0.005780455124672923
L1_S24_F1652,66583,1117164,0.9437523389710808,0.056247661028919205,-0.013155839815647974,0.013155839815647974,0.005614215996935097,0.009116441133622696,0.003502225136687599,0.005780455124672923
L1_S25_F1948,27979,1155768,0.9763640372478241,0.023635962752175943,-0.013136666160443093,0.013136666160443093,0.005827294059015304,0.0051467171807427,0.0006805768782726044,0.005780455124672923
L3_S43_F4085,30545,1153202,0.9741963443201967,0.02580365567980325,-0.013039934828507186,0.013039934828507186,0.005827253161198125,0.005205434604681617,0.0006218185565165079,0.005780455124672923
L1_S25_F2508,3574,1180173,0.9969807737633126,0.003019226236687378,-0.012995322898535801,0.012995322898535801,0.005827959121247478,0.0002797985450475658,0.005548160576199912,0.005780455124672923
L3_S44_F4121,29804,1153943,0.974822322675369,0.025177677324631054,0.012939587619706972,0.012939587619706972,0.005834776934389307,0.0048986713192860016,0.0009361056151033055,0.005780455124672923
L1_S25_F2460,7062,1176685,0.99403419818593,0.005965801814070026,0.012882322729249182,0.012882322729249182,0.005803592295304181,0.007080147267063155,0.0012765549717589737,0.005780455124672923
L1_S25_F2081,27375,1156372,0.9768742814131736,0.023125718586826438,0.012872782017901688,0.012872782017901688,0.005838951479281753,0.004639269406392694,0.001199682072889059,0.005780455124672923
L1_S24_F700,23826,1159921,0.9798723882721562,0.02012761172784383,-0.012777640413485855,0.012777640413485855,0.00581849970816978,0.00545622429278939,0.00036227541538039025,0.005780455124672923
L1_S24_F1788,66484,1117263,0.9438359717067921,0.05616402829320788,-0.012764403030374282,0.012764403030374282,0.0056020829473454326,0.009325552012514289,0.0037234690651688565,0.005780455124672923
L1_S25_F2071,27375,1156372,0.9768742814131736,0.023125718586826438,0.01272356171029192,0.01272356171029192,0.005838951479281753,0.004639269406392694,0.001199682072889059,0.005780455124672923
L1_S25_F2322,3579,1180168,0.9969765498877716,0.0030234501122283763,0.012710652594118913,0.012710652594118913,0.005810189735698646,0.006146968426934898,0.00033677869123625165,0.005780455124672923
L1_S24_F907,11834,1171913,0.9900029313696255,0.009997068630374528,0.012707027595657406,0.012707027595657406,0.00582125123622658,0.004816630049011323,0.001004621187215257,0.005780455124672923
L1_S25_F2066,27375,1156372,0.9768742814131736,0.023125718586826438,-0.012704425550497,0.012704425550497,0.005838951479281753,0.004639269406392694,0.001199682072889059,0.005780455124672923
L0_S14_F390,120625,1063122,0.8980990025740297,0.10190099742597025,-0.012672588001358218,0.012672588001358218,0.00582999881481147,0.0056455958549222795,0.00018440295988919088,0.005780455124672923
L1_S24_F1773,66484,1117263,0.9438359717067921,0.05616402829320788,-0.012533176471876645,0.012533176471876645,0.0056020829473454326,0.009325552012514289,0.0037234690651688565,0.005780455124672923
L1_S25_F3001,8973,1174774,0.9924198329541701,0.0075801670458298664,-0.012502713707404377,0.012502713707404377,0.005809628064632006,0.006018054162487462,0.00020842609785545578,0.005780455124672923
L1_S25_F2761,2477,1181270,0.997907492057002,0.0020925079429979787,0.01248991722068226,0.01248991722068226,0.0058073090825975435,0.007670569236980218,0.0018632601543826744,0.005780455124672923
L1_S25_F2764,2477,1181270,0.997907492057002,0.0020925079429979787,0.01248991722068226,0.01248991722068226,0.0058073090825975435,0.007670569236980218,0.0018632601543826744,0.005780455124672923
L1_S24_F882,12026,1171721,0.9898407345488521,0.01015926545114787,-0.012363667708977278,0.012363667708977278,0.0058068430966074685,0.006236487610177948,0.0004296445135704794,0.005780455124672923
L1_S25_F2405,3464,1180283,0.997073699025214,0.002926300974785967,0.012363265756512795,0.012363265756512795,0.005805387352016423,0.00779445727482679,0.0019890699228103667,0.005780455124672923
L1_S25_F2603,2154,1181593,0.9981803544169489,0.0018196455830511438,-0.012351238060775727,0.012351238060775727,0.005816723694199272,0.002785515320334262,0.00303120837386501,0.005780455124672923
L1_S24_F877,12026,1171721,0.9898407345488521,0.01015926545114787,-0.012310404250004618,0.012310404250004618,0.0058068430966074685,0.006236487610177948,0.0004296445135704794,0.005780455124672923
L1_S25_F2170,54992,1128755,0.9535441272501641,0.04645587274983587,-0.01228866383069052,0.01228866383069052,0.00584449238320096,0.005128018620890311,0.0007164737623106491,0.005780455124672923
L1_S25_F2439,3615,1180132,0.9969461379838767,0.003053862016123343,0.012283292012797507,0.012283292012797507,0.005809519613060234,0.00636237897648686,0.0005528593634266266,0.005780455124672923
L1_S25_F2016,27528,1156219,0.9767450308216198,0.023254969178380214,-0.012236373220933735,0.012236373220933735,0.005829345478667969,0.00504940424295263,0.0007799412357153389,0.005780455124672923
L1_S25_F2116,27769,1155978,0.9765414400205449,0.023458559979455118,0.012207077388470516,0.012207077388470516,0.005815854626991171,0.005617775216968562,0.00019807941002260906,0.005780455124672923
L1_S25_F2441,3615,1180132,0.9969461379838767,0.003053862016123343,-0.012194675812146403,0.012194675812146403,0.005809519613060234,0.00636237897648686,0.0005528593634266266,0.005780455124672923
L1_S25_F2126,27769,1155978,0.9765414400205449,0.023458559979455118,0.011996018185086669,0.011996018185086669,0.005815854626991171,0.005617775216968562,0.00019807941002260906,0.005780455124672923
L1_S25_F2456,7062,1176685,0.99403419818593,0.005965801814070026,0.011900015227913816,0.011900015227913816,0.005803592295304181,0.007080147267063155,0.0012765549717589737,0.005780455124672923
L1_S24_F1753,66500,1117247,0.9438224553050609,0.056177544694939074,0.01180108464085513,0.01180108464085513,0.00561200880378287,0.009157894736842104,0.0035458859330592344,0.005780455124672923
L1_S24_F897,12026,1171721,0.9898407345488521,0.01015926545114787,0.0117440671139229,0.0117440671139229,0.0058068430966074685,0.006236487610177948,0.0004296445135704794,0.005780455124672923
L1_S25_F2176,54992,1128755,0.9535441272501641,0.04645587274983587,0.011664495046430166,0.011664495046430166,0.00584449238320096,0.005128018620890311,0.0007164737623106491,0.005780455124672923
L1_S25_F2965,8800,1174947,0.9925659790478878,0.007434020952112208,-0.011566978331786083,0.011566978331786083,0.005820688082100725,0.004545454545454545,0.0012752335366461795,0.005780455124672923
L1_S25_F1855,55466,1128281,0.9531437038488799,0.04685629615112008,0.011477921518756545,0.011477921518756545,0.005846061397825542,0.0051022247863556055,0.0007438366114699366,0.005780455124672923
L1_S25_F2243,4502,1179245,0.9961968224629081,0.0038031775370919174,-0.011412538829942823,0.011412538829942823,0.005824913397979216,0.002221235006663705,0.0036036783913155107,0.005780455124672923
L1_S24_F1571,132906,1050841,0.8877243194702922,0.11227568052970782,0.011388812806403623,0.011388812806403623,0.005411855837372162,0.008968744827171084,0.003556888989798922,0.005780455124672923
L0_S23_F663,80290,1103457,0.9321730065630578,0.0678269934369422,0.011380719724388816,0.011380719724388816,0.00584073507168834,0.005405405405405406,0.00043532966628293413,0.005780455124672923
L1_S25_F1858,55466,1128281,0.9531437038488799,0.04685629615112008,-0.011304173425679225,0.011304173425679225,0.005846061397825542,0.0051022247863556055,0.0007438366114699366,0.005780455124672923
L1_S24_F844,12026,1171721,0.9898407345488521,0.01015926545114787,-0.011250220307505231,0.011250220307505231,0.0058068430966074685,0.006236487610177948,0.0004296445135704794,0.005780455124672923
L1_S24_F1225,13641,1170106,0.9884764227491178,0.011523577250882155,-0.011205116908593297,0.011205116908593297,0.0058011838243714675,0.006671065171175133,0.000869881346803666,0.005780455124672923
L3_S30_F3759,1119569,64178,0.05421597689371124,0.9457840231062887,-0.011190066951684934,0.011190066951684934,0.005110785627473589,0.005851358871137018,0.0007405732436634284,0.005780455124672923
L1_S25_F2247,7147,1176600,0.9939623923017334,0.006037607698266556,0.0111521026479283,0.0111521026479283,0.0058040115587285395,0.006995942353435008,0.001191930794706468,0.005780455124672923
L1_S24_F1569,132906,1050841,0.8877243194702922,0.11227568052970782,0.011117976759777085,0.011117976759777085,0.005411855837372162,0.008968744827171084,0.003556888989798922,0.005780455124672923
L1_S25_F2514,4295,1179452,0.9963716909103043,0.0036283090896956915,0.011093184561929068,0.011093184561929068,0.005825586797936669,0.0018626309662398137,0.003962955831696855,0.005780455124672923
L1_S24_F790,23637,1160110,0.9800320507676049,0.019967949232395088,-0.011081228616257663,0.011081228616257663,0.0058209997327839606,0.005330625713923087,0.0004903740188608738,0.005780455124672923
L1_S25_F2245,4502,1179245,0.9961968224629081,0.0038031775370919174,0.011040248714739785,0.011040248714739785,0.005824913397979216,0.002221235006663705,0.0036036783913155107,0.005780455124672923
L1_S24_F1818,66466,1117281,0.9438511776587396,0.056148822341260396,0.010980276024623056,0.010980276024623056,0.005644954134188266,0.00860590377034875,0.0029609496361604837,0.005780455124672923
L1_S25_F2739,4268,1179479,0.9963944998382256,0.003605500161774411,0.010978975179563548,0.010978975179563548,0.0058254534417314765,0.0018744142455482662,0.00395103919618321,0.005780455124672923
L1_S24_F1230,13641,1170106,0.9884764227491178,0.011523577250882155,-0.010954235027390732,0.010954235027390732,0.0058011838243714675,0.006671065171175133,0.000869881346803666,0.005780455124672923
L1_S24_F1820,66466,1117281,0.9438511776587396,0.056148822341260396,-0.010953984587277902,0.010953984587277902,0.005644954134188266,0.00860590377034875,0.0029609496361604837,0.005780455124672923
L1_S24_F1381,13560,1170187,0.9885448495328816,0.011455150467118425,0.010868347757495794,0.010868347757495794,0.005789672932616753,0.007669616519174041,0.0018799435865572882,0.005780455124672923
L1_S25_F2589,2147,1181600,0.9981862678427063,0.001813732157293746,-0.01086813713131172,0.01086813713131172,0.0058200744752877455,0.0009315323707498836,0.004888542104537862,0.005780455124672923
L0_S14_F382,120625,1063122,0.8980990025740297,0.10190099742597025,-0.01080750199550397,0.01080750199550397,0.00582999881481147,0.0056455958549222795,0.00018440295988919088,0.005780455124672923
L1_S24_F1426,13596,1170151,0.9885144376289866,0.011485562371013391,0.010792016017164011,0.010792016017164011,0.005794124006218001,0.007281553398058253,0.0014874293918402514,0.005780455124672923
L1_S25_F2773,2477,1181270,0.997907492057002,0.0020925079429979787,0.010791636110750787,0.010791636110750787,0.0058073090825975435,0.007670569236980218,0.0018632601543826744,0.005780455124672923
L0_S0_F4,673862,509885,0.43073815604178933,0.5692618439582107,-0.010737260951706996,0.010737260951706996,0.006415172048599194,0.0053542119899920165,0.0010609600586071778,0.005780455124672923
L1_S24_F1386,13560,1170187,0.9885448495328816,0.011455150467118425,-0.010720557171278308,0.010720557171278308,0.005789672932616753,0.007669616519174041,0.0018799435865572882,0.005780455124672923
L1_S24_F1026,11951,1171796,0.9899040926819667,0.010095907318033337,-0.01069310342124771,0.01069310342124771,0.00581585873309006,0.00535520040164003,0.0004606583314500298,0.005780455124672923
L1_S25_F2101,27769,1155978,0.9765414400205449,0.023458559979455118,-0.010684504840409547,0.010684504840409547,0.005815854626991171,0.005617775216968562,0.00019807941002260906,0.005780455124672923
L0_S0_F6,673862,509885,0.43073815604178933,0.5692618439582107,-0.010624689597219817,0.010624689597219817,0.006415172048599194,0.0053542119899920165,0.0010609600586071778,0.005780455124672923
L2_S26_F3051,227011,956736,0.8082267579136421,0.19177324208635793,-0.01059067427081986,0.01059067427081986,0.005418422636965683,0.0074665985348727594,0.002048175897907076,0.005780455124672923
L3_S38_F3960,27142,1156605,0.977071114013383,0.02292888598661702,0.010469358790653463,0.010469358790653463,0.005764284262993849,0.007810772971778056,0.0020464887087842075,0.005780455124672923
L1_S25_F2131,27769,1155978,0.9765414400205449,0.023458559979455118,0.010292601556242089,0.010292601556242089,0.005815854626991171,0.005617775216968562,0.00019807941002260906,0.005780455124672923
L0_S12_F348,242061,941686,0.7955128925353138,0.20448710746468624,-0.010264301174874431,0.010264301174874431,0.005900055857260275,0.0054655644651554775,0.0004344913921047978,0.005780455124672923
L3_S29_F3348,1119629,64118,0.05416529038721957,0.9458347096127804,-0.010260920225211533,0.010260920225211533,0.005193549393306092,0.005846579536614361,0.0006530301433082687,0.005780455124672923
L3_S29_F3395,1119629,64118,0.05416529038721957,0.9458347096127804,-0.010260920225211533,0.010260920225211533,0.005193549393306092,0.005846579536614361,0.0006530301433082687,0.005780455124672923
L0_S6_F132,338988,844759,0.7136313756233384,0.28636862437666155,0.010233643982535543,0.010233643982535543,0.00600644680908993,0.005324672259785007,0.0006817745493049232,0.005780455124672923
L1_S24_F1106,23827,1159920,0.979871543497048,0.02012845650295203,-0.010127225529187689,0.010127225529187689,0.005818504724463756,0.005455995299450203,0.00036250942501355257,0.005780455124672923
L0_S7_F136,335698,848049,0.7164106857292986,0.28358931427070144,-0.010078227411290597,0.010078227411290597,0.005983144841866449,0.0053768565794255554,0.0006062882624408936,0.005780455124672923
L0_S13_F354,242065,941682,0.795509513434881,0.20449048656511903,-0.010047710871121163,0.010047710871121163,0.005900080919036363,0.0054654741495052984,0.00043460676953106445,0.005780455124672923
L1_S24_F1068,23827,1159920,0.979871543497048,0.02012845650295203,-0.010039049896205843,0.010039049896205843,0.005818504724463756,0.005455995299450203,0.00036250942501355257,0.005780455124672923
L3_S32_F3850,24543,1159204,0.9792666845195807,0.020733315480419345,-0.009986946971454993,0.009986946971454993,0.004980141545405295,0.045063765635822844,0.04008362409041755,0.005780455124672923
L1_S24_F1240,13641,1170106,0.9884764227491178,0.011523577250882155,-0.009928179578388338,0.009928179578388338,0.0058011838243714675,0.006671065171175133,0.000869881346803666,0.005780455124672923
L1_S25_F2540,2147,1181600,0.9981862678427063,0.001813732157293746,-0.009911708792446487,0.009911708792446487,0.0058200744752877455,0.0009315323707498836,0.004888542104537862,0.005780455124672923
L1_S25_F2776,2477,1181270,0.997907492057002,0.0020925079429979787,-0.009769580200697929,0.009769580200697929,0.0058073090825975435,0.007670569236980218,0.0018632601543826744,0.005780455124672923
L1_S24_F834,12026,1171721,0.9898407345488521,0.01015926545114787,-0.009629671244733176,0.009629671244733176,0.0058068430966074685,0.006236487610177948,0.0004296445135704794,0.005780455124672923
L1_S25_F2241,4502,1179245,0.9961968224629081,0.0038031775370919174,0.009618002049098746,0.009618002049098746,0.005824913397979216,0.002221235006663705,0.0036036783913155107,0.005780455124672923
L1_S25_F2002,27528,1156219,0.9767450308216198,0.023254969178380214,-0.009594412825759367,0.009594412825759367,0.005829345478667969,0.00504940424295263,0.0007799412357153389,0.005780455124672923
L1_S24_F1520,132572,1051175,0.8880064743564292,0.11199352564357079,0.009586666428761435,0.009586666428761435,0.005412038908840107,0.008976254412696496,0.003564215503856389,0.005780455124672923
L1_S24_F1662,66583,1117164,0.9437523389710808,0.056247661028919205,0.009475567297937904,0.009475567297937904,0.005614215996935097,0.009116441133622696,0.003502225136687599,0.005780455124672923
L1_S24_F1041,11951,1171796,0.9899040926819667,0.010095907318033337,0.009454086067118736,0.009454086067118736,0.00581585873309006,0.00535520040164003,0.0004606583314500298,0.005780455124672923
L0_S23_F643,80290,1103457,0.9321730065630578,0.0678269934369422,0.009445803392684402,0.009445803392684402,0.00584073507168834,0.005405405405405406,0.00043532966628293413,0.005780455124672923
L1_S25_F2828,8872,1174875,0.9925051552400977,0.007494844759902253,-0.009442070878060574,0.009442070878060574,0.005815937865730397,0.005184851217312894,0.0006310866484175032,0.005780455124672923
L3_S35_F3894,552047,631700,0.5336444358465111,0.4663555641534889,-0.009365191535196084,0.009365191535196084,0.00587620706031344,0.005736830378572839,0.0001393766817406007,0.005780455124672923
L0_S21_F472,81368,1102379,0.9312623389964241,0.06873766100357592,-0.009333806023971101,0.009333806023971101,0.00582195415551276,0.0056656179333398875,0.0001563362221728721,0.005780455124672923
L0_S19_F459,121027,1062720,0.8977594029805356,0.10224059701946442,0.009297564712076576,0.009297564712076576,0.005843495934959349,0.00552769216786337,0.00031580376709597954,0.005780455124672923
L3_S41_F4004,59913,1123834,0.9493869889427387,0.05061301105726135,-0.009104313221134057,0.009104313221134057,0.005850508171135594,0.005074024001468796,0.000776484169666798,0.005780455124672923
L1_S25_F1992,27528,1156219,0.9767450308216198,0.023254969178380214,0.009063594845774325,0.009063594845774325,0.005829345478667969,0.00504940424295263,0.0007799412357153389,0.005780455124672923
L1_S24_F800,23841,1159906,0.9798597166455332,0.020140283354466826,-0.009035476658612108,0.009035476658612108,0.00581857495348761,0.005452791409756302,0.000365783543731308,0.005780455124672923
L1_S24_F1087,23827,1159920,0.979871543497048,0.02012845650295203,-0.009022964974618474,0.009022964974618474,0.005818504724463756,0.005455995299450203,0.00036250942501355257,0.005780455124672923
L1_S24_F1743,66500,1117247,0.9438224553050609,0.056177544694939074,0.00897391340769059,0.00897391340769059,0.00561200880378287,0.009157894736842104,0.0035458859330592344,0.005780455124672923
L1_S24_F1094,23827,1159920,0.979871543497048,0.02012845650295203,-0.008870946051661424,0.008870946051661424,0.005818504724463756,0.005455995299450203,0.00036250942501355257,0.005780455124672923
L1_S24_F1446,13596,1170151,0.9885144376289866,0.011485562371013391,0.00885472309109625,0.00885472309109625,0.005794124006218001,0.007281553398058253,0.0014874293918402514,0.005780455124672923
L3_S30_F3709,810256,373491,0.31551589993469886,0.6844841000653011,-0.008797832795450758,0.008797832795450758,0.006324114905044566,0.005574781303686736,0.0007493336013578294,0.005780455124672923
L1_S25_F2594,2154,1181593,0.9981803544169489,0.0018196455830511438,0.008763456882945865,0.008763456882945865,0.005816723694199272,0.002785515320334262,0.00303120837386501,0.005780455124672923
L0_S21_F512,81368,1102379,0.9312623389964241,0.06873766100357592,-0.008632776215806652,0.008632776215806652,0.00582195415551276,0.0056656179333398875,0.0001563362221728721,0.005780455124672923
L1_S25_F2462,7062,1176685,0.99403419818593,0.005965801814070026,0.008604286775213498,0.008604286775213498,0.005803592295304181,0.007080147267063155,0.0012765549717589737,0.005780455124672923
L3_S30_F3519,1119569,64178,0.05421597689371124,0.9457840231062887,-0.008543641324453054,0.008543641324453054,0.005110785627473589,0.005851358871137018,0.0007405732436634284,0.005780455124672923
L1_S25_F2712,2117,1181630,0.9982116110959521,0.0017883889040478662,-0.008540448928405808,0.008540448928405808,0.005819926711407124,0.000944733112895607,0.004875193598511516,0.005780455124672923
L1_S25_F2783,17778,1165969,0.9849815881265169,0.015018411873483073,0.008535792081198638,0.008535792081198638,0.0058191941638242525,0.005287433907076162,0.0005317602567480907,0.005780455124672923
L1_S24_F1763,66484,1117263,0.9438359717067921,0.05616402829320788,-0.008487588459517637,0.008487588459517637,0.0056020829473454326,0.009325552012514289,0.0037234690651688565,0.005780455124672923
L0_S16_F421,119139,1064608,0.8993543383848069,0.10064566161519306,0.00846983313021329,0.00846983313021329,0.005840647449577685,0.005548141246778973,0.0002925062027987124,0.005780455124672923
L1_S25_F2327,3598,1180149,0.9969604991607159,0.0030395008392840595,0.008451055574981815,0.008451055574981815,0.0058051991740026045,0.007782101167315175,0.0019769019933125707,0.005780455124672923
L1_S24_F920,11834,1171913,0.9900029313696255,0.009997068630374528,-0.008450556343479434,0.008450556343479434,0.00582125123622658,0.004816630049011323,0.001004621187215257,0.005780455124672923
L1_S24_F1573,132906,1050841,0.8877243194702922,0.11227568052970782,0.008403588094004474,0.008403588094004474,0.005411855837372162,0.008968744827171084,0.003556888989798922,0.005780455124672923
L3_S29_F3407,1119629,64118,0.05416529038721957,0.9458347096127804,0.008388166893049527,0.008388166893049527,0.005193549393306092,0.005846579536614361,0.0006530301433082687,0.005780455124672923
L3_S29_F3412,1119629,64118,0.05416529038721957,0.9458347096127804,0.008388166893049527,0.008388166893049527,0.005193549393306092,0.005846579536614361,0.0006530301433082687,0.005780455124672923
L0_S15_F403,121445,1062302,0.8974062869853102,0.10259371301468978,0.008377889887843439,0.008377889887843439,0.005873094468427999,0.005269875252171765,0.0006032192162562346,0.005780455124672923
L1_S24_F1346,13563,1170184,0.988542315207557,0.011457684792443024,-0.008375864479229772,0.008375864479229772,0.005781996677445598,0.0083314900833149,0.0025494934058693025,0.005780455124672923
L1_S25_F2720,2117,1181630,0.9982116110959521,0.0017883889040478662,0.008243935597991829,0.008243935597991829,0.005819926711407124,0.000944733112895607,0.004875193598511516,0.005780455124672923
L1_S24_F1506,27152,1156595,0.977062666262301,0.022937333737699017,0.008181786646191177,0.008181786646191177,0.005772115563356231,0.007476428992339423,0.0017043134289831917,0.005780455124672923
L1_S25_F2770,2477,1181270,0.997907492057002,0.0020925079429979787,0.0081647983761149,0.0081647983761149,0.0058073090825975435,0.007670569236980218,0.0018632601543826744,0.005780455124672923
L0_S17_F431,123027,1060720,0.8960698527641464,0.10393014723585359,-0.008156411689213907,0.008156411689213907,0.005861113206124142,0.005380932640802426,0.0004801805653217167,0.005780455124672923
L1_S25_F2356,3598,1180149,0.9969604991607159,0.0030395008392840595,-0.008145694690737672,0.008145694690737672,0.0058051991740026045,0.007782101167315175,0.0019769019933125707,0.005780455124672923
L1_S25_F2111,27769,1155978,0.9765414400205449,0.023458559979455118,0.008145172611500816,0.008145172611500816,0.005815854626991171,0.005617775216968562,0.00019807941002260906,0.005780455124672923
L3_S29_F3479,1069324,114423,0.0966617022049475,0.9033382977950525,0.008135234417179138,0.008135234417179138,0.005103868977390909,0.00588689676842566,0.0007830277910347511,0.005780455124672923
L1_S25_F2722,2117,1181630,0.9982116110959521,0.0017883889040478662,0.008106634928373397,0.008106634928373397,0.005819926711407124,0.000944733112895607,0.004875193598511516,0.005780455124672923
L1_S25_F2161,54992,1128755,0.9535441272501641,0.04645587274983587,0.008099769083930255,0.008099769083930255,0.00584449238320096,0.005128018620890311,0.0007164737623106491,0.005780455124672923
L1_S25_F3030,17772,1165975,0.984986656777166,0.015013343222833986,0.008021201732907457,0.008021201732907457,0.005819164218786852,0.005289218996173756,0.0005299452226130959,0.005780455124672923
L1_S24_F1010,11879,1171868,0.9899649164897567,0.010035083510243292,-0.008000237015703657,0.008000237015703657,0.00581379472773384,0.00555602323427898,0.00025777149345485983,0.005780455124672923
L3_S44_F4115,29804,1153943,0.974822322675369,0.025177677324631054,0.007984604659628382,0.007984604659628382,0.005834776934389307,0.0048986713192860016,0.0009361056151033055,0.005780455124672923
L3_S48_F4196,59923,1123824,0.9493785411916567,0.050621458808343345,-0.007984384712072459,0.007984384712072459,0.005851450049118011,0.005056489161090066,0.0007949608880279454,0.005780455124672923
L1_S24_F1255,13641,1170106,0.9884764227491178,0.011523577250882155,-0.007968214798801134,0.007968214798801134,0.0058011838243714675,0.006671065171175133,0.000869881346803666,0.005780455124672923
L0_S17_F433,123027,1060720,0.8960698527641464,0.10393014723585359,-0.007957637709444541,0.007957637709444541,0.005861113206124142,0.005380932640802426,0.0004801805653217167,0.005780455124672923
L3_S48_F4193,59923,1123824,0.9493785411916567,0.050621458808343345,-0.00791921137195319,0.00791921137195319,0.005851450049118011,0.005056489161090066,0.0007949608880279454,0.005780455124672923
L3_S30_F3794,1119811,63936,0.05401154131752815,0.9459884586824718,-0.007812768277930789,0.007812768277930789,0.00513013013013013,0.0058500943462780775,0.0007199642161479477,0.005780455124672923
L1_S25_F2341,3598,1180149,0.9969604991607159,0.0030395008392840595,0.007760532566081255,0.007760532566081255,0.0058051991740026045,0.007782101167315175,0.0019769019933125707,0.005780455124672923
L1_S24_F887,12026,1171721,0.9898407345488521,0.01015926545114787,-0.007740881117966184,0.007740881117966184,0.0058068430966074685,0.006236487610177948,0.0004296445135704794,0.005780455124672923
L0_S7_F138,335698,848049,0.7164106857292986,0.28358931427070144,0.007611213746249091,0.007611213746249091,0.005983144841866449,0.0053768565794255554,0.0006062882624408936,0.005780455124672923
L2_S27_F3129,120729,1063018,0.8980111459627775,0.10198885403722247,-0.007591368980587748,0.007591368980587748,0.005697927974879071,0.006808637527023333,0.0011107095521442623,0.005780455124672923
L1_S25_F2999,8973,1174774,0.9924198329541701,0.0075801670458298664,-0.007578652036008265,0.007578652036008265,0.005809628064632006,0.006018054162487462,0.00020842609785545578,0.005780455124672923
L1_S25_F2642,2154,1181593,0.9981803544169489,0.0018196455830511438,0.007559953779484906,0.007559953779484906,0.005816723694199272,0.002785515320334262,0.00303120837386501,0.005780455124672923
L0_S18_F449,121081,1062666,0.897713785124693,0.10228621487530698,-0.007533433044476138,0.007533433044476138,0.005857908317382884,0.00540134290268498,0.0004565654146979044,0.005780455124672923
L1_S25_F2618,2154,1181593,0.9981803544169489,0.0018196455830511438,-0.0074106478556438295,0.0074106478556438295,0.005816723694199272,0.002785515320334262,0.00303120837386501,0.005780455124672923
L3_S29_F3476,1069324,114423,0.0966617022049475,0.9033382977950525,0.00737756060462496,0.00737756060462496,0.005103868977390909,0.00588689676842566,0.0007830277910347511,0.005780455124672923
L1_S25_F2490,9864,1173883,0.9916671383327688,0.00833286166723124,0.007320635876577397,0.007320635876577397,0.0058276676636427995,0.0038523925385239256,0.001975275125118874,0.005780455124672923
L1_S24_F1118,27202,1156545,0.9770204275068912,0.02297957249310878,-0.00719841536433162,0.00719841536433162,0.005772365104686804,0.007462686567164179,0.0016903214624773748,0.005780455124672923
L1_S24_F1810,66466,1117281,0.9438511776587396,0.056148822341260396,-0.007181117764147423,0.007181117764147423,0.005644954134188266,0.00860590377034875,0.0029609496361604837,0.005780455124672923
L1_S24_F1072,23827,1159920,0.979871543497048,0.02012845650295203,0.007088941119207391,0.007088941119207391,0.005818504724463756,0.005455995299450203,0.00036250942501355257,0.005780455124672923
L1_S25_F2692,2168,1181579,0.9981685275654342,0.0018314724345658284,-0.007057730487046843,0.007057730487046843,0.005816792613951331,0.0027675276752767526,0.0030492649386745785,0.005780455124672923
L1_S25_F2493,9864,1173883,0.9916671383327688,0.00833286166723124,0.007021625676997601,0.007021625676997601,0.0058276676636427995,0.0038523925385239256,0.001975275125118874,0.005780455124672923
L1_S24_F728,23826,1159921,0.9798723882721562,0.02012761172784383,0.00702152838778799,0.00702152838778799,0.00581849970816978,0.00545622429278939,0.00036227541538039025,0.005780455124672923
L3_S29_F3315,1119629,64118,0.05416529038721957,0.9458347096127804,-0.006980508104240537,0.006980508104240537,0.005193549393306092,0.005846579536614361,0.0006530301433082687,0.005780455124672923
L3_S29_F3439,1119629,64118,0.05416529038721957,0.9458347096127804,-0.006980508104240537,0.006980508104240537,0.005193549393306092,0.005846579536614361,0.0006530301433082687,0.005780455124672923
L0_S21_F507,81368,1102379,0.9312623389964241,0.06873766100357592,0.006978760240393224,0.006978760240393224,0.00582195415551276,0.0056656179333398875,0.0001563362221728721,0.005780455124672923
L1_S24_F1514,132907,1050840,0.887723474695184,0.11227652530481602,0.006952286053710817,0.006952286053710817,0.0054118609874005555,0.008968677345813237,0.0035568163584126814,0.005780455124672923
L0_S10_F264,224523,959224,0.8103285583828301,0.18967144161716987,0.006893332874047154,0.006893332874047154,0.005896432949967891,0.005447103414794921,0.0004493295351729702,0.005780455124672923
L1_S24_F983,11834,1171913,0.9900029313696255,0.009997068630374528,0.00685854028988602,0.00685854028988602,0.00582125123622658,0.004816630049011323,0.001004621187215257,0.005780455124672923
L0_S10_F249,224523,959224,0.8103285583828301,0.18967144161716987,0.00684097173502708,0.00684097173502708,0.005896432949967891,0.005447103414794921,0.0004493295351729702,0.005780455124672923
L1_S24_F1431,13596,1170151,0.9885144376289866,0.011485562371013391,0.006839551512341025,0.006839551512341025,0.005794124006218001,0.007281553398058253,0.0014874293918402514,0.005780455124672923
L0_S22_F596,80591,1103156,0.9319187292554912,0.06808127074450876,0.006826182661719732,0.006826182661719732,0.005847767677463568,0.005310766710923056,0.0005370009665405118,0.005780455124672923
L2_S28_F3233,9583,1174164,0.9919045201381714,0.00809547986182857,-0.006808133747863878,0.006808133747863878,0.005801574567096249,0.006991547532088072,0.0011899729649918235,0.005780455124672923
L3_S30_F3579,810256,373491,0.31551589993469886,0.6844841000653011,-0.006746689230043844,0.006746689230043844,0.006324114905044566,0.005574781303686736,0.0007493336013578294,0.005780455124672923
L3_S47_F4158,59955,1123792,0.9493515083881945,0.05064849161180551,0.006712741426918136,0.006712741426918136,0.005850726824892863,0.005070469518805771,0.0007802573060870918,0.005780455124672923
L0_S21_F477,81409,1102338,0.9312277032169881,0.06877229678301189,-0.00670526247279796,0.00670526247279796,0.005822170695376554,0.0056627645592010716,0.0001594061361754823,0.005780455124672923
L0_S16_F426,119139,1064608,0.8993543383848069,0.10064566161519306,-0.006680763587633167,0.006680763587633167,0.005840647449577685,0.005548141246778973,0.0002925062027987124,0.005780455124672923
L1_S25_F2433,3615,1180132,0.9969461379838767,0.003053862016123343,-0.0066750927104078685,0.0066750927104078685,0.005809519613060234,0.00636237897648686,0.0005528593634266266,0.005780455124672923
L0_S21_F487,81409,1102338,0.9312277032169881,0.06877229678301189,0.0066533339073399965,0.0066533339073399965,0.005822170695376554,0.0056627645592010716,0.0001594061361754823,0.005780455124672923
L3_S30_F3744,1119569,64178,0.05421597689371124,0.9457840231062887,0.0065828462701409485,0.0065828462701409485,0.005110785627473589,0.005851358871137018,0.0007405732436634284,0.005780455124672923
L1_S25_F2758,2477,1181270,0.997907492057002,0.0020925079429979787,0.00656641806904451,0.00656641806904451,0.0058073090825975435,0.007670569236980218,0.0018632601543826744,0.005780455124672923
L1_S25_F2423,3464,1180283,0.997073699025214,0.002926300974785967,0.006546492925913021,0.006546492925913021,0.005805387352016423,0.00779445727482679,0.0019890699228103667,0.005780455124672923
L1_S25_F3003,8973,1174774,0.9924198329541701,0.0075801670458298664,0.00651568085572076,0.00651568085572076,0.005809628064632006,0.006018054162487462,0.00020842609785545578,0.005780455124672923
L3_S29_F3345,1119629,64118,0.05416529038721957,0.9458347096127804,-0.006511284854372277,0.006511284854372277,0.005193549393306092,0.005846579536614361,0.0006530301433082687,0.005780455124672923
L3_S29_F3401,1119629,64118,0.05416529038721957,0.9458347096127804,-0.006511284854372277,0.006511284854372277,0.005193549393306092,0.005846579536614361,0.0006530301433082687,0.005780455124672923
L3_S47_F4143,59955,1123792,0.9493515083881945,0.05064849161180551,0.006491163045675891,0.006491163045675891,0.005850726824892863,0.005070469518805771,0.0007802573060870918,0.005780455124672923
L0_S14_F358,120625,1063122,0.8980990025740297,0.10190099742597025,-0.006475387276837438,0.006475387276837438,0.00582999881481147,0.0056455958549222795,0.00018440295988919088,0.005780455124672923
L0_S5_F114,339512,844235,0.7131887134666445,0.2868112865333555,-0.006461725570915456,0.006461725570915456,0.006003067866174702,0.005334126628808407,0.0006689412373662952,0.005780455124672923
L1_S24_F925,11834,1171913,0.9900029313696255,0.009997068630374528,-0.0064442855291744405,0.0064442855291744405,0.00582125123622658,0.004816630049011323,0.001004621187215257,0.005780455124672923
L1_S25_F2136,54992,1128755,0.9535441272501641,0.04645587274983587,0.006442964959614703,0.006442964959614703,0.00584449238320096,0.005128018620890311,0.0007164737623106491,0.005780455124672923
L1_S25_F2106,27769,1155978,0.9765414400205449,0.023458559979455118,-0.0064345368519517845,0.0064345368519517845,0.005815854626991171,0.005617775216968562,0.00019807941002260906,0.005780455124672923
L1_S25_F1885,55418,1128329,0.9531842530540732,0.04681574694592683,-0.006398259243264098,0.006398259243264098,0.005845812701791765,0.005106644050669458,0.0007391686511223072,0.005780455124672923
L3_S41_F4011,59913,1123834,0.9493869889427387,0.05061301105726135,-0.006389553641525671,0.006389553641525671,0.005850508171135594,0.005074024001468796,0.000776484169666798,0.005780455124672923
L1_S24_F1834,132922,1050825,0.8877108030685611,0.1122891969314389,-0.006332852966860339,0.006332852966860339,0.005411938239002688,0.008967665247287883,0.0035557270082851944,0.005780455124672923
L1_S24_F1567,132909,1050838,0.8877217851449676,0.11227821485503242,-0.006326284876240089,0.006326284876240089,0.005411871287486748,0.008968542386143903,0.0035566710986571545,0.005780455124672923
L1_S24_F1783,66484,1117263,0.9438359717067921,0.05616402829320788,0.00632005415417809,0.00632005415417809,0.0056020829473454326,0.009325552012514289,0.0037234690651688565,0.005780455124672923
L1_S24_F978,11834,1171913,0.9900029313696255,0.009997068630374528,-0.006283761575689303,0.006283761575689303,0.00582125123622658,0.004816630049011323,0.001004621187215257,0.005780455124672923
L3_S50_F4241,30359,1153388,0.974353472490321,0.025646527509678996,0.006280135537448848,0.006280135537448848,0.0058271804457823385,0.005204387496294345,0.0006227929494879939,0.005780455124672923
L1_S24_F1148,27177,1156570,0.9770415468845961,0.0229584531154039,0.006250233318871442,0.006250233318871442,0.0057722403313245196,0.007469551458954263,0.0016973111276297435,0.005780455124672923
L0_S15_F400,121445,1062302,0.8974062869853102,0.10259371301468978,-0.0062395231078668885,0.0062395231078668885,0.005873094468427999,0.005269875252171765,0.0006032192162562346,0.005780455124672923
L1_S25_F2233,7158,1176589,0.9939530997755432,0.006046900224456753,-0.006226001718793133,0.006226001718793133,0.005804065820775139,0.006985191394244202,0.0011811255734690638,0.005780455124672923
L1_S25_F1890,55409,1128338,0.953191856030047,0.04680814396995303,0.006222213662129374,0.006222213662129374,0.005845766073641055,0.00510747351513292,0.0007382925585081345,0.005780455124672923
L3_S29_F3376,1119629,64118,0.05416529038721957,0.9458347096127804,0.006219065691336757,0.006219065691336757,0.005193549393306092,0.005846579536614361,0.0006530301433082687,0.005780455124672923
L1_S25_F2152,54992,1128755,0.9535441272501641,0.04645587274983587,-0.006202381679714384,0.006202381679714384,0.00584449238320096,0.005128018620890311,0.0007164737623106491,0.005780455124672923
L1_S25_F1900,27979,1155768,0.9763640372478241,0.023635962752175943,0.0061952040318481874,0.0061952040318481874,0.005827294059015304,0.0051467171807427,0.0006805768782726044,0.005780455124672923
L0_S15_F406,121445,1062302,0.8974062869853102,0.10259371301468978,0.006181234162563062,0.006181234162563062,0.005873094468427999,0.005269875252171765,0.0006032192162562346,0.005780455124672923
L3_S41_F4008,59913,1123834,0.9493869889427387,0.05061301105726135,-0.006176428961078109,0.006176428961078109,0.005850508171135594,0.005074024001468796,0.000776484169666798,0.005780455124672923
L1_S24_F1808,66466,1117281,0.9438511776587396,0.056148822341260396,-0.006165182086315468,0.006165182086315468,0.005644954134188266,0.00860590377034875,0.0029609496361604837,0.005780455124672923
L1_S25_F2365,3598,1180149,0.9969604991607159,0.0030395008392840595,0.006155946642843868,0.006155946642843868,0.0058051991740026045,0.007782101167315175,0.0019769019933125707,0.005780455124672923
L0_S10_F259,224523,959224,0.8103285583828301,0.18967144161716987,0.006146942003464125,0.006146942003464125,0.005896432949967891,0.005447103414794921,0.0004493295351729702,0.005780455124672923
L1_S25_F2623,2154,1181593,0.9981803544169489,0.0018196455830511438,0.006111664694382925,0.006111664694382925,0.005816723694199272,0.002785515320334262,0.00303120837386501,0.005780455124672923
L1_S24_F872,12026,1171721,0.9898407345488521,0.01015926545114787,0.006097195722646883,0.006097195722646883,0.0058068430966074685,0.006236487610177948,0.0004296445135704794,0.005780455124672923
L1_S25_F2975,8800,1174947,0.9925659790478878,0.007434020952112208,-0.006088082913785332,0.006088082913785332,0.005820688082100725,0.004545454545454545,0.0012752335366461795,0.005780455124672923
L0_S0_F14,673862,509885,0.43073815604178933,0.5692618439582107,-0.006038082187420232,0.006038082187420232,0.006415172048599194,0.0053542119899920165,0.0010609600586071778,0.005780455124672923
L1_S24_F1110,23827,1159920,0.979871543497048,0.02012845650295203,0.0060198002473140205,0.0060198002473140205,0.005818504724463756,0.005455995299450203,0.00036250942501355257,0.005780455124672923
L1_S24_F1331,13563,1170184,0.988542315207557,0.011457684792443024,-0.005999364903502421,0.005999364903502421,0.005781996677445598,0.0083314900833149,0.0025494934058693025,0.005780455124672923
L1_S24_F1502,27152,1156595,0.977062666262301,0.022937333737699017,-0.005937319778211367,0.005937319778211367,0.005772115563356231,0.007476428992339423,0.0017043134289831917,0.005780455124672923
L1_S25_F2478,9864,1173883,0.9916671383327688,0.00833286166723124,0.005933897479474352,0.005933897479474352,0.0058276676636427995,0.0038523925385239256,0.001975275125118874,0.005780455124672923
L1_S25_F2481,9864,1173883,0.9916671383327688,0.00833286166723124,0.005933897479474352,0.005933897479474352,0.0058276676636427995,0.0038523925385239256,0.001975275125118874,0.005780455124672923
L0_S2_F32,339774,843973,0.7129673823882975,0.2870326176117025,0.005896070571540305,0.005896070571540305,0.005997822205212726,0.0053476722762777614,0.0006501499289349646,0.005780455124672923
L3_S30_F3494,1119805,63942,0.05401660996817732,0.9459833900318226,0.005895394945036027,0.005895394945036027,0.005129648744174408,0.00585012569152665,0.0007204769473522412,0.005780455124672923
L3_S30_F3499,1119802,63945,0.05401914429350191,0.9459808557064981,0.00589538122342167,0.00589538122342167,0.005129408085073109,0.005850141364276899,0.0007207332792037897,0.005780455124672923
L3_S30_F3569,810256,373491,0.31551589993469886,0.6844841000653011,-0.005892871009795895,0.005892871009795895,0.006324114905044566,0.005574781303686736,0.0007493336013578294,0.005780455124672923
L3_S40_F3994,59914,1123833,0.9493861441676305,0.05061385583236955,0.00588898562430341,0.00588898562430341,0.005850513376987506,0.0050739393130153215,0.0007765740639721847,0.005780455124672923
L1_S24_F968,11834,1171913,0.9900029313696255,0.009997068630374528,-0.0058853293884841605,0.0058853293884841605,0.00582125123622658,0.004816630049011323,0.001004621187215257,0.005780455124672923
L1_S25_F2980,8800,1174947,0.9925659790478878,0.007434020952112208,0.005805241058547314,0.005805241058547314,0.005820688082100725,0.004545454545454545,0.0012752335366461795,0.005780455124672923
L1_S24_F1637,66583,1117164,0.9437523389710808,0.056247661028919205,-0.00579381451737336,0.00579381451737336,0.005614215996935097,0.009116441133622696,0.003502225136687599,0.005780455124672923
L1_S25_F2901,8936,1174811,0.9924510896331733,0.0075489103668267,0.0057816549390501395,0.0057816549390501395,0.005814552298199455,0.005371530886302597,0.0004430214118968587,0.005780455124672923
L1_S25_F2263,3579,1180168,0.9969765498877716,0.0030234501122283763,-0.005771572140648183,0.005771572140648183,0.005810189735698646,0.006146968426934898,0.00033677869123625165,0.005780455124672923
L0_S23_F635,80290,1103457,0.9321730065630578,0.0678269934369422,-0.005757219169218632,0.005757219169218632,0.00584073507168834,0.005405405405405406,0.00043532966628293413,0.005780455124672923
L3_S29_F3357,1119629,64118,0.05416529038721957,0.9458347096127804,-0.00571633937548597,0.00571633937548597,0.005193549393306092,0.005846579536614361,0.0006530301433082687,0.005780455124672923
L3_S29_F3404,1119629,64118,0.05416529038721957,0.9458347096127804,-0.00571633937548597,0.00571633937548597,0.005193549393306092,0.005846579536614361,0.0006530301433082687,0.005780455124672923
L1_S25_F2147,54992,1128755,0.9535441272501641,0.04645587274983587,0.005711279413244945,0.005711279413244945,0.00584449238320096,0.005128018620890311,0.0007164737623106491,0.005780455124672923
L3_S29_F3336,1119629,64118,0.05416529038721957,0.9458347096127804,0.005684979622908528,0.005684979622908528,0.005193549393306092,0.005846579536614361,0.0006530301433082687,0.005780455124672923
L3_S29_F3370,1119629,64118,0.05416529038721957,0.9458347096127804,0.005684979622908528,0.005684979622908528,0.005193549393306092,0.005846579536614361,0.0006530301433082687,0.005780455124672923
L3_S30_F3754,1119569,64178,0.05421597689371124,0.9457840231062887,-0.00566842537925863,0.00566842537925863,0.005110785627473589,0.005851358871137018,0.0007405732436634284,0.005780455124672923
L1_S25_F2799,8872,1174875,0.9925051552400977,0.007494844759902253,-0.005657090511047239,0.005657090511047239,0.005815937865730397,0.005184851217312894,0.0006310866484175032,0.005780455124672923
L1_S25_F1892,55409,1128338,0.953191856030047,0.04680814396995303,0.005611641175385788,0.005611641175385788,0.005845766073641055,0.00510747351513292,0.0007382925585081345,0.005780455124672923
L1_S24_F1463,27152,1156595,0.977062666262301,0.022937333737699017,-0.005582678188659882,0.005582678188659882,0.005772115563356231,0.007476428992339423,0.0017043134289831917,0.005780455124672923
L1_S25_F2510,3574,1180173,0.9969807737633126,0.003019226236687378,-0.005563113233152152,0.005563113233152152,0.005827959121247478,0.0002797985450475658,0.005548160576199912,0.005780455124672923
L1_S24_F1512,132907,1050840,0.887723474695184,0.11227652530481602,0.005555457664097196,0.005555457664097196,0.0054118609874005555,0.008968677345813237,0.0035568163584126814,0.005780455124672923
L0_S11_F294,225452,958295,0.8095437623073174,0.1904562376926826,0.005531000130732083,0.005531000130732083,0.0059334547294935275,0.005291592001845182,0.0006418627276483452,0.005780455124672923
L3_S29_F3354,1119629,64118,0.05416529038721957,0.9458347096127804,-0.0055095840480985795,0.0055095840480985795,0.005193549393306092,0.005846579536614361,0.0006530301433082687,0.005780455124672923
L3_S29_F3452,1119629,64118,0.05416529038721957,0.9458347096127804,-0.0055095840480985795,0.0055095840480985795,0.005193549393306092,0.005846579536614361,0.0006530301433082687,0.005780455124672923
L1_S25_F1924,27979,1155768,0.9763640372478241,0.023635962752175943,-0.005485498488700297,0.005485498488700297,0.005827294059015304,0.0051467171807427,0.0006805768782726044,0.005780455124672923
L3_S40_F3980,59896,1123851,0.9494013501195779,0.050598649880422064,-0.005475163403244081,0.005475163403244081,0.00585041967307054,0.005075464137838921,0.0007749555352316194,0.005780455124672923
L1_S24_F1728,66500,1117247,0.9438224553050609,0.056177544694939074,-0.005413806846135993,0.005413806846135993,0.00561200880378287,0.009157894736842104,0.0035458859330592344,0.005780455124672923
L0_S23_F639,80290,1103457,0.9321730065630578,0.0678269934369422,-0.005380392411402467,0.005380392411402467,0.00584073507168834,0.005405405405405406,0.00043532966628293413,0.005780455124672923
L3_S29_F3473,1069324,114423,0.0966617022049475,0.9033382977950525,0.005367613525999974,0.005367613525999974,0.005103868977390909,0.00588689676842566,0.0007830277910347511,0.005780455124672923
L1_S24_F1250,13641,1170106,0.9884764227491178,0.011523577250882155,-0.005365940362811133,0.005365940362811133,0.0058011838243714675,0.006671065171175133,0.000869881346803666,0.005780455124672923
L0_S14_F366,120625,1063122,0.8980990025740297,0.10190099742597025,-0.005350894495384985,0.005350894495384985,0.00582999881481147,0.0056455958549222795,0.00018440295988919088,0.005780455124672923
L1_S25_F2217,3616,1180131,0.9969452932087685,0.003054706791231543,-0.005339269757182809,0.005339269757182809,0.005820540262055653,0.0027654867256637168,0.0030550535363919364,0.005780455124672923
L0_S9_F155,225659,958088,0.8093688938599211,0.19063110614007894,0.005316767603490831,0.005316767603490831,0.005931605447516303,0.00530003234969578,0.0006315730978205232,0.005780455124672923
L3_S33_F3859,1114695,69052,0.058333410771051586,0.9416665892289484,0.005314880603553386,0.005314880603553386,0.019304292417308695,0.004975352002117171,0.014328940415191525,0.005780455124672923
L3_S43_F4065,30551,1153196,0.9741912756695477,0.025808724330452337,0.005311153047161958,0.005311153047161958,0.0058272834799981965,0.005204412294196589,0.0006228711858016073,0.005780455124672923
L1_S24_F1822,66466,1117281,0.9438511776587396,0.056148822341260396,-0.005302969942150115,0.005302969942150115,0.005644954134188266,0.00860590377034875,0.0029609496361604837,0.005780455124672923
L2_S27_F3162,120729,1063018,0.8980111459627775,0.10198885403722247,-0.005302914315927276,0.005302914315927276,0.005697927974879071,0.006808637527023333,0.0011107095521442623,0.005780455124672923
L1_S24_F1197,13641,1170106,0.9884764227491178,0.011523577250882155,-0.005271585947366481,0.005271585947366481,0.0058011838243714675,0.006671065171175133,0.000869881346803666,0.005780455124672923
L2_S26_F3069,227011,956736,0.8082267579136421,0.19177324208635793,0.005270943301230811,0.005270943301230811,0.005418422636965683,0.0074665985348727594,0.002048175897907076,0.005780455124672923
L1_S25_F1929,27979,1155768,0.9763640372478241,0.023635962752175943,0.005265157557953266,0.005265157557953266,0.005827294059015304,0.0051467171807427,0.0006805768782726044,0.005780455124672923
L1_S25_F2199,1243,1182504,0.9989499445405141,0.001050055459485888,0.0052632485911967486,0.0052632485911967486,0.005813933821788341,0.003218020917135961,0.0025959129046523796,0.005780455124672923
L0_S9_F190,225659,958088,0.8093688938599211,0.19063110614007894,-0.005239274487556812,0.005239274487556812,0.005931605447516303,0.00530003234969578,0.0006315730978205232,0.005780455124672923
L1_S25_F1869,55289,1128458,0.9532932290430303,0.046706770956969734,0.005235537917829208,0.005235537917829208,0.005845144436035723,0.005118558845339941,0.0007265855906957823,0.005780455124672923
L3_S29_F3333,1119629,64118,0.05416529038721957,0.9458347096127804,0.005228604694606247,0.005228604694606247,0.005193549393306092,0.005846579536614361,0.0006530301433082687,0.005780455124672923
L3_S29_F3388,1119629,64118,0.05416529038721957,0.9458347096127804,0.005228604694606247,0.005228604694606247,0.005193549393306092,0.005846579536614361,0.0006530301433082687,0.005780455124672923
L3_S50_F4249,30359,1153388,0.974353472490321,0.025646527509678996,0.005117497521691067,0.005117497521691067,0.0058271804457823385,0.005204387496294345,0.0006227929494879939,0.005780455124672923
L0_S23_F623,80290,1103457,0.9321730065630578,0.0678269934369422,0.005101089527142761,0.005101089527142761,0.00584073507168834,0.005405405405405406,0.00043532966628293413,0.005780455124672923
L0_S6_F118,338988,844759,0.7136313756233384,0.28636862437666155,-0.005098778492869446,0.005098778492869446,0.00600644680908993,0.005324672259785007,0.0006817745493049232,0.005780455124672923
L2_S28_F3299,9583,1174164,0.9919045201381714,0.00809547986182857,0.0050920292977638315,0.0050920292977638315,0.005801574567096249,0.006991547532088072,0.0011899729649918235,0.005780455124672923
L1_S25_F2677,2168,1181579,0.9981685275654342,0.0018314724345658284,-0.005038601388384966,0.005038601388384966,0.005816792613951331,0.0027675276752767526,0.0030492649386745785,0.005780455124672923
L1_S25_F2737,4268,1179479,0.9963944998382256,0.003605500161774411,-0.005025034424159782,0.005025034424159782,0.0058254534417314765,0.0018744142455482662,0.00395103919618321,0.005780455124672923
L0_S23_F667,80290,1103457,0.9321730065630578,0.0678269934369422,-0.005020596311080013,0.005020596311080013,0.00584073507168834,0.005405405405405406,0.00043532966628293413,0.005780455124672923
L3_S35_F3889,552057,631690,0.5336359880954292,0.4663640119045708,0.004992178063477736,0.004992178063477736,0.005876300083901914,0.005736726461216867,0.00013957362268504723,0.005780455124672923
L3_S35_F3896,552047,631700,0.5336444358465111,0.4663555641534889,0.004975251647120407,0.004975251647120407,0.00587620706031344,0.005736830378572839,0.0001393766817406007,0.005780455124672923
L1_S24_F1850,132922,1050825,0.8877108030685611,0.1122891969314389,-0.004967592526398828,0.004967592526398828,0.005411938239002688,0.008967665247287883,0.0035557270082851944,0.005780455124672923
L1_S25_F2781,17778,1165969,0.9849815881265169,0.015018411873483073,-0.00495886807533391,0.00495886807533391,0.0058191941638242525,0.005287433907076162,0.0005317602567480907,0.005780455124672923
L1_S25_F2797,17777,1165970,0.9849824329016251,0.015017567098374873,0.004955149485774077,0.004955149485774077,0.005819189172963284,0.005287731338246048,0.0005314578347172362,0.005780455124672923
L1_S25_F3022,17772,1165975,0.984986656777166,0.015013343222833986,0.004954020245543653,0.004954020245543653,0.005819164218786852,0.005289218996173756,0.0005299452226130959,0.005780455124672923
L1_S25_F2506,4296,1179451,0.9963708461351961,0.0036291538648038912,-0.004930538361263506,0.004930538361263506,0.0058255917371726335,0.00186219739292365,0.003963394344248984,0.005780455124672923
L1_S25_F1973,27979,1155768,0.9763640372478241,0.023635962752175943,-0.004924041146480154,0.004924041146480154,0.005827294059015304,0.0051467171807427,0.0006805768782726044,0.005780455124672923
L0_S0_F16,673862,509885,0.43073815604178933,0.5692618439582107,-0.004921242192766833,0.004921242192766833,0.006415172048599194,0.0053542119899920165,0.0010609600586071778,0.005780455124672923
L0_S0_F12,673862,509885,0.43073815604178933,0.5692618439582107,-0.0049030417728429,0.0049030417728429,0.006415172048599194,0.0053542119899920165,0.0010609600586071778,0.005780455124672923
L1_S25_F2472,9864,1173883,0.9916671383327688,0.00833286166723124,-0.004899349150500796,0.004899349150500796,0.0058276676636427995,0.0038523925385239256,0.001975275125118874,0.005780455124672923
L3_S29_F3382,1119629,64118,0.05416529038721957,0.9458347096127804,0.004896750869369255,0.004896750869369255,0.005193549393306092,0.005846579536614361,0.0006530301433082687,0.005780455124672923
L0_S11_F314,225452,958295,0.8095437623073174,0.1904562376926826,0.004837609845339609,0.004837609845339609,0.0059334547294935275,0.005291592001845182,0.0006418627276483452,0.005780455124672923
L3_S29_F3461,1119629,64118,0.05416529038721957,0.9458347096127804,0.004833186030824173,0.004833186030824173,0.005193549393306092,0.005846579536614361,0.0006530301433082687,0.005780455124672923
L3_S29_F3467,1119629,64118,0.05416529038721957,0.9458347096127804,0.004833186030824173,0.004833186030824173,0.005193549393306092,0.005846579536614361,0.0006530301433082687,0.005780455124672923
L0_S9_F160,225678,958069,0.8093528431328654,0.19064715686713463,0.004800697524401259,0.004800697524401259,0.00593172308048794,0.0052995861359990785,0.0006321369444888614,0.005780455124672923
L1_S25_F2574,2147,1181600,0.9981862678427063,0.001813732157293746,0.004796534649960114,0.004796534649960114,0.0058200744752877455,0.0009315323707498836,0.004888542104537862,0.005780455124672923
L2_S27_F3155,120729,1063018,0.8980111459627775,0.10198885403722247,0.004769832161300073,0.004769832161300073,0.005697927974879071,0.006808637527023333,0.0011107095521442623,0.005780455124672923
L1_S24_F935,11834,1171913,0.9900029313696255,0.009997068630374528,-0.0047487005795859094,0.0047487005795859094,0.00582125123622658,0.004816630049011323,0.001004621187215257,0.005780455124672923
L2_S28_F3311,9583,1174164,0.9919045201381714,0.00809547986182857,-0.004717038108468576,0.004717038108468576,0.005801574567096249,0.006991547532088072,0.0011899729649918235,0.005780455124672923
L3_S30_F3749,1119569,64178,0.05421597689371124,0.9457840231062887,-0.004706014212959013,0.004706014212959013,0.005110785627473589,0.005851358871137018,0.0007405732436634284,0.005780455124672923
L1_S25_F2945,8936,1174811,0.9924510896331733,0.0075489103668267,-0.004697524395515582,0.004697524395515582,0.005814552298199455,0.005371530886302597,0.0004430214118968587,0.005780455124672923
L0_S11_F322,225452,958295,0.8095437623073174,0.1904562376926826,-0.004665421250438529,0.004665421250438529,0.0059334547294935275,0.005291592001845182,0.0006418627276483452,0.005780455124672923
L3_S30_F3774,1119811,63936,0.05401154131752815,0.9459884586824718,-0.004644804370790073,0.004644804370790073,0.00513013013013013,0.0058500943462780775,0.0007199642161479477,0.005780455124672923
L1_S24_F948,11834,1171913,0.9900029313696255,0.009997068630374528,-0.00463596570475772,0.00463596570475772,0.00582125123622658,0.004816630049011323,0.001004621187215257,0.005780455124672923
L3_S30_F3784,1119811,63936,0.05401154131752815,0.9459884586824718,-0.00463254523507623,0.00463254523507623,0.00513013013013013,0.0058500943462780775,0.0007199642161479477,0.005780455124672923
L0_S12_F338,242061,941686,0.7955128925353138,0.20448710746468624,-0.004612242632130733,0.004612242632130733,0.005900055857260275,0.0054655644651554775,0.0004344913921047978,0.005780455124672923
L1_S24_F1202,13641,1170106,0.9884764227491178,0.011523577250882155,-0.0046042222362291,0.0046042222362291,0.0058011838243714675,0.006671065171175133,0.000869881346803666,0.005780455124672923
L1_S24_F1738,66500,1117247,0.9438224553050609,0.056177544694939074,0.004594016908276278,0.004594016908276278,0.00561200880378287,0.009157894736842104,0.0035458859330592344,0.005780455124672923
L3_S30_F3514,1119569,64178,0.05421597689371124,0.9457840231062887,-0.004557577579443405,0.004557577579443405,0.005110785627473589,0.005851358871137018,0.0007405732436634284,0.005780455124672923
L3_S30_F3539,1119569,64178,0.05421597689371124,0.9457840231062887,-0.004557577579443405,0.004557577579443405,0.005110785627473589,0.005851358871137018,0.0007405732436634284,0.005780455124672923
L3_S49_F4236,29673,1154074,0.9749329882145424,0.02506701178545756,-0.0045493072840225215,0.0045493072840225215,0.00582804915456028,0.005156202608431908,0.0006718465461283719,0.005780455124672923
L1_S24_F1594,66583,1117164,0.9437523389710808,0.056247661028919205,0.004526477347226569,0.004526477347226569,0.005614215996935097,0.009116441133622696,0.003502225136687599,0.005780455124672923
L0_S2_F56,339774,843973,0.7129673823882975,0.2870326176117025,0.004517090530167703,0.004517090530167703,0.005997822205212726,0.0053476722762777614,0.0006501499289349646,0.005780455124672923
L3_S50_F4243,30359,1153388,0.974353472490321,0.025646527509678996,-0.0044795422227732525,0.0044795422227732525,0.0058271804457823385,0.005204387496294345,0.0006227929494879939,0.005780455124672923
L3_S38_F3956,27142,1156605,0.977071114013383,0.02292888598661702,0.00447045991593295,0.00447045991593295,0.005764284262993849,0.007810772971778056,0.0020464887087842075,0.005780455124672923
L0_S23_F651,80290,1103457,0.9321730065630578,0.0678269934369422,0.004448869319341595,0.004448869319341595,0.00584073507168834,0.005405405405405406,0.00043532966628293413,0.005780455124672923
L0_S11_F302,225452,958295,0.8095437623073174,0.1904562376926826,-0.004425226855973159,0.004425226855973159,0.0059334547294935275,0.005291592001845182,0.0006418627276483452,0.005780455124672923
L1_S24_F687,23862,1159885,0.9798419763682611,0.02015802363173891,0.004399032134338019,0.004399032134338019,0.005818680300202175,0.005447992624256139,0.0003706876759460359,0.005780455124672923
L0_S11_F298,225452,958295,0.8095437623073174,0.1904562376926826,-0.0043917369791160584,0.0043917369791160584,0.0059334547294935275,0.005291592001845182,0.0006418627276483452,0.005780455124672923
L1_S25_F2292,3579,1180168,0.9969765498877716,0.0030234501122283763,0.004371846099603224,0.004371846099603224,0.005810189735698646,0.006146968426934898,0.00033677869123625165,0.005780455124672923
L1_S24_F1046,11951,1171796,0.9899040926819667,0.010095907318033337,0.004340419526259538,0.004340419526259538,0.00581585873309006,0.00535520040164003,0.0004606583314500298,0.005780455124672923
L1_S25_F3005,8973,1174774,0.9924198329541701,0.0075801670458298664,-0.004316054095694604,0.004316054095694604,0.005809628064632006,0.006018054162487462,0.00020842609785545578,0.005780455124672923
L3_S47_F4163,59955,1123792,0.9493515083881945,0.05064849161180551,0.004293499030980653,0.004293499030980653,0.005850726824892863,0.005070469518805771,0.0007802573060870918,0.005780455124672923
L1_S25_F1894,55409,1128338,0.953191856030047,0.04680814396995303,0.004280866093225315,0.004280866093225315,0.005845766073641055,0.00510747351513292,0.0007382925585081345,0.005780455124672923
L0_S23_F655,80290,1103457,0.9321730065630578,0.0678269934369422,0.004274286671754239,0.004274286671754239,0.00584073507168834,0.005405405405405406,0.00043532966628293413,0.005780455124672923
L1_S25_F2925,8936,1174811,0.9924510896331733,0.0075489103668267,-0.0042742706503603395,0.0042742706503603395,0.005814552298199455,0.005371530886302597,0.0004430214118968587,0.005780455124672923
L1_S25_F2995,8973,1174774,0.9924198329541701,0.0075801670458298664,-0.0042693151209129716,0.0042693151209129716,0.005809628064632006,0.006018054162487462,0.00020842609785545578,0.005780455124672923
L0_S14_F374,120625,1063122,0.8980990025740297,0.10190099742597025,-0.004257007264988563,0.004257007264988563,0.00582999881481147,0.0056455958549222795,0.00018440295988919088,0.005780455124672923
L0_S2_F40,339774,843973,0.7129673823882975,0.2870326176117025,0.0042512728474291325,0.0042512728474291325,0.005997822205212726,0.0053476722762777614,0.0006501499289349646,0.005780455124672923
L0_S12_F346,242061,941686,0.7955128925353138,0.20448710746468624,-0.004234672959468273,0.004234672959468273,0.005900055857260275,0.0054655644651554775,0.0004344913921047978,0.005780455124672923
L1_S25_F2877,8936,1174811,0.9924510896331733,0.0075489103668267,0.004223574476064585,0.004223574476064585,0.005814552298199455,0.005371530886302597,0.0004430214118968587,0.005780455124672923
L3_S30_F3574,810256,373491,0.31551589993469886,0.6844841000653011,0.0042116768448975,0.0042116768448975,0.006324114905044566,0.005574781303686736,0.0007493336013578294,0.005780455124672923
L1_S24_F1647,66583,1117164,0.9437523389710808,0.056247661028919205,0.004167367697315515,0.004167367697315515,0.005614215996935097,0.009116441133622696,0.003502225136687599,0.005780455124672923
L3_S30_F3624,810256,373491,0.31551589993469886,0.6844841000653011,-0.004161445511477628,0.004161445511477628,0.006324114905044566,0.005574781303686736,0.0007493336013578294,0.005780455124672923
L1_S25_F2061,27375,1156372,0.9768742814131736,0.023125718586826438,-0.004153405247586248,0.004153405247586248,0.005838951479281753,0.004639269406392694,0.001199682072889059,0.005780455124672923
L0_S3_F76,334708,849039,0.7172470130864113,0.28275298691358874,-0.004130025313525216,0.004130025313525216,0.005991479778902972,0.0053539204321378635,0.0006375593467651082,0.005780455124672923
L1_S24_F1012,11879,1171868,0.9899649164897567,0.010035083510243292,-0.0041245088030866526,0.0041245088030866526,0.00581379472773384,0.00555602323427898,0.00025777149345485983,0.005780455124672923
L1_S24_F1544,132572,1051175,0.8880064743564292,0.11199352564357079,0.004109462790438344,0.004109462790438344,0.005412038908840107,0.008976254412696496,0.003564215503856389,0.005780455124672923
L0_S13_F356,242065,941682,0.795509513434881,0.20449048656511903,-0.004098043063834237,0.004098043063834237,0.005900080919036363,0.0054654741495052984,0.00043460676953106445,0.005780455124672923
L1_S25_F2872,8872,1174875,0.9925051552400977,0.007494844759902253,0.004097558396388181,0.004097558396388181,0.005815937865730397,0.005184851217312894,0.0006310866484175032,0.005780455124672923
L0_S12_F352,242061,941686,0.7955128925353138,0.20448710746468624,0.004058446063704507,0.004058446063704507,0.005900055857260275,0.0054655644651554775,0.0004344913921047978,0.005780455124672923
L0_S12_F350,242061,941686,0.7955128925353138,0.20448710746468624,0.004052736067454759,0.004052736067454759,0.005900055857260275,0.0054655644651554775,0.0004344913921047978,0.005780455124672923
L2_S28_F3222,9583,1174164,0.9919045201381714,0.00809547986182857,0.0040469716358849505,0.0040469716358849505,0.005801574567096249,0.006991547532088072,0.0011899729649918235,0.005780455124672923
L1_S24_F1161,27201,1156546,0.9770212722819994,0.02297872771800058,0.004043953049433661,0.004043953049433661,0.005772360113648744,0.007462960920554392,0.0016906008069056478,0.005780455124672923
L1_S24_F1006,11879,1171868,0.9899649164897567,0.010035083510243292,0.004042674525143858,0.004042674525143858,0.00581379472773384,0.00555602323427898,0.00025777149345485983,0.005780455124672923
L0_S21_F482,81373,1102374,0.9312581151208831,0.06874188487911692,-0.004001594326909019,0.004001594326909019,0.005821980561950844,0.005665269806938419,0.00015671075501242498,0.005780455124672923
L1_S25_F2930,8936,1174811,0.9924510896331733,0.0075489103668267,0.003972992690867414,0.003972992690867414,0.005814552298199455,0.005371530886302597,0.0004430214118968587,0.005780455124672923
L3_S29_F3379,1119629,64118,0.05416529038721957,0.9458347096127804,0.003964863287587001,0.003964863287587001,0.005193549393306092,0.005846579536614361,0.0006530301433082687,0.005780455124672923
L1_S24_F1516,132907,1050840,0.887723474695184,0.11227652530481602,0.003944483123818976,0.003944483123818976,0.0054118609874005555,0.008968677345813237,0.0035568163584126814,0.005780455124672923
L0_S23_F659,80290,1103457,0.9321730065630578,0.0678269934369422,-0.0038945834918192677,0.0038945834918192677,0.00584073507168834,0.005405405405405406,0.00043532966628293413,0.005780455124672923
L0_S10_F254,224523,959224,0.8103285583828301,0.18967144161716987,0.003887116495784309,0.003887116495784309,0.005896432949967891,0.005447103414794921,0.0004493295351729702,0.005780455124672923
L1_S24_F1245,13641,1170106,0.9884764227491178,0.011523577250882155,-0.00387310143433286,0.00387310143433286,0.0058011838243714675,0.006671065171175133,0.000869881346803666,0.005780455124672923
L3_S35_F3898,552108,631639,0.5335929045649113,0.46640709543508874,0.003859267144613324,0.003859267144613324,0.0058609427220295135,0.005754308939555305,0.00010663378247420877,0.005780455124672923
L0_S9_F185,225659,958088,0.8093688938599211,0.19063110614007894,-0.0038430845469576607,0.0038430845469576607,0.005931605447516303,0.00530003234969578,0.0006315730978205232,0.005780455124672923
L1_S25_F2940,8936,1174811,0.9924510896331733,0.0075489103668267,0.0038329325808690393,0.0038329325808690393,0.005814552298199455,0.005371530886302597,0.0004430214118968587,0.005780455124672923
L1_S24_F1824,66466,1117281,0.9438511776587396,0.056148822341260396,-0.0037767998306277844,0.0037767998306277844,0.005644954134188266,0.00860590377034875,0.0029609496361604837,0.005780455124672923
L1_S25_F2896,8936,1174811,0.9924510896331733,0.0075489103668267,0.0037439886969679093,0.0037439886969679093,0.005814552298199455,0.005371530886302597,0.0004430214118968587,0.005780455124672923
L0_S2_F36,339774,843973,0.7129673823882975,0.2870326176117025,-0.00373548355343865,0.00373548355343865,0.005997822205212726,0.0053476722762777614,0.0006501499289349646,0.005780455124672923
L3_S36_F3918,569031,614716,0.5192967754089345,0.4807032245910655,-0.003697697723049703,0.003697697723049703,0.0056741649802510424,0.005959253538032199,0.0002850885577811565,0.005780455124672923
L3_S36_F3922,569031,614716,0.5192967754089345,0.4807032245910655,-0.003697697723049703,0.003697697723049703,0.0056741649802510424,0.005959253538032199,0.0002850885577811565,0.005780455124672923
L0_S21_F497,81368,1102379,0.9312623389964241,0.06873766100357592,-0.0036852071317392023,0.0036852071317392023,0.00582195415551276,0.0056656179333398875,0.0001563362221728721,0.005780455124672923
L1_S25_F3024,17772,1165975,0.984986656777166,0.015013343222833986,0.003680320291934067,0.003680320291934067,0.005819164218786852,0.005289218996173756,0.0005299452226130959,0.005780455124672923
L1_S25_F2787,17779,1165968,0.9849807433514087,0.015019256648591273,0.003674005253595338,0.003674005253595338,0.005819199154693783,0.005287136509364981,0.0005320626453288015,0.005780455124672923
L1_S24_F953,11834,1171913,0.9900029313696255,0.009997068630374528,-0.003666243505994232,0.003666243505994232,0.00582125123622658,0.004816630049011323,0.001004621187215257,0.005780455124672923
L0_S1_F28,673904,509843,0.43070267548724517,0.5692973245127548,-0.003613908679197468,0.003613908679197468,0.006419623295798903,0.005350910515444336,0.0010687127803545669,0.005780455124672923
L1_S25_F3028,17772,1165975,0.984986656777166,0.015013343222833986,0.0035913220199521316,0.0035913220199521316,0.005819164218786852,0.005289218996173756,0.0005299452226130959,0.005780455124672923
L0_S21_F532,81368,1102379,0.9312623389964241,0.06873766100357592,-0.0035836203860912922,0.0035836203860912922,0.00582195415551276,0.0056656179333398875,0.0001563362221728721,0.005780455124672923
L3_S40_F3982,59896,1123851,0.9494013501195779,0.050598649880422064,0.0035566937916916307,0.0035566937916916307,0.00585041967307054,0.005075464137838921,0.0007749555352316194,0.005780455124672923
L1_S25_F2411,3464,1180283,0.997073699025214,0.002926300974785967,-0.0035563591574075113,0.0035563591574075113,0.005805387352016423,0.00779445727482679,0.0019890699228103667,0.005780455124672923
L1_S24_F1416,13596,1170151,0.9885144376289866,0.011485562371013391,0.0035426997988490133,0.0035426997988490133,0.005794124006218001,0.007281553398058253,0.0014874293918402514,0.005780455124672923
L1_S24_F1411,13596,1170151,0.9885144376289866,0.011485562371013391,-0.0035132287953918368,0.0035132287953918368,0.005794124006218001,0.007281553398058253,0.0014874293918402514,0.005780455124672923
L0_S23_F631,80290,1103457,0.9321730065630578,0.0678269934369422,-0.0034497265278424856,0.0034497265278424856,0.00584073507168834,0.005405405405405406,0.00043532966628293413,0.005780455124672923
L0_S11_F306,225452,958295,0.8095437623073174,0.1904562376926826,-0.003442947741262501,0.003442947741262501,0.0059334547294935275,0.005291592001845182,0.0006418627276483452,0.005780455124672923
L3_S30_F3799,1119811,63936,0.05401154131752815,0.9459884586824718,-0.0034325309249160427,0.0034325309249160427,0.00513013013013013,0.0058500943462780775,0.0007199642161479477,0.005780455124672923
L1_S25_F1877,55289,1128458,0.9532932290430303,0.046706770956969734,0.003431092755840499,0.003431092755840499,0.005845144436035723,0.005118558845339941,0.0007265855906957823,0.005780455124672923
L3_S30_F3804,1119811,63936,0.05401154131752815,0.9459884586824718,-0.0034304786170561547,0.0034304786170561547,0.00513013013013013,0.0058500943462780775,0.0007199642161479477,0.005780455124672923
L1_S25_F2451,7062,1176685,0.99403419818593,0.005965801814070026,0.003411079620908127,0.003411079620908127,0.005803592295304181,0.007080147267063155,0.0012765549717589737,0.005780455124672923
L0_S9_F170,225678,958069,0.8093528431328654,0.19064715686713463,0.003408566189112007,0.003408566189112007,0.00593172308048794,0.0052995861359990785,0.0006321369444888614,0.005780455124672923
L1_S24_F1482,27152,1156595,0.977062666262301,0.022937333737699017,0.003382323047162293,0.003382323047162293,0.005772115563356231,0.007476428992339423,0.0017043134289831917,0.005780455124672923
L2_S27_F3199,120729,1063018,0.8980111459627775,0.10198885403722247,0.0033746497783567497,0.0033746497783567497,0.005697927974879071,0.006808637527023333,0.0011107095521442623,0.005780455124672923
L1_S24_F1441,13596,1170151,0.9885144376289866,0.011485562371013391,0.0033729424479460794,0.0033729424479460794,0.005794124006218001,0.007281553398058253,0.0014874293918402514,0.005780455124672923
L3_S30_F3779,1119811,63936,0.05401154131752815,0.9459884586824718,-0.003371669570009858,0.003371669570009858,0.00513013013013013,0.0058500943462780775,0.0007199642161479477,0.005780455124672923
L3_S30_F3789,1119811,63936,0.05401154131752815,0.9459884586824718,-0.003371669570009858,0.003371669570009858,0.00513013013013013,0.0058500943462780775,0.0007199642161479477,0.005780455124672923
L3_S30_F3814,1119811,63936,0.05401154131752815,0.9459884586824718,-0.003371669570009858,0.003371669570009858,0.00513013013013013,0.0058500943462780775,0.0007199642161479477,0.005780455124672923
L3_S30_F3824,1119811,63936,0.05401154131752815,0.9459884586824718,-0.003371669570009858,0.003371669570009858,0.00513013013013013,0.0058500943462780775,0.0007199642161479477,0.005780455124672923
L1_S24_F1685,66500,1117247,0.9438224553050609,0.056177544694939074,0.003361092083488427,0.003361092083488427,0.00561200880378287,0.009157894736842104,0.0035458859330592344,0.005780455124672923
L3_S29_F3321,1119629,64118,0.05416529038721957,0.9458347096127804,0.00336046633288065,0.00336046633288065,0.005193549393306092,0.005846579536614361,0.0006530301433082687,0.005780455124672923
L3_S29_F3385,1119629,64118,0.05416529038721957,0.9458347096127804,0.00336046633288065,0.00336046633288065,0.005193549393306092,0.005846579536614361,0.0006530301433082687,0.005780455124672923
L3_S41_F4023,59913,1123834,0.9493869889427387,0.05061301105726135,-0.003333937049466323,0.003333937049466323,0.005850508171135594,0.005074024001468796,0.000776484169666798,0.005780455124672923
L1_S24_F1288,13563,1170184,0.988542315207557,0.011457684792443024,-0.0033148336731850386,0.0033148336731850386,0.005781996677445598,0.0083314900833149,0.0025494934058693025,0.005780455124672923
L1_S25_F1978,27528,1156219,0.9767450308216198,0.023254969178380214,0.00330880979293602,0.00330880979293602,0.005829345478667969,0.00504940424295263,0.0007799412357153389,0.005780455124672923
L1_S25_F2985,8800,1174947,0.9925659790478878,0.007434020952112208,-0.0032850702565039745,0.0032850702565039745,0.005820688082100725,0.004545454545454545,0.0012752335366461795,0.005780455124672923
L0_S11_F326,225452,958295,0.8095437623073174,0.1904562376926826,0.0032672935344105402,0.0032672935344105402,0.0059334547294935275,0.005291592001845182,0.0006418627276483452,0.005780455124672923
L3_S30_F3764,1119811,63936,0.05401154131752815,0.9459884586824718,-0.0032259188498440857,0.0032259188498440857,0.00513013013013013,0.0058500943462780775,0.0007199642161479477,0.005780455124672923
L1_S24_F1816,66466,1117281,0.9438511776587396,0.056148822341260396,-0.0032087679095498395,0.0032087679095498395,0.005644954134188266,0.00860590377034875,0.0029609496361604837,0.005780455124672923
L1_S25_F2036,27528,1156219,0.9767450308216198,0.023254969178380214,-0.003197492979518666,0.003197492979518666,0.005829345478667969,0.00504940424295263,0.0007799412357153389,0.005780455124672923
L1_S25_F2795,14189,1169558,0.9880134859898272,0.01198651401017281,-0.003167563879145718,0.003167563879145718,0.0058261326073610715,0.004581013461131863,0.0012451191462292087,0.005780455124672923
L1_S24_F1836,132922,1050825,0.8877108030685611,0.1122891969314389,-0.0031309947658195707,0.0031309947658195707,0.005411938239002688,0.008967665247287883,0.0035557270082851944,0.005780455124672923
L1_S24_F1575,132906,1050841,0.8877243194702922,0.11227568052970782,-0.003122527827833385,0.003122527827833385,0.005411855837372162,0.008968744827171084,0.003556888989798922,0.005780455124672923
L3_S49_F4221,29673,1154074,0.9749329882145424,0.02506701178545756,0.003095123254083545,0.003095123254083545,0.00582804915456028,0.005156202608431908,0.0006718465461283719,0.005780455124672923
L1_S25_F2791,14189,1169558,0.9880134859898272,0.01198651401017281,-0.0030515849350619324,0.0030515849350619324,0.0058261326073610715,0.004581013461131863,0.0012451191462292087,0.005780455124672923
L2_S26_F3117,227011,956736,0.8082267579136421,0.19177324208635793,0.0030426678640819655,0.0030426678640819655,0.005418422636965683,0.0074665985348727594,0.002048175897907076,0.005780455124672923
L3_S33_F3865,1114695,69052,0.058333410771051586,0.9416665892289484,-0.0030311458431621047,0.0030311458431621047,0.019304292417308695,0.004975352002117171,0.014328940415191525,0.005780455124672923
L1_S25_F1909,27979,1155768,0.9763640372478241,0.023635962752175943,-0.0030251739404729408,0.0030251739404729408,0.005827294059015304,0.0051467171807427,0.0006805768782726044,0.005780455124672923
L3_S29_F3427,1119629,64118,0.05416529038721957,0.9458347096127804,-0.0030194481630025976,0.0030194481630025976,0.005193549393306092,0.005846579536614361,0.0006530301433082687,0.005780455124672923
L0_S20_F461,242111,941636,0.795470653779904,0.204529346220096,-0.003000212157951297,0.003000212157951297,0.005900369144765069,0.005464435734022824,0.00043593341074224436,0.005780455124672923
L0_S12_F332,242061,941686,0.7955128925353138,0.20448710746468624,0.002997165974125583,0.002997165974125583,0.005900055857260275,0.0054655644651554775,0.0004344913921047978,0.005780455124672923
L0_S11_F282,225452,958295,0.8095437623073174,0.1904562376926826,-0.0029821082382336895,0.0029821082382336895,0.0059334547294935275,0.005291592001845182,0.0006418627276483452,0.005780455124672923
L3_S47_F4153,59955,1123792,0.9493515083881945,0.05064849161180551,0.0029764971200228053,0.0029764971200228053,0.005850726824892863,0.005070469518805771,0.0007802573060870918,0.005780455124672923
L0_S4_F109,335243,848504,0.7167950584035271,0.2832049415964729,0.0029453550262988205,0.0029453550262988205,0.005985829176998576,0.005369239626181605,0.0006165895508169709,0.005780455124672923
L0_S9_F200,225659,958088,0.8093688938599211,0.19063110614007894,-0.002925778749653928,0.002925778749653928,0.005931605447516303,0.00530003234969578,0.0006315730978205232,0.005780455124672923
L3_S29_F3488,1119629,64118,0.05416529038721957,0.9458347096127804,0.0029116707681534535,0.0029116707681534535,0.005193549393306092,0.005846579536614361,0.0006530301433082687,0.005780455124672923
L3_S30_F3634,810256,373491,0.31551589993469886,0.6844841000653011,-0.0028923500986118796,0.0028923500986118796,0.006324114905044566,0.005574781303686736,0.0007493336013578294,0.005780455124672923
L3_S30_F3554,1119569,64178,0.05421597689371124,0.9457840231062887,0.002876039414234656,0.002876039414234656,0.005110785627473589,0.005851358871137018,0.0007405732436634284,0.005780455124672923
L3_S47_F4188,59955,1123792,0.9493515083881945,0.05064849161180551,0.0028611441159236994,0.0028611441159236994,0.005850726824892863,0.005070469518805771,0.0007802573060870918,0.005780455124672923
L0_S10_F239,224523,959224,0.8103285583828301,0.18967144161716987,0.002854918421394265,0.002854918421394265,0.005896432949967891,0.005447103414794921,0.0004493295351729702,0.005780455124672923
L0_S21_F492,81368,1102379,0.9312623389964241,0.06873766100357592,-0.0028388155607283264,0.0028388155607283264,0.00582195415551276,0.0056656179333398875,0.0001563362221728721,0.005780455124672923
L1_S24_F892,12026,1171721,0.9898407345488521,0.01015926545114787,-0.002837250786736137,0.002837250786736137,0.0058068430966074685,0.006236487610177948,0.0004296445135704794,0.005780455124672923
L3_S40_F3984,59914,1123833,0.9493861441676305,0.05061385583236955,0.0028234222493768086,0.0028234222493768086,0.005850513376987506,0.0050739393130153215,0.0007765740639721847,0.005780455124672923
L0_S23_F627,80290,1103457,0.9321730065630578,0.0678269934369422,-0.0028171795959085347,0.0028171795959085347,0.00584073507168834,0.005405405405405406,0.00043532966628293413,0.005780455124672923
L1_S24_F973,11834,1171913,0.9900029313696255,0.009997068630374528,-0.0027902511908507624,0.0027902511908507624,0.00582125123622658,0.004816630049011323,0.001004621187215257,0.005780455124672923
L1_S25_F3026,17772,1165975,0.984986656777166,0.015013343222833986,0.0027879019672207104,0.0027879019672207104,0.005819164218786852,0.005289218996173756,0.0005299452226130959,0.005780455124672923
L0_S0_F8,673862,509885,0.43073815604178933,0.5692618439582107,0.0027657750809969915,0.0027657750809969915,0.006415172048599194,0.0053542119899920165,0.0010609600586071778,0.005780455124672923
L3_S35_F3903,552108,631639,0.5335929045649113,0.46640709543508874,0.002736237785335726,0.002736237785335726,0.0058609427220295135,0.005754308939555305,0.00010663378247420877,0.005780455124672923
L0_S15_F397,121445,1062302,0.8974062869853102,0.10259371301468978,-0.002734460820738728,0.002734460820738728,0.005873094468427999,0.005269875252171765,0.0006032192162562346,0.005780455124672923
L3_S40_F3992,59914,1123833,0.9493861441676305,0.05061385583236955,-0.002709871766209218,0.002709871766209218,0.005850513376987506,0.0050739393130153215,0.0007765740639721847,0.005780455124672923
L3_S30_F3829,1119811,63936,0.05401154131752815,0.9459884586824718,0.0026797978941726437,0.0026797978941726437,0.00513013013013013,0.0058500943462780775,0.0007199642161479477,0.005780455124672923
L0_S10_F244,224523,959224,0.8103285583828301,0.18967144161716987,0.0026790019371024224,0.0026790019371024224,0.005896432949967891,0.005447103414794921,0.0004493295351729702,0.005780455124672923
L1_S24_F1275,13563,1170184,0.988542315207557,0.011457684792443024,-0.002665059721709205,0.002665059721709205,0.005781996677445598,0.0083314900833149,0.0025494934058693025,0.005780455124672923
L3_S30_F3644,810256,373491,0.31551589993469886,0.6844841000653011,-0.0026461797242531937,0.0026461797242531937,0.006324114905044566,0.005574781303686736,0.0007493336013578294,0.005780455124672923
L0_S1_F24,673902,509845,0.43070436503746157,0.5692956349625384,0.002621614546131607,0.002621614546131607,0.006419598113152037,0.005350926395826099,0.0010686717173259376,0.005780455124672923
L3_S30_F3769,1119811,63936,0.05401154131752815,0.9459884586824718,0.002602019478162659,0.002602019478162659,0.00513013013013013,0.0058500943462780775,0.0007199642161479477,0.005780455124672923
L3_S29_F3373,1119629,64118,0.05416529038721957,0.9458347096127804,-0.002580902205838794,0.002580902205838794,0.005193549393306092,0.005846579536614361,0.0006530301433082687,0.005780455124672923
L3_S41_F4026,59913,1123834,0.9493869889427387,0.05061301105726135,0.0025378682233385564,0.0025378682233385564,0.005850508171135594,0.005074024001468796,0.000776484169666798,0.005780455124672923
L0_S21_F517,81368,1102379,0.9312623389964241,0.06873766100357592,0.002527417893194983,0.002527417893194983,0.00582195415551276,0.0056656179333398875,0.0001563362221728721,0.005780455124672923
L3_S30_F3604,810256,373491,0.31551589993469886,0.6844841000653011,-0.0025004209350826044,0.0025004209350826044,0.006324114905044566,0.005574781303686736,0.0007493336013578294,0.005780455124672923
L3_S30_F3669,810256,373491,0.31551589993469886,0.6844841000653011,-0.002482518865040973,0.002482518865040973,0.006324114905044566,0.005574781303686736,0.0007493336013578294,0.005780455124672923
L1_S24_F1293,13563,1170184,0.988542315207557,0.011457684792443024,0.0024811677964507307,0.0024811677964507307,0.005781996677445598,0.0083314900833149,0.0025494934058693025,0.005780455124672923
L3_S30_F3679,810256,373491,0.31551589993469886,0.6844841000653011,-0.0024731072066460145,0.0024731072066460145,0.006324114905044566,0.005574781303686736,0.0007493336013578294,0.005780455124672923
L3_S30_F3534,1119569,64178,0.05421597689371124,0.9457840231062887,0.0024726070350866614,0.0024726070350866614,0.005110785627473589,0.005851358871137018,0.0007405732436634284,0.005780455124672923
L3_S30_F3559,1119569,64178,0.05421597689371124,0.9457840231062887,0.0024726070350866614,0.0024726070350866614,0.005110785627473589,0.005851358871137018,0.0007405732436634284,0.005780455124672923
L0_S14_F386,120625,1063122,0.8980990025740297,0.10190099742597025,0.0024398264718409417,0.0024398264718409417,0.00582999881481147,0.0056455958549222795,0.00018440295988919088,0.005780455124672923
L3_S29_F3430,1119629,64118,0.05416529038721957,0.9458347096127804,0.0024293606192125547,0.0024293606192125547,0.005193549393306092,0.005846579536614361,0.0006530301433082687,0.005780455124672923
L0_S15_F412,121445,1062302,0.8974062869853102,0.10259371301468978,-0.002418262420432416,0.002418262420432416,0.005873094468427999,0.005269875252171765,0.0006032192162562346,0.005780455124672923
L3_S29_F3327,1119629,64118,0.05416529038721957,0.9458347096127804,0.002410880669007347,0.002410880669007347,0.005193549393306092,0.005846579536614361,0.0006530301433082687,0.005780455124672923
L3_S29_F3442,1119629,64118,0.05416529038721957,0.9458347096127804,0.002410880669007347,0.002410880669007347,0.005193549393306092,0.005846579536614361,0.0006530301433082687,0.005780455124672923
L1_S25_F2091,27375,1156372,0.9768742814131736,0.023125718586826438,-0.0023987600216187643,0.0023987600216187643,0.005838951479281753,0.004639269406392694,0.001199682072889059,0.005780455124672923
L3_S41_F4018,59913,1123834,0.9493869889427387,0.05061301105726135,-0.0023880877510807016,0.0023880877510807016,0.005850508171135594,0.005074024001468796,0.000776484169666798,0.005780455124672923
L3_S34_F3882,1115118,68629,0.05797607090028528,0.9420239290997148,0.0023346785198130656,0.0023346785198130656,0.016917046729516678,0.005127708457759627,0.01178933827175705,0.005780455124672923
L0_S19_F455,121027,1062720,0.8977594029805356,0.10224059701946442,0.002325000150101457,0.002325000150101457,0.005843495934959349,0.00552769216786337,0.00031580376709597954,0.005780455124672923
L3_S30_F3504,1119569,64178,0.05421597689371124,0.9457840231062887,0.0023027474388243865,0.0023027474388243865,0.005110785627473589,0.005851358871137018,0.0007405732436634284,0.005780455124672923
L3_S30_F3529,1119569,64178,0.05421597689371124,0.9457840231062887,0.0023027474388243865,0.0023027474388243865,0.005110785627473589,0.005851358871137018,0.0007405732436634284,0.005780455124672923
L0_S2_F64,339774,843973,0.7129673823882975,0.2870326176117025,0.0022969990115852654,0.0022969990115852654,0.005997822205212726,0.0053476722762777614,0.0006501499289349646,0.005780455124672923
L1_S25_F1919,27979,1155768,0.9763640372478241,0.023635962752175943,0.002295635803382044,0.002295635803382044,0.005827294059015304,0.0051467171807427,0.0006805768782726044,0.005780455124672923
L1_S25_F1881,55295,1128452,0.9532881603923812,0.04671183960761882,-0.0022854254160714466,0.0022854254160714466,0.005845175514775994,0.005118003436115381,0.0007271720786606126,0.005780455124672923
L0_S21_F522,81368,1102379,0.9312623389964241,0.06873766100357592,0.0022842648011965902,0.0022842648011965902,0.00582195415551276,0.0056656179333398875,0.0001563362221728721,0.005780455124672923
L1_S25_F2468,7062,1176685,0.99403419818593,0.005965801814070026,-0.0022758146010947995,0.0022758146010947995,0.005803592295304181,0.007080147267063155,0.0012765549717589737,0.005780455124672923
L3_S30_F3639,810256,373491,0.31551589993469886,0.6844841000653011,0.002248955460643838,0.002248955460643838,0.006324114905044566,0.005574781303686736,0.0007493336013578294,0.005780455124672923
L3_S30_F3649,810256,373491,0.31551589993469886,0.6844841000653011,0.002247026907947542,0.002247026907947542,0.006324114905044566,0.005574781303686736,0.0007493336013578294,0.005780455124672923
L2_S26_F3125,227011,956736,0.8082267579136421,0.19177324208635793,0.0022451808122351136,0.0022451808122351136,0.005418422636965683,0.0074665985348727594,0.002048175897907076,0.005780455124672923
L1_S25_F2164,54992,1128755,0.9535441272501641,0.04645587274983587,0.0022335689191510318,0.0022335689191510318,0.00584449238320096,0.005128018620890311,0.0007164737623106491,0.005780455124672923
L0_S9_F180,225659,958088,0.8093688938599211,0.19063110614007894,-0.00222057070421284,0.00222057070421284,0.005931605447516303,0.00530003234969578,0.0006315730978205232,0.005780455124672923
L0_S3_F84,334708,849039,0.7172470130864113,0.28275298691358874,0.0022179515129365124,0.0022179515129365124,0.005991479778902972,0.0053539204321378635,0.0006375593467651082,0.005780455124672923
L3_S30_F3689,810256,373491,0.31551589993469886,0.6844841000653011,-0.002213376521163132,0.002213376521163132,0.006324114905044566,0.005574781303686736,0.0007493336013578294,0.005780455124672923
L1_S25_F1896,54761,1128986,0.953739270300157,0.04626072969984296,-0.002211145060114384,0.002211145060114384,0.005842410800488225,0.005167911469841676,0.0006744993306465495,0.005780455124672923
L3_S36_F3920,569031,614716,0.5192967754089345,0.4807032245910655,-0.0021985751140953832,0.0021985751140953832,0.0056741649802510424,0.005959253538032199,0.0002850885577811565,0.005780455124672923
L3_S36_F3924,569031,614716,0.5192967754089345,0.4807032245910655,-0.0021985751140953832,0.0021985751140953832,0.0056741649802510424,0.005959253538032199,0.0002850885577811565,0.005780455124672923
L1_S24_F1396,13560,1170187,0.9885448495328816,0.011455150467118425,0.0021964020069921465,0.0021964020069921465,0.005789672932616753,0.007669616519174041,0.0018799435865572882,0.005780455124672923
L0_S3_F100,334708,849039,0.7172470130864113,0.28275298691358874,0.0021935822953099296,0.0021935822953099296,0.005991479778902972,0.0053539204321378635,0.0006375593467651082,0.005780455124672923
L1_S24_F683,23862,1159885,0.9798419763682611,0.02015802363173891,0.0021469304020567364,0.0021469304020567364,0.005818680300202175,0.005447992624256139,0.0003706876759460359,0.005780455124672923
L0_S21_F502,81368,1102379,0.9312623389964241,0.06873766100357592,-0.0021182846844391232,0.0021182846844391232,0.00582195415551276,0.0056656179333398875,0.0001563362221728721,0.005780455124672923
L0_S18_F439,121081,1062666,0.897713785124693,0.10228621487530698,-0.002115221381143971,0.002115221381143971,0.005857908317382884,0.00540134290268498,0.0004565654146979044,0.005780455124672923
L1_S24_F1351,13563,1170184,0.988542315207557,0.011457684792443024,-0.002108893876535443,0.002108893876535443,0.005781996677445598,0.0083314900833149,0.0025494934058693025,0.005780455124672923
L1_S24_F1831,132922,1050825,0.8877108030685611,0.1122891969314389,0.002075774006055848,0.002075774006055848,0.005411938239002688,0.008967665247287883,0.0035557270082851944,0.005780455124672923
L0_S12_F330,242061,941686,0.7955128925353138,0.20448710746468624,0.002062619405861846,0.002062619405861846,0.005900055857260275,0.0054655644651554775,0.0004344913921047978,0.005780455124672923
L0_S0_F10,673862,509885,0.43073815604178933,0.5692618439582107,-0.0020519615441049366,0.0020519615441049366,0.006415172048599194,0.0053542119899920165,0.0010609600586071778,0.005780455124672923
L1_S24_F1793,66484,1117263,0.9438359717067921,0.05616402829320788,0.002044353594282949,0.002044353594282949,0.0056020829473454326,0.009325552012514289,0.0037234690651688565,0.005780455124672923
L0_S0_F18,673862,509885,0.43073815604178933,0.5692618439582107,-0.0020429311254054304,0.0020429311254054304,0.006415172048599194,0.0053542119899920165,0.0010609600586071778,0.005780455124672923
L1_S25_F2862,8872,1174875,0.9925051552400977,0.007494844759902253,0.0019825544782614314,0.0019825544782614314,0.005815937865730397,0.005184851217312894,0.0006310866484175032,0.005780455124672923
L3_S30_F3524,1119569,64178,0.05421597689371124,0.9457840231062887,0.0019763794039218993,0.0019763794039218993,0.005110785627473589,0.005851358871137018,0.0007405732436634284,0.005780455124672923
L3_S30_F3549,1119569,64178,0.05421597689371124,0.9457840231062887,0.0019763794039218993,0.0019763794039218993,0.005110785627473589,0.005851358871137018,0.0007405732436634284,0.005780455124672923
L1_S25_F2155,54992,1128755,0.9535441272501641,0.04645587274983587,-0.001950608254584347,0.001950608254584347,0.00584449238320096,0.005128018620890311,0.0007164737623106491,0.005780455124672923
L1_S25_F1953,27979,1155768,0.9763640372478241,0.023635962752175943,0.0019472451900808083,0.0019472451900808083,0.005827294059015304,0.0051467171807427,0.0006805768782726044,0.005780455124672923
L1_S25_F1987,27528,1156219,0.9767450308216198,0.023254969178380214,-0.001944323376219027,0.001944323376219027,0.005829345478667969,0.00504940424295263,0.0007799412357153389,0.005780455124672923
L1_S24_F1539,132572,1051175,0.8880064743564292,0.11199352564357079,0.0019254110217001817,0.0019254110217001817,0.005412038908840107,0.008976254412696496,0.003564215503856389,0.005780455124672923
L1_S24_F1451,13596,1170151,0.9885144376289866,0.011485562371013391,0.0019182603018340339,0.0019182603018340339,0.005794124006218001,0.007281553398058253,0.0014874293918402514,0.005780455124672923
L0_S14_F370,120625,1063122,0.8980990025740297,0.10190099742597025,0.0018992205493444888,0.0018992205493444888,0.00582999881481147,0.0056455958549222795,0.00018440295988919088,0.005780455124672923
L3_S50_F4251,30359,1153388,0.974353472490321,0.025646527509678996,-0.0018959817935647965,0.0018959817935647965,0.0058271804457823385,0.005204387496294345,0.0006227929494879939,0.005780455124672923
L1_S25_F3015,17772,1165975,0.984986656777166,0.015013343222833986,0.0018936392424109534,0.0018936392424109534,0.005819164218786852,0.005289218996173756,0.0005299452226130959,0.005780455124672923
L3_S30_F3544,1119569,64178,0.05421597689371124,0.9457840231062887,0.0018770181893619875,0.0018770181893619875,0.005110785627473589,0.005851358871137018,0.0007405732436634284,0.005780455124672923
L1_S25_F2144,54992,1128755,0.9535441272501641,0.04645587274983587,-0.0018749468742775667,0.0018749468742775667,0.00584449238320096,0.005128018620890311,0.0007164737623106491,0.005780455124672923
L3_S30_F3819,1119811,63936,0.05401154131752815,0.9459884586824718,-0.00186753704510497,0.00186753704510497,0.00513013013013013,0.0058500943462780775,0.0007199642161479477,0.005780455124672923
L0_S22_F606,80591,1103156,0.9319187292554912,0.06808127074450876,-0.0018612478454316263,0.0018612478454316263,0.005847767677463568,0.005310766710923056,0.0005370009665405118,0.005780455124672923
L0_S23_F619,80290,1103457,0.9321730065630578,0.0678269934369422,-0.0018486712256711787,0.0018486712256711787,0.00584073507168834,0.005405405405405406,0.00043532966628293413,0.005780455124672923
L0_S22_F611,80591,1103156,0.9319187292554912,0.06808127074450876,0.0018453882758291903,0.0018453882758291903,0.005847767677463568,0.005310766710923056,0.0005370009665405118,0.005780455124672923
L1_S25_F2429,3615,1180132,0.9969461379838767,0.003053862016123343,-0.0018268956840308194,0.0018268956840308194,0.005809519613060234,0.00636237897648686,0.0005528593634266266,0.005780455124672923
L3_S30_F3809,1119811,63936,0.05401154131752815,0.9459884586824718,-0.0018255509565076606,0.0018255509565076606,0.00513013013013013,0.0058500943462780775,0.0007199642161479477,0.005780455124672923
L1_S25_F1914,27979,1155768,0.9763640372478241,0.023635962752175943,-0.0018045776086970324,0.0018045776086970324,0.005827294059015304,0.0051467171807427,0.0006805768782726044,0.005780455124672923
L1_S25_F3032,17772,1165975,0.984986656777166,0.015013343222833986,0.0017985671366345338,0.0017985671366345338,0.005819164218786852,0.005289218996173756,0.0005299452226130959,0.005780455124672923
L1_S25_F2173,54992,1128755,0.9535441272501641,0.04645587274983587,-0.0017892449161800296,0.0017892449161800296,0.00584449238320096,0.005128018620890311,0.0007164737623106491,0.005780455124672923
L3_S29_F3436,1119629,64118,0.05416529038721957,0.9458347096127804,0.001789034753988101,0.001789034753988101,0.005193549393306092,0.005846579536614361,0.0006530301433082687,0.005780455124672923
L2_S26_F3062,227011,956736,0.8082267579136421,0.19177324208635793,-0.001785911076959303,0.001785911076959303,0.005418422636965683,0.0074665985348727594,0.002048175897907076,0.005780455124672923
L3_S50_F4247,30359,1153388,0.974353472490321,0.025646527509678996,-0.001784526596857531,0.001784526596857531,0.0058271804457823385,0.005204387496294345,0.0006227929494879939,0.005780455124672923
L0_S23_F671,80290,1103457,0.9321730065630578,0.0678269934369422,-0.0017838302465289977,0.0017838302465289977,0.00584073507168834,0.005405405405405406,0.00043532966628293413,0.005780455124672923
L0_S22_F581,80591,1103156,0.9319187292554912,0.06808127074450876,-0.0017837980641721917,0.0017837980641721917,0.005847767677463568,0.005310766710923056,0.0005370009665405118,0.005780455124672923
L1_S25_F2716,2117,1181630,0.9982116110959521,0.0017883889040478662,-0.0017804723419087387,0.0017804723419087387,0.005819926711407124,0.000944733112895607,0.004875193598511516,0.005780455124672923
L1_S24_F1768,66471,1117276,0.9438469537831986,0.056153046216801394,-0.0017767806782887708,0.0017767806782887708,0.005602017764634701,0.009327375848114215,0.003725358083479514,0.005780455124672923
L0_S11_F318,225452,958295,0.8095437623073174,0.1904562376926826,-0.0017507784867928798,0.0017507784867928798,0.0059334547294935275,0.005291592001845182,0.0006418627276483452,0.005780455124672923
L1_S25_F2842,8872,1174875,0.9925051552400977,0.007494844759902253,-0.0017502245134291149,0.0017502245134291149,0.005815937865730397,0.005184851217312894,0.0006310866484175032,0.005780455124672923
L3_S36_F3938,569032,614715,0.5192959306338263,0.4807040693661737,0.001746278412514834,0.001746278412514834,0.005674174210813141,0.005959243065416356,0.0002850688546032149,0.005780455124672923
L3_S30_F3509,1119569,64178,0.05421597689371124,0.9457840231062887,0.0017344509734951027,0.0017344509734951027,0.005110785627473589,0.005851358871137018,0.0007405732436634284,0.005780455124672923
L3_S29_F3330,1119629,64118,0.05416529038721957,0.9458347096127804,0.0017284615746847947,0.0017284615746847947,0.005193549393306092,0.005846579536614361,0.0006530301433082687,0.005780455124672923
L3_S29_F3424,1119629,64118,0.05416529038721957,0.9458347096127804,0.0017284615746847947,0.0017284615746847947,0.005193549393306092,0.005846579536614361,0.0006530301433082687,0.005780455124672923
L1_S24_F1406,13560,1170187,0.9885448495328816,0.011455150467118425,0.0017120961484521772,0.0017120961484521772,0.005789672932616753,0.007669616519174041,0.0018799435865572882,0.005780455124672923
L2_S27_F3206,120729,1063018,0.8980111459627775,0.10198885403722247,0.0017105753584265484,0.0017105753584265484,0.005697927974879071,0.006808637527023333,0.0011107095521442623,0.005780455124672923
L0_S12_F340,242061,941686,0.7955128925353138,0.20448710746468624,-0.0016939216433198413,0.0016939216433198413,0.005900055857260275,0.0054655644651554775,0.0004344913921047978,0.005780455124672923
L3_S51_F4260,59853,1123894,0.9494376754492303,0.0505623245507697,-0.0016843245596315098,0.0016843245596315098,0.00585197536422474,0.005045695286785959,0.0008062800774387814,0.005780455124672923
L1_S24_F1336,13563,1170184,0.988542315207557,0.011457684792443024,0.0016802590979229195,0.0016802590979229195,0.005781996677445598,0.0083314900833149,0.0025494934058693025,0.005780455124672923
L0_S11_F286,225452,958295,0.8095437623073174,0.1904562376926826,-0.0016760175705756656,0.0016760175705756656,0.0059334547294935275,0.005291592001845182,0.0006418627276483452,0.005780455124672923
L1_S25_F2210,3616,1180131,0.9969452932087685,0.003054706791231543,-0.0016693547038408914,0.0016693547038408914,0.005820540262055653,0.0027654867256637168,0.0030550535363919364,0.005780455124672923
L0_S22_F576,80591,1103156,0.9319187292554912,0.06808127074450876,-0.0016635751023370631,0.0016635751023370631,0.005847767677463568,0.005310766710923056,0.0005370009665405118,0.005780455124672923
L0_S10_F224,224540,959207,0.8103141972059908,0.18968580279400915,-0.0016574433812444093,0.0016574433812444093,0.00589653745229132,0.005446691012737152,0.0004498464395541685,0.005780455124672923
L1_S25_F2207,3616,1180131,0.9969452932087685,0.003054706791231543,0.001634642563580953,0.001634642563580953,0.005820540262055653,0.0027654867256637168,0.0030550535363919364,0.005780455124672923
L1_S25_F2226,3616,1180131,0.9969452932087685,0.003054706791231543,-0.001634642563580953,0.001634642563580953,0.005820540262055653,0.0027654867256637168,0.0030550535363919364,0.005780455124672923
L2_S26_F3036,227011,956736,0.8082267579136421,0.19177324208635793,-0.0016218949133962185,0.0016218949133962185,0.005418422636965683,0.0074665985348727594,0.002048175897907076,0.005780455124672923
L1_S25_F2187,1243,1182504,0.9989499445405141,0.001050055459485888,0.0016122543024116715,0.0016122543024116715,0.005813933821788341,0.003218020917135961,0.0025959129046523796,0.005780455124672923
L1_S25_F2190,1243,1182504,0.9989499445405141,0.001050055459485888,0.0016122543024116715,0.0016122543024116715,0.005813933821788341,0.003218020917135961,0.0025959129046523796,0.005780455124672923
L3_S35_F3908,552108,631639,0.5335929045649113,0.46640709543508874,-0.0016031520453214957,0.0016031520453214957,0.0058609427220295135,0.005754308939555305,0.00010663378247420877,0.005780455124672923
L3_S30_F3684,810256,373491,0.31551589993469886,0.6844841000653011,0.0015984554228983278,0.0015984554228983278,0.006324114905044566,0.005574781303686736,0.0007493336013578294,0.005780455124672923
L1_S25_F2702,2168,1181579,0.9981685275654342,0.0018314724345658284,-0.001591749275160655,0.001591749275160655,0.005816792613951331,0.0027675276752767526,0.0030492649386745785,0.005780455124672923
L0_S22_F591,80591,1103156,0.9319187292554912,0.06808127074450876,-0.0015887530319829964,0.0015887530319829964,0.005847767677463568,0.005310766710923056,0.0005370009665405118,0.005780455124672923
L3_S47_F4138,59955,1123792,0.9493515083881945,0.05064849161180551,0.0015781253054636415,0.0015781253054636415,0.005850726824892863,0.005070469518805771,0.0007802573060870918,0.005780455124672923
L3_S40_F3986,59914,1123833,0.9493861441676305,0.05061385583236955,0.0015742437678563873,0.0015742437678563873,0.005850513376987506,0.0050739393130153215,0.0007765740639721847,0.005780455124672923
L3_S41_F4006,59913,1123834,0.9493869889427387,0.05061301105726135,-0.0015589573488811721,0.0015589573488811721,0.005850508171135594,0.005074024001468796,0.000776484169666798,0.005780455124672923
L0_S9_F195,225659,958088,0.8093688938599211,0.19063110614007894,-0.0015525733209845204,0.0015525733209845204,0.005931605447516303,0.00530003234969578,0.0006315730978205232,0.005780455124672923
L0_S18_F435,121081,1062666,0.897713785124693,0.10228621487530698,-0.001543873634764629,0.001543873634764629,0.005857908317382884,0.00540134290268498,0.0004565654146979044,0.005780455124672923
L2_S26_F3113,227011,956736,0.8082267579136421,0.19177324208635793,0.0015286260128033766,0.0015286260128033766,0.005418422636965683,0.0074665985348727594,0.002048175897907076,0.005780455124672923
L1_S24_F1518,132907,1050840,0.887723474695184,0.11227652530481602,0.0015259298787805853,0.0015259298787805853,0.0054118609874005555,0.008968677345813237,0.0035568163584126814,0.005780455124672923
L1_S24_F1180,27197,1156550,0.9770246513824322,0.02297534861756778,-0.0015003294205971531,0.0015003294205971531,0.005772340149582811,0.007464058535867926,0.001691718386285115,0.005780455124672923
L0_S8_F146,673881,509866,0.43072210531473365,0.5692778946852664,0.0014991810907024812,0.0014991810907024812,0.006419333707287797,0.005351093145525693,0.0010682405617621037,0.005780455124672923
L0_S12_F344,242061,941686,0.7955128925353138,0.20448710746468624,-0.0014894184077307827,0.0014894184077307827,0.005900055857260275,0.0054655644651554775,0.0004344913921047978,0.005780455124672923
L1_S24_F1840,132922,1050825,0.8877108030685611,0.1122891969314389,-0.0014760963249445488,0.0014760963249445488,0.005411938239002688,0.008967665247287883,0.0035557270082851944,0.005780455124672923
L1_S25_F2121,27769,1155978,0.9765414400205449,0.023458559979455118,0.0014757372248982146,0.0014757372248982146,0.005815854626991171,0.005617775216968562,0.00019807941002260906,0.005780455124672923
L0_S10_F229,224527,959220,0.8103251792823973,0.18967482071760267,-0.0014682427657618795,0.0014682427657618795,0.00589645753841663,0.005447006373398299,0.0004494511650183306,0.005780455124672923
L2_S27_F3214,120729,1063018,0.8980111459627775,0.10198885403722247,-0.0014666519972371755,0.0014666519972371755,0.005697927974879071,0.006808637527023333,0.0011107095521442623,0.005780455124672923
L2_S27_F3140,120729,1063018,0.8980111459627775,0.10198885403722247,0.0014428258995414485,0.0014428258995414485,0.005697927974879071,0.006808637527023333,0.0011107095521442623,0.005780455124672923
L1_S25_F2167,54992,1128755,0.9535441272501641,0.04645587274983587,0.0014175649052462005,0.0014175649052462005,0.00584449238320096,0.005128018620890311,0.0007164737623106491,0.005780455124672923
L0_S5_F116,339512,844235,0.7131887134666445,0.2868112865333555,-0.0013906297767851729,0.0013906297767851729,0.006003067866174702,0.005334126628808407,0.0006689412373662952,0.005780455124672923
L3_S49_F4226,29673,1154074,0.9749329882145424,0.02506701178545756,-0.001380452039506361,0.001380452039506361,0.00582804915456028,0.005156202608431908,0.0006718465461283719,0.005780455124672923
L3_S30_F3589,810256,373491,0.31551589993469886,0.6844841000653011,0.0013568987768839084,0.0013568987768839084,0.006324114905044566,0.005574781303686736,0.0007493336013578294,0.005780455124672923
L3_S39_F3976,59908,1123839,0.9493912128182795,0.05060878718172046,-0.0013504010162730467,0.0013504010162730467,0.005851371949184892,0.005057755224677839,0.0007936167245070529,0.005780455124672923
L3_S30_F3609,810256,373491,0.31551589993469886,0.6844841000653011,0.001319381738154896,0.001319381738154896,0.006324114905044566,0.005574781303686736,0.0007493336013578294,0.005780455124672923
L0_S22_F561,80599,1103148,0.9319119710546256,0.06808802894537436,-0.001317713225576886,0.001317713225576886,0.005847810085319468,0.005310239581136242,0.0005375705041832258,0.005780455124672923
L0_S9_F175,225659,958088,0.8093688938599211,0.19063110614007894,-0.0013147802798097828,0.0013147802798097828,0.005931605447516303,0.00530003234969578,0.0006315730978205232,0.005780455124672923
L3_S44_F4109,29804,1153943,0.974822322675369,0.025177677324631054,-0.0013033391863089307,0.0013033391863089307,0.005834776934389307,0.0048986713192860016,0.0009361056151033055,0.005780455124672923
L3_S33_F3873,1114695,69052,0.058333410771051586,0.9416665892289484,0.0012971317632602002,0.0012971317632602002,0.019304292417308695,0.004975352002117171,0.014328940415191525,0.005780455124672923
L0_S21_F537,81368,1102379,0.9312623389964241,0.06873766100357592,0.001283718328436649,0.001283718328436649,0.00582195415551276,0.0056656179333398875,0.0001563362221728721,0.005780455124672923
L0_S10_F219,224523,959224,0.8103285583828301,0.18967144161716987,0.0012589313540801795,0.0012589313540801795,0.005896432949967891,0.005447103414794921,0.0004493295351729702,0.005780455124672923
L3_S41_F4016,59913,1123834,0.9493869889427387,0.05061301105726135,-0.001243989439301306,0.001243989439301306,0.005850508171135594,0.005074024001468796,0.000776484169666798,0.005780455124672923
L3_S31_F3842,39003,1144744,0.9670512364550871,0.03294876354491294,-0.0012370340738449685,0.0012370340738449685,0.005916606682367411,0.002717739661051714,0.0031988670213156972,0.005780455124672923
L3_S30_F3674,810256,373491,0.31551589993469886,0.6844841000653011,0.0012323708152788008,0.0012323708152788008,0.006324114905044566,0.005574781303686736,0.0007493336013578294,0.005780455124672923
L2_S27_F3148,120729,1063018,0.8980111459627775,0.10198885403722247,0.0012223059814219664,0.0012223059814219664,0.005697927974879071,0.006808637527023333,0.0011107095521442623,0.005780455124672923
L0_S11_F310,225452,958295,0.8095437623073174,0.1904562376926826,0.0012169681747932109,0.0012169681747932109,0.0059334547294935275,0.005291592001845182,0.0006418627276483452,0.005780455124672923
L3_S43_F4075,30551,1153196,0.9741912756695477,0.025808724330452337,-0.001215790076927012,0.001215790076927012,0.0058272834799981965,0.005204412294196589,0.0006228711858016073,0.005780455124672923
L3_S45_F4124,59932,1123815,0.9493709382156829,0.05062906178431714,0.0012125535853908943,0.0012125535853908943,0.005850607083906159,0.005072415404124675,0.0007781916797814838,0.005780455124672923
L3_S45_F4126,59932,1123815,0.9493709382156829,0.05062906178431714,-0.0011983449277335268,0.0011983449277335268,0.005850607083906159,0.005072415404124675,0.0007781916797814838,0.005780455124672923
L1_S25_F2196,1243,1182504,0.9989499445405141,0.001050055459485888,0.0011911942839480823,0.0011911942839480823,0.005813933821788341,0.003218020917135961,0.0025959129046523796,0.005780455124672923
L2_S27_F3210,120729,1063018,0.8980111459627775,0.10198885403722247,0.0011582881391062677,0.0011582881391062677,0.005697927974879071,0.006808637527023333,0.0011107095521442623,0.005780455124672923
L0_S22_F551,80599,1103148,0.9319119710546256,0.06808802894537436,0.0011394466989187529,0.0011394466989187529,0.005847810085319468,0.005310239581136242,0.0005375705041832258,0.005780455124672923
L0_S0_F20,673862,509885,0.43073815604178933,0.5692618439582107,-0.0011339042471454524,0.0011339042471454524,0.006415172048599194,0.0053542119899920165,0.0010609600586071778,0.005780455124672923
L3_S47_F4183,59955,1123792,0.9493515083881945,0.05064849161180551,-0.001132361999991616,0.001132361999991616,0.005850726824892863,0.005070469518805771,0.0007802573060870918,0.005780455124672923
L3_S43_F4070,30551,1153196,0.9741912756695477,0.025808724330452337,-0.001132196632568108,0.001132196632568108,0.0058272834799981965,0.005204412294196589,0.0006228711858016073,0.005780455124672923
L0_S0_F22,673862,509885,0.43073815604178933,0.5692618439582107,-0.0011288415194479118,0.0011288415194479118,0.006415172048599194,0.0053542119899920165,0.0010609600586071778,0.005780455124672923
L3_S45_F4130,59932,1123815,0.9493709382156829,0.05062906178431714,-0.0011230871807164998,0.0011230871807164998,0.005850607083906159,0.005072415404124675,0.0007781916797814838,0.005780455124672923
L3_S30_F3629,810256,373491,0.31551589993469886,0.6844841000653011,0.0010934987416639924,0.0010934987416639924,0.006324114905044566,0.005574781303686736,0.0007493336013578294,0.005780455124672923
L1_S25_F2046,27528,1156219,0.9767450308216198,0.023254969178380214,0.0010891008070561955,0.0010891008070561955,0.005829345478667969,0.00504940424295263,0.0007799412357153389,0.005780455124672923
L0_S2_F44,339774,843973,0.7129673823882975,0.2870326176117025,0.0010737093595307866,0.0010737093595307866,0.005997822205212726,0.0053476722762777614,0.0006501499289349646,0.005780455124672923
L1_S25_F2273,3579,1180168,0.9969765498877716,0.0030234501122283763,0.0010703119667027346,0.0010703119667027346,0.005810189735698646,0.006146968426934898,0.00033677869123625165,0.005780455124672923
L1_S24_F751,23637,1160110,0.9800320507676049,0.019967949232395088,-0.0010648403144426382,0.0010648403144426382,0.0058209997327839606,0.005330625713923087,0.0004903740188608738,0.005780455124672923
L1_S24_F761,23637,1160110,0.9800320507676049,0.019967949232395088,0.0010648403144426382,0.0010648403144426382,0.0058209997327839606,0.005330625713923087,0.0004903740188608738,0.005780455124672923
L1_S25_F2813,8872,1174875,0.9925051552400977,0.007494844759902253,-0.00104511260210228,0.00104511260210228,0.005815937865730397,0.005184851217312894,0.0006310866484175032,0.005780455124672923
L2_S26_F3055,227011,956736,0.8082267579136421,0.19177324208635793,-0.0010415853755402593,0.0010415853755402593,0.005418422636965683,0.0074665985348727594,0.002048175897907076,0.005780455124672923
L0_S0_F2,673862,509885,0.43073815604178933,0.5692618439582107,0.001026989645701305,0.001026989645701305,0.006415172048599194,0.0053542119899920165,0.0010609600586071778,0.005780455124672923
L1_S24_F1184,13641,1170106,0.9884764227491178,0.011523577250882155,0.0010254413795727614,0.0010254413795727614,0.0058011838243714675,0.006671065171175133,0.000869881346803666,0.005780455124672923
L1_S25_F2823,8872,1174875,0.9925051552400977,0.007494844759902253,0.001020625198396778,0.001020625198396778,0.005815937865730397,0.005184851217312894,0.0006310866484175032,0.005780455124672923
L3_S43_F4060,30551,1153196,0.9741912756695477,0.025808724330452337,-0.0010134076052371026,0.0010134076052371026,0.0058272834799981965,0.005204412294196589,0.0006228711858016073,0.005780455124672923
L0_S15_F394,121445,1062302,0.8974062869853102,0.10259371301468978,-0.0010049795868528968,0.0010049795868528968,0.005873094468427999,0.005269875252171765,0.0006032192162562346,0.005780455124672923
L3_S31_F3846,39003,1144744,0.9670512364550871,0.03294876354491294,-0.0009954739924422406,0.0009954739924422406,0.005916606682367411,0.002717739661051714,0.0031988670213156972,0.005780455124672923
L0_S2_F48,339774,843973,0.7129673823882975,0.2870326176117025,0.0009876689813677637,0.0009876689813677637,0.005997822205212726,0.0053476722762777614,0.0006501499289349646,0.005780455124672923
L0_S19_F453,121027,1062720,0.8977594029805356,0.10224059701946442,0.000972750926577656,0.000972750926577656,0.005843495934959349,0.00552769216786337,0.00031580376709597954,0.005780455124672923
L3_S41_F4020,59913,1123834,0.9493869889427387,0.05061301105726135,-0.0009690757201704513,0.0009690757201704513,0.005850508171135594,0.005074024001468796,0.000776484169666798,0.005780455124672923
L3_S39_F3972,59908,1123839,0.9493912128182795,0.05060878718172046,-0.0009590594559901111,0.0009590594559901111,0.005851371949184892,0.005057755224677839,0.0007936167245070529,0.005780455124672923
L3_S30_F3664,810256,373491,0.31551589993469886,0.6844841000653011,0.0009329204334254489,0.0009329204334254489,0.006324114905044566,0.005574781303686736,0.0007493336013578294,0.005780455124672923
L3_S48_F4202,59923,1123824,0.9493785411916567,0.050621458808343345,-0.000917193947006329,0.000917193947006329,0.005851450049118011,0.005056489161090066,0.0007949608880279454,0.005780455124672923
L1_S25_F1963,27979,1155768,0.9763640372478241,0.023635962752175943,0.0009099356728266991,0.0009099356728266991,0.005827294059015304,0.0051467171807427,0.0006805768782726044,0.005780455124672923
L1_S24_F1371,13560,1170187,0.9885448495328816,0.011455150467118425,-0.0009051350948970745,0.0009051350948970745,0.005789672932616753,0.007669616519174041,0.0018799435865572882,0.005780455124672923
L1_S25_F2096,27769,1155978,0.9765414400205449,0.023458559979455118,0.0009023756205072095,0.0009023756205072095,0.005815854626991171,0.005617775216968562,0.00019807941002260906,0.005780455124672923
L0_S12_F342,242061,941686,0.7955128925353138,0.20448710746468624,-0.0008985424537196,0.0008985424537196,0.005900055857260275,0.0054655644651554775,0.0004344913921047978,0.005780455124672923
L0_S10_F234,224540,959207,0.8103141972059908,0.18968580279400915,0.0008976410190593829,0.0008976410190593829,0.00589653745229132,0.005446691012737152,0.0004498464395541685,0.005780455124672923
L1_S25_F2500,4297,1179450,0.9963700013600879,0.003629998639912091,0.0008836498931494238,0.0008836498931494238,0.005825596676416974,0.0018617640214102862,0.003963832655006688,0.005780455124672923
L3_S47_F4178,59955,1123792,0.9493515083881945,0.05064849161180551,-0.0008745147460734799,0.0008745147460734799,0.005850726824892863,0.005070469518805771,0.0007802573060870918,0.005780455124672923
L0_S22_F586,80591,1103156,0.9319187292554912,0.06808127074450876,0.0008672380457900612,0.0008672380457900612,0.005847767677463568,0.005310766710923056,0.0005370009665405118,0.005780455124672923
L0_S6_F122,338988,844759,0.7136313756233384,0.28636862437666155,0.0008559630230182854,0.0008559630230182854,0.00600644680908993,0.005324672259785007,0.0006817745493049232,0.005780455124672923
L1_S25_F1943,27979,1155768,0.9763640372478241,0.023635962752175943,0.0008532417125558246,0.0008532417125558246,0.005827294059015304,0.0051467171807427,0.0006805768782726044,0.005780455124672923
L0_S23_F647,80290,1103457,0.9321730065630578,0.0678269934369422,-0.0008531790506625015,0.0008531790506625015,0.00584073507168834,0.005405405405405406,0.00043532966628293413,0.005780455124672923
L1_S25_F2158,54992,1128755,0.9535441272501641,0.04645587274983587,-0.0008456574161126832,0.0008456574161126832,0.00584449238320096,0.005128018620890311,0.0007164737623106491,0.005780455124672923
L0_S10_F274,224523,959224,0.8103285583828301,0.18967144161716987,-0.0008396952453985396,0.0008396952453985396,0.005896432949967891,0.005447103414794921,0.0004493295351729702,0.005780455124672923
L3_S36_F3926,569032,614715,0.5192959306338263,0.4807040693661737,0.0008325919539394367,0.0008325919539394367,0.005674174210813141,0.005959243065416356,0.0002850688546032149,0.005780455124672923
L3_S48_F4198,59923,1123824,0.9493785411916567,0.050621458808343345,0.0008317308711777683,0.0008317308711777683,0.005851450049118011,0.005056489161090066,0.0007949608880279454,0.005780455124672923
L0_S22_F601,80591,1103156,0.9319187292554912,0.06808127074450876,-0.0008314611760648756,0.0008314611760648756,0.005847767677463568,0.005310766710923056,0.0005370009665405118,0.005780455124672923
L1_S25_F2454,7062,1176685,0.99403419818593,0.005965801814070026,0.0008261535632815899,0.0008261535632815899,0.005803592295304181,0.007080147267063155,0.0012765549717589737,0.005780455124672923
L1_S25_F2056,27375,1156372,0.9768742814131736,0.023125718586826438,-0.0008044421991662456,0.0008044421991662456,0.005838951479281753,0.004639269406392694,0.001199682072889059,0.005780455124672923
L1_S25_F2375,3598,1180149,0.9969604991607159,0.0030395008392840595,-0.0007917024202039407,0.0007917024202039407,0.0058051991740026045,0.007782101167315175,0.0019769019933125707,0.005780455124672923
L3_S36_F3934,569032,614715,0.5192959306338263,0.4807040693661737,-0.0007756765478499071,0.0007756765478499071,0.005674174210813141,0.005959243065416356,0.0002850688546032149,0.005780455124672923
L3_S51_F4256,59853,1123894,0.9494376754492303,0.0505623245507697,-0.0007719108877559528,0.0007719108877559528,0.00585197536422474,0.005045695286785959,0.0008062800774387814,0.005780455124672923
L1_S25_F2076,27375,1156372,0.9768742814131736,0.023125718586826438,0.0007607837248697774,0.0007607837248697774,0.005838951479281753,0.004639269406392694,0.001199682072889059,0.005780455124672923
L3_S45_F4132,59932,1123815,0.9493709382156829,0.05062906178431714,0.0007507311381295404,0.0007507311381295404,0.005850607083906159,0.005072415404124675,0.0007781916797814838,0.005780455124672923
L3_S35_F3913,552108,631639,0.5335929045649113,0.46640709543508874,0.0007448260534258276,0.0007448260534258276,0.0058609427220295135,0.005754308939555305,0.00010663378247420877,0.005780455124672923
L3_S37_F3948,1120394,63353,0.053519037429450717,0.9464809625705493,0.000732144380940781,0.000732144380940781,0.005098416807412435,0.005851512949908693,0.0007530961424962578,0.005780455124672923
L1_S25_F2268,3579,1180168,0.9969765498877716,0.0030234501122283763,0.0007309902672792548,0.0007309902672792548,0.005810189735698646,0.006146968426934898,0.00033677869123625165,0.005780455124672923
L3_S44_F4112,29804,1153943,0.974822322675369,0.025177677324631054,-0.0007268967539335012,0.0007268967539335012,0.005834776934389307,0.0048986713192860016,0.0009361056151033055,0.005780455124672923
L0_S14_F362,120625,1063122,0.8980990025740297,0.10190099742597025,-0.0007134092615654483,0.0007134092615654483,0.00582999881481147,0.0056455958549222795,0.00018440295988919088,0.005780455124672923
L3_S44_F4106,29804,1153943,0.974822322675369,0.025177677324631054,-0.0007104209396225595,0.0007104209396225595,0.005834776934389307,0.0048986713192860016,0.0009361056151033055,0.005780455124672923
L3_S50_F4253,30359,1153388,0.974353472490321,0.025646527509678996,0.000697825210805565,0.000697825210805565,0.0058271804457823385,0.005204387496294345,0.0006227929494879939,0.005780455124672923
L3_S47_F4173,59955,1123792,0.9493515083881945,0.05064849161180551,-0.0006920448108819081,0.0006920448108819081,0.005850726824892863,0.005070469518805771,0.0007802573060870918,0.005780455124672923
L3_S49_F4216,29673,1154074,0.9749329882145424,0.02506701178545756,-0.0006884665295784459,0.0006884665295784459,0.00582804915456028,0.005156202608431908,0.0006718465461283719,0.005780455124672923
L0_S3_F96,334708,849039,0.7172470130864113,0.28275298691358874,-0.0006835385417956308,0.0006835385417956308,0.005991479778902972,0.0053539204321378635,0.0006375593467651082,0.005780455124672923
L0_S3_F68,334708,849039,0.7172470130864113,0.28275298691358874,0.0006789898973037595,0.0006789898973037595,0.005991479778902972,0.0053539204321378635,0.0006375593467651082,0.005780455124672923
L0_S2_F52,339774,843973,0.7129673823882975,0.2870326176117025,0.0006774374514007665,0.0006774374514007665,0.005997822205212726,0.0053476722762777614,0.0006501499289349646,0.005780455124672923
L3_S29_F3485,1119629,64118,0.05416529038721957,0.9458347096127804,0.0006599121764005588,0.0006599121764005588,0.005193549393306092,0.005846579536614361,0.0006530301433082687,0.005780455124672923
L3_S48_F4200,59923,1123824,0.9493785411916567,0.050621458808343345,-0.0006570589047507979,0.0006570589047507979,0.005851450049118011,0.005056489161090066,0.0007949608880279454,0.005780455124672923
L3_S33_F3869,1114695,69052,0.058333410771051586,0.9416665892289484,-0.0006550362410475969,0.0006550362410475969,0.019304292417308695,0.004975352002117171,0.014328940415191525,0.005780455124672923
L0_S21_F527,81368,1102379,0.9312623389964241,0.06873766100357592,-0.0006525910032921182,0.0006525910032921182,0.00582195415551276,0.0056656179333398875,0.0001563362221728721,0.005780455124672923
L3_S29_F3491,1119629,64118,0.05416529038721957,0.9458347096127804,0.0006470280535847828,0.0006470280535847828,0.005193549393306092,0.005846579536614361,0.0006530301433082687,0.005780455124672923
L3_S41_F4002,59913,1123834,0.9493869889427387,0.05061301105726135,-0.0006336294471321771,0.0006336294471321771,0.005850508171135594,0.005074024001468796,0.000776484169666798,0.005780455124672923
L0_S3_F72,334708,849039,0.7172470130864113,0.28275298691358874,-0.0006238884605895547,0.0006238884605895547,0.005991479778902972,0.0053539204321378635,0.0006375593467651082,0.005780455124672923
L1_S25_F1873,55289,1128458,0.9532932290430303,0.046706770956969734,0.0006206614077047507,0.0006206614077047507,0.005845144436035723,0.005118558845339941,0.0007265855906957823,0.005780455124672923
L3_S51_F4262,59853,1123894,0.9494376754492303,0.0505623245507697,-0.000617841526189815,0.000617841526189815,0.00585197536422474,0.005045695286785959,0.0008062800774387814,0.005780455124672923
L1_S24_F1130,27202,1156545,0.9770204275068912,0.02297957249310878,-0.0006057668120258553,0.0006057668120258553,0.005772365104686804,0.007462686567164179,0.0016903214624773748,0.005780455124672923
L3_S30_F3729,1119811,63936,0.05401154131752815,0.9459884586824718,0.0005967803554852119,0.0005967803554852119,0.00513013013013013,0.0058500943462780775,0.0007199642161479477,0.005780455124672923
L1_S25_F2818,8872,1174875,0.9925051552400977,0.007494844759902253,0.0005959662290586834,0.0005959662290586834,0.005815937865730397,0.005184851217312894,0.0006310866484175032,0.005780455124672923
L3_S30_F3584,810256,373491,0.31551589993469886,0.6844841000653011,0.000589740470923267,0.000589740470923267,0.006324114905044566,0.005574781303686736,0.0007493336013578294,0.005780455124672923
L3_S29_F3360,1119629,64118,0.05416529038721957,0.9458347096127804,-0.0005862742449554388,0.0005862742449554388,0.005193549393306092,0.005846579536614361,0.0006530301433082687,0.005780455124672923
L3_S29_F3398,1119629,64118,0.05416529038721957,0.9458347096127804,-0.0005862742449554388,0.0005862742449554388,0.005193549393306092,0.005846579536614361,0.0006530301433082687,0.005780455124672923
L1_S25_F2086,27375,1156372,0.9768742814131736,0.023125718586826438,0.0005841059766803012,0.0005841059766803012,0.005838951479281753,0.004639269406392694,0.001199682072889059,0.005780455124672923
L0_S8_F149,673881,509866,0.43072210531473365,0.5692778946852664,0.000575252470088943,0.000575252470088943,0.006419333707287797,0.005351093145525693,0.0010682405617621037,0.005780455124672923
L3_S44_F4100,29804,1153943,0.974822322675369,0.025177677324631054,-0.0005720946953228897,0.0005720946953228897,0.005834776934389307,0.0048986713192860016,0.0009361056151033055,0.005780455124672923
L0_S3_F88,334708,849039,0.7172470130864113,0.28275298691358874,0.0005671482493705709,0.0005671482493705709,0.005991479778902972,0.0053539204321378635,0.0006375593467651082,0.005780455124672923
L3_S29_F3433,1119629,64118,0.05416529038721957,0.9458347096127804,-0.0005622130319459508,0.0005622130319459508,0.005193549393306092,0.005846579536614361,0.0006530301433082687,0.005780455124672923
L0_S7_F142,335698,848049,0.7164106857292986,0.28358931427070144,-0.0005533590908852576,0.0005533590908852576,0.005983144841866449,0.0053768565794255554,0.0006062882624408936,0.005780455124672923
L1_S25_F2793,14189,1169558,0.9880134859898272,0.01198651401017281,-0.0005461672456442622,0.0005461672456442622,0.0058261326073610715,0.004581013461131863,0.0012451191462292087,0.005780455124672923
L3_S36_F3930,569032,614715,0.5192959306338263,0.4807040693661737,0.0005370319179341653,0.0005370319179341653,0.005674174210813141,0.005959243065416356,0.0002850688546032149,0.005780455124672923
L2_S26_F3047,227011,956736,0.8082267579136421,0.19177324208635793,0.0005277418180944256,0.0005277418180944256,0.005418422636965683,0.0074665985348727594,0.002048175897907076,0.005780455124672923
L1_S24_F1486,27152,1156595,0.977062666262301,0.022937333737699017,-0.0005267248121041431,0.0005267248121041431,0.005772115563356231,0.007476428992339423,0.0017043134289831917,0.005780455124672923
L3_S33_F3855,1114695,69052,0.058333410771051586,0.9416665892289484,-0.000521179513866479,0.000521179513866479,0.019304292417308695,0.004975352002117171,0.014328940415191525,0.005780455124672923
L3_S33_F3861,1114695,69052,0.058333410771051586,0.9416665892289484,-0.000521179513866479,0.000521179513866479,0.019304292417308695,0.004975352002117171,0.014328940415191525,0.005780455124672923
L3_S33_F3863,1114695,69052,0.058333410771051586,0.9416665892289484,-0.000521179513866479,0.000521179513866479,0.019304292417308695,0.004975352002117171,0.014328940415191525,0.005780455124672923
L3_S30_F3594,810256,373491,0.31551589993469886,0.6844841000653011,0.000512765393872272,0.000512765393872272,0.006324114905044566,0.005574781303686736,0.0007493336013578294,0.005780455124672923
L3_S44_F4103,29804,1153943,0.974822322675369,0.025177677324631054,-0.0005030681095976239,0.0005030681095976239,0.005834776934389307,0.0048986713192860016,0.0009361056151033055,0.005780455124672923
L3_S30_F3654,810256,373491,0.31551589993469886,0.6844841000653011,0.0004990885694112493,0.0004990885694112493,0.006324114905044566,0.005574781303686736,0.0007493336013578294,0.005780455124672923
L3_S30_F3599,810256,373491,0.31551589993469886,0.6844841000653011,0.0004921076622240819,0.0004921076622240819,0.006324114905044566,0.005574781303686736,0.0007493336013578294,0.005780455124672923
L3_S30_F3614,810256,373491,0.31551589993469886,0.6844841000653011,0.0004921076622240819,0.0004921076622240819,0.006324114905044566,0.005574781303686736,0.0007493336013578294,0.005780455124672923
L3_S30_F3619,810256,373491,0.31551589993469886,0.6844841000653011,0.0004921076622240819,0.0004921076622240819,0.006324114905044566,0.005574781303686736,0.0007493336013578294,0.005780455124672923
L3_S30_F3659,810256,373491,0.31551589993469886,0.6844841000653011,0.0004921076622240819,0.0004921076622240819,0.006324114905044566,0.005574781303686736,0.0007493336013578294,0.005780455124672923
L3_S30_F3694,810256,373491,0.31551589993469886,0.6844841000653011,0.0004921076622240819,0.0004921076622240819,0.006324114905044566,0.005574781303686736,0.0007493336013578294,0.005780455124672923
L3_S30_F3699,810256,373491,0.31551589993469886,0.6844841000653011,0.0004921076622240819,0.0004921076622240819,0.006324114905044566,0.005574781303686736,0.0007493336013578294,0.005780455124672923
L3_S30_F3714,810256,373491,0.31551589993469886,0.6844841000653011,0.0004921076622240819,0.0004921076622240819,0.006324114905044566,0.005574781303686736,0.0007493336013578294,0.005780455124672923
L3_S30_F3719,810256,373491,0.31551589993469886,0.6844841000653011,0.0004921076622240819,0.0004921076622240819,0.006324114905044566,0.005574781303686736,0.0007493336013578294,0.005780455124672923
L0_S15_F418,121445,1062302,0.8974062869853102,0.10259371301468978,-0.00048420010284009804,0.00048420010284009804,0.005873094468427999,0.005269875252171765,0.0006032192162562346,0.005780455124672923
L2_S26_F3077,227011,956736,0.8082267579136421,0.19177324208635793,0.0004797204959557101,0.0004797204959557101,0.005418422636965683,0.0074665985348727594,0.002048175897907076,0.005780455124672923
L1_S25_F2789,17776,1165971,0.9849832776767333,0.015016722323266674,-0.0004756217513038759,0.0004756217513038759,0.005819184182110876,0.005288028802880288,0.0005311553792305881,0.005780455124672923
L1_S25_F3020,17772,1165975,0.984986656777166,0.015013343222833986,-0.00047404567313626497,0.00047404567313626497,0.005819164218786852,0.005289218996173756,0.0005299452226130959,0.005780455124672923
L3_S29_F3482,1119629,64118,0.05416529038721957,0.9458347096127804,0.0004731808909147809,0.0004731808909147809,0.005193549393306092,0.005846579536614361,0.0006530301433082687,0.005780455124672923
L0_S2_F60,339774,843973,0.7129673823882975,0.2870326176117025,-0.0004690496311301767,0.0004690496311301767,0.005997822205212726,0.0053476722762777614,0.0006501499289349646,0.005780455124672923
L1_S25_F2302,3579,1180168,0.9969765498877716,0.0030234501122283763,0.0004628641809839387,0.0004628641809839387,0.005810189735698646,0.006146968426934898,0.00033677869123625165,0.005780455124672923
L1_S25_F1968,27979,1155768,0.9763640372478241,0.023635962752175943,-0.0004440778641081077,0.0004440778641081077,0.005827294059015304,0.0051467171807427,0.0006805768782726044,0.005780455124672923
L3_S47_F4148,59955,1123792,0.9493515083881945,0.05064849161180551,0.0004281685491845068,0.0004281685491845068,0.005850726824892863,0.005070469518805771,0.0007802573060870918,0.005780455124672923
L3_S47_F4168,59955,1123792,0.9493515083881945,0.05064849161180551,0.0004281685491845068,0.0004281685491845068,0.005850726824892863,0.005070469518805771,0.0007802573060870918,0.005780455124672923
L3_S30_F3739,1119811,63936,0.05401154131752815,0.9459884586824718,0.00042745654980382085,0.00042745654980382085,0.00513013013013013,0.0058500943462780775,0.0007199642161479477,0.005780455124672923
L3_S33_F3857,1114695,69052,0.058333410771051586,0.9416665892289484,-0.00042422543758093386,0.00042422543758093386,0.019304292417308695,0.004975352002117171,0.014328940415191525,0.005780455124672923
L3_S51_F4258,59853,1123894,0.9494376754492303,0.0505623245507697,-0.0004187232195654917,0.0004187232195654917,0.00585197536422474,0.005045695286785959,0.0008062800774387814,0.005780455124672923
L0_S20_F463,242111,941636,0.795470653779904,0.204529346220096,-0.0004180768664760994,0.0004180768664760994,0.005900369144765069,0.005464435734022824,0.00043593341074224436,0.005780455124672923
L3_S29_F3324,1119629,64118,0.05416529038721957,0.9458347096127804,0.00041775739167293784,0.00041775739167293784,0.005193549393306092,0.005846579536614361,0.0006530301433082687,0.005780455124672923
L3_S29_F3367,1119629,64118,0.05416529038721957,0.9458347096127804,0.00041775739167293784,0.00041775739167293784,0.005193549393306092,0.005846579536614361,0.0006530301433082687,0.005780455124672923
L0_S0_F0,673862,509885,0.43073815604178933,0.5692618439582107,-0.0004144513720440897,0.0004144513720440897,0.006415172048599194,0.0053542119899920165,0.0010609600586071778,0.005780455124672923
L3_S41_F3998,59913,1123834,0.9493869889427387,0.05061301105726135,-0.0003994701958432353,0.0003994701958432353,0.005850508171135594,0.005074024001468796,0.000776484169666798,0.005780455124672923
L3_S39_F3964,59908,1123839,0.9493912128182795,0.05060878718172046,-0.0003973998696187786,0.0003973998696187786,0.005851371949184892,0.005057755224677839,0.0007936167245070529,0.005780455124672923
L3_S45_F4128,59932,1123815,0.9493709382156829,0.05062906178431714,-0.00039491351491219057,0.00039491351491219057,0.005850607083906159,0.005072415404124675,0.0007781916797814838,0.005780455124672923
L3_S40_F3990,59914,1123833,0.9493861441676305,0.05061385583236955,-0.0003905880142412925,0.0003905880142412925,0.005850513376987506,0.0050739393130153215,0.0007765740639721847,0.005780455124672923
L1_S24_F1260,13641,1170106,0.9884764227491178,0.011523577250882155,-0.0003760045959107151,0.0003760045959107151,0.0058011838243714675,0.006671065171175133,0.000869881346803666,0.005780455124672923
L0_S14_F378,120625,1063122,0.8980990025740297,0.10190099742597025,0.0003757782648727343,0.0003757782648727343,0.00582999881481147,0.0056455958549222795,0.00018440295988919088,0.005780455124672923
L3_S31_F3838,39003,1144744,0.9670512364550871,0.03294876354491294,-0.00037382815360886997,0.00037382815360886997,0.005916606682367411,0.002717739661051714,0.0031988670213156972,0.005780455124672923
L1_S25_F2747,4268,1179479,0.9963944998382256,0.003605500161774411,-0.0003671627576506708,0.0003671627576506708,0.0058254534417314765,0.0018744142455482662,0.00395103919618321,0.005780455124672923
L0_S3_F92,334708,849039,0.7172470130864113,0.28275298691358874,0.00036688652734929994,0.00036688652734929994,0.005991479778902972,0.0053539204321378635,0.0006375593467651082,0.005780455124672923
L3_S40_F3988,59914,1123833,0.9493861441676305,0.05061385583236955,-0.00035571309187118954,0.00035571309187118954,0.005850513376987506,0.0050739393130153215,0.0007765740639721847,0.005780455124672923
L3_S30_F3564,810256,373491,0.31551589993469886,0.6844841000653011,0.00035349346708033244,0.00035349346708033244,0.006324114905044566,0.005574781303686736,0.0007493336013578294,0.005780455124672923
L0_S9_F210,225659,958088,0.8093688938599211,0.19063110614007894,0.000341893053371778,0.000341893053371778,0.005931605447516303,0.00530003234969578,0.0006315730978205232,0.005780455124672923
L0_S15_F415,121445,1062302,0.8974062869853102,0.10259371301468978,0.0003331510955132081,0.0003331510955132081,0.005873094468427999,0.005269875252171765,0.0006032192162562346,0.005780455124672923
L3_S41_F4000,59913,1123834,0.9493869889427387,0.05061301105726135,-0.00033267729078748375,0.00033267729078748375,0.005850508171135594,0.005074024001468796,0.000776484169666798,0.005780455124672923
L3_S35_F3884,552057,631690,0.5336359880954292,0.4663640119045708,-0.00032395399712129626,0.00032395399712129626,0.005876300083901914,0.005736726461216867,0.00013957362268504723,0.005780455124672923
L3_S41_F3996,59913,1123834,0.9493869889427387,0.05061301105726135,-0.00031655697765530357,0.00031655697765530357,0.005850508171135594,0.005074024001468796,0.000776484169666798,0.005780455124672923
L1_S25_F2041,27528,1156219,0.9767450308216198,0.023254969178380214,0.0002989032790542704,0.0002989032790542704,0.005829345478667969,0.00504940424295263,0.0007799412357153389,0.005780455124672923
L1_S25_F1997,27528,1156219,0.9767450308216198,0.023254969178380214,-0.00028160601576078975,0.00028160601576078975,0.005829345478667969,0.00504940424295263,0.0007799412357153389,0.005780455124672923
L3_S48_F4204,59923,1123824,0.9493785411916567,0.050621458808343345,0.00027844384349959294,0.00027844384349959294,0.005851450049118011,0.005056489161090066,0.0007949608880279454,0.005780455124672923
L3_S33_F3871,1114695,69052,0.058333410771051586,0.9416665892289484,-0.00027620415511020387,0.00027620415511020387,0.019304292417308695,0.004975352002117171,0.014328940415191525,0.005780455124672923
L3_S29_F3318,1119629,64118,0.05416529038721957,0.9458347096127804,-0.0002624396168633317,0.0002624396168633317,0.005193549393306092,0.005846579536614361,0.0006530301433082687,0.005780455124672923
L3_S29_F3421,1119629,64118,0.05416529038721957,0.9458347096127804,-0.0002624396168633317,0.0002624396168633317,0.005193549393306092,0.005846579536614361,0.0006530301433082687,0.005780455124672923
L0_S10_F269,224523,959224,0.8103285583828301,0.18967144161716987,0.00025979697943925314,0.00025979697943925314,0.005896432949967891,0.005447103414794921,0.0004493295351729702,0.005780455124672923
L3_S37_F3944,1120394,63353,0.053519037429450717,0.9464809625705493,-0.00023855041819002785,0.00023855041819002785,0.005098416807412435,0.005851512949908693,0.0007530961424962578,0.005780455124672923
L3_S39_F3968,59908,1123839,0.9493912128182795,0.05060878718172046,-0.000231091903246269,0.000231091903246269,0.005851371949184892,0.005057755224677839,0.0007936167245070529,0.005780455124672923
L2_S27_F3218,120729,1063018,0.8980111459627775,0.10198885403722247,0.00022391855377126892,0.00022391855377126892,0.005697927974879071,0.006808637527023333,0.0011107095521442623,0.005780455124672923
L0_S11_F290,225452,958295,0.8095437623073174,0.1904562376926826,0.0002216780744103782,0.0002216780744103782,0.0059334547294935275,0.005291592001845182,0.0006418627276483452,0.005780455124672923
L3_S49_F4231,29673,1154074,0.9749329882145424,0.02506701178545756,-0.00021977018346989064,0.00021977018346989064,0.00582804915456028,0.005156202608431908,0.0006718465461283719,0.005780455124672923
L3_S37_F3946,1120394,63353,0.053519037429450717,0.9464809625705493,-0.0002193773026389963,0.0002193773026389963,0.005098416807412435,0.005851512949908693,0.0007530961424962578,0.005780455124672923
L0_S9_F165,225671,958076,0.8093587565586228,0.19064124344137723,-0.00021552966210706338,0.00021552966210706338,0.005931679741481887,0.005299750521777277,0.0006319292197046094,0.005780455124672923
L1_S24_F1341,13563,1170184,0.988542315207557,0.011457684792443024,-0.00021366496082047954,0.00021366496082047954,0.005781996677445598,0.0083314900833149,0.0025494934058693025,0.005780455124672923
L0_S15_F409,121445,1062302,0.8974062869853102,0.10259371301468978,0.00020886203280889976,0.00020886203280889976,0.005873094468427999,0.005269875252171765,0.0006032192162562346,0.005780455124672923
L1_S24_F1436,13596,1170151,0.9885144376289866,0.011485562371013391,0.000207497602579325,0.000207497602579325,0.005794124006218001,0.007281553398058253,0.0014874293918402514,0.005780455124672923
L1_S25_F2007,27528,1156219,0.9767450308216198,0.023254969178380214,-0.0001951459239605961,0.0001951459239605961,0.005829345478667969,0.00504940424295263,0.0007799412357153389,0.005780455124672923
L0_S22_F566,80591,1103156,0.9319187292554912,0.06808127074450876,0.0001906717797101825,0.0001906717797101825,0.005847767677463568,0.005310766710923056,0.0005370009665405118,0.005780455124672923
L0_S20_F466,242111,941636,0.795470653779904,0.204529346220096,-0.00018719497822905842,0.00018719497822905842,0.005900369144765069,0.005464435734022824,0.00043593341074224436,0.005780455124672923
L3_S30_F3724,1119811,63936,0.05401154131752815,0.9459884586824718,-0.0001861987180476908,0.0001861987180476908,0.00513013013013013,0.0058500943462780775,0.0007199642161479477,0.005780455124672923
L3_S44_F4118,29804,1153943,0.974822322675369,0.025177677324631054,-0.0001775799267478821,0.0001775799267478821,0.005834776934389307,0.0048986713192860016,0.0009361056151033055,0.005780455124672923
L3_S34_F3880,1115118,68629,0.05797607090028528,0.9420239290997148,-0.00017573057953411,0.00017573057953411,0.016917046729516678,0.005127708457759627,0.01178933827175705,0.005780455124672923
L1_S25_F2239,7146,1176601,0.9939632370768416,0.006036762923158356,0.0001690202541085917,0.0001690202541085917,0.005804006625865523,0.006996921354603974,0.0011929147287384513,0.005780455124672923
L2_S27_F3170,120729,1063018,0.8980111459627775,0.10198885403722247,0.00016495180710405054,0.00016495180710405054,0.005697927974879071,0.006808637527023333,0.0011107095521442623,0.005780455124672923
L3_S34_F3878,1115118,68629,0.05797607090028528,0.9420239290997148,-0.00015296891604277984,0.00015296891604277984,0.016917046729516678,0.005127708457759627,0.01178933827175705,0.005780455124672923
L3_S34_F3876,1115118,68629,0.05797607090028528,0.9420239290997148,-0.00014712993258864348,0.00014712993258864348,0.016917046729516678,0.005127708457759627,0.01178933827175705,0.005780455124672923
L3_S50_F4245,30359,1153388,0.974353472490321,0.025646527509678996,-0.00014315987639360874,0.00014315987639360874,0.0058271804457823385,0.005204387496294345,0.0006227929494879939,0.005780455124672923
L1_S25_F2031,27528,1156219,0.9767450308216198,0.023254969178380214,-0.000130789163624611,0.000130789163624611,0.005829345478667969,0.00504940424295263,0.0007799412357153389,0.005780455124672923
L3_S30_F3734,1119811,63936,0.05401154131752815,0.9459884586824718,-0.00012312932189424805,0.00012312932189424805,0.00513013013013013,0.0058500943462780775,0.0007199642161479477,0.005780455124672923
L3_S37_F3950,1120394,63353,0.053519037429450717,0.9464809625705493,0.00011381857937042296,0.00011381857937042296,0.005098416807412435,0.005851512949908693,0.0007530961424962578,0.005780455124672923
L3_S41_F4014,59913,1123834,0.9493869889427387,0.05061301105726135,-0.00010406678487384474,0.00010406678487384474,0.005850508171135594,0.005074024001468796,0.000776484169666798,0.005780455124672923
L0_S22_F571,80591,1103156,0.9319187292554912,0.06808127074450876,9.5817578267226e-05,9.5817578267226e-05,0.005847767677463568,0.005310766710923056,0.0005370009665405118,0.005780455124672923
L0_S12_F336,242061,941686,0.7955128925353138,0.20448710746468624,9.01025439379101e-05,9.01025439379101e-05,0.005900055857260275,0.0054655644651554775,0.0004344913921047978,0.005780455124672923
L3_S33_F3867,1114695,69052,0.058333410771051586,0.9416665892289484,-6.374104722849768e-05,6.374104722849768e-05,0.019304292417308695,0.004975352002117171,0.014328940415191525,0.005780455124672923
L0_S3_F80,334708,849039,0.7172470130864113,0.28275298691358874,-6.193271539364191e-05,6.193271539364191e-05,0.005991479778902972,0.0053539204321378635,0.0006375593467651082,0.005780455124672923
L3_S31_F3834,39003,1144744,0.9670512364550871,0.03294876354491294,5.866647772228436e-05,5.866647772228436e-05,0.005916606682367411,0.002717739661051714,0.0031988670213156972,0.005780455124672923
L0_S12_F334,242061,941686,0.7955128925353138,0.20448710746468624,5.6987968984572426e-05,5.6987968984572426e-05,0.005900055857260275,0.0054655644651554775,0.0004344913921047978,0.005780455124672923
L0_S9_F205,225659,958088,0.8093688938599211,0.19063110614007894,5.540109928227194e-05,5.540109928227194e-05,0.005931605447516303,0.00530003234969578,0.0006315730978205232,0.005780455124672923
L1_S25_F2852,8872,1174875,0.9925051552400977,0.007494844759902253,5.343910799241395e-05,5.343910799241395e-05,0.005815937865730397,0.005184851217312894,0.0006310866484175032,0.005780455124672923
L1_S24_F1051,11951,1171796,0.9899040926819667,0.010095907318033337,-5.282089230597914e-05,5.282089230597914e-05,0.00581585873309006,0.00535520040164003,0.0004606583314500298,0.005780455124672923
L1_S25_F3034,17772,1165975,0.984986656777166,0.015013343222833986,-4.592713954232413e-05,4.592713954232413e-05,0.005819164218786852,0.005289218996173756,0.0005299452226130959,0.005780455124672923
L1_S24_F1016,11951,1171796,0.9899040926819667,0.010095907318033337,-2.532016042897524e-05,2.532016042897524e-05,0.00581585873309006,0.00535520040164003,0.0004606583314500298,0.005780455124672923
L1_S24_F1803,66484,1117263,0.9438359717067921,0.05616402829320788,-9.226388228904014e-06,9.226388228904014e-06,0.0056020829473454326,0.009325552012514289,0.0037234690651688565,0.005780455124672923
