source,target,relationship,weight,transition_count,failure_evidence
line:L0,station:L0_S0,CONTAINS_STATION,1.0,0.0,0.0
line:L0,station:L0_S1,CONTAINS_STATION,1.0,0.0,0.0
line:L0,station:L0_S10,CONTAINS_STATION,1.0,0.0,0.0
line:L0,station:L0_S11,CONTAINS_STATION,1.0,0.0,0.0
line:L0,station:L0_S12,CONTAINS_STATION,1.0,0.0,0.0
line:L0,station:L0_S13,CONTAINS_STATION,1.0,0.0,0.0
line:L0,station:L0_S14,CONTAINS_STATION,1.0,0.0,0.0
line:L0,station:L0_S15,CONTAINS_STATION,1.0,0.0,0.0
line:L0,station:L0_S16,CONTAINS_STATION,1.0,0.0,0.0
line:L0,station:L0_S17,CONTAINS_STATION,1.0,0.0,0.0
line:L0,station:L0_S18,CONTAINS_STATION,1.0,0.0,0.0
line:L0,station:L0_S19,CONTAINS_STATION,1.0,0.0,0.0
line:L0,station:L0_S2,CONTAINS_STATION,1.0,0.0,0.0
line:L0,station:L0_S20,CONTAINS_STATION,1.0,0.0,0.0
line:L0,station:L0_S21,CONTAINS_STATION,1.0,0.0,0.0
line:L0,station:L0_S22,CONTAINS_STATION,1.0,0.0,0.0
line:L0,station:L0_S23,CONTAINS_STATION,1.0,0.0,0.0
line:L0,station:L0_S3,CONTAINS_STATION,1.0,0.0,0.0
line:L0,station:L0_S4,CONTAINS_STATION,1.0,0.0,0.0
line:L0,station:L0_S5,CONTAINS_STATION,1.0,0.0,0.0
line:L0,station:L0_S6,CONTAINS_STATION,1.0,0.0,0.0
line:L0,station:L0_S7,CONTAINS_STATION,1.0,0.0,0.0
line:L0,station:L0_S8,CONTAINS_STATION,1.0,0.0,0.0
line:L0,station:L0_S9,CONTAINS_STATION,1.0,0.0,0.0
line:L1,station:L1_S24,CONTAINS_STATION,1.0,0.0,0.0
line:L1,station:L1_S25,CONTAINS_STATION,1.0,0.0,0.0
line:L2,station:L2_S26,CONTAINS_STATION,1.0,0.0,0.0
line:L2,station:L2_S27,CONTAINS_STATION,1.0,0.0,0.0
line:L2,station:L2_S28,CONTAINS_STATION,1.0,0.0,0.0
line:L3,station:L3_S29,CONTAINS_STATION,1.0,0.0,0.0
line:L3,station:L3_S30,CONTAINS_STATION,1.0,0.0,0.0
line:L3,station:L3_S31,CONTAINS_STATION,1.0,0.0,0.0
line:L3,station:L3_S32,CONTAINS_STATION,1.0,0.0,0.0
line:L3,station:L3_S33,CONTAINS_STATION,1.0,0.0,0.0
line:L3,station:L3_S34,CONTAINS_STATION,1.0,0.0,0.0
line:L3,station:L3_S35,CONTAINS_STATION,1.0,0.0,0.0
line:L3,station:L3_S36,CONTAINS_STATION,1.0,0.0,0.0
line:L3,station:L3_S37,CONTAINS_STATION,1.0,0.0,0.0
line:L3,station:L3_S38,CONTAINS_STATION,1.0,0.0,0.0
line:L3,station:L3_S39,CONTAINS_STATION,1.0,0.0,0.0
line:L3,station:L3_S40,CONTAINS_STATION,1.0,0.0,0.0
line:L3,station:L3_S41,CONTAINS_STATION,1.0,0.0,0.0
line:L3,station:L3_S42,CONTAINS_STATION,1.0,0.0,0.0
line:L3,station:L3_S43,CONTAINS_STATION,1.0,0.0,0.0
line:L3,station:L3_S44,CONTAINS_STATION,1.0,0.0,0.0
line:L3,station:L3_S45,CONTAINS_STATION,1.0,0.0,0.0
line:L3,station:L3_S46,CONTAINS_STATION,1.0,0.0,0.0
line:L3,station:L3_S47,CONTAINS_STATION,1.0,0.0,0.0
line:L3,station:L3_S48,CONTAINS_STATION,1.0,0.0,0.0
line:L3,station:L3_S49,CONTAINS_STATION,1.0,0.0,0.0
line:L3,station:L3_S50,CONTAINS_STATION,1.0,0.0,0.0
line:L3,station:L3_S51,CONTAINS_STATION,1.0,0.0,0.0
station:L0_S0,feature:L0_S0_D1,HAS_FEATURE,1.0,0.0,0.0
station:L0_S0,feature:L0_S0_D11,HAS_FEATURE,1.0,0.0,0.0
station:L0_S0,feature:L0_S0_D13,HAS_FEATURE,1.0,0.0,0.0
station:L0_S0,feature:L0_S0_D15,HAS_FEATURE,1.0,0.0,0.0
station:L0_S0,feature:L0_S0_D17,HAS_FEATURE,1.0,0.0,0.0
station:L0_S0,feature:L0_S0_D19,HAS_FEATURE,1.0,0.0,0.0
station:L0_S0,feature:L0_S0_D21,HAS_FEATURE,1.0,0.0,0.0
station:L0_S0,feature:L0_S0_D23,HAS_FEATURE,1.0,0.0,0.0
station:L0_S0,feature:L0_S0_D3,HAS_FEATURE,1.0,0.0,0.0
station:L0_S0,feature:L0_S0_D5,HAS_FEATURE,1.0,0.0,0.0
station:L0_S0,feature:L0_S0_D7,HAS_FEATURE,1.0,0.0,0.0
station:L0_S0,feature:L0_S0_D9,HAS_FEATURE,1.0,0.0,0.0
station:L0_S0,feature:L0_S0_F0,HAS_FEATURE,1.0,0.0,0.0
station:L0_S0,feature:L0_S0_F10,HAS_FEATURE,1.0,0.0,0.0
station:L0_S0,feature:L0_S0_F12,HAS_FEATURE,1.0,0.0,0.0
station:L0_S0,feature:L0_S0_F14,HAS_FEATURE,1.0,0.0,0.0
station:L0_S0,feature:L0_S0_F16,HAS_FEATURE,1.0,0.0,0.0
station:L0_S0,feature:L0_S0_F18,HAS_FEATURE,1.0,0.0,0.0
station:L0_S0,feature:L0_S0_F2,HAS_FEATURE,1.0,0.0,0.0
station:L0_S0,feature:L0_S0_F20,HAS_FEATURE,1.0,0.0,0.0
station:L0_S0,feature:L0_S0_F22,HAS_FEATURE,1.0,0.0,0.0
station:L0_S0,feature:L0_S0_F4,HAS_FEATURE,1.0,0.0,0.0
station:L0_S0,feature:L0_S0_F6,HAS_FEATURE,1.0,0.0,0.0
station:L0_S0,feature:L0_S0_F8,HAS_FEATURE,1.0,0.0,0.0
station:L0_S10,feature:L0_S10_D216,HAS_FEATURE,1.0,0.0,0.0
station:L0_S10,feature:L0_S10_D221,HAS_FEATURE,1.0,0.0,0.0
station:L0_S10,feature:L0_S10_D226,HAS_FEATURE,1.0,0.0,0.0
station:L0_S10,feature:L0_S10_D231,HAS_FEATURE,1.0,0.0,0.0
station:L0_S10,feature:L0_S10_D236,HAS_FEATURE,1.0,0.0,0.0
station:L0_S10,feature:L0_S10_D241,HAS_FEATURE,1.0,0.0,0.0
station:L0_S10,feature:L0_S10_D246,HAS_FEATURE,1.0,0.0,0.0
station:L0_S10,feature:L0_S10_D251,HAS_FEATURE,1.0,0.0,0.0
station:L0_S10,feature:L0_S10_D256,HAS_FEATURE,1.0,0.0,0.0
station:L0_S10,feature:L0_S10_D261,HAS_FEATURE,1.0,0.0,0.0
station:L0_S10,feature:L0_S10_D266,HAS_FEATURE,1.0,0.0,0.0
station:L0_S10,feature:L0_S10_D271,HAS_FEATURE,1.0,0.0,0.0
station:L0_S10,feature:L0_S10_D276,HAS_FEATURE,1.0,0.0,0.0
station:L0_S10,feature:L0_S10_F215,HAS_FEATURE,1.0,0.0,0.0
feature:L0_S10_F215,failure:Response_1,MODEL_ASSOCIATED_WITH_FAILURE,0.0014045311196333,0.0,0.0014045311196333
station:L0_S10,feature:L0_S10_F217,HAS_FEATURE,1.0,0.0,0.0
station:L0_S10,feature:L0_S10_F218,HAS_FEATURE,1.0,0.0,0.0
station:L0_S10,feature:L0_S10_F219,HAS_FEATURE,1.0,0.0,0.0
station:L0_S10,feature:L0_S10_F220,HAS_FEATURE,1.0,0.0,0.0
station:L0_S10,feature:L0_S10_F222,HAS_FEATURE,1.0,0.0,0.0
station:L0_S10,feature:L0_S10_F223,HAS_FEATURE,1.0,0.0,0.0
station:L0_S10,feature:L0_S10_F224,HAS_FEATURE,1.0,0.0,0.0
station:L0_S10,feature:L0_S10_F225,HAS_FEATURE,1.0,0.0,0.0
station:L0_S10,feature:L0_S10_F227,HAS_FEATURE,1.0,0.0,0.0
station:L0_S10,feature:L0_S10_F228,HAS_FEATURE,1.0,0.0,0.0
station:L0_S10,feature:L0_S10_F229,HAS_FEATURE,1.0,0.0,0.0
station:L0_S10,feature:L0_S10_F230,HAS_FEATURE,1.0,0.0,0.0
station:L0_S10,feature:L0_S10_F232,HAS_FEATURE,1.0,0.0,0.0
station:L0_S10,feature:L0_S10_F233,HAS_FEATURE,1.0,0.0,0.0
station:L0_S10,feature:L0_S10_F234,HAS_FEATURE,1.0,0.0,0.0
station:L0_S10,feature:L0_S10_F235,HAS_FEATURE,1.0,0.0,0.0
station:L0_S10,feature:L0_S10_F237,HAS_FEATURE,1.0,0.0,0.0
station:L0_S10,feature:L0_S10_F238,HAS_FEATURE,1.0,0.0,0.0
station:L0_S10,feature:L0_S10_F239,HAS_FEATURE,1.0,0.0,0.0
station:L0_S10,feature:L0_S10_F240,HAS_FEATURE,1.0,0.0,0.0
station:L0_S10,feature:L0_S10_F242,HAS_FEATURE,1.0,0.0,0.0
station:L0_S10,feature:L0_S10_F243,HAS_FEATURE,1.0,0.0,0.0
station:L0_S10,feature:L0_S10_F244,HAS_FEATURE,1.0,0.0,0.0
station:L0_S10,feature:L0_S10_F245,HAS_FEATURE,1.0,0.0,0.0
station:L0_S10,feature:L0_S10_F247,HAS_FEATURE,1.0,0.0,0.0
station:L0_S10,feature:L0_S10_F248,HAS_FEATURE,1.0,0.0,0.0
station:L0_S10,feature:L0_S10_F249,HAS_FEATURE,1.0,0.0,0.0
station:L0_S10,feature:L0_S10_F250,HAS_FEATURE,1.0,0.0,0.0
station:L0_S10,feature:L0_S10_F252,HAS_FEATURE,1.0,0.0,0.0
station:L0_S10,feature:L0_S10_F253,HAS_FEATURE,1.0,0.0,0.0
station:L0_S10,feature:L0_S10_F254,HAS_FEATURE,1.0,0.0,0.0
station:L0_S10,feature:L0_S10_F255,HAS_FEATURE,1.0,0.0,0.0
station:L0_S10,feature:L0_S10_F257,HAS_FEATURE,1.0,0.0,0.0
station:L0_S10,feature:L0_S10_F258,HAS_FEATURE,1.0,0.0,0.0
station:L0_S10,feature:L0_S10_F259,HAS_FEATURE,1.0,0.0,0.0
station:L0_S10,feature:L0_S10_F260,HAS_FEATURE,1.0,0.0,0.0
station:L0_S10,feature:L0_S10_F262,HAS_FEATURE,1.0,0.0,0.0
station:L0_S10,feature:L0_S10_F263,HAS_FEATURE,1.0,0.0,0.0
station:L0_S10,feature:L0_S10_F264,HAS_FEATURE,1.0,0.0,0.0
station:L0_S10,feature:L0_S10_F265,HAS_FEATURE,1.0,0.0,0.0
station:L0_S10,feature:L0_S10_F267,HAS_FEATURE,1.0,0.0,0.0
station:L0_S10,feature:L0_S10_F268,HAS_FEATURE,1.0,0.0,0.0
station:L0_S10,feature:L0_S10_F269,HAS_FEATURE,1.0,0.0,0.0
station:L0_S10,feature:L0_S10_F270,HAS_FEATURE,1.0,0.0,0.0
station:L0_S10,feature:L0_S10_F272,HAS_FEATURE,1.0,0.0,0.0
station:L0_S10,feature:L0_S10_F273,HAS_FEATURE,1.0,0.0,0.0
station:L0_S10,feature:L0_S10_F274,HAS_FEATURE,1.0,0.0,0.0
station:L0_S10,feature:L0_S10_F275,HAS_FEATURE,1.0,0.0,0.0
station:L0_S10,feature:L0_S10_F277,HAS_FEATURE,1.0,0.0,0.0
station:L0_S10,feature:L0_S10_F278,HAS_FEATURE,1.0,0.0,0.0
station:L0_S11,feature:L0_S11_D280,HAS_FEATURE,1.0,0.0,0.0
station:L0_S11,feature:L0_S11_D284,HAS_FEATURE,1.0,0.0,0.0
station:L0_S11,feature:L0_S11_D288,HAS_FEATURE,1.0,0.0,0.0
station:L0_S11,feature:L0_S11_D292,HAS_FEATURE,1.0,0.0,0.0
station:L0_S11,feature:L0_S11_D296,HAS_FEATURE,1.0,0.0,0.0
station:L0_S11,feature:L0_S11_D300,HAS_FEATURE,1.0,0.0,0.0
station:L0_S11,feature:L0_S11_D304,HAS_FEATURE,1.0,0.0,0.0
station:L0_S11,feature:L0_S11_D308,HAS_FEATURE,1.0,0.0,0.0
station:L0_S11,feature:L0_S11_D312,HAS_FEATURE,1.0,0.0,0.0
station:L0_S11,feature:L0_S11_D316,HAS_FEATURE,1.0,0.0,0.0
station:L0_S11,feature:L0_S11_D320,HAS_FEATURE,1.0,0.0,0.0
station:L0_S11,feature:L0_S11_D324,HAS_FEATURE,1.0,0.0,0.0
station:L0_S11,feature:L0_S11_D328,HAS_FEATURE,1.0,0.0,0.0
station:L0_S11,feature:L0_S11_F279,HAS_FEATURE,1.0,0.0,0.0
station:L0_S11,feature:L0_S11_F281,HAS_FEATURE,1.0,0.0,0.0
station:L0_S11,feature:L0_S11_F282,HAS_FEATURE,1.0,0.0,0.0
station:L0_S11,feature:L0_S11_F283,HAS_FEATURE,1.0,0.0,0.0
station:L0_S11,feature:L0_S11_F285,HAS_FEATURE,1.0,0.0,0.0
station:L0_S11,feature:L0_S11_F286,HAS_FEATURE,1.0,0.0,0.0
station:L0_S11,feature:L0_S11_F287,HAS_FEATURE,1.0,0.0,0.0
station:L0_S11,feature:L0_S11_F289,HAS_FEATURE,1.0,0.0,0.0
station:L0_S11,feature:L0_S11_F290,HAS_FEATURE,1.0,0.0,0.0
station:L0_S11,feature:L0_S11_F291,HAS_FEATURE,1.0,0.0,0.0
station:L0_S11,feature:L0_S11_F293,HAS_FEATURE,1.0,0.0,0.0
station:L0_S11,feature:L0_S11_F294,HAS_FEATURE,1.0,0.0,0.0
station:L0_S11,feature:L0_S11_F295,HAS_FEATURE,1.0,0.0,0.0
station:L0_S11,feature:L0_S11_F297,HAS_FEATURE,1.0,0.0,0.0
station:L0_S11,feature:L0_S11_F298,HAS_FEATURE,1.0,0.0,0.0
station:L0_S11,feature:L0_S11_F299,HAS_FEATURE,1.0,0.0,0.0
station:L0_S11,feature:L0_S11_F301,HAS_FEATURE,1.0,0.0,0.0
station:L0_S11,feature:L0_S11_F302,HAS_FEATURE,1.0,0.0,0.0
station:L0_S11,feature:L0_S11_F303,HAS_FEATURE,1.0,0.0,0.0
station:L0_S11,feature:L0_S11_F305,HAS_FEATURE,1.0,0.0,0.0
station:L0_S11,feature:L0_S11_F306,HAS_FEATURE,1.0,0.0,0.0
station:L0_S11,feature:L0_S11_F307,HAS_FEATURE,1.0,0.0,0.0
station:L0_S11,feature:L0_S11_F309,HAS_FEATURE,1.0,0.0,0.0
station:L0_S11,feature:L0_S11_F310,HAS_FEATURE,1.0,0.0,0.0
station:L0_S11,feature:L0_S11_F311,HAS_FEATURE,1.0,0.0,0.0
station:L0_S11,feature:L0_S11_F313,HAS_FEATURE,1.0,0.0,0.0
station:L0_S11,feature:L0_S11_F314,HAS_FEATURE,1.0,0.0,0.0
station:L0_S11,feature:L0_S11_F315,HAS_FEATURE,1.0,0.0,0.0
station:L0_S11,feature:L0_S11_F317,HAS_FEATURE,1.0,0.0,0.0
station:L0_S11,feature:L0_S11_F318,HAS_FEATURE,1.0,0.0,0.0
station:L0_S11,feature:L0_S11_F319,HAS_FEATURE,1.0,0.0,0.0
station:L0_S11,feature:L0_S11_F321,HAS_FEATURE,1.0,0.0,0.0
station:L0_S11,feature:L0_S11_F322,HAS_FEATURE,1.0,0.0,0.0
station:L0_S11,feature:L0_S11_F323,HAS_FEATURE,1.0,0.0,0.0
station:L0_S11,feature:L0_S11_F325,HAS_FEATURE,1.0,0.0,0.0
station:L0_S11,feature:L0_S11_F326,HAS_FEATURE,1.0,0.0,0.0
station:L0_S11,feature:L0_S11_F327,HAS_FEATURE,1.0,0.0,0.0
station:L0_S11,feature:L0_S11_F329,HAS_FEATURE,1.0,0.0,0.0
station:L0_S12,feature:L0_S12_D331,HAS_FEATURE,1.0,0.0,0.0
station:L0_S12,feature:L0_S12_D333,HAS_FEATURE,1.0,0.0,0.0
station:L0_S12,feature:L0_S12_D335,HAS_FEATURE,1.0,0.0,0.0
station:L0_S12,feature:L0_S12_D337,HAS_FEATURE,1.0,0.0,0.0
station:L0_S12,feature:L0_S12_D339,HAS_FEATURE,1.0,0.0,0.0
station:L0_S12,feature:L0_S12_D341,HAS_FEATURE,1.0,0.0,0.0
station:L0_S12,feature:L0_S12_D343,HAS_FEATURE,1.0,0.0,0.0
station:L0_S12,feature:L0_S12_D345,HAS_FEATURE,1.0,0.0,0.0
station:L0_S12,feature:L0_S12_D347,HAS_FEATURE,1.0,0.0,0.0
station:L0_S12,feature:L0_S12_D349,HAS_FEATURE,1.0,0.0,0.0
station:L0_S12,feature:L0_S12_D351,HAS_FEATURE,1.0,0.0,0.0
station:L0_S12,feature:L0_S12_D353,HAS_FEATURE,1.0,0.0,0.0
station:L0_S12,feature:L0_S12_F330,HAS_FEATURE,1.0,0.0,0.0
station:L0_S12,feature:L0_S12_F332,HAS_FEATURE,1.0,0.0,0.0
station:L0_S12,feature:L0_S12_F334,HAS_FEATURE,1.0,0.0,0.0
station:L0_S12,feature:L0_S12_F336,HAS_FEATURE,1.0,0.0,0.0
station:L0_S12,feature:L0_S12_F338,HAS_FEATURE,1.0,0.0,0.0
station:L0_S12,feature:L0_S12_F340,HAS_FEATURE,1.0,0.0,0.0
station:L0_S12,feature:L0_S12_F342,HAS_FEATURE,1.0,0.0,0.0
station:L0_S12,feature:L0_S12_F344,HAS_FEATURE,1.0,0.0,0.0
station:L0_S12,feature:L0_S12_F346,HAS_FEATURE,1.0,0.0,0.0
station:L0_S12,feature:L0_S12_F348,HAS_FEATURE,1.0,0.0,0.0
station:L0_S12,feature:L0_S12_F350,HAS_FEATURE,1.0,0.0,0.0
station:L0_S12,feature:L0_S12_F352,HAS_FEATURE,1.0,0.0,0.0
station:L0_S13,feature:L0_S13_D355,HAS_FEATURE,1.0,0.0,0.0
station:L0_S13,feature:L0_S13_D357,HAS_FEATURE,1.0,0.0,0.0
station:L0_S13,feature:L0_S13_F354,HAS_FEATURE,1.0,0.0,0.0
station:L0_S13,feature:L0_S13_F356,HAS_FEATURE,1.0,0.0,0.0
station:L0_S14,feature:L0_S14_D360,HAS_FEATURE,1.0,0.0,0.0
station:L0_S14,feature:L0_S14_D364,HAS_FEATURE,1.0,0.0,0.0
station:L0_S14,feature:L0_S14_D368,HAS_FEATURE,1.0,0.0,0.0
station:L0_S14,feature:L0_S14_D372,HAS_FEATURE,1.0,0.0,0.0
station:L0_S14,feature:L0_S14_D376,HAS_FEATURE,1.0,0.0,0.0
station:L0_S14,feature:L0_S14_D380,HAS_FEATURE,1.0,0.0,0.0
station:L0_S14,feature:L0_S14_D384,HAS_FEATURE,1.0,0.0,0.0
station:L0_S14,feature:L0_S14_D388,HAS_FEATURE,1.0,0.0,0.0
station:L0_S14,feature:L0_S14_D392,HAS_FEATURE,1.0,0.0,0.0
station:L0_S14,feature:L0_S14_F358,HAS_FEATURE,1.0,0.0,0.0
station:L0_S14,feature:L0_S14_F359,HAS_FEATURE,1.0,0.0,0.0
station:L0_S14,feature:L0_S14_F361,HAS_FEATURE,1.0,0.0,0.0
station:L0_S14,feature:L0_S14_F362,HAS_FEATURE,1.0,0.0,0.0
station:L0_S14,feature:L0_S14_F363,HAS_FEATURE,1.0,0.0,0.0
station:L0_S14,feature:L0_S14_F365,HAS_FEATURE,1.0,0.0,0.0
station:L0_S14,feature:L0_S14_F366,HAS_FEATURE,1.0,0.0,0.0
station:L0_S14,feature:L0_S14_F367,HAS_FEATURE,1.0,0.0,0.0
station:L0_S14,feature:L0_S14_F369,HAS_FEATURE,1.0,0.0,0.0
station:L0_S14,feature:L0_S14_F370,HAS_FEATURE,1.0,0.0,0.0
station:L0_S14,feature:L0_S14_F371,HAS_FEATURE,1.0,0.0,0.0
station:L0_S14,feature:L0_S14_F373,HAS_FEATURE,1.0,0.0,0.0
station:L0_S14,feature:L0_S14_F374,HAS_FEATURE,1.0,0.0,0.0
station:L0_S14,feature:L0_S14_F375,HAS_FEATURE,1.0,0.0,0.0
station:L0_S14,feature:L0_S14_F377,HAS_FEATURE,1.0,0.0,0.0
station:L0_S14,feature:L0_S14_F378,HAS_FEATURE,1.0,0.0,0.0
station:L0_S14,feature:L0_S14_F379,HAS_FEATURE,1.0,0.0,0.0
station:L0_S14,feature:L0_S14_F381,HAS_FEATURE,1.0,0.0,0.0
station:L0_S14,feature:L0_S14_F382,HAS_FEATURE,1.0,0.0,0.0
station:L0_S14,feature:L0_S14_F383,HAS_FEATURE,1.0,0.0,0.0
station:L0_S14,feature:L0_S14_F385,HAS_FEATURE,1.0,0.0,0.0
station:L0_S14,feature:L0_S14_F386,HAS_FEATURE,1.0,0.0,0.0
station:L0_S14,feature:L0_S14_F387,HAS_FEATURE,1.0,0.0,0.0
station:L0_S14,feature:L0_S14_F389,HAS_FEATURE,1.0,0.0,0.0
station:L0_S14,feature:L0_S14_F390,HAS_FEATURE,1.0,0.0,0.0
station:L0_S14,feature:L0_S14_F391,HAS_FEATURE,1.0,0.0,0.0
station:L0_S14,feature:L0_S14_F393,HAS_FEATURE,1.0,0.0,0.0
station:L0_S15,feature:L0_S15_D395,HAS_FEATURE,1.0,0.0,0.0
station:L0_S15,feature:L0_S15_D398,HAS_FEATURE,1.0,0.0,0.0
station:L0_S15,feature:L0_S15_D401,HAS_FEATURE,1.0,0.0,0.0
station:L0_S15,feature:L0_S15_D404,HAS_FEATURE,1.0,0.0,0.0
station:L0_S15,feature:L0_S15_D407,HAS_FEATURE,1.0,0.0,0.0
station:L0_S15,feature:L0_S15_D410,HAS_FEATURE,1.0,0.0,0.0
station:L0_S15,feature:L0_S15_D413,HAS_FEATURE,1.0,0.0,0.0
station:L0_S15,feature:L0_S15_D416,HAS_FEATURE,1.0,0.0,0.0
station:L0_S15,feature:L0_S15_D419,HAS_FEATURE,1.0,0.0,0.0
station:L0_S15,feature:L0_S15_F394,HAS_FEATURE,1.0,0.0,0.0
station:L0_S15,feature:L0_S15_F396,HAS_FEATURE,1.0,0.0,0.0
station:L0_S15,feature:L0_S15_F397,HAS_FEATURE,1.0,0.0,0.0
station:L0_S15,feature:L0_S15_F399,HAS_FEATURE,1.0,0.0,0.0
station:L0_S15,feature:L0_S15_F400,HAS_FEATURE,1.0,0.0,0.0
station:L0_S15,feature:L0_S15_F402,HAS_FEATURE,1.0,0.0,0.0
station:L0_S15,feature:L0_S15_F403,HAS_FEATURE,1.0,0.0,0.0
station:L0_S15,feature:L0_S15_F405,HAS_FEATURE,1.0,0.0,0.0
station:L0_S15,feature:L0_S15_F406,HAS_FEATURE,1.0,0.0,0.0
station:L0_S15,feature:L0_S15_F408,HAS_FEATURE,1.0,0.0,0.0
station:L0_S15,feature:L0_S15_F409,HAS_FEATURE,1.0,0.0,0.0
station:L0_S15,feature:L0_S15_F411,HAS_FEATURE,1.0,0.0,0.0
station:L0_S15,feature:L0_S15_F412,HAS_FEATURE,1.0,0.0,0.0
station:L0_S15,feature:L0_S15_F414,HAS_FEATURE,1.0,0.0,0.0
station:L0_S15,feature:L0_S15_F415,HAS_FEATURE,1.0,0.0,0.0
station:L0_S15,feature:L0_S15_F417,HAS_FEATURE,1.0,0.0,0.0
station:L0_S15,feature:L0_S15_F418,HAS_FEATURE,1.0,0.0,0.0
station:L0_S15,feature:L0_S15_F420,HAS_FEATURE,1.0,0.0,0.0
station:L0_S16,feature:L0_S16_D423,HAS_FEATURE,1.0,0.0,0.0
station:L0_S16,feature:L0_S16_D428,HAS_FEATURE,1.0,0.0,0.0
station:L0_S16,feature:L0_S16_F421,HAS_FEATURE,1.0,0.0,0.0
station:L0_S16,feature:L0_S16_F422,HAS_FEATURE,1.0,0.0,0.0
station:L0_S16,feature:L0_S16_F424,HAS_FEATURE,1.0,0.0,0.0
station:L0_S16,feature:L0_S16_F425,HAS_FEATURE,1.0,0.0,0.0
station:L0_S16,feature:L0_S16_F426,HAS_FEATURE,1.0,0.0,0.0
station:L0_S16,feature:L0_S16_F427,HAS_FEATURE,1.0,0.0,0.0
station:L0_S16,feature:L0_S16_F429,HAS_FEATURE,1.0,0.0,0.0
station:L0_S16,feature:L0_S16_F430,HAS_FEATURE,1.0,0.0,0.0
station:L0_S17,feature:L0_S17_D432,HAS_FEATURE,1.0,0.0,0.0
station:L0_S17,feature:L0_S17_D434,HAS_FEATURE,1.0,0.0,0.0
station:L0_S17,feature:L0_S17_F431,HAS_FEATURE,1.0,0.0,0.0
station:L0_S17,feature:L0_S17_F433,HAS_FEATURE,1.0,0.0,0.0
station:L0_S18,feature:L0_S18_D437,HAS_FEATURE,1.0,0.0,0.0
station:L0_S18,feature:L0_S18_D441,HAS_FEATURE,1.0,0.0,0.0
station:L0_S18,feature:L0_S18_D444,HAS_FEATURE,1.0,0.0,0.0
station:L0_S18,feature:L0_S18_D447,HAS_FEATURE,1.0,0.0,0.0
station:L0_S18,feature:L0_S18_D451,HAS_FEATURE,1.0,0.0,0.0
station:L0_S18,feature:L0_S18_F435,HAS_FEATURE,1.0,0.0,0.0
station:L0_S18,feature:L0_S18_F436,HAS_FEATURE,1.0,0.0,0.0
station:L0_S18,feature:L0_S18_F438,HAS_FEATURE,1.0,0.0,0.0
station:L0_S18,feature:L0_S18_F439,HAS_FEATURE,1.0,0.0,0.0
station:L0_S18,feature:L0_S18_F440,HAS_FEATURE,1.0,0.0,0.0
station:L0_S18,feature:L0_S18_F442,HAS_FEATURE,1.0,0.0,0.0
station:L0_S18,feature:L0_S18_F443,HAS_FEATURE,1.0,0.0,0.0
station:L0_S18,feature:L0_S18_F445,HAS_FEATURE,1.0,0.0,0.0
station:L0_S18,feature:L0_S18_F446,HAS_FEATURE,1.0,0.0,0.0
station:L0_S18,feature:L0_S18_F448,HAS_FEATURE,1.0,0.0,0.0
station:L0_S18,feature:L0_S18_F449,HAS_FEATURE,1.0,0.0,0.0
station:L0_S18,feature:L0_S18_F450,HAS_FEATURE,1.0,0.0,0.0
station:L0_S18,feature:L0_S18_F452,HAS_FEATURE,1.0,0.0,0.0
station:L0_S19,feature:L0_S19_D454,HAS_FEATURE,1.0,0.0,0.0
station:L0_S19,feature:L0_S19_D456,HAS_FEATURE,1.0,0.0,0.0
station:L0_S19,feature:L0_S19_D457,HAS_FEATURE,1.0,0.0,0.0
station:L0_S19,feature:L0_S19_D458,HAS_FEATURE,1.0,0.0,0.0
station:L0_S19,feature:L0_S19_D460,HAS_FEATURE,1.0,0.0,0.0
station:L0_S19,feature:L0_S19_F453,HAS_FEATURE,1.0,0.0,0.0
station:L0_S19,feature:L0_S19_F455,HAS_FEATURE,1.0,0.0,0.0
station:L0_S19,feature:L0_S19_F459,HAS_FEATURE,1.0,0.0,0.0
station:L0_S1,feature:L0_S1_D26,HAS_FEATURE,1.0,0.0,0.0
station:L0_S1,feature:L0_S1_D30,HAS_FEATURE,1.0,0.0,0.0
station:L0_S1,feature:L0_S1_F24,HAS_FEATURE,1.0,0.0,0.0
station:L0_S1,feature:L0_S1_F25,HAS_FEATURE,1.0,0.0,0.0
station:L0_S1,feature:L0_S1_F27,HAS_FEATURE,1.0,0.0,0.0
station:L0_S1,feature:L0_S1_F28,HAS_FEATURE,1.0,0.0,0.0
station:L0_S1,feature:L0_S1_F29,HAS_FEATURE,1.0,0.0,0.0
station:L0_S1,feature:L0_S1_F31,HAS_FEATURE,1.0,0.0,0.0
station:L0_S20,feature:L0_S20_D462,HAS_FEATURE,1.0,0.0,0.0
station:L0_S20,feature:L0_S20_D464,HAS_FEATURE,1.0,0.0,0.0
station:L0_S20,feature:L0_S20_D465,HAS_FEATURE,1.0,0.0,0.0
station:L0_S20,feature:L0_S20_D467,HAS_FEATURE,1.0,0.0,0.0
station:L0_S20,feature:L0_S20_F461,HAS_FEATURE,1.0,0.0,0.0
station:L0_S20,feature:L0_S20_F463,HAS_FEATURE,1.0,0.0,0.0
station:L0_S20,feature:L0_S20_F466,HAS_FEATURE,1.0,0.0,0.0
station:L0_S21,feature:L0_S21_D469,HAS_FEATURE,1.0,0.0,0.0
station:L0_S21,feature:L0_S21_D474,HAS_FEATURE,1.0,0.0,0.0
station:L0_S21,feature:L0_S21_D479,HAS_FEATURE,1.0,0.0,0.0
station:L0_S21,feature:L0_S21_D484,HAS_FEATURE,1.0,0.0,0.0
station:L0_S21,feature:L0_S21_D489,HAS_FEATURE,1.0,0.0,0.0
station:L0_S21,feature:L0_S21_D494,HAS_FEATURE,1.0,0.0,0.0
station:L0_S21,feature:L0_S21_D499,HAS_FEATURE,1.0,0.0,0.0
station:L0_S21,feature:L0_S21_D504,HAS_FEATURE,1.0,0.0,0.0
station:L0_S21,feature:L0_S21_D509,HAS_FEATURE,1.0,0.0,0.0
station:L0_S21,feature:L0_S21_D514,HAS_FEATURE,1.0,0.0,0.0
station:L0_S21,feature:L0_S21_D519,HAS_FEATURE,1.0,0.0,0.0
station:L0_S21,feature:L0_S21_D524,HAS_FEATURE,1.0,0.0,0.0
station:L0_S21,feature:L0_S21_D529,HAS_FEATURE,1.0,0.0,0.0
station:L0_S21,feature:L0_S21_D534,HAS_FEATURE,1.0,0.0,0.0
station:L0_S21,feature:L0_S21_D539,HAS_FEATURE,1.0,0.0,0.0
station:L0_S21,feature:L0_S21_F468,HAS_FEATURE,1.0,0.0,0.0
station:L0_S21,feature:L0_S21_F470,HAS_FEATURE,1.0,0.0,0.0
station:L0_S21,feature:L0_S21_F471,HAS_FEATURE,1.0,0.0,0.0
station:L0_S21,feature:L0_S21_F472,HAS_FEATURE,1.0,0.0,0.0
station:L0_S21,feature:L0_S21_F473,HAS_FEATURE,1.0,0.0,0.0
station:L0_S21,feature:L0_S21_F475,HAS_FEATURE,1.0,0.0,0.0
station:L0_S21,feature:L0_S21_F476,HAS_FEATURE,1.0,0.0,0.0
station:L0_S21,feature:L0_S21_F477,HAS_FEATURE,1.0,0.0,0.0
station:L0_S21,feature:L0_S21_F478,HAS_FEATURE,1.0,0.0,0.0
station:L0_S21,feature:L0_S21_F480,HAS_FEATURE,1.0,0.0,0.0
station:L0_S21,feature:L0_S21_F481,HAS_FEATURE,1.0,0.0,0.0
station:L0_S21,feature:L0_S21_F482,HAS_FEATURE,1.0,0.0,0.0
station:L0_S21,feature:L0_S21_F483,HAS_FEATURE,1.0,0.0,0.0
station:L0_S21,feature:L0_S21_F485,HAS_FEATURE,1.0,0.0,0.0
station:L0_S21,feature:L0_S21_F486,HAS_FEATURE,1.0,0.0,0.0
station:L0_S21,feature:L0_S21_F487,HAS_FEATURE,1.0,0.0,0.0
station:L0_S21,feature:L0_S21_F488,HAS_FEATURE,1.0,0.0,0.0
station:L0_S21,feature:L0_S21_F490,HAS_FEATURE,1.0,0.0,0.0
station:L0_S21,feature:L0_S21_F491,HAS_FEATURE,1.0,0.0,0.0
station:L0_S21,feature:L0_S21_F492,HAS_FEATURE,1.0,0.0,0.0
station:L0_S21,feature:L0_S21_F493,HAS_FEATURE,1.0,0.0,0.0
station:L0_S21,feature:L0_S21_F495,HAS_FEATURE,1.0,0.0,0.0
station:L0_S21,feature:L0_S21_F496,HAS_FEATURE,1.0,0.0,0.0
station:L0_S21,feature:L0_S21_F497,HAS_FEATURE,1.0,0.0,0.0
station:L0_S21,feature:L0_S21_F498,HAS_FEATURE,1.0,0.0,0.0
station:L0_S21,feature:L0_S21_F500,HAS_FEATURE,1.0,0.0,0.0
station:L0_S21,feature:L0_S21_F501,HAS_FEATURE,1.0,0.0,0.0
station:L0_S21,feature:L0_S21_F502,HAS_FEATURE,1.0,0.0,0.0
station:L0_S21,feature:L0_S21_F503,HAS_FEATURE,1.0,0.0,0.0
station:L0_S21,feature:L0_S21_F505,HAS_FEATURE,1.0,0.0,0.0
station:L0_S21,feature:L0_S21_F506,HAS_FEATURE,1.0,0.0,0.0
station:L0_S21,feature:L0_S21_F507,HAS_FEATURE,1.0,0.0,0.0
station:L0_S21,feature:L0_S21_F508,HAS_FEATURE,1.0,0.0,0.0
station:L0_S21,feature:L0_S21_F510,HAS_FEATURE,1.0,0.0,0.0
station:L0_S21,feature:L0_S21_F511,HAS_FEATURE,1.0,0.0,0.0
station:L0_S21,feature:L0_S21_F512,HAS_FEATURE,1.0,0.0,0.0
station:L0_S21,feature:L0_S21_F513,HAS_FEATURE,1.0,0.0,0.0
station:L0_S21,feature:L0_S21_F515,HAS_FEATURE,1.0,0.0,0.0
station:L0_S21,feature:L0_S21_F516,HAS_FEATURE,1.0,0.0,0.0
station:L0_S21,feature:L0_S21_F517,HAS_FEATURE,1.0,0.0,0.0
station:L0_S21,feature:L0_S21_F518,HAS_FEATURE,1.0,0.0,0.0
station:L0_S21,feature:L0_S21_F520,HAS_FEATURE,1.0,0.0,0.0
station:L0_S21,feature:L0_S21_F521,HAS_FEATURE,1.0,0.0,0.0
station:L0_S21,feature:L0_S21_F522,HAS_FEATURE,1.0,0.0,0.0
station:L0_S21,feature:L0_S21_F523,HAS_FEATURE,1.0,0.0,0.0
station:L0_S21,feature:L0_S21_F525,HAS_FEATURE,1.0,0.0,0.0
station:L0_S21,feature:L0_S21_F526,HAS_FEATURE,1.0,0.0,0.0
station:L0_S21,feature:L0_S21_F527,HAS_FEATURE,1.0,0.0,0.0
station:L0_S21,feature:L0_S21_F528,HAS_FEATURE,1.0,0.0,0.0
station:L0_S21,feature:L0_S21_F530,HAS_FEATURE,1.0,0.0,0.0
station:L0_S21,feature:L0_S21_F531,HAS_FEATURE,1.0,0.0,0.0
station:L0_S21,feature:L0_S21_F532,HAS_FEATURE,1.0,0.0,0.0
station:L0_S21,feature:L0_S21_F533,HAS_FEATURE,1.0,0.0,0.0
station:L0_S21,feature:L0_S21_F535,HAS_FEATURE,1.0,0.0,0.0
station:L0_S21,feature:L0_S21_F536,HAS_FEATURE,1.0,0.0,0.0
station:L0_S21,feature:L0_S21_F537,HAS_FEATURE,1.0,0.0,0.0
station:L0_S21,feature:L0_S21_F538,HAS_FEATURE,1.0,0.0,0.0
station:L0_S21,feature:L0_S21_F540,HAS_FEATURE,1.0,0.0,0.0
station:L0_S21,feature:L0_S21_F541,HAS_FEATURE,1.0,0.0,0.0
station:L0_S22,feature:L0_S22_D543,HAS_FEATURE,1.0,0.0,0.0
station:L0_S22,feature:L0_S22_D548,HAS_FEATURE,1.0,0.0,0.0
station:L0_S22,feature:L0_S22_D553,HAS_FEATURE,1.0,0.0,0.0
station:L0_S22,feature:L0_S22_D558,HAS_FEATURE,1.0,0.0,0.0
station:L0_S22,feature:L0_S22_D563,HAS_FEATURE,1.0,0.0,0.0
station:L0_S22,feature:L0_S22_D568,HAS_FEATURE,1.0,0.0,0.0
station:L0_S22,feature:L0_S22_D573,HAS_FEATURE,1.0,0.0,0.0
station:L0_S22,feature:L0_S22_D578,HAS_FEATURE,1.0,0.0,0.0
station:L0_S22,feature:L0_S22_D583,HAS_FEATURE,1.0,0.0,0.0
station:L0_S22,feature:L0_S22_D588,HAS_FEATURE,1.0,0.0,0.0
station:L0_S22,feature:L0_S22_D593,HAS_FEATURE,1.0,0.0,0.0
station:L0_S22,feature:L0_S22_D598,HAS_FEATURE,1.0,0.0,0.0
station:L0_S22,feature:L0_S22_D603,HAS_FEATURE,1.0,0.0,0.0
station:L0_S22,feature:L0_S22_D608,HAS_FEATURE,1.0,0.0,0.0
station:L0_S22,feature:L0_S22_D613,HAS_FEATURE,1.0,0.0,0.0
station:L0_S22,feature:L0_S22_F542,HAS_FEATURE,1.0,0.0,0.0
station:L0_S22,feature:L0_S22_F544,HAS_FEATURE,1.0,0.0,0.0
station:L0_S22,feature:L0_S22_F545,HAS_FEATURE,1.0,0.0,0.0
station:L0_S22,feature:L0_S22_F546,HAS_FEATURE,1.0,0.0,0.0
station:L0_S22,feature:L0_S22_F547,HAS_FEATURE,1.0,0.0,0.0
station:L0_S22,feature:L0_S22_F549,HAS_FEATURE,1.0,0.0,0.0
station:L0_S22,feature:L0_S22_F550,HAS_FEATURE,1.0,0.0,0.0
station:L0_S22,feature:L0_S22_F551,HAS_FEATURE,1.0,0.0,0.0
station:L0_S22,feature:L0_S22_F552,HAS_FEATURE,1.0,0.0,0.0
station:L0_S22,feature:L0_S22_F554,HAS_FEATURE,1.0,0.0,0.0
station:L0_S22,feature:L0_S22_F555,HAS_FEATURE,1.0,0.0,0.0
station:L0_S22,feature:L0_S22_F556,HAS_FEATURE,1.0,0.0,0.0
station:L0_S22,feature:L0_S22_F557,HAS_FEATURE,1.0,0.0,0.0
station:L0_S22,feature:L0_S22_F559,HAS_FEATURE,1.0,0.0,0.0
station:L0_S22,feature:L0_S22_F560,HAS_FEATURE,1.0,0.0,0.0
station:L0_S22,feature:L0_S22_F561,HAS_FEATURE,1.0,0.0,0.0
station:L0_S22,feature:L0_S22_F562,HAS_FEATURE,1.0,0.0,0.0
station:L0_S22,feature:L0_S22_F564,HAS_FEATURE,1.0,0.0,0.0
station:L0_S22,feature:L0_S22_F565,HAS_FEATURE,1.0,0.0,0.0
station:L0_S22,feature:L0_S22_F566,HAS_FEATURE,1.0,0.0,0.0
station:L0_S22,feature:L0_S22_F567,HAS_FEATURE,1.0,0.0,0.0
station:L0_S22,feature:L0_S22_F569,HAS_FEATURE,1.0,0.0,0.0
station:L0_S22,feature:L0_S22_F570,HAS_FEATURE,1.0,0.0,0.0
station:L0_S22,feature:L0_S22_F571,HAS_FEATURE,1.0,0.0,0.0
station:L0_S22,feature:L0_S22_F572,HAS_FEATURE,1.0,0.0,0.0
station:L0_S22,feature:L0_S22_F574,HAS_FEATURE,1.0,0.0,0.0
station:L0_S22,feature:L0_S22_F575,HAS_FEATURE,1.0,0.0,0.0
station:L0_S22,feature:L0_S22_F576,HAS_FEATURE,1.0,0.0,0.0
station:L0_S22,feature:L0_S22_F577,HAS_FEATURE,1.0,0.0,0.0
station:L0_S22,feature:L0_S22_F579,HAS_FEATURE,1.0,0.0,0.0
station:L0_S22,feature:L0_S22_F580,HAS_FEATURE,1.0,0.0,0.0
station:L0_S22,feature:L0_S22_F581,HAS_FEATURE,1.0,0.0,0.0
station:L0_S22,feature:L0_S22_F582,HAS_FEATURE,1.0,0.0,0.0
station:L0_S22,feature:L0_S22_F584,HAS_FEATURE,1.0,0.0,0.0
station:L0_S22,feature:L0_S22_F585,HAS_FEATURE,1.0,0.0,0.0
station:L0_S22,feature:L0_S22_F586,HAS_FEATURE,1.0,0.0,0.0
station:L0_S22,feature:L0_S22_F587,HAS_FEATURE,1.0,0.0,0.0
station:L0_S22,feature:L0_S22_F589,HAS_FEATURE,1.0,0.0,0.0
station:L0_S22,feature:L0_S22_F590,HAS_FEATURE,1.0,0.0,0.0
station:L0_S22,feature:L0_S22_F591,HAS_FEATURE,1.0,0.0,0.0
station:L0_S22,feature:L0_S22_F592,HAS_FEATURE,1.0,0.0,0.0
station:L0_S22,feature:L0_S22_F594,HAS_FEATURE,1.0,0.0,0.0
station:L0_S22,feature:L0_S22_F595,HAS_FEATURE,1.0,0.0,0.0
station:L0_S22,feature:L0_S22_F596,HAS_FEATURE,1.0,0.0,0.0
station:L0_S22,feature:L0_S22_F597,HAS_FEATURE,1.0,0.0,0.0
station:L0_S22,feature:L0_S22_F599,HAS_FEATURE,1.0,0.0,0.0
station:L0_S22,feature:L0_S22_F600,HAS_FEATURE,1.0,0.0,0.0
station:L0_S22,feature:L0_S22_F601,HAS_FEATURE,1.0,0.0,0.0
station:L0_S22,feature:L0_S22_F602,HAS_FEATURE,1.0,0.0,0.0
station:L0_S22,feature:L0_S22_F604,HAS_FEATURE,1.0,0.0,0.0
station:L0_S22,feature:L0_S22_F605,HAS_FEATURE,1.0,0.0,0.0
station:L0_S22,feature:L0_S22_F606,HAS_FEATURE,1.0,0.0,0.0
station:L0_S22,feature:L0_S22_F607,HAS_FEATURE,1.0,0.0,0.0
station:L0_S22,feature:L0_S22_F609,HAS_FEATURE,1.0,0.0,0.0
station:L0_S22,feature:L0_S22_F610,HAS_FEATURE,1.0,0.0,0.0
station:L0_S22,feature:L0_S22_F611,HAS_FEATURE,1.0,0.0,0.0
station:L0_S22,feature:L0_S22_F612,HAS_FEATURE,1.0,0.0,0.0
station:L0_S22,feature:L0_S22_F614,HAS_FEATURE,1.0,0.0,0.0
station:L0_S22,feature:L0_S22_F615,HAS_FEATURE,1.0,0.0,0.0
station:L0_S23,feature:L0_S23_D617,HAS_FEATURE,1.0,0.0,0.0
station:L0_S23,feature:L0_S23_D621,HAS_FEATURE,1.0,0.0,0.0
station:L0_S23,feature:L0_S23_D625,HAS_FEATURE,1.0,0.0,0.0
station:L0_S23,feature:L0_S23_D629,HAS_FEATURE,1.0,0.0,0.0
station:L0_S23,feature:L0_S23_D633,HAS_FEATURE,1.0,0.0,0.0
station:L0_S23,feature:L0_S23_D637,HAS_FEATURE,1.0,0.0,0.0
station:L0_S23,feature:L0_S23_D641,HAS_FEATURE,1.0,0.0,0.0
station:L0_S23,feature:L0_S23_D645,HAS_FEATURE,1.0,0.0,0.0
station:L0_S23,feature:L0_S23_D649,HAS_FEATURE,1.0,0.0,0.0
station:L0_S23,feature:L0_S23_D653,HAS_FEATURE,1.0,0.0,0.0
station:L0_S23,feature:L0_S23_D657,HAS_FEATURE,1.0,0.0,0.0
station:L0_S23,feature:L0_S23_D661,HAS_FEATURE,1.0,0.0,0.0
station:L0_S23,feature:L0_S23_D665,HAS_FEATURE,1.0,0.0,0.0
station:L0_S23,feature:L0_S23_D669,HAS_FEATURE,1.0,0.0,0.0
station:L0_S23,feature:L0_S23_D673,HAS_FEATURE,1.0,0.0,0.0
station:L0_S23,feature:L0_S23_F616,HAS_FEATURE,1.0,0.0,0.0
station:L0_S23,feature:L0_S23_F618,HAS_FEATURE,1.0,0.0,0.0
station:L0_S23,feature:L0_S23_F619,HAS_FEATURE,1.0,0.0,0.0
station:L0_S23,feature:L0_S23_F620,HAS_FEATURE,1.0,0.0,0.0
station:L0_S23,feature:L0_S23_F622,HAS_FEATURE,1.0,0.0,0.0
station:L0_S23,feature:L0_S23_F623,HAS_FEATURE,1.0,0.0,0.0
station:L0_S23,feature:L0_S23_F624,HAS_FEATURE,1.0,0.0,0.0
station:L0_S23,feature:L0_S23_F626,HAS_FEATURE,1.0,0.0,0.0
station:L0_S23,feature:L0_S23_F627,HAS_FEATURE,1.0,0.0,0.0
station:L0_S23,feature:L0_S23_F628,HAS_FEATURE,1.0,0.0,0.0
station:L0_S23,feature:L0_S23_F630,HAS_FEATURE,1.0,0.0,0.0
station:L0_S23,feature:L0_S23_F631,HAS_FEATURE,1.0,0.0,0.0
station:L0_S23,feature:L0_S23_F632,HAS_FEATURE,1.0,0.0,0.0
station:L0_S23,feature:L0_S23_F634,HAS_FEATURE,1.0,0.0,0.0
station:L0_S23,feature:L0_S23_F635,HAS_FEATURE,1.0,0.0,0.0
station:L0_S23,feature:L0_S23_F636,HAS_FEATURE,1.0,0.0,0.0
station:L0_S23,feature:L0_S23_F638,HAS_FEATURE,1.0,0.0,0.0
station:L0_S23,feature:L0_S23_F639,HAS_FEATURE,1.0,0.0,0.0
station:L0_S23,feature:L0_S23_F640,HAS_FEATURE,1.0,0.0,0.0
station:L0_S23,feature:L0_S23_F642,HAS_FEATURE,1.0,0.0,0.0
station:L0_S23,feature:L0_S23_F643,HAS_FEATURE,1.0,0.0,0.0
station:L0_S23,feature:L0_S23_F644,HAS_FEATURE,1.0,0.0,0.0
station:L0_S23,feature:L0_S23_F646,HAS_FEATURE,1.0,0.0,0.0
station:L0_S23,feature:L0_S23_F647,HAS_FEATURE,1.0,0.0,0.0
station:L0_S23,feature:L0_S23_F648,HAS_FEATURE,1.0,0.0,0.0
station:L0_S23,feature:L0_S23_F650,HAS_FEATURE,1.0,0.0,0.0
station:L0_S23,feature:L0_S23_F651,HAS_FEATURE,1.0,0.0,0.0
station:L0_S23,feature:L0_S23_F652,HAS_FEATURE,1.0,0.0,0.0
station:L0_S23,feature:L0_S23_F654,HAS_FEATURE,1.0,0.0,0.0
station:L0_S23,feature:L0_S23_F655,HAS_FEATURE,1.0,0.0,0.0
station:L0_S23,feature:L0_S23_F656,HAS_FEATURE,1.0,0.0,0.0
station:L0_S23,feature:L0_S23_F658,HAS_FEATURE,1.0,0.0,0.0
station:L0_S23,feature:L0_S23_F659,HAS_FEATURE,1.0,0.0,0.0
station:L0_S23,feature:L0_S23_F660,HAS_FEATURE,1.0,0.0,0.0
station:L0_S23,feature:L0_S23_F662,HAS_FEATURE,1.0,0.0,0.0
station:L0_S23,feature:L0_S23_F663,HAS_FEATURE,1.0,0.0,0.0
station:L0_S23,feature:L0_S23_F664,HAS_FEATURE,1.0,0.0,0.0
station:L0_S23,feature:L0_S23_F666,HAS_FEATURE,1.0,0.0,0.0
station:L0_S23,feature:L0_S23_F667,HAS_FEATURE,1.0,0.0,0.0
station:L0_S23,feature:L0_S23_F668,HAS_FEATURE,1.0,0.0,0.0
station:L0_S23,feature:L0_S23_F670,HAS_FEATURE,1.0,0.0,0.0
station:L0_S23,feature:L0_S23_F671,HAS_FEATURE,1.0,0.0,0.0
station:L0_S23,feature:L0_S23_F672,HAS_FEATURE,1.0,0.0,0.0
station:L0_S23,feature:L0_S23_F674,HAS_FEATURE,1.0,0.0,0.0
station:L0_S2,feature:L0_S2_D34,HAS_FEATURE,1.0,0.0,0.0
station:L0_S2,feature:L0_S2_D38,HAS_FEATURE,1.0,0.0,0.0
station:L0_S2,feature:L0_S2_D42,HAS_FEATURE,1.0,0.0,0.0
station:L0_S2,feature:L0_S2_D46,HAS_FEATURE,1.0,0.0,0.0
station:L0_S2,feature:L0_S2_D50,HAS_FEATURE,1.0,0.0,0.0
station:L0_S2,feature:L0_S2_D54,HAS_FEATURE,1.0,0.0,0.0
station:L0_S2,feature:L0_S2_D58,HAS_FEATURE,1.0,0.0,0.0
station:L0_S2,feature:L0_S2_D62,HAS_FEATURE,1.0,0.0,0.0
station:L0_S2,feature:L0_S2_D66,HAS_FEATURE,1.0,0.0,0.0
station:L0_S2,feature:L0_S2_F32,HAS_FEATURE,1.0,0.0,0.0
station:L0_S2,feature:L0_S2_F33,HAS_FEATURE,1.0,0.0,0.0
station:L0_S2,feature:L0_S2_F35,HAS_FEATURE,1.0,0.0,0.0
station:L0_S2,feature:L0_S2_F36,HAS_FEATURE,1.0,0.0,0.0
station:L0_S2,feature:L0_S2_F37,HAS_FEATURE,1.0,0.0,0.0
station:L0_S2,feature:L0_S2_F39,HAS_FEATURE,1.0,0.0,0.0
station:L0_S2,feature:L0_S2_F40,HAS_FEATURE,1.0,0.0,0.0
station:L0_S2,feature:L0_S2_F41,HAS_FEATURE,1.0,0.0,0.0
station:L0_S2,feature:L0_S2_F43,HAS_FEATURE,1.0,0.0,0.0
station:L0_S2,feature:L0_S2_F44,HAS_FEATURE,1.0,0.0,0.0
station:L0_S2,feature:L0_S2_F45,HAS_FEATURE,1.0,0.0,0.0
station:L0_S2,feature:L0_S2_F47,HAS_FEATURE,1.0,0.0,0.0
station:L0_S2,feature:L0_S2_F48,HAS_FEATURE,1.0,0.0,0.0
station:L0_S2,feature:L0_S2_F49,HAS_FEATURE,1.0,0.0,0.0
station:L0_S2,feature:L0_S2_F51,HAS_FEATURE,1.0,0.0,0.0
station:L0_S2,feature:L0_S2_F52,HAS_FEATURE,1.0,0.0,0.0
station:L0_S2,feature:L0_S2_F53,HAS_FEATURE,1.0,0.0,0.0
station:L0_S2,feature:L0_S2_F55,HAS_FEATURE,1.0,0.0,0.0
station:L0_S2,feature:L0_S2_F56,HAS_FEATURE,1.0,0.0,0.0
station:L0_S2,feature:L0_S2_F57,HAS_FEATURE,1.0,0.0,0.0
station:L0_S2,feature:L0_S2_F59,HAS_FEATURE,1.0,0.0,0.0
station:L0_S2,feature:L0_S2_F60,HAS_FEATURE,1.0,0.0,0.0
station:L0_S2,feature:L0_S2_F61,HAS_FEATURE,1.0,0.0,0.0
station:L0_S2,feature:L0_S2_F63,HAS_FEATURE,1.0,0.0,0.0
station:L0_S2,feature:L0_S2_F64,HAS_FEATURE,1.0,0.0,0.0
station:L0_S2,feature:L0_S2_F65,HAS_FEATURE,1.0,0.0,0.0
station:L0_S2,feature:L0_S2_F67,HAS_FEATURE,1.0,0.0,0.0
station:L0_S3,feature:L0_S3_D102,HAS_FEATURE,1.0,0.0,0.0
station:L0_S3,feature:L0_S3_D70,HAS_FEATURE,1.0,0.0,0.0
station:L0_S3,feature:L0_S3_D74,HAS_FEATURE,1.0,0.0,0.0
station:L0_S3,feature:L0_S3_D78,HAS_FEATURE,1.0,0.0,0.0
station:L0_S3,feature:L0_S3_D82,HAS_FEATURE,1.0,0.0,0.0
station:L0_S3,feature:L0_S3_D86,HAS_FEATURE,1.0,0.0,0.0
station:L0_S3,feature:L0_S3_D90,HAS_FEATURE,1.0,0.0,0.0
station:L0_S3,feature:L0_S3_D94,HAS_FEATURE,1.0,0.0,0.0
station:L0_S3,feature:L0_S3_D98,HAS_FEATURE,1.0,0.0,0.0
station:L0_S3,feature:L0_S3_F100,HAS_FEATURE,1.0,0.0,0.0
station:L0_S3,feature:L0_S3_F101,HAS_FEATURE,1.0,0.0,0.0
station:L0_S3,feature:L0_S3_F103,HAS_FEATURE,1.0,0.0,0.0
station:L0_S3,feature:L0_S3_F68,HAS_FEATURE,1.0,0.0,0.0
station:L0_S3,feature:L0_S3_F69,HAS_FEATURE,1.0,0.0,0.0
station:L0_S3,feature:L0_S3_F71,HAS_FEATURE,1.0,0.0,0.0
station:L0_S3,feature:L0_S3_F72,HAS_FEATURE,1.0,0.0,0.0
station:L0_S3,feature:L0_S3_F73,HAS_FEATURE,1.0,0.0,0.0
station:L0_S3,feature:L0_S3_F75,HAS_FEATURE,1.0,0.0,0.0
station:L0_S3,feature:L0_S3_F76,HAS_FEATURE,1.0,0.0,0.0
station:L0_S3,feature:L0_S3_F77,HAS_FEATURE,1.0,0.0,0.0
station:L0_S3,feature:L0_S3_F79,HAS_FEATURE,1.0,0.0,0.0
station:L0_S3,feature:L0_S3_F80,HAS_FEATURE,1.0,0.0,0.0
station:L0_S3,feature:L0_S3_F81,HAS_FEATURE,1.0,0.0,0.0
station:L0_S3,feature:L0_S3_F83,HAS_FEATURE,1.0,0.0,0.0
station:L0_S3,feature:L0_S3_F84,HAS_FEATURE,1.0,0.0,0.0
station:L0_S3,feature:L0_S3_F85,HAS_FEATURE,1.0,0.0,0.0
station:L0_S3,feature:L0_S3_F87,HAS_FEATURE,1.0,0.0,0.0
station:L0_S3,feature:L0_S3_F88,HAS_FEATURE,1.0,0.0,0.0
station:L0_S3,feature:L0_S3_F89,HAS_FEATURE,1.0,0.0,0.0
station:L0_S3,feature:L0_S3_F91,HAS_FEATURE,1.0,0.0,0.0
station:L0_S3,feature:L0_S3_F92,HAS_FEATURE,1.0,0.0,0.0
station:L0_S3,feature:L0_S3_F93,HAS_FEATURE,1.0,0.0,0.0
station:L0_S3,feature:L0_S3_F95,HAS_FEATURE,1.0,0.0,0.0
station:L0_S3,feature:L0_S3_F96,HAS_FEATURE,1.0,0.0,0.0
station:L0_S3,feature:L0_S3_F97,HAS_FEATURE,1.0,0.0,0.0
station:L0_S3,feature:L0_S3_F99,HAS_FEATURE,1.0,0.0,0.0
station:L0_S4,feature:L0_S4_D106,HAS_FEATURE,1.0,0.0,0.0
station:L0_S4,feature:L0_S4_D111,HAS_FEATURE,1.0,0.0,0.0
station:L0_S4,feature:L0_S4_F104,HAS_FEATURE,1.0,0.0,0.0
station:L0_S4,feature:L0_S4_F105,HAS_FEATURE,1.0,0.0,0.0
station:L0_S4,feature:L0_S4_F107,HAS_FEATURE,1.0,0.0,0.0
station:L0_S4,feature:L0_S4_F108,HAS_FEATURE,1.0,0.0,0.0
station:L0_S4,feature:L0_S4_F109,HAS_FEATURE,1.0,0.0,0.0
station:L0_S4,feature:L0_S4_F110,HAS_FEATURE,1.0,0.0,0.0
station:L0_S4,feature:L0_S4_F112,HAS_FEATURE,1.0,0.0,0.0
station:L0_S4,feature:L0_S4_F113,HAS_FEATURE,1.0,0.0,0.0
station:L0_S5,feature:L0_S5_D115,HAS_FEATURE,1.0,0.0,0.0
station:L0_S5,feature:L0_S5_D117,HAS_FEATURE,1.0,0.0,0.0
station:L0_S5,feature:L0_S5_F114,HAS_FEATURE,1.0,0.0,0.0
station:L0_S5,feature:L0_S5_F116,HAS_FEATURE,1.0,0.0,0.0
station:L0_S6,feature:L0_S6_D120,HAS_FEATURE,1.0,0.0,0.0
station:L0_S6,feature:L0_S6_D124,HAS_FEATURE,1.0,0.0,0.0
station:L0_S6,feature:L0_S6_D127,HAS_FEATURE,1.0,0.0,0.0
station:L0_S6,feature:L0_S6_D130,HAS_FEATURE,1.0,0.0,0.0
station:L0_S6,feature:L0_S6_D134,HAS_FEATURE,1.0,0.0,0.0
station:L0_S6,feature:L0_S6_F118,HAS_FEATURE,1.0,0.0,0.0
station:L0_S6,feature:L0_S6_F119,HAS_FEATURE,1.0,0.0,0.0
station:L0_S6,feature:L0_S6_F121,HAS_FEATURE,1.0,0.0,0.0
station:L0_S6,feature:L0_S6_F122,HAS_FEATURE,1.0,0.0,0.0
station:L0_S6,feature:L0_S6_F123,HAS_FEATURE,1.0,0.0,0.0
station:L0_S6,feature:L0_S6_F125,HAS_FEATURE,1.0,0.0,0.0
station:L0_S6,feature:L0_S6_F126,HAS_FEATURE,1.0,0.0,0.0
station:L0_S6,feature:L0_S6_F128,HAS_FEATURE,1.0,0.0,0.0
station:L0_S6,feature:L0_S6_F129,HAS_FEATURE,1.0,0.0,0.0
station:L0_S6,feature:L0_S6_F131,HAS_FEATURE,1.0,0.0,0.0
station:L0_S6,feature:L0_S6_F132,HAS_FEATURE,1.0,0.0,0.0
station:L0_S6,feature:L0_S6_F133,HAS_FEATURE,1.0,0.0,0.0
station:L0_S6,feature:L0_S6_F135,HAS_FEATURE,1.0,0.0,0.0
station:L0_S7,feature:L0_S7_D137,HAS_FEATURE,1.0,0.0,0.0
station:L0_S7,feature:L0_S7_D139,HAS_FEATURE,1.0,0.0,0.0
station:L0_S7,feature:L0_S7_D140,HAS_FEATURE,1.0,0.0,0.0
station:L0_S7,feature:L0_S7_D141,HAS_FEATURE,1.0,0.0,0.0
station:L0_S7,feature:L0_S7_D143,HAS_FEATURE,1.0,0.0,0.0
station:L0_S7,feature:L0_S7_F136,HAS_FEATURE,1.0,0.0,0.0
station:L0_S7,feature:L0_S7_F138,HAS_FEATURE,1.0,0.0,0.0
station:L0_S7,feature:L0_S7_F142,HAS_FEATURE,1.0,0.0,0.0
station:L0_S8,feature:L0_S8_D145,HAS_FEATURE,1.0,0.0,0.0
station:L0_S8,feature:L0_S8_D147,HAS_FEATURE,1.0,0.0,0.0
station:L0_S8,feature:L0_S8_D148,HAS_FEATURE,1.0,0.0,0.0
station:L0_S8,feature:L0_S8_D150,HAS_FEATURE,1.0,0.0,0.0
station:L0_S8,feature:L0_S8_F144,HAS_FEATURE,1.0,0.0,0.0
station:L0_S8,feature:L0_S8_F146,HAS_FEATURE,1.0,0.0,0.0
station:L0_S8,feature:L0_S8_F149,HAS_FEATURE,1.0,0.0,0.0
station:L0_S9,feature:L0_S9_D152,HAS_FEATURE,1.0,0.0,0.0
station:L0_S9,feature:L0_S9_D157,HAS_FEATURE,1.0,0.0,0.0
station:L0_S9,feature:L0_S9_D162,HAS_FEATURE,1.0,0.0,0.0
station:L0_S9,feature:L0_S9_D167,HAS_FEATURE,1.0,0.0,0.0
station:L0_S9,feature:L0_S9_D172,HAS_FEATURE,1.0,0.0,0.0
station:L0_S9,feature:L0_S9_D177,HAS_FEATURE,1.0,0.0,0.0
station:L0_S9,feature:L0_S9_D182,HAS_FEATURE,1.0,0.0,0.0
station:L0_S9,feature:L0_S9_D187,HAS_FEATURE,1.0,0.0,0.0
station:L0_S9,feature:L0_S9_D192,HAS_FEATURE,1.0,0.0,0.0
station:L0_S9,feature:L0_S9_D197,HAS_FEATURE,1.0,0.0,0.0
station:L0_S9,feature:L0_S9_D202,HAS_FEATURE,1.0,0.0,0.0
station:L0_S9,feature:L0_S9_D207,HAS_FEATURE,1.0,0.0,0.0
station:L0_S9,feature:L0_S9_D212,HAS_FEATURE,1.0,0.0,0.0
station:L0_S9,feature:L0_S9_F151,HAS_FEATURE,1.0,0.0,0.0
station:L0_S9,feature:L0_S9_F153,HAS_FEATURE,1.0,0.0,0.0
station:L0_S9,feature:L0_S9_F154,HAS_FEATURE,1.0,0.0,0.0
station:L0_S9,feature:L0_S9_F155,HAS_FEATURE,1.0,0.0,0.0
station:L0_S9,feature:L0_S9_F156,HAS_FEATURE,1.0,0.0,0.0
station:L0_S9,feature:L0_S9_F158,HAS_FEATURE,1.0,0.0,0.0
station:L0_S9,feature:L0_S9_F159,HAS_FEATURE,1.0,0.0,0.0
station:L0_S9,feature:L0_S9_F160,HAS_FEATURE,1.0,0.0,0.0
station:L0_S9,feature:L0_S9_F161,HAS_FEATURE,1.0,0.0,0.0
station:L0_S9,feature:L0_S9_F163,HAS_FEATURE,1.0,0.0,0.0
station:L0_S9,feature:L0_S9_F164,HAS_FEATURE,1.0,0.0,0.0
station:L0_S9,feature:L0_S9_F165,HAS_FEATURE,1.0,0.0,0.0
station:L0_S9,feature:L0_S9_F166,HAS_FEATURE,1.0,0.0,0.0
station:L0_S9,feature:L0_S9_F168,HAS_FEATURE,1.0,0.0,0.0
station:L0_S9,feature:L0_S9_F169,HAS_FEATURE,1.0,0.0,0.0
station:L0_S9,feature:L0_S9_F170,HAS_FEATURE,1.0,0.0,0.0
station:L0_S9,feature:L0_S9_F171,HAS_FEATURE,1.0,0.0,0.0
station:L0_S9,feature:L0_S9_F173,HAS_FEATURE,1.0,0.0,0.0
station:L0_S9,feature:L0_S9_F174,HAS_FEATURE,1.0,0.0,0.0
station:L0_S9,feature:L0_S9_F175,HAS_FEATURE,1.0,0.0,0.0
station:L0_S9,feature:L0_S9_F176,HAS_FEATURE,1.0,0.0,0.0
station:L0_S9,feature:L0_S9_F178,HAS_FEATURE,1.0,0.0,0.0
station:L0_S9,feature:L0_S9_F179,HAS_FEATURE,1.0,0.0,0.0
station:L0_S9,feature:L0_S9_F180,HAS_FEATURE,1.0,0.0,0.0
station:L0_S9,feature:L0_S9_F181,HAS_FEATURE,1.0,0.0,0.0
station:L0_S9,feature:L0_S9_F183,HAS_FEATURE,1.0,0.0,0.0
station:L0_S9,feature:L0_S9_F184,HAS_FEATURE,1.0,0.0,0.0
station:L0_S9,feature:L0_S9_F185,HAS_FEATURE,1.0,0.0,0.0
station:L0_S9,feature:L0_S9_F186,HAS_FEATURE,1.0,0.0,0.0
station:L0_S9,feature:L0_S9_F188,HAS_FEATURE,1.0,0.0,0.0
station:L0_S9,feature:L0_S9_F189,HAS_FEATURE,1.0,0.0,0.0
station:L0_S9,feature:L0_S9_F190,HAS_FEATURE,1.0,0.0,0.0
station:L0_S9,feature:L0_S9_F191,HAS_FEATURE,1.0,0.0,0.0
station:L0_S9,feature:L0_S9_F193,HAS_FEATURE,1.0,0.0,0.0
station:L0_S9,feature:L0_S9_F194,HAS_FEATURE,1.0,0.0,0.0
station:L0_S9,feature:L0_S9_F195,HAS_FEATURE,1.0,0.0,0.0
station:L0_S9,feature:L0_S9_F196,HAS_FEATURE,1.0,0.0,0.0
station:L0_S9,feature:L0_S9_F198,HAS_FEATURE,1.0,0.0,0.0
station:L0_S9,feature:L0_S9_F199,HAS_FEATURE,1.0,0.0,0.0
station:L0_S9,feature:L0_S9_F200,HAS_FEATURE,1.0,0.0,0.0
station:L0_S9,feature:L0_S9_F201,HAS_FEATURE,1.0,0.0,0.0
station:L0_S9,feature:L0_S9_F203,HAS_FEATURE,1.0,0.0,0.0
station:L0_S9,feature:L0_S9_F204,HAS_FEATURE,1.0,0.0,0.0
station:L0_S9,feature:L0_S9_F205,HAS_FEATURE,1.0,0.0,0.0
station:L0_S9,feature:L0_S9_F206,HAS_FEATURE,1.0,0.0,0.0
station:L0_S9,feature:L0_S9_F208,HAS_FEATURE,1.0,0.0,0.0
station:L0_S9,feature:L0_S9_F209,HAS_FEATURE,1.0,0.0,0.0
station:L0_S9,feature:L0_S9_F210,HAS_FEATURE,1.0,0.0,0.0
station:L0_S9,feature:L0_S9_F211,HAS_FEATURE,1.0,0.0,0.0
station:L0_S9,feature:L0_S9_F213,HAS_FEATURE,1.0,0.0,0.0
station:L0_S9,feature:L0_S9_F214,HAS_FEATURE,1.0,0.0,0.0
station:L1_S24,feature:L1_S24_D1001,HAS_FEATURE,1.0,0.0,0.0
station:L1_S24,feature:L1_S24_D1003,HAS_FEATURE,1.0,0.0,0.0
station:L1_S24,feature:L1_S24_D1005,HAS_FEATURE,1.0,0.0,0.0
station:L1_S24,feature:L1_S24_D1007,HAS_FEATURE,1.0,0.0,0.0
station:L1_S24,feature:L1_S24_D1009,HAS_FEATURE,1.0,0.0,0.0
station:L1_S24,feature:L1_S24_D1011,HAS_FEATURE,1.0,0.0,0.0
station:L1_S24,feature:L1_S24_D1013,HAS_FEATURE,1.0,0.0,0.0
station:L1_S24,feature:L1_S24_D1015,HAS_FEATURE,1.0,0.0,0.0
station:L1_S24,feature:L1_S24_D1018,HAS_FEATURE,1.0,0.0,0.0
station:L1_S24,feature:L1_S24_D1023,HAS_FEATURE,1.0,0.0,0.0
station:L1_S24,feature:L1_S24_D1028,HAS_FEATURE,1.0,0.0,0.0
station:L1_S24,feature:L1_S24_D1033,HAS_FEATURE,1.0,0.0,0.0
station:L1_S24,feature:L1_S24_D1038,HAS_FEATURE,1.0,0.0,0.0
station:L1_S24,feature:L1_S24_D1043,HAS_FEATURE,1.0,0.0,0.0
station:L1_S24,feature:L1_S24_D1048,HAS_FEATURE,1.0,0.0,0.0
station:L1_S24,feature:L1_S24_D1053,HAS_FEATURE,1.0,0.0,0.0
station:L1_S24,feature:L1_S24_D1058,HAS_FEATURE,1.0,0.0,0.0
station:L1_S24,feature:L1_S24_D1062,HAS_FEATURE,1.0,0.0,0.0
station:L1_S24,feature:L1_S24_D1066,HAS_FEATURE,1.0,0.0,0.0
station:L1_S24,feature:L1_S24_D1070,HAS_FEATURE,1.0,0.0,0.0
station:L1_S24,feature:L1_S24_D1074,HAS_FEATURE,1.0,0.0,0.0
station:L1_S24,feature:L1_S24_D1077,HAS_FEATURE,1.0,0.0,0.0
station:L1_S24,feature:L1_S24_D1081,HAS_FEATURE,1.0,0.0,0.0
station:L1_S24,feature:L1_S24_D1085,HAS_FEATURE,1.0,0.0,0.0
station:L1_S24,feature:L1_S24_D1089,HAS_FEATURE,1.0,0.0,0.0
station:L1_S24,feature:L1_S24_D1092,HAS_FEATURE,1.0,0.0,0.0
station:L1_S24,feature:L1_S24_D1096,HAS_FEATURE,1.0,0.0,0.0
station:L1_S24,feature:L1_S24_D1100,HAS_FEATURE,1.0,0.0,0.0
station:L1_S24,feature:L1_S24_D1104,HAS_FEATURE,1.0,0.0,0.0
station:L1_S24,feature:L1_S24_D1108,HAS_FEATURE,1.0,0.0,0.0
station:L1_S24,feature:L1_S24_D1112,HAS_FEATURE,1.0,0.0,0.0
station:L1_S24,feature:L1_S24_D1116,HAS_FEATURE,1.0,0.0,0.0
station:L1_S24,feature:L1_S24_D1120,HAS_FEATURE,1.0,0.0,0.0
station:L1_S24,feature:L1_S24_D1124,HAS_FEATURE,1.0,0.0,0.0
station:L1_S24,feature:L1_S24_D1128,HAS_FEATURE,1.0,0.0,0.0
station:L1_S24,feature:L1_S24_D1132,HAS_FEATURE,1.0,0.0,0.0
station:L1_S24,feature:L1_S24_D1135,HAS_FEATURE,1.0,0.0,0.0
station:L1_S24,feature:L1_S24_D1138,HAS_FEATURE,1.0,0.0,0.0
station:L1_S24,feature:L1_S24_D1141,HAS_FEATURE,1.0,0.0,0.0
station:L1_S24,feature:L1_S24_D1143,HAS_FEATURE,1.0,0.0,0.0
station:L1_S24,feature:L1_S24_D1146,HAS_FEATURE,1.0,0.0,0.0
station:L1_S24,feature:L1_S24_D1149,HAS_FEATURE,1.0,0.0,0.0
station:L1_S24,feature:L1_S24_D1151,HAS_FEATURE,1.0,0.0,0.0
station:L1_S24,feature:L1_S24_D1153,HAS_FEATURE,1.0,0.0,0.0
station:L1_S24,feature:L1_S24_D1155,HAS_FEATURE,1.0,0.0,0.0
station:L1_S24,feature:L1_S24_D1158,HAS_FEATURE,1.0,0.0,0.0
station:L1_S24,feature:L1_S24_D1163,HAS_FEATURE,1.0,0.0,0.0
station:L1_S24,feature:L1_S24_D1168,HAS_FEATURE,1.0,0.0,0.0
station:L1_S24,feature:L1_S24_D1171,HAS_FEATURE,1.0,0.0,0.0
station:L1_S24,feature:L1_S24_D1173,HAS_FEATURE,1.0,0.0,0.0
station:L1_S24,feature:L1_S24_D1175,HAS_FEATURE,1.0,0.0,0.0
station:L1_S24,feature:L1_S24_D1178,HAS_FEATURE,1.0,0.0,0.0
station:L1_S24,feature:L1_S24_D1182,HAS_FEATURE,1.0,0.0,0.0
station:L1_S24,feature:L1_S24_D1186,HAS_FEATURE,1.0,0.0,0.0
station:L1_S24,feature:L1_S24_D1190,HAS_FEATURE,1.0,0.0,0.0
station:L1_S24,feature:L1_S24_D1194,HAS_FEATURE,1.0,0.0,0.0
station:L1_S24,feature:L1_S24_D1199,HAS_FEATURE,1.0,0.0,0.0
station:L1_S24,feature:L1_S24_D1204,HAS_FEATURE,1.0,0.0,0.0
station:L1_S24,feature:L1_S24_D1209,HAS_FEATURE,1.0,0.0,0.0
station:L1_S24,feature:L1_S24_D1214,HAS_FEATURE,1.0,0.0,0.0
station:L1_S24,feature:L1_S24_D1218,HAS_FEATURE,1.0,0.0,0.0
station:L1_S24,feature:L1_S24_D1222,HAS_FEATURE,1.0,0.0,0.0
station:L1_S24,feature:L1_S24_D1227,HAS_FEATURE,1.0,0.0,0.0
station:L1_S24,feature:L1_S24_D1232,HAS_FEATURE,1.0,0.0,0.0
station:L1_S24,feature:L1_S24_D1237,HAS_FEATURE,1.0,0.0,0.0
station:L1_S24,feature:L1_S24_D1242,HAS_FEATURE,1.0,0.0,0.0
station:L1_S24,feature:L1_S24_D1247,HAS_FEATURE,1.0,0.0,0.0
station:L1_S24,feature:L1_S24_D1252,HAS_FEATURE,1.0,0.0,0.0
station:L1_S24,feature:L1_S24_D1257,HAS_FEATURE,1.0,0.0,0.0
station:L1_S24,feature:L1_S24_D1262,HAS_FEATURE,1.0,0.0,0.0
station:L1_S24,feature:L1_S24_D1267,HAS_FEATURE,1.0,0.0,0.0
station:L1_S24,feature:L1_S24_D1272,HAS_FEATURE,1.0,0.0,0.0
station:L1_S24,feature:L1_S24_D1277,HAS_FEATURE,1.0,0.0,0.0
station:L1_S24,feature:L1_S24_D1281,HAS_FEATURE,1.0,0.0,0.0
station:L1_S24,feature:L1_S24_D1285,HAS_FEATURE,1.0,0.0,0.0
station:L1_S24,feature:L1_S24_D1290,HAS_FEATURE,1.0,0.0,0.0
station:L1_S24,feature:L1_S24_D1295,HAS_FEATURE,1.0,0.0,0.0
station:L1_S24,feature:L1_S24_D1300,HAS_FEATURE,1.0,0.0,0.0
station:L1_S24,feature:L1_S24_D1305,HAS_FEATURE,1.0,0.0,0.0
station:L1_S24,feature:L1_S24_D1309,HAS_FEATURE,1.0,0.0,0.0
station:L1_S24,feature:L1_S24_D1313,HAS_FEATURE,1.0,0.0,0.0
station:L1_S24,feature:L1_S24_D1318,HAS_FEATURE,1.0,0.0,0.0
station:L1_S24,feature:L1_S24_D1323,HAS_FEATURE,1.0,0.0,0.0
station:L1_S24,feature:L1_S24_D1328,HAS_FEATURE,1.0,0.0,0.0
station:L1_S24,feature:L1_S24_D1333,HAS_FEATURE,1.0,0.0,0.0
station:L1_S24,feature:L1_S24_D1338,HAS_FEATURE,1.0,0.0,0.0
station:L1_S24,feature:L1_S24_D1343,HAS_FEATURE,1.0,0.0,0.0
station:L1_S24,feature:L1_S24_D1348,HAS_FEATURE,1.0,0.0,0.0
station:L1_S24,feature:L1_S24_D1353,HAS_FEATURE,1.0,0.0,0.0
station:L1_S24,feature:L1_S24_D1358,HAS_FEATURE,1.0,0.0,0.0
station:L1_S24,feature:L1_S24_D1363,HAS_FEATURE,1.0,0.0,0.0
station:L1_S24,feature:L1_S24_D1368,HAS_FEATURE,1.0,0.0,0.0
station:L1_S24,feature:L1_S24_D1373,HAS_FEATURE,1.0,0.0,0.0
station:L1_S24,feature:L1_S24_D1378,HAS_FEATURE,1.0,0.0,0.0
station:L1_S24,feature:L1_S24_D1383,HAS_FEATURE,1.0,0.0,0.0
station:L1_S24,feature:L1_S24_D1388,HAS_FEATURE,1.0,0.0,0.0
station:L1_S24,feature:L1_S24_D1393,HAS_FEATURE,1.0,0.0,0.0
station:L1_S24,feature:L1_S24_D1398,HAS_FEATURE,1.0,0.0,0.0
station:L1_S24,feature:L1_S24_D1403,HAS_FEATURE,1.0,0.0,0.0
station:L1_S24,feature:L1_S24_D1408,HAS_FEATURE,1.0,0.0,0.0
station:L1_S24,feature:L1_S24_D1413,HAS_FEATURE,1.0,0.0,0.0
station:L1_S24,feature:L1_S24_D1418,HAS_FEATURE,1.0,0.0,0.0
station:L1_S24,feature:L1_S24_D1423,HAS_FEATURE,1.0,0.0,0.0
station:L1_S24,feature:L1_S24_D1428,HAS_FEATURE,1.0,0.0,0.0
station:L1_S24,feature:L1_S24_D1433,HAS_FEATURE,1.0,0.0,0.0
station:L1_S24,feature:L1_S24_D1438,HAS_FEATURE,1.0,0.0,0.0
station:L1_S24,feature:L1_S24_D1443,HAS_FEATURE,1.0,0.0,0.0
station:L1_S24,feature:L1_S24_D1448,HAS_FEATURE,1.0,0.0,0.0
station:L1_S24,feature:L1_S24_D1453,HAS_FEATURE,1.0,0.0,0.0
station:L1_S24,feature:L1_S24_D1457,HAS_FEATURE,1.0,0.0,0.0
station:L1_S24,feature:L1_S24_D1461,HAS_FEATURE,1.0,0.0,0.0
station:L1_S24,feature:L1_S24_D1465,HAS_FEATURE,1.0,0.0,0.0
station:L1_S24,feature:L1_S24_D1469,HAS_FEATURE,1.0,0.0,0.0
station:L1_S24,feature:L1_S24_D1472,HAS_FEATURE,1.0,0.0,0.0
station:L1_S24,feature:L1_S24_D1476,HAS_FEATURE,1.0,0.0,0.0
station:L1_S24,feature:L1_S24_D1480,HAS_FEATURE,1.0,0.0,0.0
station:L1_S24,feature:L1_S24_D1484,HAS_FEATURE,1.0,0.0,0.0
station:L1_S24,feature:L1_S24_D1488,HAS_FEATURE,1.0,0.0,0.0
station:L1_S24,feature:L1_S24_D1492,HAS_FEATURE,1.0,0.0,0.0
station:L1_S24,feature:L1_S24_D1496,HAS_FEATURE,1.0,0.0,0.0
station:L1_S24,feature:L1_S24_D1500,HAS_FEATURE,1.0,0.0,0.0
station:L1_S24,feature:L1_S24_D1504,HAS_FEATURE,1.0,0.0,0.0
station:L1_S24,feature:L1_S24_D1508,HAS_FEATURE,1.0,0.0,0.0
station:L1_S24,feature:L1_S24_D1511,HAS_FEATURE,1.0,0.0,0.0
station:L1_S24,feature:L1_S24_D1513,HAS_FEATURE,1.0,0.0,0.0
station:L1_S24,feature:L1_S24_D1515,HAS_FEATURE,1.0,0.0,0.0
station:L1_S24,feature:L1_S24_D1517,HAS_FEATURE,1.0,0.0,0.0
station:L1_S24,feature:L1_S24_D1519,HAS_FEATURE,1.0,0.0,0.0
station:L1_S24,feature:L1_S24_D1522,HAS_FEATURE,1.0,0.0,0.0
station:L1_S24,feature:L1_S24_D1527,HAS_FEATURE,1.0,0.0,0.0
station:L1_S24,feature:L1_S24_D1532,HAS_FEATURE,1.0,0.0,0.0
station:L1_S24,feature:L1_S24_D1536,HAS_FEATURE,1.0,0.0,0.0
station:L1_S24,feature:L1_S24_D1541,HAS_FEATURE,1.0,0.0,0.0
station:L1_S24,feature:L1_S24_D1546,HAS_FEATURE,1.0,0.0,0.0
station:L1_S24,feature:L1_S24_D1550,HAS_FEATURE,1.0,0.0,0.0
station:L1_S24,feature:L1_S24_D1554,HAS_FEATURE,1.0,0.0,0.0
station:L1_S24,feature:L1_S24_D1558,HAS_FEATURE,1.0,0.0,0.0
station:L1_S24,feature:L1_S24_D1562,HAS_FEATURE,1.0,0.0,0.0
station:L1_S24,feature:L1_S24_D1566,HAS_FEATURE,1.0,0.0,0.0
station:L1_S24,feature:L1_S24_D1568,HAS_FEATURE,1.0,0.0,0.0
station:L1_S24,feature:L1_S24_D1570,HAS_FEATURE,1.0,0.0,0.0
station:L1_S24,feature:L1_S24_D1572,HAS_FEATURE,1.0,0.0,0.0
station:L1_S24,feature:L1_S24_D1574,HAS_FEATURE,1.0,0.0,0.0
station:L1_S24,feature:L1_S24_D1576,HAS_FEATURE,1.0,0.0,0.0
station:L1_S24,feature:L1_S24_D1579,HAS_FEATURE,1.0,0.0,0.0
station:L1_S24,feature:L1_S24_D1583,HAS_FEATURE,1.0,0.0,0.0
station:L1_S24,feature:L1_S24_D1587,HAS_FEATURE,1.0,0.0,0.0
station:L1_S24,feature:L1_S24_D1591,HAS_FEATURE,1.0,0.0,0.0
station:L1_S24,feature:L1_S24_D1596,HAS_FEATURE,1.0,0.0,0.0
station:L1_S24,feature:L1_S24_D1601,HAS_FEATURE,1.0,0.0,0.0
station:L1_S24,feature:L1_S24_D1606,HAS_FEATURE,1.0,0.0,0.0
station:L1_S24,feature:L1_S24_D1611,HAS_FEATURE,1.0,0.0,0.0
station:L1_S24,feature:L1_S24_D1615,HAS_FEATURE,1.0,0.0,0.0
station:L1_S24,feature:L1_S24_D1619,HAS_FEATURE,1.0,0.0,0.0
station:L1_S24,feature:L1_S24_D1624,HAS_FEATURE,1.0,0.0,0.0
station:L1_S24,feature:L1_S24_D1629,HAS_FEATURE,1.0,0.0,0.0
station:L1_S24,feature:L1_S24_D1634,HAS_FEATURE,1.0,0.0,0.0
station:L1_S24,feature:L1_S24_D1639,HAS_FEATURE,1.0,0.0,0.0
station:L1_S24,feature:L1_S24_D1644,HAS_FEATURE,1.0,0.0,0.0
station:L1_S24,feature:L1_S24_D1649,HAS_FEATURE,1.0,0.0,0.0
station:L1_S24,feature:L1_S24_D1654,HAS_FEATURE,1.0,0.0,0.0
station:L1_S24,feature:L1_S24_D1659,HAS_FEATURE,1.0,0.0,0.0
station:L1_S24,feature:L1_S24_D1664,HAS_FEATURE,1.0,0.0,0.0
station:L1_S24,feature:L1_S24_D1669,HAS_FEATURE,1.0,0.0,0.0
station:L1_S24,feature:L1_S24_D1674,HAS_FEATURE,1.0,0.0,0.0
station:L1_S24,feature:L1_S24_D1678,HAS_FEATURE,1.0,0.0,0.0
station:L1_S24,feature:L1_S24_D1682,HAS_FEATURE,1.0,0.0,0.0
station:L1_S24,feature:L1_S24_D1687,HAS_FEATURE,1.0,0.0,0.0
station:L1_S24,feature:L1_S24_D1692,HAS_FEATURE,1.0,0.0,0.0
station:L1_S24,feature:L1_S24_D1697,HAS_FEATURE,1.0,0.0,0.0
station:L1_S24,feature:L1_S24_D1702,HAS_FEATURE,1.0,0.0,0.0
station:L1_S24,feature:L1_S24_D1706,HAS_FEATURE,1.0,0.0,0.0
station:L1_S24,feature:L1_S24_D1710,HAS_FEATURE,1.0,0.0,0.0
station:L1_S24,feature:L1_S24_D1715,HAS_FEATURE,1.0,0.0,0.0
station:L1_S24,feature:L1_S24_D1720,HAS_FEATURE,1.0,0.0,0.0
station:L1_S24,feature:L1_S24_D1725,HAS_FEATURE,1.0,0.0,0.0
station:L1_S24,feature:L1_S24_D1730,HAS_FEATURE,1.0,0.0,0.0
station:L1_S24,feature:L1_S24_D1735,HAS_FEATURE,1.0,0.0,0.0
station:L1_S24,feature:L1_S24_D1740,HAS_FEATURE,1.0,0.0,0.0
station:L1_S24,feature:L1_S24_D1745,HAS_FEATURE,1.0,0.0,0.0
station:L1_S24,feature:L1_S24_D1750,HAS_FEATURE,1.0,0.0,0.0
station:L1_S24,feature:L1_S24_D1755,HAS_FEATURE,1.0,0.0,0.0
station:L1_S24,feature:L1_S24_D1760,HAS_FEATURE,1.0,0.0,0.0
station:L1_S24,feature:L1_S24_D1765,HAS_FEATURE,1.0,0.0,0.0
station:L1_S24,feature:L1_S24_D1770,HAS_FEATURE,1.0,0.0,0.0
station:L1_S24,feature:L1_S24_D1775,HAS_FEATURE,1.0,0.0,0.0
station:L1_S24,feature:L1_S24_D1780,HAS_FEATURE,1.0,0.0,0.0
station:L1_S24,feature:L1_S24_D1785,HAS_FEATURE,1.0,0.0,0.0
station:L1_S24,feature:L1_S24_D1790,HAS_FEATURE,1.0,0.0,0.0
station:L1_S24,feature:L1_S24_D1795,HAS_FEATURE,1.0,0.0,0.0
station:L1_S24,feature:L1_S24_D1800,HAS_FEATURE,1.0,0.0,0.0
station:L1_S24,feature:L1_S24_D1805,HAS_FEATURE,1.0,0.0,0.0
station:L1_S24,feature:L1_S24_D1809,HAS_FEATURE,1.0,0.0,0.0
station:L1_S24,feature:L1_S24_D1811,HAS_FEATURE,1.0,0.0,0.0
station:L1_S24,feature:L1_S24_D1813,HAS_FEATURE,1.0,0.0,0.0
station:L1_S24,feature:L1_S24_D1815,HAS_FEATURE,1.0,0.0,0.0
station:L1_S24,feature:L1_S24_D1817,HAS_FEATURE,1.0,0.0,0.0
station:L1_S24,feature:L1_S24_D1819,HAS_FEATURE,1.0,0.0,0.0
station:L1_S24,feature:L1_S24_D1821,HAS_FEATURE,1.0,0.0,0.0
station:L1_S24,feature:L1_S24_D1823,HAS_FEATURE,1.0,0.0,0.0
station:L1_S24,feature:L1_S24_D1825,HAS_FEATURE,1.0,0.0,0.0
station:L1_S24,feature:L1_S24_D1826,HAS_FEATURE,1.0,0.0,0.0
station:L1_S24,feature:L1_S24_D1828,HAS_FEATURE,1.0,0.0,0.0
station:L1_S24,feature:L1_S24_D1830,HAS_FEATURE,1.0,0.0,0.0
station:L1_S24,feature:L1_S24_D1832,HAS_FEATURE,1.0,0.0,0.0
station:L1_S24,feature:L1_S24_D1833,HAS_FEATURE,1.0,0.0,0.0
station:L1_S24,feature:L1_S24_D1835,HAS_FEATURE,1.0,0.0,0.0
station:L1_S24,feature:L1_S24_D1837,HAS_FEATURE,1.0,0.0,0.0
station:L1_S24,feature:L1_S24_D1839,HAS_FEATURE,1.0,0.0,0.0
station:L1_S24,feature:L1_S24_D1841,HAS_FEATURE,1.0,0.0,0.0
station:L1_S24,feature:L1_S24_D1843,HAS_FEATURE,1.0,0.0,0.0
station:L1_S24,feature:L1_S24_D1845,HAS_FEATURE,1.0,0.0,0.0
station:L1_S24,feature:L1_S24_D1847,HAS_FEATURE,1.0,0.0,0.0
station:L1_S24,feature:L1_S24_D1849,HAS_FEATURE,1.0,0.0,0.0
station:L1_S24,feature:L1_S24_D1851,HAS_FEATURE,1.0,0.0,0.0
station:L1_S24,feature:L1_S24_D677,HAS_FEATURE,1.0,0.0,0.0
station:L1_S24,feature:L1_S24_D681,HAS_FEATURE,1.0,0.0,0.0
station:L1_S24,feature:L1_S24_D685,HAS_FEATURE,1.0,0.0,0.0
station:L1_S24,feature:L1_S24_D689,HAS_FEATURE,1.0,0.0,0.0
station:L1_S24,feature:L1_S24_D693,HAS_FEATURE,1.0,0.0,0.0
station:L1_S24,feature:L1_S24_D697,HAS_FEATURE,1.0,0.0,0.0
station:L1_S24,feature:L1_S24_D702,HAS_FEATURE,1.0,0.0,0.0
station:L1_S24,feature:L1_S24_D707,HAS_FEATURE,1.0,0.0,0.0
station:L1_S24,feature:L1_S24_D712,HAS_FEATURE,1.0,0.0,0.0
station:L1_S24,feature:L1_S24_D716,HAS_FEATURE,1.0,0.0,0.0
station:L1_S24,feature:L1_S24_D721,HAS_FEATURE,1.0,0.0,0.0
station:L1_S24,feature:L1_S24_D725,HAS_FEATURE,1.0,0.0,0.0
station:L1_S24,feature:L1_S24_D730,HAS_FEATURE,1.0,0.0,0.0
station:L1_S24,feature:L1_S24_D735,HAS_FEATURE,1.0,0.0,0.0
station:L1_S24,feature:L1_S24_D739,HAS_FEATURE,1.0,0.0,0.0
station:L1_S24,feature:L1_S24_D743,HAS_FEATURE,1.0,0.0,0.0
station:L1_S24,feature:L1_S24_D748,HAS_FEATURE,1.0,0.0,0.0
station:L1_S24,feature:L1_S24_D753,HAS_FEATURE,1.0,0.0,0.0
station:L1_S24,feature:L1_S24_D758,HAS_FEATURE,1.0,0.0,0.0
station:L1_S24,feature:L1_S24_D763,HAS_FEATURE,1.0,0.0,0.0
station:L1_S24,feature:L1_S24_D768,HAS_FEATURE,1.0,0.0,0.0
station:L1_S24,feature:L1_S24_D772,HAS_FEATURE,1.0,0.0,0.0
station:L1_S24,feature:L1_S24_D777,HAS_FEATURE,1.0,0.0,0.0
station:L1_S24,feature:L1_S24_D782,HAS_FEATURE,1.0,0.0,0.0
station:L1_S24,feature:L1_S24_D787,HAS_FEATURE,1.0,0.0,0.0
station:L1_S24,feature:L1_S24_D792,HAS_FEATURE,1.0,0.0,0.0
station:L1_S24,feature:L1_S24_D797,HAS_FEATURE,1.0,0.0,0.0
station:L1_S24,feature:L1_S24_D801,HAS_FEATURE,1.0,0.0,0.0
station:L1_S24,feature:L1_S24_D804,HAS_FEATURE,1.0,0.0,0.0
station:L1_S24,feature:L1_S24_D807,HAS_FEATURE,1.0,0.0,0.0
station:L1_S24,feature:L1_S24_D809,HAS_FEATURE,1.0,0.0,0.0
station:L1_S24,feature:L1_S24_D811,HAS_FEATURE,1.0,0.0,0.0
station:L1_S24,feature:L1_S24_D813,HAS_FEATURE,1.0,0.0,0.0
station:L1_S24,feature:L1_S24_D815,HAS_FEATURE,1.0,0.0,0.0
station:L1_S24,feature:L1_S24_D818,HAS_FEATURE,1.0,0.0,0.0
station:L1_S24,feature:L1_S24_D822,HAS_FEATURE,1.0,0.0,0.0
station:L1_S24,feature:L1_S24_D826,HAS_FEATURE,1.0,0.0,0.0
station:L1_S24,feature:L1_S24_D831,HAS_FEATURE,1.0,0.0,0.0
station:L1_S24,feature:L1_S24_D836,HAS_FEATURE,1.0,0.0,0.0
station:L1_S24,feature:L1_S24_D841,HAS_FEATURE,1.0,0.0,0.0
station:L1_S24,feature:L1_S24_D846,HAS_FEATURE,1.0,0.0,0.0
station:L1_S24,feature:L1_S24_D850,HAS_FEATURE,1.0,0.0,0.0
station:L1_S24,feature:L1_S24_D854,HAS_FEATURE,1.0,0.0,0.0
station:L1_S24,feature:L1_S24_D859,HAS_FEATURE,1.0,0.0,0.0
station:L1_S24,feature:L1_S24_D864,HAS_FEATURE,1.0,0.0,0.0
station:L1_S24,feature:L1_S24_D869,HAS_FEATURE,1.0,0.0,0.0
station:L1_S24,feature:L1_S24_D874,HAS_FEATURE,1.0,0.0,0.0
station:L1_S24,feature:L1_S24_D879,HAS_FEATURE,1.0,0.0,0.0
station:L1_S24,feature:L1_S24_D884,HAS_FEATURE,1.0,0.0,0.0
station:L1_S24,feature:L1_S24_D889,HAS_FEATURE,1.0,0.0,0.0
station:L1_S24,feature:L1_S24_D894,HAS_FEATURE,1.0,0.0,0.0
station:L1_S24,feature:L1_S24_D899,HAS_FEATURE,1.0,0.0,0.0
station:L1_S24,feature:L1_S24_D904,HAS_FEATURE,1.0,0.0,0.0
station:L1_S24,feature:L1_S24_D909,HAS_FEATURE,1.0,0.0,0.0
station:L1_S24,feature:L1_S24_D913,HAS_FEATURE,1.0,0.0,0.0
station:L1_S24,feature:L1_S24_D917,HAS_FEATURE,1.0,0.0,0.0
station:L1_S24,feature:L1_S24_D922,HAS_FEATURE,1.0,0.0,0.0
station:L1_S24,feature:L1_S24_D927,HAS_FEATURE,1.0,0.0,0.0
station:L1_S24,feature:L1_S24_D932,HAS_FEATURE,1.0,0.0,0.0
station:L1_S24,feature:L1_S24_D937,HAS_FEATURE,1.0,0.0,0.0
station:L1_S24,feature:L1_S24_D941,HAS_FEATURE,1.0,0.0,0.0
station:L1_S24,feature:L1_S24_D945,HAS_FEATURE,1.0,0.0,0.0
station:L1_S24,feature:L1_S24_D950,HAS_FEATURE,1.0,0.0,0.0
station:L1_S24,feature:L1_S24_D955,HAS_FEATURE,1.0,0.0,0.0
station:L1_S24,feature:L1_S24_D960,HAS_FEATURE,1.0,0.0,0.0
station:L1_S24,feature:L1_S24_D965,HAS_FEATURE,1.0,0.0,0.0
station:L1_S24,feature:L1_S24_D970,HAS_FEATURE,1.0,0.0,0.0
station:L1_S24,feature:L1_S24_D975,HAS_FEATURE,1.0,0.0,0.0
station:L1_S24,feature:L1_S24_D980,HAS_FEATURE,1.0,0.0,0.0
station:L1_S24,feature:L1_S24_D985,HAS_FEATURE,1.0,0.0,0.0
station:L1_S24,feature:L1_S24_D990,HAS_FEATURE,1.0,0.0,0.0
station:L1_S24,feature:L1_S24_D995,HAS_FEATURE,1.0,0.0,0.0
station:L1_S24,feature:L1_S24_D999,HAS_FEATURE,1.0,0.0,0.0
station:L1_S24,feature:L1_S24_F1000,HAS_FEATURE,1.0,0.0,0.0
feature:L1_S24_F1000,failure:Response_1,MODEL_ASSOCIATED_WITH_FAILURE,0.0003605421819274,0.0,0.0003605421819274
station:L1_S24,feature:L1_S24_F1002,HAS_FEATURE,1.0,0.0,0.0
feature:L1_S24_F1002,failure:Response_1,MODEL_ASSOCIATED_WITH_FAILURE,0.0067470832463377,0.0,0.0067470832463377
station:L1_S24,feature:L1_S24_F1004,HAS_FEATURE,1.0,0.0,0.0
feature:L1_S24_F1004,failure:Response_1,MODEL_ASSOCIATED_WITH_FAILURE,0.0023137810990649,0.0,0.0023137810990649
station:L1_S24,feature:L1_S24_F1006,HAS_FEATURE,1.0,0.0,0.0
station:L1_S24,feature:L1_S24_F1008,HAS_FEATURE,1.0,0.0,0.0
station:L1_S24,feature:L1_S24_F1010,HAS_FEATURE,1.0,0.0,0.0
station:L1_S24,feature:L1_S24_F1012,HAS_FEATURE,1.0,0.0,0.0
station:L1_S24,feature:L1_S24_F1014,HAS_FEATURE,1.0,0.0,0.0
station:L1_S24,feature:L1_S24_F1016,HAS_FEATURE,1.0,0.0,0.0
station:L1_S24,feature:L1_S24_F1017,HAS_FEATURE,1.0,0.0,0.0
station:L1_S24,feature:L1_S24_F1019,HAS_FEATURE,1.0,0.0,0.0
station:L1_S24,feature:L1_S24_F1020,HAS_FEATURE,1.0,0.0,0.0
station:L1_S24,feature:L1_S24_F1021,HAS_FEATURE,1.0,0.0,0.0
station:L1_S24,feature:L1_S24_F1022,HAS_FEATURE,1.0,0.0,0.0
station:L1_S24,feature:L1_S24_F1024,HAS_FEATURE,1.0,0.0,0.0
station:L1_S24,feature:L1_S24_F1025,HAS_FEATURE,1.0,0.0,0.0
station:L1_S24,feature:L1_S24_F1026,HAS_FEATURE,1.0,0.0,0.0
station:L1_S24,feature:L1_S24_F1027,HAS_FEATURE,1.0,0.0,0.0
station:L1_S24,feature:L1_S24_F1029,HAS_FEATURE,1.0,0.0,0.0
station:L1_S24,feature:L1_S24_F1030,HAS_FEATURE,1.0,0.0,0.0
station:L1_S24,feature:L1_S24_F1031,HAS_FEATURE,1.0,0.0,0.0
feature:L1_S24_F1031,failure:Response_1,MODEL_ASSOCIATED_WITH_FAILURE,0.0049893028254627,0.0,0.0049893028254627
station:L1_S24,feature:L1_S24_F1032,HAS_FEATURE,1.0,0.0,0.0
station:L1_S24,feature:L1_S24_F1034,HAS_FEATURE,1.0,0.0,0.0
station:L1_S24,feature:L1_S24_F1035,HAS_FEATURE,1.0,0.0,0.0
station:L1_S24,feature:L1_S24_F1036,HAS_FEATURE,1.0,0.0,0.0
feature:L1_S24_F1036,failure:Response_1,MODEL_ASSOCIATED_WITH_FAILURE,0.0008021340043538,0.0,0.0008021340043538
station:L1_S24,feature:L1_S24_F1037,HAS_FEATURE,1.0,0.0,0.0
station:L1_S24,feature:L1_S24_F1039,HAS_FEATURE,1.0,0.0,0.0
station:L1_S24,feature:L1_S24_F1040,HAS_FEATURE,1.0,0.0,0.0
station:L1_S24,feature:L1_S24_F1041,HAS_FEATURE,1.0,0.0,0.0
station:L1_S24,feature:L1_S24_F1042,HAS_FEATURE,1.0,0.0,0.0
station:L1_S24,feature:L1_S24_F1044,HAS_FEATURE,1.0,0.0,0.0
station:L1_S24,feature:L1_S24_F1045,HAS_FEATURE,1.0,0.0,0.0
station:L1_S24,feature:L1_S24_F1046,HAS_FEATURE,1.0,0.0,0.0
station:L1_S24,feature:L1_S24_F1047,HAS_FEATURE,1.0,0.0,0.0
station:L1_S24,feature:L1_S24_F1049,HAS_FEATURE,1.0,0.0,0.0
station:L1_S24,feature:L1_S24_F1050,HAS_FEATURE,1.0,0.0,0.0
station:L1_S24,feature:L1_S24_F1051,HAS_FEATURE,1.0,0.0,0.0
station:L1_S24,feature:L1_S24_F1052,HAS_FEATURE,1.0,0.0,0.0
station:L1_S24,feature:L1_S24_F1054,HAS_FEATURE,1.0,0.0,0.0
station:L1_S24,feature:L1_S24_F1055,HAS_FEATURE,1.0,0.0,0.0
station:L1_S24,feature:L1_S24_F1056,HAS_FEATURE,1.0,0.0,0.0
station:L1_S24,feature:L1_S24_F1057,HAS_FEATURE,1.0,0.0,0.0
station:L1_S24,feature:L1_S24_F1059,HAS_FEATURE,1.0,0.0,0.0
station:L1_S24,feature:L1_S24_F1060,HAS_FEATURE,1.0,0.0,0.0
station:L1_S24,feature:L1_S24_F1061,HAS_FEATURE,1.0,0.0,0.0
station:L1_S24,feature:L1_S24_F1063,HAS_FEATURE,1.0,0.0,0.0
station:L1_S24,feature:L1_S24_F1064,HAS_FEATURE,1.0,0.0,0.0
station:L1_S24,feature:L1_S24_F1065,HAS_FEATURE,1.0,0.0,0.0
station:L1_S24,feature:L1_S24_F1067,HAS_FEATURE,1.0,0.0,0.0
station:L1_S24,feature:L1_S24_F1068,HAS_FEATURE,1.0,0.0,0.0
station:L1_S24,feature:L1_S24_F1069,HAS_FEATURE,1.0,0.0,0.0
station:L1_S24,feature:L1_S24_F1071,HAS_FEATURE,1.0,0.0,0.0
station:L1_S24,feature:L1_S24_F1072,HAS_FEATURE,1.0,0.0,0.0
station:L1_S24,feature:L1_S24_F1073,HAS_FEATURE,1.0,0.0,0.0
station:L1_S24,feature:L1_S24_F1075,HAS_FEATURE,1.0,0.0,0.0
station:L1_S24,feature:L1_S24_F1076,HAS_FEATURE,1.0,0.0,0.0
station:L1_S24,feature:L1_S24_F1078,HAS_FEATURE,1.0,0.0,0.0
station:L1_S24,feature:L1_S24_F1079,HAS_FEATURE,1.0,0.0,0.0
station:L1_S24,feature:L1_S24_F1080,HAS_FEATURE,1.0,0.0,0.0
station:L1_S24,feature:L1_S24_F1082,HAS_FEATURE,1.0,0.0,0.0
station:L1_S24,feature:L1_S24_F1083,HAS_FEATURE,1.0,0.0,0.0
station:L1_S24,feature:L1_S24_F1084,HAS_FEATURE,1.0,0.0,0.0
station:L1_S24,feature:L1_S24_F1086,HAS_FEATURE,1.0,0.0,0.0
station:L1_S24,feature:L1_S24_F1087,HAS_FEATURE,1.0,0.0,0.0
station:L1_S24,feature:L1_S24_F1088,HAS_FEATURE,1.0,0.0,0.0
station:L1_S24,feature:L1_S24_F1090,HAS_FEATURE,1.0,0.0,0.0
station:L1_S24,feature:L1_S24_F1091,HAS_FEATURE,1.0,0.0,0.0
station:L1_S24,feature:L1_S24_F1093,HAS_FEATURE,1.0,0.0,0.0
station:L1_S24,feature:L1_S24_F1094,HAS_FEATURE,1.0,0.0,0.0
station:L1_S24,feature:L1_S24_F1095,HAS_FEATURE,1.0,0.0,0.0
station:L1_S24,feature:L1_S24_F1097,HAS_FEATURE,1.0,0.0,0.0
station:L1_S24,feature:L1_S24_F1098,HAS_FEATURE,1.0,0.0,0.0
station:L1_S24,feature:L1_S24_F1099,HAS_FEATURE,1.0,0.0,0.0
station:L1_S24,feature:L1_S24_F1101,HAS_FEATURE,1.0,0.0,0.0
station:L1_S24,feature:L1_S24_F1102,HAS_FEATURE,1.0,0.0,0.0
feature:L1_S24_F1102,failure:Response_1,MODEL_ASSOCIATED_WITH_FAILURE,0.0035083976996943,0.0,0.0035083976996943
station:L1_S24,feature:L1_S24_F1103,HAS_FEATURE,1.0,0.0,0.0
station:L1_S24,feature:L1_S24_F1105,HAS_FEATURE,1.0,0.0,0.0
station:L1_S24,feature:L1_S24_F1106,HAS_FEATURE,1.0,0.0,0.0
station:L1_S24,feature:L1_S24_F1107,HAS_FEATURE,1.0,0.0,0.0
station:L1_S24,feature:L1_S24_F1109,HAS_FEATURE,1.0,0.0,0.0
station:L1_S24,feature:L1_S24_F1110,HAS_FEATURE,1.0,0.0,0.0
station:L1_S24,feature:L1_S24_F1111,HAS_FEATURE,1.0,0.0,0.0
station:L1_S24,feature:L1_S24_F1113,HAS_FEATURE,1.0,0.0,0.0
station:L1_S24,feature:L1_S24_F1114,HAS_FEATURE,1.0,0.0,0.0
station:L1_S24,feature:L1_S24_F1115,HAS_FEATURE,1.0,0.0,0.0
station:L1_S24,feature:L1_S24_F1117,HAS_FEATURE,1.0,0.0,0.0
station:L1_S24,feature:L1_S24_F1118,HAS_FEATURE,1.0,0.0,0.0
station:L1_S24,feature:L1_S24_F1119,HAS_FEATURE,1.0,0.0,0.0
station:L1_S24,feature:L1_S24_F1121,HAS_FEATURE,1.0,0.0,0.0
station:L1_S24,feature:L1_S24_F1122,HAS_FEATURE,1.0,0.0,0.0
feature:L1_S24_F1122,failure:Response_1,MODEL_ASSOCIATED_WITH_FAILURE,0.0073105610391509,0.0,0.0073105610391509
station:L1_S24,feature:L1_S24_F1123,HAS_FEATURE,1.0,0.0,0.0
station:L1_S24,feature:L1_S24_F1125,HAS_FEATURE,1.0,0.0,0.0
station:L1_S24,feature:L1_S24_F1126,HAS_FEATURE,1.0,0.0,0.0
feature:L1_S24_F1126,failure:Response_1,MODEL_ASSOCIATED_WITH_FAILURE,0.002725373306533,0.0,0.002725373306533
station:L1_S24,feature:L1_S24_F1127,HAS_FEATURE,1.0,0.0,0.0
station:L1_S24,feature:L1_S24_F1129,HAS_FEATURE,1.0,0.0,0.0
station:L1_S24,feature:L1_S24_F1130,HAS_FEATURE,1.0,0.0,0.0
station:L1_S24,feature:L1_S24_F1131,HAS_FEATURE,1.0,0.0,0.0
station:L1_S24,feature:L1_S24_F1133,HAS_FEATURE,1.0,0.0,0.0
station:L1_S24,feature:L1_S24_F1134,HAS_FEATURE,1.0,0.0,0.0
station:L1_S24,feature:L1_S24_F1136,HAS_FEATURE,1.0,0.0,0.0
station:L1_S24,feature:L1_S24_F1137,HAS_FEATURE,1.0,0.0,0.0
station:L1_S24,feature:L1_S24_F1139,HAS_FEATURE,1.0,0.0,0.0
station:L1_S24,feature:L1_S24_F1140,HAS_FEATURE,1.0,0.0,0.0
station:L1_S24,feature:L1_S24_F1142,HAS_FEATURE,1.0,0.0,0.0
station:L1_S24,feature:L1_S24_F1144,HAS_FEATURE,1.0,0.0,0.0
station:L1_S24,feature:L1_S24_F1145,HAS_FEATURE,1.0,0.0,0.0
station:L1_S24,feature:L1_S24_F1147,HAS_FEATURE,1.0,0.0,0.0
station:L1_S24,feature:L1_S24_F1148,HAS_FEATURE,1.0,0.0,0.0
station:L1_S24,feature:L1_S24_F1150,HAS_FEATURE,1.0,0.0,0.0
station:L1_S24,feature:L1_S24_F1152,HAS_FEATURE,1.0,0.0,0.0
station:L1_S24,feature:L1_S24_F1154,HAS_FEATURE,1.0,0.0,0.0
station:L1_S24,feature:L1_S24_F1156,HAS_FEATURE,1.0,0.0,0.0
station:L1_S24,feature:L1_S24_F1157,HAS_FEATURE,1.0,0.0,0.0
station:L1_S24,feature:L1_S24_F1159,HAS_FEATURE,1.0,0.0,0.0
station:L1_S24,feature:L1_S24_F1160,HAS_FEATURE,1.0,0.0,0.0
station:L1_S24,feature:L1_S24_F1161,HAS_FEATURE,1.0,0.0,0.0
station:L1_S24,feature:L1_S24_F1162,HAS_FEATURE,1.0,0.0,0.0
station:L1_S24,feature:L1_S24_F1164,HAS_FEATURE,1.0,0.0,0.0
station:L1_S24,feature:L1_S24_F1165,HAS_FEATURE,1.0,0.0,0.0
station:L1_S24,feature:L1_S24_F1166,HAS_FEATURE,1.0,0.0,0.0
feature:L1_S24_F1166,failure:Response_1,MODEL_ASSOCIATED_WITH_FAILURE,0.0030572809559775,0.0,0.0030572809559775
station:L1_S24,feature:L1_S24_F1167,HAS_FEATURE,1.0,0.0,0.0
station:L1_S24,feature:L1_S24_F1169,HAS_FEATURE,1.0,0.0,0.0
station:L1_S24,feature:L1_S24_F1170,HAS_FEATURE,1.0,0.0,0.0
station:L1_S24,feature:L1_S24_F1172,HAS_FEATURE,1.0,0.0,0.0
station:L1_S24,feature:L1_S24_F1174,HAS_FEATURE,1.0,0.0,0.0
feature:L1_S24_F1174,failure:Response_1,MODEL_ASSOCIATED_WITH_FAILURE,0.0054913421775496,0.0,0.0054913421775496
station:L1_S24,feature:L1_S24_F1176,HAS_FEATURE,1.0,0.0,0.0
feature:L1_S24_F1176,failure:Response_1,MODEL_ASSOCIATED_WITH_FAILURE,0.0065496458066938,0.0,0.0065496458066938
station:L1_S24,feature:L1_S24_F1177,HAS_FEATURE,1.0,0.0,0.0
station:L1_S24,feature:L1_S24_F1179,HAS_FEATURE,1.0,0.0,0.0
station:L1_S24,feature:L1_S24_F1180,HAS_FEATURE,1.0,0.0,0.0
station:L1_S24,feature:L1_S24_F1181,HAS_FEATURE,1.0,0.0,0.0
station:L1_S24,feature:L1_S24_F1183,HAS_FEATURE,1.0,0.0,0.0
station:L1_S24,feature:L1_S24_F1184,HAS_FEATURE,1.0,0.0,0.0
station:L1_S24,feature:L1_S24_F1185,HAS_FEATURE,1.0,0.0,0.0
station:L1_S24,feature:L1_S24_F1187,HAS_FEATURE,1.0,0.0,0.0
station:L1_S24,feature:L1_S24_F1188,HAS_FEATURE,1.0,0.0,0.0
station:L1_S24,feature:L1_S24_F1189,HAS_FEATURE,1.0,0.0,0.0
station:L1_S24,feature:L1_S24_F1191,HAS_FEATURE,1.0,0.0,0.0
station:L1_S24,feature:L1_S24_F1192,HAS_FEATURE,1.0,0.0,0.0
station:L1_S24,feature:L1_S24_F1193,HAS_FEATURE,1.0,0.0,0.0
station:L1_S24,feature:L1_S24_F1195,HAS_FEATURE,1.0,0.0,0.0
station:L1_S24,feature:L1_S24_F1196,HAS_FEATURE,1.0,0.0,0.0
station:L1_S24,feature:L1_S24_F1197,HAS_FEATURE,1.0,0.0,0.0
station:L1_S24,feature:L1_S24_F1198,HAS_FEATURE,1.0,0.0,0.0
station:L1_S24,feature:L1_S24_F1200,HAS_FEATURE,1.0,0.0,0.0
station:L1_S24,feature:L1_S24_F1201,HAS_FEATURE,1.0,0.0,0.0
station:L1_S24,feature:L1_S24_F1202,HAS_FEATURE,1.0,0.0,0.0
station:L1_S24,feature:L1_S24_F1203,HAS_FEATURE,1.0,0.0,0.0
station:L1_S24,feature:L1_S24_F1205,HAS_FEATURE,1.0,0.0,0.0
station:L1_S24,feature:L1_S24_F1206,HAS_FEATURE,1.0,0.0,0.0
station:L1_S24,feature:L1_S24_F1207,HAS_FEATURE,1.0,0.0,0.0
feature:L1_S24_F1207,failure:Response_1,MODEL_ASSOCIATED_WITH_FAILURE,0.001362865868809,0.0,0.001362865868809
station:L1_S24,feature:L1_S24_F1208,HAS_FEATURE,1.0,0.0,0.0
station:L1_S24,feature:L1_S24_F1210,HAS_FEATURE,1.0,0.0,0.0
station:L1_S24,feature:L1_S24_F1211,HAS_FEATURE,1.0,0.0,0.0
station:L1_S24,feature:L1_S24_F1212,HAS_FEATURE,1.0,0.0,0.0
feature:L1_S24_F1212,failure:Response_1,MODEL_ASSOCIATED_WITH_FAILURE,0.0046625992836958,0.0,0.0046625992836958
station:L1_S24,feature:L1_S24_F1213,HAS_FEATURE,1.0,0.0,0.0
station:L1_S24,feature:L1_S24_F1215,HAS_FEATURE,1.0,0.0,0.0
station:L1_S24,feature:L1_S24_F1216,HAS_FEATURE,1.0,0.0,0.0
station:L1_S24,feature:L1_S24_F1217,HAS_FEATURE,1.0,0.0,0.0
station:L1_S24,feature:L1_S24_F1219,HAS_FEATURE,1.0,0.0,0.0
station:L1_S24,feature:L1_S24_F1220,HAS_FEATURE,1.0,0.0,0.0
station:L1_S24,feature:L1_S24_F1221,HAS_FEATURE,1.0,0.0,0.0
station:L1_S24,feature:L1_S24_F1223,HAS_FEATURE,1.0,0.0,0.0
station:L1_S24,feature:L1_S24_F1224,HAS_FEATURE,1.0,0.0,0.0
station:L1_S24,feature:L1_S24_F1225,HAS_FEATURE,1.0,0.0,0.0
station:L1_S24,feature:L1_S24_F1226,HAS_FEATURE,1.0,0.0,0.0
station:L1_S24,feature:L1_S24_F1228,HAS_FEATURE,1.0,0.0,0.0
station:L1_S24,feature:L1_S24_F1229,HAS_FEATURE,1.0,0.0,0.0
station:L1_S24,feature:L1_S24_F1230,HAS_FEATURE,1.0,0.0,0.0
station:L1_S24,feature:L1_S24_F1231,HAS_FEATURE,1.0,0.0,0.0
station:L1_S24,feature:L1_S24_F1233,HAS_FEATURE,1.0,0.0,0.0
station:L1_S24,feature:L1_S24_F1234,HAS_FEATURE,1.0,0.0,0.0
station:L1_S24,feature:L1_S24_F1235,HAS_FEATURE,1.0,0.0,0.0
station:L1_S24,feature:L1_S24_F1236,HAS_FEATURE,1.0,0.0,0.0
station:L1_S24,feature:L1_S24_F1238,HAS_FEATURE,1.0,0.0,0.0
station:L1_S24,feature:L1_S24_F1239,HAS_FEATURE,1.0,0.0,0.0
station:L1_S24,feature:L1_S24_F1240,HAS_FEATURE,1.0,0.0,0.0
station:L1_S24,feature:L1_S24_F1241,HAS_FEATURE,1.0,0.0,0.0
station:L1_S24,feature:L1_S24_F1243,HAS_FEATURE,1.0,0.0,0.0
station:L1_S24,feature:L1_S24_F1244,HAS_FEATURE,1.0,0.0,0.0
station:L1_S24,feature:L1_S24_F1245,HAS_FEATURE,1.0,0.0,0.0
station:L1_S24,feature:L1_S24_F1246,HAS_FEATURE,1.0,0.0,0.0
station:L1_S24,feature:L1_S24_F1248,HAS_FEATURE,1.0,0.0,0.0
station:L1_S24,feature:L1_S24_F1249,HAS_FEATURE,1.0,0.0,0.0
station:L1_S24,feature:L1_S24_F1250,HAS_FEATURE,1.0,0.0,0.0
station:L1_S24,feature:L1_S24_F1251,HAS_FEATURE,1.0,0.0,0.0
station:L1_S24,feature:L1_S24_F1253,HAS_FEATURE,1.0,0.0,0.0
station:L1_S24,feature:L1_S24_F1254,HAS_FEATURE,1.0,0.0,0.0
station:L1_S24,feature:L1_S24_F1255,HAS_FEATURE,1.0,0.0,0.0
station:L1_S24,feature:L1_S24_F1256,HAS_FEATURE,1.0,0.0,0.0
station:L1_S24,feature:L1_S24_F1258,HAS_FEATURE,1.0,0.0,0.0
station:L1_S24,feature:L1_S24_F1259,HAS_FEATURE,1.0,0.0,0.0
station:L1_S24,feature:L1_S24_F1260,HAS_FEATURE,1.0,0.0,0.0
station:L1_S24,feature:L1_S24_F1261,HAS_FEATURE,1.0,0.0,0.0
station:L1_S24,feature:L1_S24_F1263,HAS_FEATURE,1.0,0.0,0.0
station:L1_S24,feature:L1_S24_F1264,HAS_FEATURE,1.0,0.0,0.0
station:L1_S24,feature:L1_S24_F1265,HAS_FEATURE,1.0,0.0,0.0
station:L1_S24,feature:L1_S24_F1266,HAS_FEATURE,1.0,0.0,0.0
station:L1_S24,feature:L1_S24_F1268,HAS_FEATURE,1.0,0.0,0.0
station:L1_S24,feature:L1_S24_F1269,HAS_FEATURE,1.0,0.0,0.0
station:L1_S24,feature:L1_S24_F1270,HAS_FEATURE,1.0,0.0,0.0
station:L1_S24,feature:L1_S24_F1271,HAS_FEATURE,1.0,0.0,0.0
station:L1_S24,feature:L1_S24_F1273,HAS_FEATURE,1.0,0.0,0.0
station:L1_S24,feature:L1_S24_F1274,HAS_FEATURE,1.0,0.0,0.0
station:L1_S24,feature:L1_S24_F1275,HAS_FEATURE,1.0,0.0,0.0
station:L1_S24,feature:L1_S24_F1276,HAS_FEATURE,1.0,0.0,0.0
station:L1_S24,feature:L1_S24_F1278,HAS_FEATURE,1.0,0.0,0.0
station:L1_S24,feature:L1_S24_F1279,HAS_FEATURE,1.0,0.0,0.0
station:L1_S24,feature:L1_S24_F1280,HAS_FEATURE,1.0,0.0,0.0
station:L1_S24,feature:L1_S24_F1282,HAS_FEATURE,1.0,0.0,0.0
station:L1_S24,feature:L1_S24_F1283,HAS_FEATURE,1.0,0.0,0.0
station:L1_S24,feature:L1_S24_F1284,HAS_FEATURE,1.0,0.0,0.0
station:L1_S24,feature:L1_S24_F1286,HAS_FEATURE,1.0,0.0,0.0
station:L1_S24,feature:L1_S24_F1287,HAS_FEATURE,1.0,0.0,0.0
station:L1_S24,feature:L1_S24_F1288,HAS_FEATURE,1.0,0.0,0.0
station:L1_S24,feature:L1_S24_F1289,HAS_FEATURE,1.0,0.0,0.0
station:L1_S24,feature:L1_S24_F1291,HAS_FEATURE,1.0,0.0,0.0
station:L1_S24,feature:L1_S24_F1292,HAS_FEATURE,1.0,0.0,0.0
station:L1_S24,feature:L1_S24_F1293,HAS_FEATURE,1.0,0.0,0.0
station:L1_S24,feature:L1_S24_F1294,HAS_FEATURE,1.0,0.0,0.0
station:L1_S24,feature:L1_S24_F1296,HAS_FEATURE,1.0,0.0,0.0
station:L1_S24,feature:L1_S24_F1297,HAS_FEATURE,1.0,0.0,0.0
station:L1_S24,feature:L1_S24_F1298,HAS_FEATURE,1.0,0.0,0.0
feature:L1_S24_F1298,failure:Response_1,MODEL_ASSOCIATED_WITH_FAILURE,0.0001031063914274,0.0,0.0001031063914274
station:L1_S24,feature:L1_S24_F1299,HAS_FEATURE,1.0,0.0,0.0
station:L1_S24,feature:L1_S24_F1301,HAS_FEATURE,1.0,0.0,0.0
station:L1_S24,feature:L1_S24_F1302,HAS_FEATURE,1.0,0.0,0.0
station:L1_S24,feature:L1_S24_F1303,HAS_FEATURE,1.0,0.0,0.0
feature:L1_S24_F1303,failure:Response_1,MODEL_ASSOCIATED_WITH_FAILURE,0.0010267077453629,0.0,0.0010267077453629
station:L1_S24,feature:L1_S24_F1304,HAS_FEATURE,1.0,0.0,0.0
station:L1_S24,feature:L1_S24_F1306,HAS_FEATURE,1.0,0.0,0.0
station:L1_S24,feature:L1_S24_F1307,HAS_FEATURE,1.0,0.0,0.0
station:L1_S24,feature:L1_S24_F1308,HAS_FEATURE,1.0,0.0,0.0
station:L1_S24,feature:L1_S24_F1310,HAS_FEATURE,1.0,0.0,0.0
station:L1_S24,feature:L1_S24_F1311,HAS_FEATURE,1.0,0.0,0.0
station:L1_S24,feature:L1_S24_F1312,HAS_FEATURE,1.0,0.0,0.0
station:L1_S24,feature:L1_S24_F1314,HAS_FEATURE,1.0,0.0,0.0
station:L1_S24,feature:L1_S24_F1315,HAS_FEATURE,1.0,0.0,0.0
station:L1_S24,feature:L1_S24_F1316,HAS_FEATURE,1.0,0.0,0.0
station:L1_S24,feature:L1_S24_F1317,HAS_FEATURE,1.0,0.0,0.0
station:L1_S24,feature:L1_S24_F1319,HAS_FEATURE,1.0,0.0,0.0
station:L1_S24,feature:L1_S24_F1320,HAS_FEATURE,1.0,0.0,0.0
station:L1_S24,feature:L1_S24_F1321,HAS_FEATURE,1.0,0.0,0.0
station:L1_S24,feature:L1_S24_F1322,HAS_FEATURE,1.0,0.0,0.0
station:L1_S24,feature:L1_S24_F1324,HAS_FEATURE,1.0,0.0,0.0
station:L1_S24,feature:L1_S24_F1325,HAS_FEATURE,1.0,0.0,0.0
station:L1_S24,feature:L1_S24_F1326,HAS_FEATURE,1.0,0.0,0.0
feature:L1_S24_F1326,failure:Response_1,MODEL_ASSOCIATED_WITH_FAILURE,0.0012214772198357,0.0,0.0012214772198357
station:L1_S24,feature:L1_S24_F1327,HAS_FEATURE,1.0,0.0,0.0
station:L1_S24,feature:L1_S24_F1329,HAS_FEATURE,1.0,0.0,0.0
station:L1_S24,feature:L1_S24_F1330,HAS_FEATURE,1.0,0.0,0.0
station:L1_S24,feature:L1_S24_F1331,HAS_FEATURE,1.0,0.0,0.0
station:L1_S24,feature:L1_S24_F1332,HAS_FEATURE,1.0,0.0,0.0
station:L1_S24,feature:L1_S24_F1334,HAS_FEATURE,1.0,0.0,0.0
station:L1_S24,feature:L1_S24_F1335,HAS_FEATURE,1.0,0.0,0.0
station:L1_S24,feature:L1_S24_F1336,HAS_FEATURE,1.0,0.0,0.0
station:L1_S24,feature:L1_S24_F1337,HAS_FEATURE,1.0,0.0,0.0
station:L1_S24,feature:L1_S24_F1339,HAS_FEATURE,1.0,0.0,0.0
station:L1_S24,feature:L1_S24_F1340,HAS_FEATURE,1.0,0.0,0.0
station:L1_S24,feature:L1_S24_F1341,HAS_FEATURE,1.0,0.0,0.0
station:L1_S24,feature:L1_S24_F1342,HAS_FEATURE,1.0,0.0,0.0
station:L1_S24,feature:L1_S24_F1344,HAS_FEATURE,1.0,0.0,0.0
station:L1_S24,feature:L1_S24_F1345,HAS_FEATURE,1.0,0.0,0.0
station:L1_S24,feature:L1_S24_F1346,HAS_FEATURE,1.0,0.0,0.0
station:L1_S24,feature:L1_S24_F1347,HAS_FEATURE,1.0,0.0,0.0
station:L1_S24,feature:L1_S24_F1349,HAS_FEATURE,1.0,0.0,0.0
station:L1_S24,feature:L1_S24_F1350,HAS_FEATURE,1.0,0.0,0.0
station:L1_S24,feature:L1_S24_F1351,HAS_FEATURE,1.0,0.0,0.0
station:L1_S24,feature:L1_S24_F1352,HAS_FEATURE,1.0,0.0,0.0
station:L1_S24,feature:L1_S24_F1354,HAS_FEATURE,1.0,0.0,0.0
station:L1_S24,feature:L1_S24_F1355,HAS_FEATURE,1.0,0.0,0.0
station:L1_S24,feature:L1_S24_F1356,HAS_FEATURE,1.0,0.0,0.0
station:L1_S24,feature:L1_S24_F1357,HAS_FEATURE,1.0,0.0,0.0
station:L1_S24,feature:L1_S24_F1359,HAS_FEATURE,1.0,0.0,0.0
station:L1_S24,feature:L1_S24_F1360,HAS_FEATURE,1.0,0.0,0.0
station:L1_S24,feature:L1_S24_F1361,HAS_FEATURE,1.0,0.0,0.0
station:L1_S24,feature:L1_S24_F1362,HAS_FEATURE,1.0,0.0,0.0
station:L1_S24,feature:L1_S24_F1364,HAS_FEATURE,1.0,0.0,0.0
station:L1_S24,feature:L1_S24_F1365,HAS_FEATURE,1.0,0.0,0.0
station:L1_S24,feature:L1_S24_F1366,HAS_FEATURE,1.0,0.0,0.0
station:L1_S24,feature:L1_S24_F1367,HAS_FEATURE,1.0,0.0,0.0
station:L1_S24,feature:L1_S24_F1369,HAS_FEATURE,1.0,0.0,0.0
station:L1_S24,feature:L1_S24_F1370,HAS_FEATURE,1.0,0.0,0.0
station:L1_S24,feature:L1_S24_F1371,HAS_FEATURE,1.0,0.0,0.0
station:L1_S24,feature:L1_S24_F1372,HAS_FEATURE,1.0,0.0,0.0
station:L1_S24,feature:L1_S24_F1374,HAS_FEATURE,1.0,0.0,0.0
station:L1_S24,feature:L1_S24_F1375,HAS_FEATURE,1.0,0.0,0.0
station:L1_S24,feature:L1_S24_F1376,HAS_FEATURE,1.0,0.0,0.0
station:L1_S24,feature:L1_S24_F1377,HAS_FEATURE,1.0,0.0,0.0
station:L1_S24,feature:L1_S24_F1379,HAS_FEATURE,1.0,0.0,0.0
station:L1_S24,feature:L1_S24_F1380,HAS_FEATURE,1.0,0.0,0.0
station:L1_S24,feature:L1_S24_F1381,HAS_FEATURE,1.0,0.0,0.0
station:L1_S24,feature:L1_S24_F1382,HAS_FEATURE,1.0,0.0,0.0
station:L1_S24,feature:L1_S24_F1384,HAS_FEATURE,1.0,0.0,0.0
station:L1_S24,feature:L1_S24_F1385,HAS_FEATURE,1.0,0.0,0.0
station:L1_S24,feature:L1_S24_F1386,HAS_FEATURE,1.0,0.0,0.0
station:L1_S24,feature:L1_S24_F1387,HAS_FEATURE,1.0,0.0,0.0
station:L1_S24,feature:L1_S24_F1389,HAS_FEATURE,1.0,0.0,0.0
station:L1_S24,feature:L1_S24_F1390,HAS_FEATURE,1.0,0.0,0.0
station:L1_S24,feature:L1_S24_F1391,HAS_FEATURE,1.0,0.0,0.0
station:L1_S24,feature:L1_S24_F1392,HAS_FEATURE,1.0,0.0,0.0
station:L1_S24,feature:L1_S24_F1394,HAS_FEATURE,1.0,0.0,0.0
station:L1_S24,feature:L1_S24_F1395,HAS_FEATURE,1.0,0.0,0.0
station:L1_S24,feature:L1_S24_F1396,HAS_FEATURE,1.0,0.0,0.0
station:L1_S24,feature:L1_S24_F1397,HAS_FEATURE,1.0,0.0,0.0
station:L1_S24,feature:L1_S24_F1399,HAS_FEATURE,1.0,0.0,0.0
station:L1_S24,feature:L1_S24_F1400,HAS_FEATURE,1.0,0.0,0.0
station:L1_S24,feature:L1_S24_F1401,HAS_FEATURE,1.0,0.0,0.0
station:L1_S24,feature:L1_S24_F1402,HAS_FEATURE,1.0,0.0,0.0
station:L1_S24,feature:L1_S24_F1404,HAS_FEATURE,1.0,0.0,0.0
station:L1_S24,feature:L1_S24_F1405,HAS_FEATURE,1.0,0.0,0.0
station:L1_S24,feature:L1_S24_F1406,HAS_FEATURE,1.0,0.0,0.0
station:L1_S24,feature:L1_S24_F1407,HAS_FEATURE,1.0,0.0,0.0
station:L1_S24,feature:L1_S24_F1409,HAS_FEATURE,1.0,0.0,0.0
station:L1_S24,feature:L1_S24_F1410,HAS_FEATURE,1.0,0.0,0.0
station:L1_S24,feature:L1_S24_F1411,HAS_FEATURE,1.0,0.0,0.0
station:L1_S24,feature:L1_S24_F1412,HAS_FEATURE,1.0,0.0,0.0
station:L1_S24,feature:L1_S24_F1414,HAS_FEATURE,1.0,0.0,0.0
station:L1_S24,feature:L1_S24_F1415,HAS_FEATURE,1.0,0.0,0.0
station:L1_S24,feature:L1_S24_F1416,HAS_FEATURE,1.0,0.0,0.0
station:L1_S24,feature:L1_S24_F1417,HAS_FEATURE,1.0,0.0,0.0
station:L1_S24,feature:L1_S24_F1419,HAS_FEATURE,1.0,0.0,0.0
station:L1_S24,feature:L1_S24_F1420,HAS_FEATURE,1.0,0.0,0.0
station:L1_S24,feature:L1_S24_F1421,HAS_FEATURE,1.0,0.0,0.0
station:L1_S24,feature:L1_S24_F1422,HAS_FEATURE,1.0,0.0,0.0
station:L1_S24,feature:L1_S24_F1424,HAS_FEATURE,1.0,0.0,0.0
station:L1_S24,feature:L1_S24_F1425,HAS_FEATURE,1.0,0.0,0.0
station:L1_S24,feature:L1_S24_F1426,HAS_FEATURE,1.0,0.0,0.0
station:L1_S24,feature:L1_S24_F1427,HAS_FEATURE,1.0,0.0,0.0
station:L1_S24,feature:L1_S24_F1429,HAS_FEATURE,1.0,0.0,0.0
station:L1_S24,feature:L1_S24_F1430,HAS_FEATURE,1.0,0.0,0.0
station:L1_S24,feature:L1_S24_F1431,HAS_FEATURE,1.0,0.0,0.0
station:L1_S24,feature:L1_S24_F1432,HAS_FEATURE,1.0,0.0,0.0
station:L1_S24,feature:L1_S24_F1434,HAS_FEATURE,1.0,0.0,0.0
station:L1_S24,feature:L1_S24_F1435,HAS_FEATURE,1.0,0.0,0.0
station:L1_S24,feature:L1_S24_F1436,HAS_FEATURE,1.0,0.0,0.0
station:L1_S24,feature:L1_S24_F1437,HAS_FEATURE,1.0,0.0,0.0
station:L1_S24,feature:L1_S24_F1439,HAS_FEATURE,1.0,0.0,0.0
station:L1_S24,feature:L1_S24_F1440,HAS_FEATURE,1.0,0.0,0.0
station:L1_S24,feature:L1_S24_F1441,HAS_FEATURE,1.0,0.0,0.0
station:L1_S24,feature:L1_S24_F1442,HAS_FEATURE,1.0,0.0,0.0
station:L1_S24,feature:L1_S24_F1444,HAS_FEATURE,1.0,0.0,0.0
station:L1_S24,feature:L1_S24_F1445,HAS_FEATURE,1.0,0.0,0.0
station:L1_S24,feature:L1_S24_F1446,HAS_FEATURE,1.0,0.0,0.0
station:L1_S24,feature:L1_S24_F1447,HAS_FEATURE,1.0,0.0,0.0
station:L1_S24,feature:L1_S24_F1449,HAS_FEATURE,1.0,0.0,0.0
station:L1_S24,feature:L1_S24_F1450,HAS_FEATURE,1.0,0.0,0.0
station:L1_S24,feature:L1_S24_F1451,HAS_FEATURE,1.0,0.0,0.0
station:L1_S24,feature:L1_S24_F1452,HAS_FEATURE,1.0,0.0,0.0
station:L1_S24,feature:L1_S24_F1454,HAS_FEATURE,1.0,0.0,0.0
station:L1_S24,feature:L1_S24_F1455,HAS_FEATURE,1.0,0.0,0.0
station:L1_S24,feature:L1_S24_F1456,HAS_FEATURE,1.0,0.0,0.0
station:L1_S24,feature:L1_S24_F1458,HAS_FEATURE,1.0,0.0,0.0
station:L1_S24,feature:L1_S24_F1459,HAS_FEATURE,1.0,0.0,0.0
station:L1_S24,feature:L1_S24_F1460,HAS_FEATURE,1.0,0.0,0.0
station:L1_S24,feature:L1_S24_F1462,HAS_FEATURE,1.0,0.0,0.0
station:L1_S24,feature:L1_S24_F1463,HAS_FEATURE,1.0,0.0,0.0
station:L1_S24,feature:L1_S24_F1464,HAS_FEATURE,1.0,0.0,0.0
station:L1_S24,feature:L1_S24_F1466,HAS_FEATURE,1.0,0.0,0.0
station:L1_S24,feature:L1_S24_F1467,HAS_FEATURE,1.0,0.0,0.0
station:L1_S24,feature:L1_S24_F1468,HAS_FEATURE,1.0,0.0,0.0
station:L1_S24,feature:L1_S24_F1470,HAS_FEATURE,1.0,0.0,0.0
station:L1_S24,feature:L1_S24_F1471,HAS_FEATURE,1.0,0.0,0.0
station:L1_S24,feature:L1_S24_F1473,HAS_FEATURE,1.0,0.0,0.0
station:L1_S24,feature:L1_S24_F1474,HAS_FEATURE,1.0,0.0,0.0
feature:L1_S24_F1474,failure:Response_1,MODEL_ASSOCIATED_WITH_FAILURE,0.0030016312303311,0.0,0.0030016312303311
station:L1_S24,feature:L1_S24_F1475,HAS_FEATURE,1.0,0.0,0.0
station:L1_S24,feature:L1_S24_F1477,HAS_FEATURE,1.0,0.0,0.0
station:L1_S24,feature:L1_S24_F1478,HAS_FEATURE,1.0,0.0,0.0
feature:L1_S24_F1478,failure:Response_1,MODEL_ASSOCIATED_WITH_FAILURE,0.000794209437004,0.0,0.000794209437004
station:L1_S24,feature:L1_S24_F1479,HAS_FEATURE,1.0,0.0,0.0
station:L1_S24,feature:L1_S24_F1481,HAS_FEATURE,1.0,0.0,0.0
station:L1_S24,feature:L1_S24_F1482,HAS_FEATURE,1.0,0.0,0.0
station:L1_S24,feature:L1_S24_F1483,HAS_FEATURE,1.0,0.0,0.0
station:L1_S24,feature:L1_S24_F1485,HAS_FEATURE,1.0,0.0,0.0
station:L1_S24,feature:L1_S24_F1486,HAS_FEATURE,1.0,0.0,0.0
station:L1_S24,feature:L1_S24_F1487,HAS_FEATURE,1.0,0.0,0.0
station:L1_S24,feature:L1_S24_F1489,HAS_FEATURE,1.0,0.0,0.0
station:L1_S24,feature:L1_S24_F1490,HAS_FEATURE,1.0,0.0,0.0
feature:L1_S24_F1490,failure:Response_1,MODEL_ASSOCIATED_WITH_FAILURE,0.0067678028032744,0.0,0.0067678028032744
station:L1_S24,feature:L1_S24_F1491,HAS_FEATURE,1.0,0.0,0.0
station:L1_S24,feature:L1_S24_F1493,HAS_FEATURE,1.0,0.0,0.0
station:L1_S24,feature:L1_S24_F1494,HAS_FEATURE,1.0,0.0,0.0
feature:L1_S24_F1494,failure:Response_1,MODEL_ASSOCIATED_WITH_FAILURE,0.002839896290646,0.0,0.002839896290646
station:L1_S24,feature:L1_S24_F1495,HAS_FEATURE,1.0,0.0,0.0
station:L1_S24,feature:L1_S24_F1497,HAS_FEATURE,1.0,0.0,0.0
station:L1_S24,feature:L1_S24_F1498,HAS_FEATURE,1.0,0.0,0.0
feature:L1_S24_F1498,failure:Response_1,MODEL_ASSOCIATED_WITH_FAILURE,0.0104118702066035,0.0,0.0104118702066035
station:L1_S24,feature:L1_S24_F1499,HAS_FEATURE,1.0,0.0,0.0
station:L1_S24,feature:L1_S24_F1501,HAS_FEATURE,1.0,0.0,0.0
station:L1_S24,feature:L1_S24_F1502,HAS_FEATURE,1.0,0.0,0.0
station:L1_S24,feature:L1_S24_F1503,HAS_FEATURE,1.0,0.0,0.0
station:L1_S24,feature:L1_S24_F1505,HAS_FEATURE,1.0,0.0,0.0
station:L1_S24,feature:L1_S24_F1506,HAS_FEATURE,1.0,0.0,0.0
station:L1_S24,feature:L1_S24_F1507,HAS_FEATURE,1.0,0.0,0.0
station:L1_S24,feature:L1_S24_F1509,HAS_FEATURE,1.0,0.0,0.0
station:L1_S24,feature:L1_S24_F1510,HAS_FEATURE,1.0,0.0,0.0
station:L1_S24,feature:L1_S24_F1512,HAS_FEATURE,1.0,0.0,0.0
station:L1_S24,feature:L1_S24_F1514,HAS_FEATURE,1.0,0.0,0.0
station:L1_S24,feature:L1_S24_F1516,HAS_FEATURE,1.0,0.0,0.0
station:L1_S24,feature:L1_S24_F1518,HAS_FEATURE,1.0,0.0,0.0
station:L1_S24,feature:L1_S24_F1520,HAS_FEATURE,1.0,0.0,0.0
station:L1_S24,feature:L1_S24_F1521,HAS_FEATURE,1.0,0.0,0.0
station:L1_S24,feature:L1_S24_F1523,HAS_FEATURE,1.0,0.0,0.0
station:L1_S24,feature:L1_S24_F1524,HAS_FEATURE,1.0,0.0,0.0
station:L1_S24,feature:L1_S24_F1525,HAS_FEATURE,1.0,0.0,0.0
station:L1_S24,feature:L1_S24_F1526,HAS_FEATURE,1.0,0.0,0.0
station:L1_S24,feature:L1_S24_F1528,HAS_FEATURE,1.0,0.0,0.0
station:L1_S24,feature:L1_S24_F1529,HAS_FEATURE,1.0,0.0,0.0
station:L1_S24,feature:L1_S24_F1530,HAS_FEATURE,1.0,0.0,0.0
station:L1_S24,feature:L1_S24_F1531,HAS_FEATURE,1.0,0.0,0.0
station:L1_S24,feature:L1_S24_F1533,HAS_FEATURE,1.0,0.0,0.0
station:L1_S24,feature:L1_S24_F1534,HAS_FEATURE,1.0,0.0,0.0
station:L1_S24,feature:L1_S24_F1535,HAS_FEATURE,1.0,0.0,0.0
station:L1_S24,feature:L1_S24_F1537,HAS_FEATURE,1.0,0.0,0.0
station:L1_S24,feature:L1_S24_F1538,HAS_FEATURE,1.0,0.0,0.0
station:L1_S24,feature:L1_S24_F1539,HAS_FEATURE,1.0,0.0,0.0
station:L1_S24,feature:L1_S24_F1540,HAS_FEATURE,1.0,0.0,0.0
station:L1_S24,feature:L1_S24_F1542,HAS_FEATURE,1.0,0.0,0.0
station:L1_S24,feature:L1_S24_F1543,HAS_FEATURE,1.0,0.0,0.0
station:L1_S24,feature:L1_S24_F1544,HAS_FEATURE,1.0,0.0,0.0
station:L1_S24,feature:L1_S24_F1545,HAS_FEATURE,1.0,0.0,0.0
station:L1_S24,feature:L1_S24_F1547,HAS_FEATURE,1.0,0.0,0.0
station:L1_S24,feature:L1_S24_F1548,HAS_FEATURE,1.0,0.0,0.0
station:L1_S24,feature:L1_S24_F1549,HAS_FEATURE,1.0,0.0,0.0
station:L1_S24,feature:L1_S24_F1551,HAS_FEATURE,1.0,0.0,0.0
station:L1_S24,feature:L1_S24_F1552,HAS_FEATURE,1.0,0.0,0.0
station:L1_S24,feature:L1_S24_F1553,HAS_FEATURE,1.0,0.0,0.0
station:L1_S24,feature:L1_S24_F1555,HAS_FEATURE,1.0,0.0,0.0
station:L1_S24,feature:L1_S24_F1556,HAS_FEATURE,1.0,0.0,0.0
station:L1_S24,feature:L1_S24_F1557,HAS_FEATURE,1.0,0.0,0.0
station:L1_S24,feature:L1_S24_F1559,HAS_FEATURE,1.0,0.0,0.0
station:L1_S24,feature:L1_S24_F1560,HAS_FEATURE,1.0,0.0,0.0
station:L1_S24,feature:L1_S24_F1561,HAS_FEATURE,1.0,0.0,0.0
station:L1_S24,feature:L1_S24_F1563,HAS_FEATURE,1.0,0.0,0.0
station:L1_S24,feature:L1_S24_F1564,HAS_FEATURE,1.0,0.0,0.0
station:L1_S24,feature:L1_S24_F1565,HAS_FEATURE,1.0,0.0,0.0
station:L1_S24,feature:L1_S24_F1567,HAS_FEATURE,1.0,0.0,0.0
station:L1_S24,feature:L1_S24_F1569,HAS_FEATURE,1.0,0.0,0.0
station:L1_S24,feature:L1_S24_F1571,HAS_FEATURE,1.0,0.0,0.0
station:L1_S24,feature:L1_S24_F1573,HAS_FEATURE,1.0,0.0,0.0
station:L1_S24,feature:L1_S24_F1575,HAS_FEATURE,1.0,0.0,0.0
station:L1_S24,feature:L1_S24_F1577,HAS_FEATURE,1.0,0.0,0.0
station:L1_S24,feature:L1_S24_F1578,HAS_FEATURE,1.0,0.0,0.0
station:L1_S24,feature:L1_S24_F1580,HAS_FEATURE,1.0,0.0,0.0
station:L1_S24,feature:L1_S24_F1581,HAS_FEATURE,1.0,0.0,0.0
feature:L1_S24_F1581,failure:Response_1,MODEL_ASSOCIATED_WITH_FAILURE,0.0043312345341124,0.0,0.0043312345341124
station:L1_S24,feature:L1_S24_F1582,HAS_FEATURE,1.0,0.0,0.0
station:L1_S24,feature:L1_S24_F1584,HAS_FEATURE,1.0,0.0,0.0
station:L1_S24,feature:L1_S24_F1585,HAS_FEATURE,1.0,0.0,0.0
station:L1_S24,feature:L1_S24_F1586,HAS_FEATURE,1.0,0.0,0.0
station:L1_S24,feature:L1_S24_F1588,HAS_FEATURE,1.0,0.0,0.0
station:L1_S24,feature:L1_S24_F1589,HAS_FEATURE,1.0,0.0,0.0
station:L1_S24,feature:L1_S24_F1590,HAS_FEATURE,1.0,0.0,0.0
station:L1_S24,feature:L1_S24_F1592,HAS_FEATURE,1.0,0.0,0.0
station:L1_S24,feature:L1_S24_F1593,HAS_FEATURE,1.0,0.0,0.0
station:L1_S24,feature:L1_S24_F1594,HAS_FEATURE,1.0,0.0,0.0
station:L1_S24,feature:L1_S24_F1595,HAS_FEATURE,1.0,0.0,0.0
station:L1_S24,feature:L1_S24_F1597,HAS_FEATURE,1.0,0.0,0.0
station:L1_S24,feature:L1_S24_F1598,HAS_FEATURE,1.0,0.0,0.0
station:L1_S24,feature:L1_S24_F1599,HAS_FEATURE,1.0,0.0,0.0
station:L1_S24,feature:L1_S24_F1600,HAS_FEATURE,1.0,0.0,0.0
station:L1_S24,feature:L1_S24_F1602,HAS_FEATURE,1.0,0.0,0.0
station:L1_S24,feature:L1_S24_F1603,HAS_FEATURE,1.0,0.0,0.0
station:L1_S24,feature:L1_S24_F1604,HAS_FEATURE,1.0,0.0,0.0
feature:L1_S24_F1604,failure:Response_1,MODEL_ASSOCIATED_WITH_FAILURE,0.0031155851634772,0.0,0.0031155851634772
station:L1_S24,feature:L1_S24_F1605,HAS_FEATURE,1.0,0.0,0.0
station:L1_S24,feature:L1_S24_F1607,HAS_FEATURE,1.0,0.0,0.0
station:L1_S24,feature:L1_S24_F1608,HAS_FEATURE,1.0,0.0,0.0
station:L1_S24,feature:L1_S24_F1609,HAS_FEATURE,1.0,0.0,0.0
feature:L1_S24_F1609,failure:Response_1,MODEL_ASSOCIATED_WITH_FAILURE,0.0074092661912827,0.0,0.0074092661912827
station:L1_S24,feature:L1_S24_F1610,HAS_FEATURE,1.0,0.0,0.0
station:L1_S24,feature:L1_S24_F1612,HAS_FEATURE,1.0,0.0,0.0
station:L1_S24,feature:L1_S24_F1613,HAS_FEATURE,1.0,0.0,0.0
station:L1_S24,feature:L1_S24_F1614,HAS_FEATURE,1.0,0.0,0.0
station:L1_S24,feature:L1_S24_F1616,HAS_FEATURE,1.0,0.0,0.0
station:L1_S24,feature:L1_S24_F1617,HAS_FEATURE,1.0,0.0,0.0
station:L1_S24,feature:L1_S24_F1618,HAS_FEATURE,1.0,0.0,0.0
station:L1_S24,feature:L1_S24_F1620,HAS_FEATURE,1.0,0.0,0.0
station:L1_S24,feature:L1_S24_F1621,HAS_FEATURE,1.0,0.0,0.0
station:L1_S24,feature:L1_S24_F1622,HAS_FEATURE,1.0,0.0,0.0
feature:L1_S24_F1622,failure:Response_1,MODEL_ASSOCIATED_WITH_FAILURE,0.0012608912011172,0.0,0.0012608912011172
station:L1_S24,feature:L1_S24_F1623,HAS_FEATURE,1.0,0.0,0.0
station:L1_S24,feature:L1_S24_F1625,HAS_FEATURE,1.0,0.0,0.0
station:L1_S24,feature:L1_S24_F1626,HAS_FEATURE,1.0,0.0,0.0
station:L1_S24,feature:L1_S24_F1627,HAS_FEATURE,1.0,0.0,0.0
feature:L1_S24_F1627,failure:Response_1,MODEL_ASSOCIATED_WITH_FAILURE,0.001494313730036,0.0,0.001494313730036
station:L1_S24,feature:L1_S24_F1628,HAS_FEATURE,1.0,0.0,0.0
station:L1_S24,feature:L1_S24_F1630,HAS_FEATURE,1.0,0.0,0.0
station:L1_S24,feature:L1_S24_F1631,HAS_FEATURE,1.0,0.0,0.0
station:L1_S24,feature:L1_S24_F1632,HAS_FEATURE,1.0,0.0,0.0
feature:L1_S24_F1632,failure:Response_1,MODEL_ASSOCIATED_WITH_FAILURE,0.005692444152307259,0.0,0.005692444152307259
station:L1_S24,feature:L1_S24_F1633,HAS_FEATURE,1.0,0.0,0.0
station:L1_S24,feature:L1_S24_F1635,HAS_FEATURE,1.0,0.0,0.0
station:L1_S24,feature:L1_S24_F1636,HAS_FEATURE,1.0,0.0,0.0
station:L1_S24,feature:L1_S24_F1637,HAS_FEATURE,1.0,0.0,0.0
station:L1_S24,feature:L1_S24_F1638,HAS_FEATURE,1.0,0.0,0.0
station:L1_S24,feature:L1_S24_F1640,HAS_FEATURE,1.0,0.0,0.0
station:L1_S24,feature:L1_S24_F1641,HAS_FEATURE,1.0,0.0,0.0
station:L1_S24,feature:L1_S24_F1642,HAS_FEATURE,1.0,0.0,0.0
station:L1_S24,feature:L1_S24_F1643,HAS_FEATURE,1.0,0.0,0.0
station:L1_S24,feature:L1_S24_F1645,HAS_FEATURE,1.0,0.0,0.0
station:L1_S24,feature:L1_S24_F1646,HAS_FEATURE,1.0,0.0,0.0
station:L1_S24,feature:L1_S24_F1647,HAS_FEATURE,1.0,0.0,0.0
station:L1_S24,feature:L1_S24_F1648,HAS_FEATURE,1.0,0.0,0.0
station:L1_S24,feature:L1_S24_F1650,HAS_FEATURE,1.0,0.0,0.0
station:L1_S24,feature:L1_S24_F1651,HAS_FEATURE,1.0,0.0,0.0
station:L1_S24,feature:L1_S24_F1652,HAS_FEATURE,1.0,0.0,0.0
station:L1_S24,feature:L1_S24_F1653,HAS_FEATURE,1.0,0.0,0.0
station:L1_S24,feature:L1_S24_F1655,HAS_FEATURE,1.0,0.0,0.0
station:L1_S24,feature:L1_S24_F1656,HAS_FEATURE,1.0,0.0,0.0
station:L1_S24,feature:L1_S24_F1657,HAS_FEATURE,1.0,0.0,0.0
feature:L1_S24_F1657,failure:Response_1,MODEL_ASSOCIATED_WITH_FAILURE,0.0018604583743172,0.0,0.0018604583743172
station:L1_S24,feature:L1_S24_F1658,HAS_FEATURE,1.0,0.0,0.0
station:L1_S24,feature:L1_S24_F1660,HAS_FEATURE,1.0,0.0,0.0
station:L1_S24,feature:L1_S24_F1661,HAS_FEATURE,1.0,0.0,0.0
station:L1_S24,feature:L1_S24_F1662,HAS_FEATURE,1.0,0.0,0.0
station:L1_S24,feature:L1_S24_F1663,HAS_FEATURE,1.0,0.0,0.0
station:L1_S24,feature:L1_S24_F1665,HAS_FEATURE,1.0,0.0,0.0
station:L1_S24,feature:L1_S24_F1666,HAS_FEATURE,1.0,0.0,0.0
station:L1_S24,feature:L1_S24_F1667,HAS_FEATURE,1.0,0.0,0.0
feature:L1_S24_F1667,failure:Response_1,MODEL_ASSOCIATED_WITH_FAILURE,0.01167765711793,0.0,0.01167765711793
station:L1_S24,feature:L1_S24_F1668,HAS_FEATURE,1.0,0.0,0.0
station:L1_S24,feature:L1_S24_F1670,HAS_FEATURE,1.0,0.0,0.0
station:L1_S24,feature:L1_S24_F1671,HAS_FEATURE,1.0,0.0,0.0
station:L1_S24,feature:L1_S24_F1672,HAS_FEATURE,1.0,0.0,0.0
feature:L1_S24_F1672,failure:Response_1,MODEL_ASSOCIATED_WITH_FAILURE,0.0075121072661302,0.0,0.0075121072661302
station:L1_S24,feature:L1_S24_F1673,HAS_FEATURE,1.0,0.0,0.0
station:L1_S24,feature:L1_S24_F1675,HAS_FEATURE,1.0,0.0,0.0
station:L1_S24,feature:L1_S24_F1676,HAS_FEATURE,1.0,0.0,0.0
station:L1_S24,feature:L1_S24_F1677,HAS_FEATURE,1.0,0.0,0.0
station:L1_S24,feature:L1_S24_F1679,HAS_FEATURE,1.0,0.0,0.0
station:L1_S24,feature:L1_S24_F1680,HAS_FEATURE,1.0,0.0,0.0
station:L1_S24,feature:L1_S24_F1681,HAS_FEATURE,1.0,0.0,0.0
station:L1_S24,feature:L1_S24_F1683,HAS_FEATURE,1.0,0.0,0.0
station:L1_S24,feature:L1_S24_F1684,HAS_FEATURE,1.0,0.0,0.0
station:L1_S24,feature:L1_S24_F1685,HAS_FEATURE,1.0,0.0,0.0
station:L1_S24,feature:L1_S24_F1686,HAS_FEATURE,1.0,0.0,0.0
station:L1_S24,feature:L1_S24_F1688,HAS_FEATURE,1.0,0.0,0.0
station:L1_S24,feature:L1_S24_F1689,HAS_FEATURE,1.0,0.0,0.0
station:L1_S24,feature:L1_S24_F1690,HAS_FEATURE,1.0,0.0,0.0
station:L1_S24,feature:L1_S24_F1691,HAS_FEATURE,1.0,0.0,0.0
station:L1_S24,feature:L1_S24_F1693,HAS_FEATURE,1.0,0.0,0.0
station:L1_S24,feature:L1_S24_F1694,HAS_FEATURE,1.0,0.0,0.0
station:L1_S24,feature:L1_S24_F1695,HAS_FEATURE,1.0,0.0,0.0
feature:L1_S24_F1695,failure:Response_1,MODEL_ASSOCIATED_WITH_FAILURE,0.0050149831478891,0.0,0.0050149831478891
station:L1_S24,feature:L1_S24_F1696,HAS_FEATURE,1.0,0.0,0.0
station:L1_S24,feature:L1_S24_F1698,HAS_FEATURE,1.0,0.0,0.0
station:L1_S24,feature:L1_S24_F1699,HAS_FEATURE,1.0,0.0,0.0
station:L1_S24,feature:L1_S24_F1700,HAS_FEATURE,1.0,0.0,0.0
feature:L1_S24_F1700,failure:Response_1,MODEL_ASSOCIATED_WITH_FAILURE,0.0030313193020969,0.0,0.0030313193020969
station:L1_S24,feature:L1_S24_F1701,HAS_FEATURE,1.0,0.0,0.0
station:L1_S24,feature:L1_S24_F1703,HAS_FEATURE,1.0,0.0,0.0
station:L1_S24,feature:L1_S24_F1704,HAS_FEATURE,1.0,0.0,0.0
station:L1_S24,feature:L1_S24_F1705,HAS_FEATURE,1.0,0.0,0.0
station:L1_S24,feature:L1_S24_F1707,HAS_FEATURE,1.0,0.0,0.0
station:L1_S24,feature:L1_S24_F1708,HAS_FEATURE,1.0,0.0,0.0
station:L1_S24,feature:L1_S24_F1709,HAS_FEATURE,1.0,0.0,0.0
station:L1_S24,feature:L1_S24_F1711,HAS_FEATURE,1.0,0.0,0.0
station:L1_S24,feature:L1_S24_F1712,HAS_FEATURE,1.0,0.0,0.0
station:L1_S24,feature:L1_S24_F1713,HAS_FEATURE,1.0,0.0,0.0
feature:L1_S24_F1713,failure:Response_1,MODEL_ASSOCIATED_WITH_FAILURE,0.0090236872736233,0.0,0.0090236872736233
station:L1_S24,feature:L1_S24_F1714,HAS_FEATURE,1.0,0.0,0.0
station:L1_S24,feature:L1_S24_F1716,HAS_FEATURE,1.0,0.0,0.0
station:L1_S24,feature:L1_S24_F1717,HAS_FEATURE,1.0,0.0,0.0
station:L1_S24,feature:L1_S24_F1718,HAS_FEATURE,1.0,0.0,0.0
feature:L1_S24_F1718,failure:Response_1,MODEL_ASSOCIATED_WITH_FAILURE,0.0051570078645449,0.0,0.0051570078645449
station:L1_S24,feature:L1_S24_F1719,HAS_FEATURE,1.0,0.0,0.0
station:L1_S24,feature:L1_S24_F1721,HAS_FEATURE,1.0,0.0,0.0
station:L1_S24,feature:L1_S24_F1722,HAS_FEATURE,1.0,0.0,0.0
station:L1_S24,feature:L1_S24_F1723,HAS_FEATURE,1.0,0.0,0.0
feature:L1_S24_F1723,failure:Response_1,MODEL_ASSOCIATED_WITH_FAILURE,0.0137967339389569,0.0,0.0137967339389569
station:L1_S24,feature:L1_S24_F1724,HAS_FEATURE,1.0,0.0,0.0
station:L1_S24,feature:L1_S24_F1726,HAS_FEATURE,1.0,0.0,0.0
station:L1_S24,feature:L1_S24_F1727,HAS_FEATURE,1.0,0.0,0.0
station:L1_S24,feature:L1_S24_F1728,HAS_FEATURE,1.0,0.0,0.0
station:L1_S24,feature:L1_S24_F1729,HAS_FEATURE,1.0,0.0,0.0
station:L1_S24,feature:L1_S24_F1731,HAS_FEATURE,1.0,0.0,0.0
station:L1_S24,feature:L1_S24_F1732,HAS_FEATURE,1.0,0.0,0.0
station:L1_S24,feature:L1_S24_F1733,HAS_FEATURE,1.0,0.0,0.0
station:L1_S24,feature:L1_S24_F1734,HAS_FEATURE,1.0,0.0,0.0
station:L1_S24,feature:L1_S24_F1736,HAS_FEATURE,1.0,0.0,0.0
station:L1_S24,feature:L1_S24_F1737,HAS_FEATURE,1.0,0.0,0.0
station:L1_S24,feature:L1_S24_F1738,HAS_FEATURE,1.0,0.0,0.0
station:L1_S24,feature:L1_S24_F1739,HAS_FEATURE,1.0,0.0,0.0
station:L1_S24,feature:L1_S24_F1741,HAS_FEATURE,1.0,0.0,0.0
station:L1_S24,feature:L1_S24_F1742,HAS_FEATURE,1.0,0.0,0.0
station:L1_S24,feature:L1_S24_F1743,HAS_FEATURE,1.0,0.0,0.0
station:L1_S24,feature:L1_S24_F1744,HAS_FEATURE,1.0,0.0,0.0
station:L1_S24,feature:L1_S24_F1746,HAS_FEATURE,1.0,0.0,0.0
station:L1_S24,feature:L1_S24_F1747,HAS_FEATURE,1.0,0.0,0.0
station:L1_S24,feature:L1_S24_F1748,HAS_FEATURE,1.0,0.0,0.0
feature:L1_S24_F1748,failure:Response_1,MODEL_ASSOCIATED_WITH_FAILURE,0.0009585665818592,0.0,0.0009585665818592
station:L1_S24,feature:L1_S24_F1749,HAS_FEATURE,1.0,0.0,0.0
station:L1_S24,feature:L1_S24_F1751,HAS_FEATURE,1.0,0.0,0.0
station:L1_S24,feature:L1_S24_F1752,HAS_FEATURE,1.0,0.0,0.0
station:L1_S24,feature:L1_S24_F1753,HAS_FEATURE,1.0,0.0,0.0
station:L1_S24,feature:L1_S24_F1754,HAS_FEATURE,1.0,0.0,0.0
station:L1_S24,feature:L1_S24_F1756,HAS_FEATURE,1.0,0.0,0.0
station:L1_S24,feature:L1_S24_F1757,HAS_FEATURE,1.0,0.0,0.0
station:L1_S24,feature:L1_S24_F1758,HAS_FEATURE,1.0,0.0,0.0
feature:L1_S24_F1758,failure:Response_1,MODEL_ASSOCIATED_WITH_FAILURE,0.0083252556913031,0.0,0.0083252556913031
station:L1_S24,feature:L1_S24_F1759,HAS_FEATURE,1.0,0.0,0.0
station:L1_S24,feature:L1_S24_F1761,HAS_FEATURE,1.0,0.0,0.0
station:L1_S24,feature:L1_S24_F1762,HAS_FEATURE,1.0,0.0,0.0
station:L1_S24,feature:L1_S24_F1763,HAS_FEATURE,1.0,0.0,0.0
station:L1_S24,feature:L1_S24_F1764,HAS_FEATURE,1.0,0.0,0.0
station:L1_S24,feature:L1_S24_F1766,HAS_FEATURE,1.0,0.0,0.0
station:L1_S24,feature:L1_S24_F1767,HAS_FEATURE,1.0,0.0,0.0
station:L1_S24,feature:L1_S24_F1768,HAS_FEATURE,1.0,0.0,0.0
station:L1_S24,feature:L1_S24_F1769,HAS_FEATURE,1.0,0.0,0.0
station:L1_S24,feature:L1_S24_F1771,HAS_FEATURE,1.0,0.0,0.0
station:L1_S24,feature:L1_S24_F1772,HAS_FEATURE,1.0,0.0,0.0
station:L1_S24,feature:L1_S24_F1773,HAS_FEATURE,1.0,0.0,0.0
station:L1_S24,feature:L1_S24_F1774,HAS_FEATURE,1.0,0.0,0.0
station:L1_S24,feature:L1_S24_F1776,HAS_FEATURE,1.0,0.0,0.0
station:L1_S24,feature:L1_S24_F1777,HAS_FEATURE,1.0,0.0,0.0
station:L1_S24,feature:L1_S24_F1778,HAS_FEATURE,1.0,0.0,0.0
feature:L1_S24_F1778,failure:Response_1,MODEL_ASSOCIATED_WITH_FAILURE,0.012570849227048,0.0,0.012570849227048
station:L1_S24,feature:L1_S24_F1779,HAS_FEATURE,1.0,0.0,0.0
station:L1_S24,feature:L1_S24_F1781,HAS_FEATURE,1.0,0.0,0.0
station:L1_S24,feature:L1_S24_F1782,HAS_FEATURE,1.0,0.0,0.0
station:L1_S24,feature:L1_S24_F1783,HAS_FEATURE,1.0,0.0,0.0
station:L1_S24,feature:L1_S24_F1784,HAS_FEATURE,1.0,0.0,0.0
station:L1_S24,feature:L1_S24_F1786,HAS_FEATURE,1.0,0.0,0.0
station:L1_S24,feature:L1_S24_F1787,HAS_FEATURE,1.0,0.0,0.0
station:L1_S24,feature:L1_S24_F1788,HAS_FEATURE,1.0,0.0,0.0
station:L1_S24,feature:L1_S24_F1789,HAS_FEATURE,1.0,0.0,0.0
station:L1_S24,feature:L1_S24_F1791,HAS_FEATURE,1.0,0.0,0.0
station:L1_S24,feature:L1_S24_F1792,HAS_FEATURE,1.0,0.0,0.0
station:L1_S24,feature:L1_S24_F1793,HAS_FEATURE,1.0,0.0,0.0
station:L1_S24,feature:L1_S24_F1794,HAS_FEATURE,1.0,0.0,0.0
station:L1_S24,feature:L1_S24_F1796,HAS_FEATURE,1.0,0.0,0.0
station:L1_S24,feature:L1_S24_F1797,HAS_FEATURE,1.0,0.0,0.0
station:L1_S24,feature:L1_S24_F1798,HAS_FEATURE,1.0,0.0,0.0
station:L1_S24,feature:L1_S24_F1799,HAS_FEATURE,1.0,0.0,0.0
station:L1_S24,feature:L1_S24_F1801,HAS_FEATURE,1.0,0.0,0.0
station:L1_S24,feature:L1_S24_F1802,HAS_FEATURE,1.0,0.0,0.0
station:L1_S24,feature:L1_S24_F1803,HAS_FEATURE,1.0,0.0,0.0
station:L1_S24,feature:L1_S24_F1804,HAS_FEATURE,1.0,0.0,0.0
station:L1_S24,feature:L1_S24_F1806,HAS_FEATURE,1.0,0.0,0.0
station:L1_S24,feature:L1_S24_F1807,HAS_FEATURE,1.0,0.0,0.0
station:L1_S24,feature:L1_S24_F1808,HAS_FEATURE,1.0,0.0,0.0
station:L1_S24,feature:L1_S24_F1810,HAS_FEATURE,1.0,0.0,0.0
station:L1_S24,feature:L1_S24_F1812,HAS_FEATURE,1.0,0.0,0.0
station:L1_S24,feature:L1_S24_F1814,HAS_FEATURE,1.0,0.0,0.0
feature:L1_S24_F1814,failure:Response_1,MODEL_ASSOCIATED_WITH_FAILURE,0.0043936610811319,0.0,0.0043936610811319
station:L1_S24,feature:L1_S24_F1816,HAS_FEATURE,1.0,0.0,0.0
station:L1_S24,feature:L1_S24_F1818,HAS_FEATURE,1.0,0.0,0.0
station:L1_S24,feature:L1_S24_F1820,HAS_FEATURE,1.0,0.0,0.0
station:L1_S24,feature:L1_S24_F1822,HAS_FEATURE,1.0,0.0,0.0
station:L1_S24,feature:L1_S24_F1824,HAS_FEATURE,1.0,0.0,0.0
station:L1_S24,feature:L1_S24_F1827,HAS_FEATURE,1.0,0.0,0.0
station:L1_S24,feature:L1_S24_F1829,HAS_FEATURE,1.0,0.0,0.0
station:L1_S24,feature:L1_S24_F1831,HAS_FEATURE,1.0,0.0,0.0
station:L1_S24,feature:L1_S24_F1834,HAS_FEATURE,1.0,0.0,0.0
station:L1_S24,feature:L1_S24_F1836,HAS_FEATURE,1.0,0.0,0.0
station:L1_S24,feature:L1_S24_F1838,HAS_FEATURE,1.0,0.0,0.0
station:L1_S24,feature:L1_S24_F1840,HAS_FEATURE,1.0,0.0,0.0
station:L1_S24,feature:L1_S24_F1842,HAS_FEATURE,1.0,0.0,0.0
feature:L1_S24_F1842,failure:Response_1,MODEL_ASSOCIATED_WITH_FAILURE,0.008443756525367,0.0,0.008443756525367
station:L1_S24,feature:L1_S24_F1844,HAS_FEATURE,1.0,0.0,0.0
feature:L1_S24_F1844,failure:Response_1,MODEL_ASSOCIATED_WITH_FAILURE,0.02088944350640113,0.0,0.02088944350640113
station:L1_S24,feature:L1_S24_F1846,HAS_FEATURE,1.0,0.0,0.0
feature:L1_S24_F1846,failure:Response_1,MODEL_ASSOCIATED_WITH_FAILURE,0.0178434372390667,0.0,0.0178434372390667
station:L1_S24,feature:L1_S24_F1848,HAS_FEATURE,1.0,0.0,0.0
station:L1_S24,feature:L1_S24_F1850,HAS_FEATURE,1.0,0.0,0.0
station:L1_S24,feature:L1_S24_F675,HAS_FEATURE,1.0,0.0,0.0
station:L1_S24,feature:L1_S24_F676,HAS_FEATURE,1.0,0.0,0.0
station:L1_S24,feature:L1_S24_F678,HAS_FEATURE,1.0,0.0,0.0
station:L1_S24,feature:L1_S24_F679,HAS_FEATURE,1.0,0.0,0.0
feature:L1_S24_F679,failure:Response_1,MODEL_ASSOCIATED_WITH_FAILURE,0.0039120466619954,0.0,0.0039120466619954
station:L1_S24,feature:L1_S24_F680,HAS_FEATURE,1.0,0.0,0.0
station:L1_S24,feature:L1_S24_F682,HAS_FEATURE,1.0,0.0,0.0
station:L1_S24,feature:L1_S24_F683,HAS_FEATURE,1.0,0.0,0.0
station:L1_S24,feature:L1_S24_F684,HAS_FEATURE,1.0,0.0,0.0
station:L1_S24,feature:L1_S24_F686,HAS_FEATURE,1.0,0.0,0.0
station:L1_S24,feature:L1_S24_F687,HAS_FEATURE,1.0,0.0,0.0
station:L1_S24,feature:L1_S24_F688,HAS_FEATURE,1.0,0.0,0.0
station:L1_S24,feature:L1_S24_F690,HAS_FEATURE,1.0,0.0,0.0
station:L1_S24,feature:L1_S24_F691,HAS_FEATURE,1.0,0.0,0.0
feature:L1_S24_F691,failure:Response_1,MODEL_ASSOCIATED_WITH_FAILURE,0.0035843966937835,0.0,0.0035843966937835
station:L1_S24,feature:L1_S24_F692,HAS_FEATURE,1.0,0.0,0.0
station:L1_S24,feature:L1_S24_F694,HAS_FEATURE,1.0,0.0,0.0
station:L1_S24,feature:L1_S24_F695,HAS_FEATURE,1.0,0.0,0.0
station:L1_S24,feature:L1_S24_F696,HAS_FEATURE,1.0,0.0,0.0
station:L1_S24,feature:L1_S24_F698,HAS_FEATURE,1.0,0.0,0.0
station:L1_S24,feature:L1_S24_F699,HAS_FEATURE,1.0,0.0,0.0
station:L1_S24,feature:L1_S24_F700,HAS_FEATURE,1.0,0.0,0.0
station:L1_S24,feature:L1_S24_F701,HAS_FEATURE,1.0,0.0,0.0
station:L1_S24,feature:L1_S24_F703,HAS_FEATURE,1.0,0.0,0.0
station:L1_S24,feature:L1_S24_F704,HAS_FEATURE,1.0,0.0,0.0
station:L1_S24,feature:L1_S24_F705,HAS_FEATURE,1.0,0.0,0.0
station:L1_S24,feature:L1_S24_F706,HAS_FEATURE,1.0,0.0,0.0
station:L1_S24,feature:L1_S24_F708,HAS_FEATURE,1.0,0.0,0.0
station:L1_S24,feature:L1_S24_F709,HAS_FEATURE,1.0,0.0,0.0
station:L1_S24,feature:L1_S24_F710,HAS_FEATURE,1.0,0.0,0.0
station:L1_S24,feature:L1_S24_F711,HAS_FEATURE,1.0,0.0,0.0
station:L1_S24,feature:L1_S24_F713,HAS_FEATURE,1.0,0.0,0.0
station:L1_S24,feature:L1_S24_F714,HAS_FEATURE,1.0,0.0,0.0
station:L1_S24,feature:L1_S24_F715,HAS_FEATURE,1.0,0.0,0.0
station:L1_S24,feature:L1_S24_F717,HAS_FEATURE,1.0,0.0,0.0
station:L1_S24,feature:L1_S24_F718,HAS_FEATURE,1.0,0.0,0.0
station:L1_S24,feature:L1_S24_F719,HAS_FEATURE,1.0,0.0,0.0
station:L1_S24,feature:L1_S24_F720,HAS_FEATURE,1.0,0.0,0.0
station:L1_S24,feature:L1_S24_F722,HAS_FEATURE,1.0,0.0,0.0
station:L1_S24,feature:L1_S24_F723,HAS_FEATURE,1.0,0.0,0.0
station:L1_S24,feature:L1_S24_F724,HAS_FEATURE,1.0,0.0,0.0
station:L1_S24,feature:L1_S24_F726,HAS_FEATURE,1.0,0.0,0.0
station:L1_S24,feature:L1_S24_F727,HAS_FEATURE,1.0,0.0,0.0
station:L1_S24,feature:L1_S24_F728,HAS_FEATURE,1.0,0.0,0.0
station:L1_S24,feature:L1_S24_F729,HAS_FEATURE,1.0,0.0,0.0
station:L1_S24,feature:L1_S24_F731,HAS_FEATURE,1.0,0.0,0.0
station:L1_S24,feature:L1_S24_F732,HAS_FEATURE,1.0,0.0,0.0
station:L1_S24,feature:L1_S24_F733,HAS_FEATURE,1.0,0.0,0.0
station:L1_S24,feature:L1_S24_F734,HAS_FEATURE,1.0,0.0,0.0
station:L1_S24,feature:L1_S24_F736,HAS_FEATURE,1.0,0.0,0.0
station:L1_S24,feature:L1_S24_F737,HAS_FEATURE,1.0,0.0,0.0
station:L1_S24,feature:L1_S24_F738,HAS_FEATURE,1.0,0.0,0.0
station:L1_S24,feature:L1_S24_F740,HAS_FEATURE,1.0,0.0,0.0
station:L1_S24,feature:L1_S24_F741,HAS_FEATURE,1.0,0.0,0.0
station:L1_S24,feature:L1_S24_F742,HAS_FEATURE,1.0,0.0,0.0
station:L1_S24,feature:L1_S24_F744,HAS_FEATURE,1.0,0.0,0.0
station:L1_S24,feature:L1_S24_F745,HAS_FEATURE,1.0,0.0,0.0
station:L1_S24,feature:L1_S24_F746,HAS_FEATURE,1.0,0.0,0.0
station:L1_S24,feature:L1_S24_F747,HAS_FEATURE,1.0,0.0,0.0
station:L1_S24,feature:L1_S24_F749,HAS_FEATURE,1.0,0.0,0.0
station:L1_S24,feature:L1_S24_F750,HAS_FEATURE,1.0,0.0,0.0
station:L1_S24,feature:L1_S24_F751,HAS_FEATURE,1.0,0.0,0.0
station:L1_S24,feature:L1_S24_F752,HAS_FEATURE,1.0,0.0,0.0
station:L1_S24,feature:L1_S24_F754,HAS_FEATURE,1.0,0.0,0.0
station:L1_S24,feature:L1_S24_F755,HAS_FEATURE,1.0,0.0,0.0
station:L1_S24,feature:L1_S24_F756,HAS_FEATURE,1.0,0.0,0.0
station:L1_S24,feature:L1_S24_F757,HAS_FEATURE,1.0,0.0,0.0
station:L1_S24,feature:L1_S24_F759,HAS_FEATURE,1.0,0.0,0.0
station:L1_S24,feature:L1_S24_F760,HAS_FEATURE,1.0,0.0,0.0
station:L1_S24,feature:L1_S24_F761,HAS_FEATURE,1.0,0.0,0.0
station:L1_S24,feature:L1_S24_F762,HAS_FEATURE,1.0,0.0,0.0
station:L1_S24,feature:L1_S24_F764,HAS_FEATURE,1.0,0.0,0.0
station:L1_S24,feature:L1_S24_F765,HAS_FEATURE,1.0,0.0,0.0
station:L1_S24,feature:L1_S24_F766,HAS_FEATURE,1.0,0.0,0.0
station:L1_S24,feature:L1_S24_F767,HAS_FEATURE,1.0,0.0,0.0
station:L1_S24,feature:L1_S24_F769,HAS_FEATURE,1.0,0.0,0.0
station:L1_S24,feature:L1_S24_F770,HAS_FEATURE,1.0,0.0,0.0
station:L1_S24,feature:L1_S24_F771,HAS_FEATURE,1.0,0.0,0.0
station:L1_S24,feature:L1_S24_F773,HAS_FEATURE,1.0,0.0,0.0
station:L1_S24,feature:L1_S24_F774,HAS_FEATURE,1.0,0.0,0.0
station:L1_S24,feature:L1_S24_F775,HAS_FEATURE,1.0,0.0,0.0
station:L1_S24,feature:L1_S24_F776,HAS_FEATURE,1.0,0.0,0.0
station:L1_S24,feature:L1_S24_F778,HAS_FEATURE,1.0,0.0,0.0
station:L1_S24,feature:L1_S24_F779,HAS_FEATURE,1.0,0.0,0.0
station:L1_S24,feature:L1_S24_F780,HAS_FEATURE,1.0,0.0,0.0
station:L1_S24,feature:L1_S24_F781,HAS_FEATURE,1.0,0.0,0.0
station:L1_S24,feature:L1_S24_F783,HAS_FEATURE,1.0,0.0,0.0
station:L1_S24,feature:L1_S24_F784,HAS_FEATURE,1.0,0.0,0.0
station:L1_S24,feature:L1_S24_F785,HAS_FEATURE,1.0,0.0,0.0
station:L1_S24,feature:L1_S24_F786,HAS_FEATURE,1.0,0.0,0.0
station:L1_S24,feature:L1_S24_F788,HAS_FEATURE,1.0,0.0,0.0
station:L1_S24,feature:L1_S24_F789,HAS_FEATURE,1.0,0.0,0.0
station:L1_S24,feature:L1_S24_F790,HAS_FEATURE,1.0,0.0,0.0
station:L1_S24,feature:L1_S24_F791,HAS_FEATURE,1.0,0.0,0.0
station:L1_S24,feature:L1_S24_F793,HAS_FEATURE,1.0,0.0,0.0
station:L1_S24,feature:L1_S24_F794,HAS_FEATURE,1.0,0.0,0.0
station:L1_S24,feature:L1_S24_F795,HAS_FEATURE,1.0,0.0,0.0
feature:L1_S24_F795,failure:Response_1,MODEL_ASSOCIATED_WITH_FAILURE,5.6132870172374825e-06,0.0,5.6132870172374825e-06
station:L1_S24,feature:L1_S24_F796,HAS_FEATURE,1.0,0.0,0.0
station:L1_S24,feature:L1_S24_F798,HAS_FEATURE,1.0,0.0,0.0
station:L1_S24,feature:L1_S24_F799,HAS_FEATURE,1.0,0.0,0.0
station:L1_S24,feature:L1_S24_F800,HAS_FEATURE,1.0,0.0,0.0
station:L1_S24,feature:L1_S24_F802,HAS_FEATURE,1.0,0.0,0.0
station:L1_S24,feature:L1_S24_F803,HAS_FEATURE,1.0,0.0,0.0
station:L1_S24,feature:L1_S24_F805,HAS_FEATURE,1.0,0.0,0.0
station:L1_S24,feature:L1_S24_F806,HAS_FEATURE,1.0,0.0,0.0
station:L1_S24,feature:L1_S24_F808,HAS_FEATURE,1.0,0.0,0.0
station:L1_S24,feature:L1_S24_F810,HAS_FEATURE,1.0,0.0,0.0
station:L1_S24,feature:L1_S24_F812,HAS_FEATURE,1.0,0.0,0.0
station:L1_S24,feature:L1_S24_F814,HAS_FEATURE,1.0,0.0,0.0
feature:L1_S24_F814,failure:Response_1,MODEL_ASSOCIATED_WITH_FAILURE,0.0026771928480819,0.0,0.0026771928480819
station:L1_S24,feature:L1_S24_F816,HAS_FEATURE,1.0,0.0,0.0
feature:L1_S24_F816,failure:Response_1,MODEL_ASSOCIATED_WITH_FAILURE,0.0009092161269087,0.0,0.0009092161269087
station:L1_S24,feature:L1_S24_F817,HAS_FEATURE,1.0,0.0,0.0
station:L1_S24,feature:L1_S24_F819,HAS_FEATURE,1.0,0.0,0.0
station:L1_S24,feature:L1_S24_F820,HAS_FEATURE,1.0,0.0,0.0
station:L1_S24,feature:L1_S24_F821,HAS_FEATURE,1.0,0.0,0.0
station:L1_S24,feature:L1_S24_F823,HAS_FEATURE,1.0,0.0,0.0
station:L1_S24,feature:L1_S24_F824,HAS_FEATURE,1.0,0.0,0.0
station:L1_S24,feature:L1_S24_F825,HAS_FEATURE,1.0,0.0,0.0
station:L1_S24,feature:L1_S24_F827,HAS_FEATURE,1.0,0.0,0.0
station:L1_S24,feature:L1_S24_F828,HAS_FEATURE,1.0,0.0,0.0
station:L1_S24,feature:L1_S24_F829,HAS_FEATURE,1.0,0.0,0.0
feature:L1_S24_F829,failure:Response_1,MODEL_ASSOCIATED_WITH_FAILURE,0.0021044993670466,0.0,0.0021044993670466
station:L1_S24,feature:L1_S24_F830,HAS_FEATURE,1.0,0.0,0.0
station:L1_S24,feature:L1_S24_F832,HAS_FEATURE,1.0,0.0,0.0
station:L1_S24,feature:L1_S24_F833,HAS_FEATURE,1.0,0.0,0.0
station:L1_S24,feature:L1_S24_F834,HAS_FEATURE,1.0,0.0,0.0
station:L1_S24,feature:L1_S24_F835,HAS_FEATURE,1.0,0.0,0.0
station:L1_S24,feature:L1_S24_F837,HAS_FEATURE,1.0,0.0,0.0
station:L1_S24,feature:L1_S24_F838,HAS_FEATURE,1.0,0.0,0.0
station:L1_S24,feature:L1_S24_F839,HAS_FEATURE,1.0,0.0,0.0
feature:L1_S24_F839,failure:Response_1,MODEL_ASSOCIATED_WITH_FAILURE,0.000214833258786,0.0,0.000214833258786
station:L1_S24,feature:L1_S24_F840,HAS_FEATURE,1.0,0.0,0.0
station:L1_S24,feature:L1_S24_F842,HAS_FEATURE,1.0,0.0,0.0
station:L1_S24,feature:L1_S24_F843,HAS_FEATURE,1.0,0.0,0.0
station:L1_S24,feature:L1_S24_F844,HAS_FEATURE,1.0,0.0,0.0
station:L1_S24,feature:L1_S24_F845,HAS_FEATURE,1.0,0.0,0.0
station:L1_S24,feature:L1_S24_F847,HAS_FEATURE,1.0,0.0,0.0
station:L1_S24,feature:L1_S24_F848,HAS_FEATURE,1.0,0.0,0.0
station:L1_S24,feature:L1_S24_F849,HAS_FEATURE,1.0,0.0,0.0
station:L1_S24,feature:L1_S24_F851,HAS_FEATURE,1.0,0.0,0.0
station:L1_S24,feature:L1_S24_F852,HAS_FEATURE,1.0,0.0,0.0
station:L1_S24,feature:L1_S24_F853,HAS_FEATURE,1.0,0.0,0.0
station:L1_S24,feature:L1_S24_F855,HAS_FEATURE,1.0,0.0,0.0
station:L1_S24,feature:L1_S24_F856,HAS_FEATURE,1.0,0.0,0.0
station:L1_S24,feature:L1_S24_F857,HAS_FEATURE,1.0,0.0,0.0
station:L1_S24,feature:L1_S24_F858,HAS_FEATURE,1.0,0.0,0.0
station:L1_S24,feature:L1_S24_F860,HAS_FEATURE,1.0,0.0,0.0
station:L1_S24,feature:L1_S24_F861,HAS_FEATURE,1.0,0.0,0.0
station:L1_S24,feature:L1_S24_F862,HAS_FEATURE,1.0,0.0,0.0
station:L1_S24,feature:L1_S24_F863,HAS_FEATURE,1.0,0.0,0.0
station:L1_S24,feature:L1_S24_F865,HAS_FEATURE,1.0,0.0,0.0
station:L1_S24,feature:L1_S24_F866,HAS_FEATURE,1.0,0.0,0.0
station:L1_S24,feature:L1_S24_F867,HAS_FEATURE,1.0,0.0,0.0
feature:L1_S24_F867,failure:Response_1,MODEL_ASSOCIATED_WITH_FAILURE,0.0011264662308878,0.0,0.0011264662308878
station:L1_S24,feature:L1_S24_F868,HAS_FEATURE,1.0,0.0,0.0
station:L1_S24,feature:L1_S24_F870,HAS_FEATURE,1.0,0.0,0.0
station:L1_S24,feature:L1_S24_F871,HAS_FEATURE,1.0,0.0,0.0
station:L1_S24,feature:L1_S24_F872,HAS_FEATURE,1.0,0.0,0.0
station:L1_S24,feature:L1_S24_F873,HAS_FEATURE,1.0,0.0,0.0
station:L1_S24,feature:L1_S24_F875,HAS_FEATURE,1.0,0.0,0.0
station:L1_S24,feature:L1_S24_F876,HAS_FEATURE,1.0,0.0,0.0
station:L1_S24,feature:L1_S24_F877,HAS_FEATURE,1.0,0.0,0.0
station:L1_S24,feature:L1_S24_F878,HAS_FEATURE,1.0,0.0,0.0
station:L1_S24,feature:L1_S24_F880,HAS_FEATURE,1.0,0.0,0.0
station:L1_S24,feature:L1_S24_F881,HAS_FEATURE,1.0,0.0,0.0
station:L1_S24,feature:L1_S24_F882,HAS_FEATURE,1.0,0.0,0.0
station:L1_S24,feature:L1_S24_F883,HAS_FEATURE,1.0,0.0,0.0
station:L1_S24,feature:L1_S24_F885,HAS_FEATURE,1.0,0.0,0.0
station:L1_S24,feature:L1_S24_F886,HAS_FEATURE,1.0,0.0,0.0
station:L1_S24,feature:L1_S24_F887,HAS_FEATURE,1.0,0.0,0.0
station:L1_S24,feature:L1_S24_F888,HAS_FEATURE,1.0,0.0,0.0
station:L1_S24,feature:L1_S24_F890,HAS_FEATURE,1.0,0.0,0.0
station:L1_S24,feature:L1_S24_F891,HAS_FEATURE,1.0,0.0,0.0
station:L1_S24,feature:L1_S24_F892,HAS_FEATURE,1.0,0.0,0.0
station:L1_S24,feature:L1_S24_F893,HAS_FEATURE,1.0,0.0,0.0
station:L1_S24,feature:L1_S24_F895,HAS_FEATURE,1.0,0.0,0.0
station:L1_S24,feature:L1_S24_F896,HAS_FEATURE,1.0,0.0,0.0
station:L1_S24,feature:L1_S24_F897,HAS_FEATURE,1.0,0.0,0.0
station:L1_S24,feature:L1_S24_F898,HAS_FEATURE,1.0,0.0,0.0
station:L1_S24,feature:L1_S24_F900,HAS_FEATURE,1.0,0.0,0.0
station:L1_S24,feature:L1_S24_F901,HAS_FEATURE,1.0,0.0,0.0
station:L1_S24,feature:L1_S24_F902,HAS_FEATURE,1.0,0.0,0.0
feature:L1_S24_F902,failure:Response_1,MODEL_ASSOCIATED_WITH_FAILURE,0.0016374657085731,0.0,0.0016374657085731
station:L1_S24,feature:L1_S24_F903,HAS_FEATURE,1.0,0.0,0.0
station:L1_S24,feature:L1_S24_F905,HAS_FEATURE,1.0,0.0,0.0
station:L1_S24,feature:L1_S24_F906,HAS_FEATURE,1.0,0.0,0.0
station:L1_S24,feature:L1_S24_F907,HAS_FEATURE,1.0,0.0,0.0
station:L1_S24,feature:L1_S24_F908,HAS_FEATURE,1.0,0.0,0.0
station:L1_S24,feature:L1_S24_F910,HAS_FEATURE,1.0,0.0,0.0
station:L1_S24,feature:L1_S24_F911,HAS_FEATURE,1.0,0.0,0.0
station:L1_S24,feature:L1_S24_F912,HAS_FEATURE,1.0,0.0,0.0
station:L1_S24,feature:L1_S24_F914,HAS_FEATURE,1.0,0.0,0.0
station:L1_S24,feature:L1_S24_F915,HAS_FEATURE,1.0,0.0,0.0
station:L1_S24,feature:L1_S24_F916,HAS_FEATURE,1.0,0.0,0.0
station:L1_S24,feature:L1_S24_F918,HAS_FEATURE,1.0,0.0,0.0
station:L1_S24,feature:L1_S24_F919,HAS_FEATURE,1.0,0.0,0.0
station:L1_S24,feature:L1_S24_F920,HAS_FEATURE,1.0,0.0,0.0
station:L1_S24,feature:L1_S24_F921,HAS_FEATURE,1.0,0.0,0.0
station:L1_S24,feature:L1_S24_F923,HAS_FEATURE,1.0,0.0,0.0
station:L1_S24,feature:L1_S24_F924,HAS_FEATURE,1.0,0.0,0.0
station:L1_S24,feature:L1_S24_F925,HAS_FEATURE,1.0,0.0,0.0
station:L1_S24,feature:L1_S24_F926,HAS_FEATURE,1.0,0.0,0.0
station:L1_S24,feature:L1_S24_F928,HAS_FEATURE,1.0,0.0,0.0
station:L1_S24,feature:L1_S24_F929,HAS_FEATURE,1.0,0.0,0.0
station:L1_S24,feature:L1_S24_F930,HAS_FEATURE,1.0,0.0,0.0
feature:L1_S24_F930,failure:Response_1,MODEL_ASSOCIATED_WITH_FAILURE,4.9189268100636255e-05,0.0,4.9189268100636255e-05
station:L1_S24,feature:L1_S24_F931,HAS_FEATURE,1.0,0.0,0.0
station:L1_S24,feature:L1_S24_F933,HAS_FEATURE,1.0,0.0,0.0
station:L1_S24,feature:L1_S24_F934,HAS_FEATURE,1.0,0.0,0.0
station:L1_S24,feature:L1_S24_F935,HAS_FEATURE,1.0,0.0,0.0
station:L1_S24,feature:L1_S24_F936,HAS_FEATURE,1.0,0.0,0.0
station:L1_S24,feature:L1_S24_F938,HAS_FEATURE,1.0,0.0,0.0
station:L1_S24,feature:L1_S24_F939,HAS_FEATURE,1.0,0.0,0.0
station:L1_S24,feature:L1_S24_F940,HAS_FEATURE,1.0,0.0,0.0
station:L1_S24,feature:L1_S24_F942,HAS_FEATURE,1.0,0.0,0.0
station:L1_S24,feature:L1_S24_F943,HAS_FEATURE,1.0,0.0,0.0
station:L1_S24,feature:L1_S24_F944,HAS_FEATURE,1.0,0.0,0.0
station:L1_S24,feature:L1_S24_F946,HAS_FEATURE,1.0,0.0,0.0
station:L1_S24,feature:L1_S24_F947,HAS_FEATURE,1.0,0.0,0.0
station:L1_S24,feature:L1_S24_F948,HAS_FEATURE,1.0,0.0,0.0
station:L1_S24,feature:L1_S24_F949,HAS_FEATURE,1.0,0.0,0.0
station:L1_S24,feature:L1_S24_F951,HAS_FEATURE,1.0,0.0,0.0
station:L1_S24,feature:L1_S24_F952,HAS_FEATURE,1.0,0.0,0.0
station:L1_S24,feature:L1_S24_F953,HAS_FEATURE,1.0,0.0,0.0
station:L1_S24,feature:L1_S24_F954,HAS_FEATURE,1.0,0.0,0.0
station:L1_S24,feature:L1_S24_F956,HAS_FEATURE,1.0,0.0,0.0
station:L1_S24,feature:L1_S24_F957,HAS_FEATURE,1.0,0.0,0.0
station:L1_S24,feature:L1_S24_F958,HAS_FEATURE,1.0,0.0,0.0
feature:L1_S24_F958,failure:Response_1,MODEL_ASSOCIATED_WITH_FAILURE,0.0080391877281724,0.0,0.0080391877281724
station:L1_S24,feature:L1_S24_F959,HAS_FEATURE,1.0,0.0,0.0
station:L1_S24,feature:L1_S24_F961,HAS_FEATURE,1.0,0.0,0.0
station:L1_S24,feature:L1_S24_F962,HAS_FEATURE,1.0,0.0,0.0
station:L1_S24,feature:L1_S24_F963,HAS_FEATURE,1.0,0.0,0.0
feature:L1_S24_F963,failure:Response_1,MODEL_ASSOCIATED_WITH_FAILURE,0.0051299653380983,0.0,0.0051299653380983
station:L1_S24,feature:L1_S24_F964,HAS_FEATURE,1.0,0.0,0.0
station:L1_S24,feature:L1_S24_F966,HAS_FEATURE,1.0,0.0,0.0
station:L1_S24,feature:L1_S24_F967,HAS_FEATURE,1.0,0.0,0.0
station:L1_S24,feature:L1_S24_F968,HAS_FEATURE,1.0,0.0,0.0
station:L1_S24,feature:L1_S24_F969,HAS_FEATURE,1.0,0.0,0.0
station:L1_S24,feature:L1_S24_F971,HAS_FEATURE,1.0,0.0,0.0
station:L1_S24,feature:L1_S24_F972,HAS_FEATURE,1.0,0.0,0.0
station:L1_S24,feature:L1_S24_F973,HAS_FEATURE,1.0,0.0,0.0
station:L1_S24,feature:L1_S24_F974,HAS_FEATURE,1.0,0.0,0.0
station:L1_S24,feature:L1_S24_F976,HAS_FEATURE,1.0,0.0,0.0
station:L1_S24,feature:L1_S24_F977,HAS_FEATURE,1.0,0.0,0.0
station:L1_S24,feature:L1_S24_F978,HAS_FEATURE,1.0,0.0,0.0
station:L1_S24,feature:L1_S24_F979,HAS_FEATURE,1.0,0.0,0.0
station:L1_S24,feature:L1_S24_F981,HAS_FEATURE,1.0,0.0,0.0
station:L1_S24,feature:L1_S24_F982,HAS_FEATURE,1.0,0.0,0.0
station:L1_S24,feature:L1_S24_F983,HAS_FEATURE,1.0,0.0,0.0
station:L1_S24,feature:L1_S24_F984,HAS_FEATURE,1.0,0.0,0.0
station:L1_S24,feature:L1_S24_F986,HAS_FEATURE,1.0,0.0,0.0
station:L1_S24,feature:L1_S24_F987,HAS_FEATURE,1.0,0.0,0.0
station:L1_S24,feature:L1_S24_F988,HAS_FEATURE,1.0,0.0,0.0
feature:L1_S24_F988,failure:Response_1,MODEL_ASSOCIATED_WITH_FAILURE,0.0014160447020359,0.0,0.0014160447020359
station:L1_S24,feature:L1_S24_F989,HAS_FEATURE,1.0,0.0,0.0
station:L1_S24,feature:L1_S24_F991,HAS_FEATURE,1.0,0.0,0.0
station:L1_S24,feature:L1_S24_F992,HAS_FEATURE,1.0,0.0,0.0
station:L1_S24,feature:L1_S24_F993,HAS_FEATURE,1.0,0.0,0.0
station:L1_S24,feature:L1_S24_F994,HAS_FEATURE,1.0,0.0,0.0
station:L1_S24,feature:L1_S24_F996,HAS_FEATURE,1.0,0.0,0.0
station:L1_S24,feature:L1_S24_F997,HAS_FEATURE,1.0,0.0,0.0
station:L1_S24,feature:L1_S24_F998,HAS_FEATURE,1.0,0.0,0.0
feature:L1_S24_F998,failure:Response_1,MODEL_ASSOCIATED_WITH_FAILURE,0.0011093124349803,0.0,0.0011093124349803
station:L1_S25,feature:L1_S25_D1854,HAS_FEATURE,1.0,0.0,0.0
station:L1_S25,feature:L1_S25_D1857,HAS_FEATURE,1.0,0.0,0.0
station:L1_S25,feature:L1_S25_D1860,HAS_FEATURE,1.0,0.0,0.0
station:L1_S25,feature:L1_S25_D1862,HAS_FEATURE,1.0,0.0,0.0
station:L1_S25,feature:L1_S25_D1864,HAS_FEATURE,1.0,0.0,0.0
station:L1_S25,feature:L1_S25_D1867,HAS_FEATURE,1.0,0.0,0.0
station:L1_S25,feature:L1_S25_D1871,HAS_FEATURE,1.0,0.0,0.0
station:L1_S25,feature:L1_S25_D1875,HAS_FEATURE,1.0,0.0,0.0
station:L1_S25,feature:L1_S25_D1879,HAS_FEATURE,1.0,0.0,0.0
station:L1_S25,feature:L1_S25_D1883,HAS_FEATURE,1.0,0.0,0.0
station:L1_S25,feature:L1_S25_D1887,HAS_FEATURE,1.0,0.0,0.0
station:L1_S25,feature:L1_S25_D1891,HAS_FEATURE,1.0,0.0,0.0
station:L1_S25,feature:L1_S25_D1893,HAS_FEATURE,1.0,0.0,0.0
station:L1_S25,feature:L1_S25_D1895,HAS_FEATURE,1.0,0.0,0.0
station:L1_S25,feature:L1_S25_D1898,HAS_FEATURE,1.0,0.0,0.0
station:L1_S25,feature:L1_S25_D1902,HAS_FEATURE,1.0,0.0,0.0
station:L1_S25,feature:L1_S25_D1906,HAS_FEATURE,1.0,0.0,0.0
station:L1_S25,feature:L1_S25_D1911,HAS_FEATURE,1.0,0.0,0.0
station:L1_S25,feature:L1_S25_D1916,HAS_FEATURE,1.0,0.0,0.0
station:L1_S25,feature:L1_S25_D1921,HAS_FEATURE,1.0,0.0,0.0
station:L1_S25,feature:L1_S25_D1926,HAS_FEATURE,1.0,0.0,0.0
station:L1_S25,feature:L1_S25_D1931,HAS_FEATURE,1.0,0.0,0.0
station:L1_S25,feature:L1_S25_D1935,HAS_FEATURE,1.0,0.0,0.0
station:L1_S25,feature:L1_S25_D1940,HAS_FEATURE,1.0,0.0,0.0
station:L1_S25,feature:L1_S25_D1945,HAS_FEATURE,1.0,0.0,0.0
station:L1_S25,feature:L1_S25_D1950,HAS_FEATURE,1.0,0.0,0.0
station:L1_S25,feature:L1_S25_D1955,HAS_FEATURE,1.0,0.0,0.0
station:L1_S25,feature:L1_S25_D1960,HAS_FEATURE,1.0,0.0,0.0
station:L1_S25,feature:L1_S25_D1965,HAS_FEATURE,1.0,0.0,0.0
station:L1_S25,feature:L1_S25_D1970,HAS_FEATURE,1.0,0.0,0.0
station:L1_S25,feature:L1_S25_D1975,HAS_FEATURE,1.0,0.0,0.0
station:L1_S25,feature:L1_S25_D1980,HAS_FEATURE,1.0,0.0,0.0
station:L1_S25,feature:L1_S25_D1984,HAS_FEATURE,1.0,0.0,0.0
station:L1_S25,feature:L1_S25_D1989,HAS_FEATURE,1.0,0.0,0.0
station:L1_S25,feature:L1_S25_D1994,HAS_FEATURE,1.0,0.0,0.0
station:L1_S25,feature:L1_S25_D1999,HAS_FEATURE,1.0,0.0,0.0
station:L1_S25,feature:L1_S25_D2004,HAS_FEATURE,1.0,0.0,0.0
station:L1_S25,feature:L1_S25_D2009,HAS_FEATURE,1.0,0.0,0.0
station:L1_S25,feature:L1_S25_D2013,HAS_FEATURE,1.0,0.0,0.0
station:L1_S25,feature:L1_S25_D2018,HAS_FEATURE,1.0,0.0,0.0
station:L1_S25,feature:L1_S25_D2023,HAS_FEATURE,1.0,0.0,0.0
station:L1_S25,feature:L1_S25_D2028,HAS_FEATURE,1.0,0.0,0.0
station:L1_S25,feature:L1_S25_D2033,HAS_FEATURE,1.0,0.0,0.0
station:L1_S25,feature:L1_S25_D2038,HAS_FEATURE,1.0,0.0,0.0
station:L1_S25,feature:L1_S25_D2043,HAS_FEATURE,1.0,0.0,0.0
station:L1_S25,feature:L1_S25_D2048,HAS_FEATURE,1.0,0.0,0.0
station:L1_S25,feature:L1_S25_D2053,HAS_FEATURE,1.0,0.0,0.0
station:L1_S25,feature:L1_S25_D2058,HAS_FEATURE,1.0,0.0,0.0
station:L1_S25,feature:L1_S25_D2063,HAS_FEATURE,1.0,0.0,0.0
station:L1_S25,feature:L1_S25_D2068,HAS_FEATURE,1.0,0.0,0.0
station:L1_S25,feature:L1_S25_D2073,HAS_FEATURE,1.0,0.0,0.0
station:L1_S25,feature:L1_S25_D2078,HAS_FEATURE,1.0,0.0,0.0
station:L1_S25,feature:L1_S25_D2083,HAS_FEATURE,1.0,0.0,0.0
station:L1_S25,feature:L1_S25_D2088,HAS_FEATURE,1.0,0.0,0.0
station:L1_S25,feature:L1_S25_D2093,HAS_FEATURE,1.0,0.0,0.0
station:L1_S25,feature:L1_S25_D2098,HAS_FEATURE,1.0,0.0,0.0
station:L1_S25,feature:L1_S25_D2103,HAS_FEATURE,1.0,0.0,0.0
station:L1_S25,feature:L1_S25_D2108,HAS_FEATURE,1.0,0.0,0.0
station:L1_S25,feature:L1_S25_D2113,HAS_FEATURE,1.0,0.0,0.0
station:L1_S25,feature:L1_S25_D2118,HAS_FEATURE,1.0,0.0,0.0
station:L1_S25,feature:L1_S25_D2123,HAS_FEATURE,1.0,0.0,0.0
station:L1_S25,feature:L1_S25_D2128,HAS_FEATURE,1.0,0.0,0.0
station:L1_S25,feature:L1_S25_D2133,HAS_FEATURE,1.0,0.0,0.0
station:L1_S25,feature:L1_S25_D2138,HAS_FEATURE,1.0,0.0,0.0
station:L1_S25,feature:L1_S25_D2140,HAS_FEATURE,1.0,0.0,0.0
station:L1_S25,feature:L1_S25_D2143,HAS_FEATURE,1.0,0.0,0.0
station:L1_S25,feature:L1_S25_D2146,HAS_FEATURE,1.0,0.0,0.0
station:L1_S25,feature:L1_S25_D2149,HAS_FEATURE,1.0,0.0,0.0
station:L1_S25,feature:L1_S25_D2151,HAS_FEATURE,1.0,0.0,0.0
station:L1_S25,feature:L1_S25_D2154,HAS_FEATURE,1.0,0.0,0.0
station:L1_S25,feature:L1_S25_D2157,HAS_FEATURE,1.0,0.0,0.0
station:L1_S25,feature:L1_S25_D2160,HAS_FEATURE,1.0,0.0,0.0
station:L1_S25,feature:L1_S25_D2163,HAS_FEATURE,1.0,0.0,0.0
station:L1_S25,feature:L1_S25_D2166,HAS_FEATURE,1.0,0.0,0.0
station:L1_S25,feature:L1_S25_D2169,HAS_FEATURE,1.0,0.0,0.0
station:L1_S25,feature:L1_S25_D2172,HAS_FEATURE,1.0,0.0,0.0
station:L1_S25,feature:L1_S25_D2175,HAS_FEATURE,1.0,0.0,0.0
station:L1_S25,feature:L1_S25_D2178,HAS_FEATURE,1.0,0.0,0.0
station:L1_S25,feature:L1_S25_D2180,HAS_FEATURE,1.0,0.0,0.0
station:L1_S25,feature:L1_S25_D2183,HAS_FEATURE,1.0,0.0,0.0
station:L1_S25,feature:L1_S25_D2186,HAS_FEATURE,1.0,0.0,0.0
station:L1_S25,feature:L1_S25_D2189,HAS_FEATURE,1.0,0.0,0.0
station:L1_S25,feature:L1_S25_D2192,HAS_FEATURE,1.0,0.0,0.0
station:L1_S25,feature:L1_S25_D2195,HAS_FEATURE,1.0,0.0,0.0
station:L1_S25,feature:L1_S25_D2198,HAS_FEATURE,1.0,0.0,0.0
station:L1_S25,feature:L1_S25_D2201,HAS_FEATURE,1.0,0.0,0.0
station:L1_S25,feature:L1_S25_D2204,HAS_FEATURE,1.0,0.0,0.0
station:L1_S25,feature:L1_S25_D2206,HAS_FEATURE,1.0,0.0,0.0
station:L1_S25,feature:L1_S25_D2209,HAS_FEATURE,1.0,0.0,0.0
station:L1_S25,feature:L1_S25_D2212,HAS_FEATURE,1.0,0.0,0.0
station:L1_S25,feature:L1_S25_D2214,HAS_FEATURE,1.0,0.0,0.0
station:L1_S25,feature:L1_S25_D2216,HAS_FEATURE,1.0,0.0,0.0
station:L1_S25,feature:L1_S25_D2219,HAS_FEATURE,1.0,0.0,0.0
station:L1_S25,feature:L1_S25_D2222,HAS_FEATURE,1.0,0.0,0.0
station:L1_S25,feature:L1_S25_D2225,HAS_FEATURE,1.0,0.0,0.0
station:L1_S25,feature:L1_S25_D2228,HAS_FEATURE,1.0,0.0,0.0
station:L1_S25,feature:L1_S25_D2230,HAS_FEATURE,1.0,0.0,0.0
station:L1_S25,feature:L1_S25_D2232,HAS_FEATURE,1.0,0.0,0.0
station:L1_S25,feature:L1_S25_D2234,HAS_FEATURE,1.0,0.0,0.0
station:L1_S25,feature:L1_S25_D2235,HAS_FEATURE,1.0,0.0,0.0
station:L1_S25,feature:L1_S25_D2236,HAS_FEATURE,1.0,0.0,0.0
station:L1_S25,feature:L1_S25_D2238,HAS_FEATURE,1.0,0.0,0.0
station:L1_S25,feature:L1_S25_D2240,HAS_FEATURE,1.0,0.0,0.0
station:L1_S25,feature:L1_S25_D2242,HAS_FEATURE,1.0,0.0,0.0
station:L1_S25,feature:L1_S25_D2244,HAS_FEATURE,1.0,0.0,0.0
station:L1_S25,feature:L1_S25_D2246,HAS_FEATURE,1.0,0.0,0.0
station:L1_S25,feature:L1_S25_D2248,HAS_FEATURE,1.0,0.0,0.0
station:L1_S25,feature:L1_S25_D2251,HAS_FEATURE,1.0,0.0,0.0
station:L1_S25,feature:L1_S25_D2255,HAS_FEATURE,1.0,0.0,0.0
station:L1_S25,feature:L1_S25_D2260,HAS_FEATURE,1.0,0.0,0.0
station:L1_S25,feature:L1_S25_D2265,HAS_FEATURE,1.0,0.0,0.0
station:L1_S25,feature:L1_S25_D2270,HAS_FEATURE,1.0,0.0,0.0
station:L1_S25,feature:L1_S25_D2275,HAS_FEATURE,1.0,0.0,0.0
station:L1_S25,feature:L1_S25_D2280,HAS_FEATURE,1.0,0.0,0.0
station:L1_S25,feature:L1_S25_D2284,HAS_FEATURE,1.0,0.0,0.0
station:L1_S25,feature:L1_S25_D2289,HAS_FEATURE,1.0,0.0,0.0
station:L1_S25,feature:L1_S25_D2294,HAS_FEATURE,1.0,0.0,0.0
station:L1_S25,feature:L1_S25_D2299,HAS_FEATURE,1.0,0.0,0.0
station:L1_S25,feature:L1_S25_D2304,HAS_FEATURE,1.0,0.0,0.0
station:L1_S25,feature:L1_S25_D2309,HAS_FEATURE,1.0,0.0,0.0
station:L1_S25,feature:L1_S25_D2314,HAS_FEATURE,1.0,0.0,0.0
station:L1_S25,feature:L1_S25_D2319,HAS_FEATURE,1.0,0.0,0.0
station:L1_S25,feature:L1_S25_D2324,HAS_FEATURE,1.0,0.0,0.0
station:L1_S25,feature:L1_S25_D2329,HAS_FEATURE,1.0,0.0,0.0
station:L1_S25,feature:L1_S25_D2333,HAS_FEATURE,1.0,0.0,0.0
station:L1_S25,feature:L1_S25_D2338,HAS_FEATURE,1.0,0.0,0.0
station:L1_S25,feature:L1_S25_D2343,HAS_FEATURE,1.0,0.0,0.0
station:L1_S25,feature:L1_S25_D2348,HAS_FEATURE,1.0,0.0,0.0
station:L1_S25,feature:L1_S25_D2353,HAS_FEATURE,1.0,0.0,0.0
station:L1_S25,feature:L1_S25_D2358,HAS_FEATURE,1.0,0.0,0.0
station:L1_S25,feature:L1_S25_D2362,HAS_FEATURE,1.0,0.0,0.0
station:L1_S25,feature:L1_S25_D2367,HAS_FEATURE,1.0,0.0,0.0
station:L1_S25,feature:L1_S25_D2372,HAS_FEATURE,1.0,0.0,0.0
station:L1_S25,feature:L1_S25_D2377,HAS_FEATURE,1.0,0.0,0.0
station:L1_S25,feature:L1_S25_D2382,HAS_FEATURE,1.0,0.0,0.0
station:L1_S25,feature:L1_S25_D2387,HAS_FEATURE,1.0,0.0,0.0
station:L1_S25,feature:L1_S25_D2392,HAS_FEATURE,1.0,0.0,0.0
station:L1_S25,feature:L1_S25_D2397,HAS_FEATURE,1.0,0.0,0.0
station:L1_S25,feature:L1_S25_D2402,HAS_FEATURE,1.0,0.0,0.0
station:L1_S25,feature:L1_S25_D2406,HAS_FEATURE,1.0,0.0,0.0
station:L1_S25,feature:L1_S25_D2409,HAS_FEATURE,1.0,0.0,0.0
station:L1_S25,feature:L1_S25_D2412,HAS_FEATURE,1.0,0.0,0.0
station:L1_S25,feature:L1_S25_D2415,HAS_FEATURE,1.0,0.0,0.0
station:L1_S25,feature:L1_S25_D2418,HAS_FEATURE,1.0,0.0,0.0
station:L1_S25,feature:L1_S25_D2421,HAS_FEATURE,1.0,0.0,0.0
station:L1_S25,feature:L1_S25_D2424,HAS_FEATURE,1.0,0.0,0.0
station:L1_S25,feature:L1_S25_D2427,HAS_FEATURE,1.0,0.0,0.0
station:L1_S25,feature:L1_S25_D2430,HAS_FEATURE,1.0,0.0,0.0
station:L1_S25,feature:L1_S25_D2432,HAS_FEATURE,1.0,0.0,0.0
station:L1_S25,feature:L1_S25_D2434,HAS_FEATURE,1.0,0.0,0.0
station:L1_S25,feature:L1_S25_D2436,HAS_FEATURE,1.0,0.0,0.0
station:L1_S25,feature:L1_S25_D2438,HAS_FEATURE,1.0,0.0,0.0
station:L1_S25,feature:L1_S25_D2440,HAS_FEATURE,1.0,0.0,0.0
station:L1_S25,feature:L1_S25_D2442,HAS_FEATURE,1.0,0.0,0.0
station:L1_S25,feature:L1_S25_D2444,HAS_FEATURE,1.0,0.0,0.0
station:L1_S25,feature:L1_S25_D2445,HAS_FEATURE,1.0,0.0,0.0
station:L1_S25,feature:L1_S25_D2446,HAS_FEATURE,1.0,0.0,0.0
station:L1_S25,feature:L1_S25_D2448,HAS_FEATURE,1.0,0.0,0.0
station:L1_S25,feature:L1_S25_D2450,HAS_FEATURE,1.0,0.0,0.0
station:L1_S25,feature:L1_S25_D2452,HAS_FEATURE,1.0,0.0,0.0
station:L1_S25,feature:L1_S25_D2453,HAS_FEATURE,1.0,0.0,0.0
station:L1_S25,feature:L1_S25_D2455,HAS_FEATURE,1.0,0.0,0.0
station:L1_S25,feature:L1_S25_D2457,HAS_FEATURE,1.0,0.0,0.0
station:L1_S25,feature:L1_S25_D2459,HAS_FEATURE,1.0,0.0,0.0
station:L1_S25,feature:L1_S25_D2461,HAS_FEATURE,1.0,0.0,0.0
station:L1_S25,feature:L1_S25_D2463,HAS_FEATURE,1.0,0.0,0.0
station:L1_S25,feature:L1_S25_D2465,HAS_FEATURE,1.0,0.0,0.0
station:L1_S25,feature:L1_S25_D2467,HAS_FEATURE,1.0,0.0,0.0
station:L1_S25,feature:L1_S25_D2469,HAS_FEATURE,1.0,0.0,0.0
station:L1_S25,feature:L1_S25_D2471,HAS_FEATURE,1.0,0.0,0.0
station:L1_S25,feature:L1_S25_D2474,HAS_FEATURE,1.0,0.0,0.0
station:L1_S25,feature:L1_S25_D2477,HAS_FEATURE,1.0,0.0,0.0
station:L1_S25,feature:L1_S25_D2480,HAS_FEATURE,1.0,0.0,0.0
station:L1_S25,feature:L1_S25_D2483,HAS_FEATURE,1.0,0.0,0.0
station:L1_S25,feature:L1_S25_D2486,HAS_FEATURE,1.0,0.0,0.0
station:L1_S25,feature:L1_S25_D2489,HAS_FEATURE,1.0,0.0,0.0
station:L1_S25,feature:L1_S25_D2492,HAS_FEATURE,1.0,0.0,0.0
station:L1_S25,feature:L1_S25_D2495,HAS_FEATURE,1.0,0.0,0.0
station:L1_S25,feature:L1_S25_D2497,HAS_FEATURE,1.0,0.0,0.0
station:L1_S25,feature:L1_S25_D2499,HAS_FEATURE,1.0,0.0,0.0
station:L1_S25,feature:L1_S25_D2501,HAS_FEATURE,1.0,0.0,0.0
station:L1_S25,feature:L1_S25_D2502,HAS_FEATURE,1.0,0.0,0.0
station:L1_S25,feature:L1_S25_D2503,HAS_FEATURE,1.0,0.0,0.0
station:L1_S25,feature:L1_S25_D2505,HAS_FEATURE,1.0,0.0,0.0
station:L1_S25,feature:L1_S25_D2507,HAS_FEATURE,1.0,0.0,0.0
station:L1_S25,feature:L1_S25_D2509,HAS_FEATURE,1.0,0.0,0.0
station:L1_S25,feature:L1_S25_D2511,HAS_FEATURE,1.0,0.0,0.0
station:L1_S25,feature:L1_S25_D2513,HAS_FEATURE,1.0,0.0,0.0
station:L1_S25,feature:L1_S25_D2515,HAS_FEATURE,1.0,0.0,0.0
station:L1_S25,feature:L1_S25_D2518,HAS_FEATURE,1.0,0.0,0.0
station:L1_S25,feature:L1_S25_D2522,HAS_FEATURE,1.0,0.0,0.0
station:L1_S25,feature:L1_S25_D2527,HAS_FEATURE,1.0,0.0,0.0
station:L1_S25,feature:L1_S25_D2532,HAS_FEATURE,1.0,0.0,0.0
station:L1_S25,feature:L1_S25_D2537,HAS_FEATURE,1.0,0.0,0.0
station:L1_S25,feature:L1_S25_D2542,HAS_FEATURE,1.0,0.0,0.0
station:L1_S25,feature:L1_S25_D2547,HAS_FEATURE,1.0,0.0,0.0
station:L1_S25,feature:L1_S25_D2551,HAS_FEATURE,1.0,0.0,0.0
station:L1_S25,feature:L1_S25_D2556,HAS_FEATURE,1.0,0.0,0.0
station:L1_S25,feature:L1_S25_D2561,HAS_FEATURE,1.0,0.0,0.0
station:L1_S25,feature:L1_S25_D2566,HAS_FEATURE,1.0,0.0,0.0
station:L1_S25,feature:L1_S25_D2571,HAS_FEATURE,1.0,0.0,0.0
station:L1_S25,feature:L1_S25_D2576,HAS_FEATURE,1.0,0.0,0.0
station:L1_S25,feature:L1_S25_D2581,HAS_FEATURE,1.0,0.0,0.0
station:L1_S25,feature:L1_S25_D2586,HAS_FEATURE,1.0,0.0,0.0
station:L1_S25,feature:L1_S25_D2591,HAS_FEATURE,1.0,0.0,0.0
station:L1_S25,feature:L1_S25_D2596,HAS_FEATURE,1.0,0.0,0.0
station:L1_S25,feature:L1_S25_D2600,HAS_FEATURE,1.0,0.0,0.0
station:L1_S25,feature:L1_S25_D2605,HAS_FEATURE,1.0,0.0,0.0
station:L1_S25,feature:L1_S25_D2610,HAS_FEATURE,1.0,0.0,0.0
station:L1_S25,feature:L1_S25_D2615,HAS_FEATURE,1.0,0.0,0.0
station:L1_S25,feature:L1_S25_D2620,HAS_FEATURE,1.0,0.0,0.0
station:L1_S25,feature:L1_S25_D2625,HAS_FEATURE,1.0,0.0,0.0
station:L1_S25,feature:L1_S25_D2629,HAS_FEATURE,1.0,0.0,0.0
station:L1_S25,feature:L1_S25_D2634,HAS_FEATURE,1.0,0.0,0.0
station:L1_S25,feature:L1_S25_D2639,HAS_FEATURE,1.0,0.0,0.0
station:L1_S25,feature:L1_S25_D2644,HAS_FEATURE,1.0,0.0,0.0
station:L1_S25,feature:L1_S25_D2649,HAS_FEATURE,1.0,0.0,0.0
station:L1_S25,feature:L1_S25_D2654,HAS_FEATURE,1.0,0.0,0.0
station:L1_S25,feature:L1_S25_D2659,HAS_FEATURE,1.0,0.0,0.0
station:L1_S25,feature:L1_S25_D2664,HAS_FEATURE,1.0,0.0,0.0
station:L1_S25,feature:L1_S25_D2669,HAS_FEATURE,1.0,0.0,0.0
station:L1_S25,feature:L1_S25_D2674,HAS_FEATURE,1.0,0.0,0.0
station:L1_S25,feature:L1_S25_D2679,HAS_FEATURE,1.0,0.0,0.0
station:L1_S25,feature:L1_S25_D2684,HAS_FEATURE,1.0,0.0,0.0
station:L1_S25,feature:L1_S25_D2689,HAS_FEATURE,1.0,0.0,0.0
station:L1_S25,feature:L1_S25_D2694,HAS_FEATURE,1.0,0.0,0.0
station:L1_S25,feature:L1_S25_D2699,HAS_FEATURE,1.0,0.0,0.0
station:L1_S25,feature:L1_S25_D2704,HAS_FEATURE,1.0,0.0,0.0
station:L1_S25,feature:L1_S25_D2709,HAS_FEATURE,1.0,0.0,0.0
station:L1_S25,feature:L1_S25_D2713,HAS_FEATURE,1.0,0.0,0.0
station:L1_S25,feature:L1_S25_D2715,HAS_FEATURE,1.0,0.0,0.0
station:L1_S25,feature:L1_S25_D2717,HAS_FEATURE,1.0,0.0,0.0
station:L1_S25,feature:L1_S25_D2719,HAS_FEATURE,1.0,0.0,0.0
station:L1_S25,feature:L1_S25_D2721,HAS_FEATURE,1.0,0.0,0.0
station:L1_S25,feature:L1_S25_D2723,HAS_FEATURE,1.0,0.0,0.0
station:L1_S25,feature:L1_S25_D2725,HAS_FEATURE,1.0,0.0,0.0
station:L1_S25,feature:L1_S25_D2727,HAS_FEATURE,1.0,0.0,0.0
station:L1_S25,feature:L1_S25_D2728,HAS_FEATURE,1.0,0.0,0.0
station:L1_S25,feature:L1_S25_D2729,HAS_FEATURE,1.0,0.0,0.0
station:L1_S25,feature:L1_S25_D2731,HAS_FEATURE,1.0,0.0,0.0
station:L1_S25,feature:L1_S25_D2733,HAS_FEATURE,1.0,0.0,0.0
station:L1_S25,feature:L1_S25_D2735,HAS_FEATURE,1.0,0.0,0.0
station:L1_S25,feature:L1_S25_D2736,HAS_FEATURE,1.0,0.0,0.0
station:L1_S25,feature:L1_S25_D2738,HAS_FEATURE,1.0,0.0,0.0
station:L1_S25,feature:L1_S25_D2740,HAS_FEATURE,1.0,0.0,0.0
station:L1_S25,feature:L1_S25_D2742,HAS_FEATURE,1.0,0.0,0.0
station:L1_S25,feature:L1_S25_D2744,HAS_FEATURE,1.0,0.0,0.0
station:L1_S25,feature:L1_S25_D2746,HAS_FEATURE,1.0,0.0,0.0
station:L1_S25,feature:L1_S25_D2748,HAS_FEATURE,1.0,0.0,0.0
station:L1_S25,feature:L1_S25_D2750,HAS_FEATURE,1.0,0.0,0.0
station:L1_S25,feature:L1_S25_D2752,HAS_FEATURE,1.0,0.0,0.0
station:L1_S25,feature:L1_S25_D2754,HAS_FEATURE,1.0,0.0,0.0
station:L1_S25,feature:L1_S25_D2757,HAS_FEATURE,1.0,0.0,0.0
station:L1_S25,feature:L1_S25_D2760,HAS_FEATURE,1.0,0.0,0.0
station:L1_S25,feature:L1_S25_D2763,HAS_FEATURE,1.0,0.0,0.0
station:L1_S25,feature:L1_S25_D2766,HAS_FEATURE,1.0,0.0,0.0
station:L1_S25,feature:L1_S25_D2769,HAS_FEATURE,1.0,0.0,0.0
station:L1_S25,feature:L1_S25_D2772,HAS_FEATURE,1.0,0.0,0.0
station:L1_S25,feature:L1_S25_D2775,HAS_FEATURE,1.0,0.0,0.0
station:L1_S25,feature:L1_S25_D2778,HAS_FEATURE,1.0,0.0,0.0
station:L1_S25,feature:L1_S25_D2780,HAS_FEATURE,1.0,0.0,0.0
station:L1_S25,feature:L1_S25_D2782,HAS_FEATURE,1.0,0.0,0.0
station:L1_S25,feature:L1_S25_D2784,HAS_FEATURE,1.0,0.0,0.0
station:L1_S25,feature:L1_S25_D2785,HAS_FEATURE,1.0,0.0,0.0
station:L1_S25,feature:L1_S25_D2786,HAS_FEATURE,1.0,0.0,0.0
station:L1_S25,feature:L1_S25_D2788,HAS_FEATURE,1.0,0.0,0.0
station:L1_S25,feature:L1_S25_D2790,HAS_FEATURE,1.0,0.0,0.0
station:L1_S25,feature:L1_S25_D2792,HAS_FEATURE,1.0,0.0,0.0
station:L1_S25,feature:L1_S25_D2794,HAS_FEATURE,1.0,0.0,0.0
station:L1_S25,feature:L1_S25_D2796,HAS_FEATURE,1.0,0.0,0.0
station:L1_S25,feature:L1_S25_D2798,HAS_FEATURE,1.0,0.0,0.0
station:L1_S25,feature:L1_S25_D2801,HAS_FEATURE,1.0,0.0,0.0
station:L1_S25,feature:L1_S25_D2805,HAS_FEATURE,1.0,0.0,0.0
station:L1_S25,feature:L1_S25_D2810,HAS_FEATURE,1.0,0.0,0.0
station:L1_S25,feature:L1_S25_D2815,HAS_FEATURE,1.0,0.0,0.0
station:L1_S25,feature:L1_S25_D2820,HAS_FEATURE,1.0,0.0,0.0
station:L1_S25,feature:L1_S25_D2825,HAS_FEATURE,1.0,0.0,0.0
station:L1_S25,feature:L1_S25_D2830,HAS_FEATURE,1.0,0.0,0.0
station:L1_S25,feature:L1_S25_D2834,HAS_FEATURE,1.0,0.0,0.0
station:L1_S25,feature:L1_S25_D2839,HAS_FEATURE,1.0,0.0,0.0
station:L1_S25,feature:L1_S25_D2844,HAS_FEATURE,1.0,0.0,0.0
station:L1_S25,feature:L1_S25_D2849,HAS_FEATURE,1.0,0.0,0.0
station:L1_S25,feature:L1_S25_D2854,HAS_FEATURE,1.0,0.0,0.0
station:L1_S25,feature:L1_S25_D2859,HAS_FEATURE,1.0,0.0,0.0
station:L1_S25,feature:L1_S25_D2864,HAS_FEATURE,1.0,0.0,0.0
station:L1_S25,feature:L1_S25_D2869,HAS_FEATURE,1.0,0.0,0.0
station:L1_S25,feature:L1_S25_D2874,HAS_FEATURE,1.0,0.0,0.0
station:L1_S25,feature:L1_S25_D2879,HAS_FEATURE,1.0,0.0,0.0
station:L1_S25,feature:L1_S25_D2883,HAS_FEATURE,1.0,0.0,0.0
station:L1_S25,feature:L1_S25_D2888,HAS_FEATURE,1.0,0.0,0.0
station:L1_S25,feature:L1_S25_D2893,HAS_FEATURE,1.0,0.0,0.0
station:L1_S25,feature:L1_S25_D2898,HAS_FEATURE,1.0,0.0,0.0
station:L1_S25,feature:L1_S25_D2903,HAS_FEATURE,1.0,0.0,0.0
station:L1_S25,feature:L1_S25_D2908,HAS_FEATURE,1.0,0.0,0.0
station:L1_S25,feature:L1_S25_D2912,HAS_FEATURE,1.0,0.0,0.0
station:L1_S25,feature:L1_S25_D2917,HAS_FEATURE,1.0,0.0,0.0
station:L1_S25,feature:L1_S25_D2922,HAS_FEATURE,1.0,0.0,0.0
station:L1_S25,feature:L1_S25_D2927,HAS_FEATURE,1.0,0.0,0.0
station:L1_S25,feature:L1_S25_D2932,HAS_FEATURE,1.0,0.0,0.0
station:L1_S25,feature:L1_S25_D2937,HAS_FEATURE,1.0,0.0,0.0
station:L1_S25,feature:L1_S25_D2942,HAS_FEATURE,1.0,0.0,0.0
station:L1_S25,feature:L1_S25_D2947,HAS_FEATURE,1.0,0.0,0.0
station:L1_S25,feature:L1_S25_D2952,HAS_FEATURE,1.0,0.0,0.0
station:L1_S25,feature:L1_S25_D2957,HAS_FEATURE,1.0,0.0,0.0
station:L1_S25,feature:L1_S25_D2962,HAS_FEATURE,1.0,0.0,0.0
station:L1_S25,feature:L1_S25_D2967,HAS_FEATURE,1.0,0.0,0.0
station:L1_S25,feature:L1_S25_D2972,HAS_FEATURE,1.0,0.0,0.0
station:L1_S25,feature:L1_S25_D2977,HAS_FEATURE,1.0,0.0,0.0
station:L1_S25,feature:L1_S25_D2982,HAS_FEATURE,1.0,0.0,0.0
station:L1_S25,feature:L1_S25_D2987,HAS_FEATURE,1.0,0.0,0.0
station:L1_S25,feature:L1_S25_D2992,HAS_FEATURE,1.0,0.0,0.0
station:L1_S25,feature:L1_S25_D2996,HAS_FEATURE,1.0,0.0,0.0
station:L1_S25,feature:L1_S25_D2998,HAS_FEATURE,1.0,0.0,0.0
station:L1_S25,feature:L1_S25_D3000,HAS_FEATURE,1.0,0.0,0.0
station:L1_S25,feature:L1_S25_D3002,HAS_FEATURE,1.0,0.0,0.0
station:L1_S25,feature:L1_S25_D3004,HAS_FEATURE,1.0,0.0,0.0
station:L1_S25,feature:L1_S25_D3006,HAS_FEATURE,1.0,0.0,0.0
station:L1_S25,feature:L1_S25_D3008,HAS_FEATURE,1.0,0.0,0.0
station:L1_S25,feature:L1_S25_D3010,HAS_FEATURE,1.0,0.0,0.0
station:L1_S25,feature:L1_S25_D3011,HAS_FEATURE,1.0,0.0,0.0
station:L1_S25,feature:L1_S25_D3012,HAS_FEATURE,1.0,0.0,0.0
station:L1_S25,feature:L1_S25_D3014,HAS_FEATURE,1.0,0.0,0.0
station:L1_S25,feature:L1_S25_D3016,HAS_FEATURE,1.0,0.0,0.0
station:L1_S25,feature:L1_S25_D3018,HAS_FEATURE,1.0,0.0,0.0
station:L1_S25,feature:L1_S25_D3019,HAS_FEATURE,1.0,0.0,0.0
station:L1_S25,feature:L1_S25_D3021,HAS_FEATURE,1.0,0.0,0.0
station:L1_S25,feature:L1_S25_D3023,HAS_FEATURE,1.0,0.0,0.0
station:L1_S25,feature:L1_S25_D3025,HAS_FEATURE,1.0,0.0,0.0
station:L1_S25,feature:L1_S25_D3027,HAS_FEATURE,1.0,0.0,0.0
station:L1_S25,feature:L1_S25_D3029,HAS_FEATURE,1.0,0.0,0.0
station:L1_S25,feature:L1_S25_D3031,HAS_FEATURE,1.0,0.0,0.0
station:L1_S25,feature:L1_S25_D3033,HAS_FEATURE,1.0,0.0,0.0
station:L1_S25,feature:L1_S25_D3035,HAS_FEATURE,1.0,0.0,0.0
station:L1_S25,feature:L1_S25_F1852,HAS_FEATURE,1.0,0.0,0.0
station:L1_S25,feature:L1_S25_F1853,HAS_FEATURE,1.0,0.0,0.0
station:L1_S25,feature:L1_S25_F1855,HAS_FEATURE,1.0,0.0,0.0
station:L1_S25,feature:L1_S25_F1856,HAS_FEATURE,1.0,0.0,0.0
station:L1_S25,feature:L1_S25_F1858,HAS_FEATURE,1.0,0.0,0.0
station:L1_S25,feature:L1_S25_F1859,HAS_FEATURE,1.0,0.0,0.0
station:L1_S25,feature:L1_S25_F1861,HAS_FEATURE,1.0,0.0,0.0
station:L1_S25,feature:L1_S25_F1863,HAS_FEATURE,1.0,0.0,0.0
station:L1_S25,feature:L1_S25_F1865,HAS_FEATURE,1.0,0.0,0.0
station:L1_S25,feature:L1_S25_F1866,HAS_FEATURE,1.0,0.0,0.0
station:L1_S25,feature:L1_S25_F1868,HAS_FEATURE,1.0,0.0,0.0
station:L1_S25,feature:L1_S25_F1869,HAS_FEATURE,1.0,0.0,0.0
station:L1_S25,feature:L1_S25_F1870,HAS_FEATURE,1.0,0.0,0.0
station:L1_S25,feature:L1_S25_F1872,HAS_FEATURE,1.0,0.0,0.0
station:L1_S25,feature:L1_S25_F1873,HAS_FEATURE,1.0,0.0,0.0
station:L1_S25,feature:L1_S25_F1874,HAS_FEATURE,1.0,0.0,0.0
station:L1_S25,feature:L1_S25_F1876,HAS_FEATURE,1.0,0.0,0.0
station:L1_S25,feature:L1_S25_F1877,HAS_FEATURE,1.0,0.0,0.0
station:L1_S25,feature:L1_S25_F1878,HAS_FEATURE,1.0,0.0,0.0
station:L1_S25,feature:L1_S25_F1880,HAS_FEATURE,1.0,0.0,0.0
station:L1_S25,feature:L1_S25_F1881,HAS_FEATURE,1.0,0.0,0.0
station:L1_S25,feature:L1_S25_F1882,HAS_FEATURE,1.0,0.0,0.0
station:L1_S25,feature:L1_S25_F1884,HAS_FEATURE,1.0,0.0,0.0
station:L1_S25,feature:L1_S25_F1885,HAS_FEATURE,1.0,0.0,0.0
station:L1_S25,feature:L1_S25_F1886,HAS_FEATURE,1.0,0.0,0.0
station:L1_S25,feature:L1_S25_F1888,HAS_FEATURE,1.0,0.0,0.0
station:L1_S25,feature:L1_S25_F1889,HAS_FEATURE,1.0,0.0,0.0
station:L1_S25,feature:L1_S25_F1890,HAS_FEATURE,1.0,0.0,0.0
station:L1_S25,feature:L1_S25_F1892,HAS_FEATURE,1.0,0.0,0.0
station:L1_S25,feature:L1_S25_F1894,HAS_FEATURE,1.0,0.0,0.0
station:L1_S25,feature:L1_S25_F1896,HAS_FEATURE,1.0,0.0,0.0
station:L1_S25,feature:L1_S25_F1897,HAS_FEATURE,1.0,0.0,0.0
station:L1_S25,feature:L1_S25_F1899,HAS_FEATURE,1.0,0.0,0.0
station:L1_S25,feature:L1_S25_F1900,HAS_FEATURE,1.0,0.0,0.0
station:L1_S25,feature:L1_S25_F1901,HAS_FEATURE,1.0,0.0,0.0
station:L1_S25,feature:L1_S25_F1903,HAS_FEATURE,1.0,0.0,0.0
station:L1_S25,feature:L1_S25_F1904,HAS_FEATURE,1.0,0.0,0.0
station:L1_S25,feature:L1_S25_F1905,HAS_FEATURE,1.0,0.0,0.0
station:L1_S25,feature:L1_S25_F1907,HAS_FEATURE,1.0,0.0,0.0
station:L1_S25,feature:L1_S25_F1908,HAS_FEATURE,1.0,0.0,0.0
station:L1_S25,feature:L1_S25_F1909,HAS_FEATURE,1.0,0.0,0.0
station:L1_S25,feature:L1_S25_F1910,HAS_FEATURE,1.0,0.0,0.0
station:L1_S25,feature:L1_S25_F1912,HAS_FEATURE,1.0,0.0,0.0
station:L1_S25,feature:L1_S25_F1913,HAS_FEATURE,1.0,0.0,0.0
station:L1_S25,feature:L1_S25_F1914,HAS_FEATURE,1.0,0.0,0.0
station:L1_S25,feature:L1_S25_F1915,HAS_FEATURE,1.0,0.0,0.0
station:L1_S25,feature:L1_S25_F1917,HAS_FEATURE,1.0,0.0,0.0
station:L1_S25,feature:L1_S25_F1918,HAS_FEATURE,1.0,0.0,0.0
station:L1_S25,feature:L1_S25_F1919,HAS_FEATURE,1.0,0.0,0.0
station:L1_S25,feature:L1_S25_F1920,HAS_FEATURE,1.0,0.0,0.0
station:L1_S25,feature:L1_S25_F1922,HAS_FEATURE,1.0,0.0,0.0
station:L1_S25,feature:L1_S25_F1923,HAS_FEATURE,1.0,0.0,0.0
station:L1_S25,feature:L1_S25_F1924,HAS_FEATURE,1.0,0.0,0.0
station:L1_S25,feature:L1_S25_F1925,HAS_FEATURE,1.0,0.0,0.0
station:L1_S25,feature:L1_S25_F1927,HAS_FEATURE,1.0,0.0,0.0
station:L1_S25,feature:L1_S25_F1928,HAS_FEATURE,1.0,0.0,0.0
station:L1_S25,feature:L1_S25_F1929,HAS_FEATURE,1.0,0.0,0.0
station:L1_S25,feature:L1_S25_F1930,HAS_FEATURE,1.0,0.0,0.0
station:L1_S25,feature:L1_S25_F1932,HAS_FEATURE,1.0,0.0,0.0
station:L1_S25,feature:L1_S25_F1933,HAS_FEATURE,1.0,0.0,0.0
station:L1_S25,feature:L1_S25_F1934,HAS_FEATURE,1.0,0.0,0.0
station:L1_S25,feature:L1_S25_F1936,HAS_FEATURE,1.0,0.0,0.0
station:L1_S25,feature:L1_S25_F1937,HAS_FEATURE,1.0,0.0,0.0
station:L1_S25,feature:L1_S25_F1938,HAS_FEATURE,1.0,0.0,0.0
station:L1_S25,feature:L1_S25_F1939,HAS_FEATURE,1.0,0.0,0.0
station:L1_S25,feature:L1_S25_F1941,HAS_FEATURE,1.0,0.0,0.0
station:L1_S25,feature:L1_S25_F1942,HAS_FEATURE,1.0,0.0,0.0
station:L1_S25,feature:L1_S25_F1943,HAS_FEATURE,1.0,0.0,0.0
station:L1_S25,feature:L1_S25_F1944,HAS_FEATURE,1.0,0.0,0.0
station:L1_S25,feature:L1_S25_F1946,HAS_FEATURE,1.0,0.0,0.0
station:L1_S25,feature:L1_S25_F1947,HAS_FEATURE,1.0,0.0,0.0
station:L1_S25,feature:L1_S25_F1948,HAS_FEATURE,1.0,0.0,0.0
station:L1_S25,feature:L1_S25_F1949,HAS_FEATURE,1.0,0.0,0.0
station:L1_S25,feature:L1_S25_F1951,HAS_FEATURE,1.0,0.0,0.0
station:L1_S25,feature:L1_S25_F1952,HAS_FEATURE,1.0,0.0,0.0
station:L1_S25,feature:L1_S25_F1953,HAS_FEATURE,1.0,0.0,0.0
station:L1_S25,feature:L1_S25_F1954,HAS_FEATURE,1.0,0.0,0.0
station:L1_S25,feature:L1_S25_F1956,HAS_FEATURE,1.0,0.0,0.0
station:L1_S25,feature:L1_S25_F1957,HAS_FEATURE,1.0,0.0,0.0
station:L1_S25,feature:L1_S25_F1958,HAS_FEATURE,1.0,0.0,0.0
station:L1_S25,feature:L1_S25_F1959,HAS_FEATURE,1.0,0.0,0.0
station:L1_S25,feature:L1_S25_F1961,HAS_FEATURE,1.0,0.0,0.0
station:L1_S25,feature:L1_S25_F1962,HAS_FEATURE,1.0,0.0,0.0
station:L1_S25,feature:L1_S25_F1963,HAS_FEATURE,1.0,0.0,0.0
station:L1_S25,feature:L1_S25_F1964,HAS_FEATURE,1.0,0.0,0.0
station:L1_S25,feature:L1_S25_F1966,HAS_FEATURE,1.0,0.0,0.0
station:L1_S25,feature:L1_S25_F1967,HAS_FEATURE,1.0,0.0,0.0
station:L1_S25,feature:L1_S25_F1968,HAS_FEATURE,1.0,0.0,0.0
station:L1_S25,feature:L1_S25_F1969,HAS_FEATURE,1.0,0.0,0.0
station:L1_S25,feature:L1_S25_F1971,HAS_FEATURE,1.0,0.0,0.0
station:L1_S25,feature:L1_S25_F1972,HAS_FEATURE,1.0,0.0,0.0
station:L1_S25,feature:L1_S25_F1973,HAS_FEATURE,1.0,0.0,0.0
station:L1_S25,feature:L1_S25_F1974,HAS_FEATURE,1.0,0.0,0.0
station:L1_S25,feature:L1_S25_F1976,HAS_FEATURE,1.0,0.0,0.0
station:L1_S25,feature:L1_S25_F1977,HAS_FEATURE,1.0,0.0,0.0
station:L1_S25,feature:L1_S25_F1978,HAS_FEATURE,1.0,0.0,0.0
station:L1_S25,feature:L1_S25_F1979,HAS_FEATURE,1.0,0.0,0.0
station:L1_S25,feature:L1_S25_F1981,HAS_FEATURE,1.0,0.0,0.0
station:L1_S25,feature:L1_S25_F1982,HAS_FEATURE,1.0,0.0,0.0
station:L1_S25,feature:L1_S25_F1983,HAS_FEATURE,1.0,0.0,0.0
station:L1_S25,feature:L1_S25_F1985,HAS_FEATURE,1.0,0.0,0.0
station:L1_S25,feature:L1_S25_F1986,HAS_FEATURE,1.0,0.0,0.0
station:L1_S25,feature:L1_S25_F1987,HAS_FEATURE,1.0,0.0,0.0
station:L1_S25,feature:L1_S25_F1988,HAS_FEATURE,1.0,0.0,0.0
station:L1_S25,feature:L1_S25_F1990,HAS_FEATURE,1.0,0.0,0.0
station:L1_S25,feature:L1_S25_F1991,HAS_FEATURE,1.0,0.0,0.0
station:L1_S25,feature:L1_S25_F1992,HAS_FEATURE,1.0,0.0,0.0
station:L1_S25,feature:L1_S25_F1993,HAS_FEATURE,1.0,0.0,0.0
station:L1_S25,feature:L1_S25_F1995,HAS_FEATURE,1.0,0.0,0.0
station:L1_S25,feature:L1_S25_F1996,HAS_FEATURE,1.0,0.0,0.0
station:L1_S25,feature:L1_S25_F1997,HAS_FEATURE,1.0,0.0,0.0
station:L1_S25,feature:L1_S25_F1998,HAS_FEATURE,1.0,0.0,0.0
station:L1_S25,feature:L1_S25_F2000,HAS_FEATURE,1.0,0.0,0.0
station:L1_S25,feature:L1_S25_F2001,HAS_FEATURE,1.0,0.0,0.0
station:L1_S25,feature:L1_S25_F2002,HAS_FEATURE,1.0,0.0,0.0
station:L1_S25,feature:L1_S25_F2003,HAS_FEATURE,1.0,0.0,0.0
station:L1_S25,feature:L1_S25_F2005,HAS_FEATURE,1.0,0.0,0.0
station:L1_S25,feature:L1_S25_F2006,HAS_FEATURE,1.0,0.0,0.0
station:L1_S25,feature:L1_S25_F2007,HAS_FEATURE,1.0,0.0,0.0
station:L1_S25,feature:L1_S25_F2008,HAS_FEATURE,1.0,0.0,0.0
station:L1_S25,feature:L1_S25_F2010,HAS_FEATURE,1.0,0.0,0.0
station:L1_S25,feature:L1_S25_F2011,HAS_FEATURE,1.0,0.0,0.0
station:L1_S25,feature:L1_S25_F2012,HAS_FEATURE,1.0,0.0,0.0
station:L1_S25,feature:L1_S25_F2014,HAS_FEATURE,1.0,0.0,0.0
station:L1_S25,feature:L1_S25_F2015,HAS_FEATURE,1.0,0.0,0.0
station:L1_S25,feature:L1_S25_F2016,HAS_FEATURE,1.0,0.0,0.0
station:L1_S25,feature:L1_S25_F2017,HAS_FEATURE,1.0,0.0,0.0
station:L1_S25,feature:L1_S25_F2019,HAS_FEATURE,1.0,0.0,0.0
station:L1_S25,feature:L1_S25_F2020,HAS_FEATURE,1.0,0.0,0.0
station:L1_S25,feature:L1_S25_F2021,HAS_FEATURE,1.0,0.0,0.0
station:L1_S25,feature:L1_S25_F2022,HAS_FEATURE,1.0,0.0,0.0
station:L1_S25,feature:L1_S25_F2024,HAS_FEATURE,1.0,0.0,0.0
station:L1_S25,feature:L1_S25_F2025,HAS_FEATURE,1.0,0.0,0.0
station:L1_S25,feature:L1_S25_F2026,HAS_FEATURE,1.0,0.0,0.0
station:L1_S25,feature:L1_S25_F2027,HAS_FEATURE,1.0,0.0,0.0
station:L1_S25,feature:L1_S25_F2029,HAS_FEATURE,1.0,0.0,0.0
station:L1_S25,feature:L1_S25_F2030,HAS_FEATURE,1.0,0.0,0.0
station:L1_S25,feature:L1_S25_F2031,HAS_FEATURE,1.0,0.0,0.0
station:L1_S25,feature:L1_S25_F2032,HAS_FEATURE,1.0,0.0,0.0
station:L1_S25,feature:L1_S25_F2034,HAS_FEATURE,1.0,0.0,0.0
station:L1_S25,feature:L1_S25_F2035,HAS_FEATURE,1.0,0.0,0.0
station:L1_S25,feature:L1_S25_F2036,HAS_FEATURE,1.0,0.0,0.0
station:L1_S25,feature:L1_S25_F2037,HAS_FEATURE,1.0,0.0,0.0
station:L1_S25,feature:L1_S25_F2039,HAS_FEATURE,1.0,0.0,0.0
station:L1_S25,feature:L1_S25_F2040,HAS_FEATURE,1.0,0.0,0.0
station:L1_S25,feature:L1_S25_F2041,HAS_FEATURE,1.0,0.0,0.0
station:L1_S25,feature:L1_S25_F2042,HAS_FEATURE,1.0,0.0,0.0
station:L1_S25,feature:L1_S25_F2044,HAS_FEATURE,1.0,0.0,0.0
station:L1_S25,feature:L1_S25_F2045,HAS_FEATURE,1.0,0.0,0.0
station:L1_S25,feature:L1_S25_F2046,HAS_FEATURE,1.0,0.0,0.0
station:L1_S25,feature:L1_S25_F2047,HAS_FEATURE,1.0,0.0,0.0
station:L1_S25,feature:L1_S25_F2049,HAS_FEATURE,1.0,0.0,0.0
station:L1_S25,feature:L1_S25_F2050,HAS_FEATURE,1.0,0.0,0.0
station:L1_S25,feature:L1_S25_F2051,HAS_FEATURE,1.0,0.0,0.0
station:L1_S25,feature:L1_S25_F2052,HAS_FEATURE,1.0,0.0,0.0
station:L1_S25,feature:L1_S25_F2054,HAS_FEATURE,1.0,0.0,0.0
station:L1_S25,feature:L1_S25_F2055,HAS_FEATURE,1.0,0.0,0.0
station:L1_S25,feature:L1_S25_F2056,HAS_FEATURE,1.0,0.0,0.0
station:L1_S25,feature:L1_S25_F2057,HAS_FEATURE,1.0,0.0,0.0
station:L1_S25,feature:L1_S25_F2059,HAS_FEATURE,1.0,0.0,0.0
station:L1_S25,feature:L1_S25_F2060,HAS_FEATURE,1.0,0.0,0.0
station:L1_S25,feature:L1_S25_F2061,HAS_FEATURE,1.0,0.0,0.0
station:L1_S25,feature:L1_S25_F2062,HAS_FEATURE,1.0,0.0,0.0
station:L1_S25,feature:L1_S25_F2064,HAS_FEATURE,1.0,0.0,0.0
station:L1_S25,feature:L1_S25_F2065,HAS_FEATURE,1.0,0.0,0.0
station:L1_S25,feature:L1_S25_F2066,HAS_FEATURE,1.0,0.0,0.0
station:L1_S25,feature:L1_S25_F2067,HAS_FEATURE,1.0,0.0,0.0
station:L1_S25,feature:L1_S25_F2069,HAS_FEATURE,1.0,0.0,0.0
station:L1_S25,feature:L1_S25_F2070,HAS_FEATURE,1.0,0.0,0.0
station:L1_S25,feature:L1_S25_F2071,HAS_FEATURE,1.0,0.0,0.0
station:L1_S25,feature:L1_S25_F2072,HAS_FEATURE,1.0,0.0,0.0
station:L1_S25,feature:L1_S25_F2074,HAS_FEATURE,1.0,0.0,0.0
station:L1_S25,feature:L1_S25_F2075,HAS_FEATURE,1.0,0.0,0.0
station:L1_S25,feature:L1_S25_F2076,HAS_FEATURE,1.0,0.0,0.0
station:L1_S25,feature:L1_S25_F2077,HAS_FEATURE,1.0,0.0,0.0
station:L1_S25,feature:L1_S25_F2079,HAS_FEATURE,1.0,0.0,0.0
station:L1_S25,feature:L1_S25_F2080,HAS_FEATURE,1.0,0.0,0.0
station:L1_S25,feature:L1_S25_F2081,HAS_FEATURE,1.0,0.0,0.0
station:L1_S25,feature:L1_S25_F2082,HAS_FEATURE,1.0,0.0,0.0
station:L1_S25,feature:L1_S25_F2084,HAS_FEATURE,1.0,0.0,0.0
station:L1_S25,feature:L1_S25_F2085,HAS_FEATURE,1.0,0.0,0.0
station:L1_S25,feature:L1_S25_F2086,HAS_FEATURE,1.0,0.0,0.0
station:L1_S25,feature:L1_S25_F2087,HAS_FEATURE,1.0,0.0,0.0
station:L1_S25,feature:L1_S25_F2089,HAS_FEATURE,1.0,0.0,0.0
station:L1_S25,feature:L1_S25_F2090,HAS_FEATURE,1.0,0.0,0.0
station:L1_S25,feature:L1_S25_F2091,HAS_FEATURE,1.0,0.0,0.0
station:L1_S25,feature:L1_S25_F2092,HAS_FEATURE,1.0,0.0,0.0
station:L1_S25,feature:L1_S25_F2094,HAS_FEATURE,1.0,0.0,0.0
station:L1_S25,feature:L1_S25_F2095,HAS_FEATURE,1.0,0.0,0.0
station:L1_S25,feature:L1_S25_F2096,HAS_FEATURE,1.0,0.0,0.0
station:L1_S25,feature:L1_S25_F2097,HAS_FEATURE,1.0,0.0,0.0
station:L1_S25,feature:L1_S25_F2099,HAS_FEATURE,1.0,0.0,0.0
station:L1_S25,feature:L1_S25_F2100,HAS_FEATURE,1.0,0.0,0.0
station:L1_S25,feature:L1_S25_F2101,HAS_FEATURE,1.0,0.0,0.0
station:L1_S25,feature:L1_S25_F2102,HAS_FEATURE,1.0,0.0,0.0
station:L1_S25,feature:L1_S25_F2104,HAS_FEATURE,1.0,0.0,0.0
station:L1_S25,feature:L1_S25_F2105,HAS_FEATURE,1.0,0.0,0.0
station:L1_S25,feature:L1_S25_F2106,HAS_FEATURE,1.0,0.0,0.0
station:L1_S25,feature:L1_S25_F2107,HAS_FEATURE,1.0,0.0,0.0
station:L1_S25,feature:L1_S25_F2109,HAS_FEATURE,1.0,0.0,0.0
station:L1_S25,feature:L1_S25_F2110,HAS_FEATURE,1.0,0.0,0.0
station:L1_S25,feature:L1_S25_F2111,HAS_FEATURE,1.0,0.0,0.0
station:L1_S25,feature:L1_S25_F2112,HAS_FEATURE,1.0,0.0,0.0
station:L1_S25,feature:L1_S25_F2114,HAS_FEATURE,1.0,0.0,0.0
station:L1_S25,feature:L1_S25_F2115,HAS_FEATURE,1.0,0.0,0.0
station:L1_S25,feature:L1_S25_F2116,HAS_FEATURE,1.0,0.0,0.0
station:L1_S25,feature:L1_S25_F2117,HAS_FEATURE,1.0,0.0,0.0
station:L1_S25,feature:L1_S25_F2119,HAS_FEATURE,1.0,0.0,0.0
station:L1_S25,feature:L1_S25_F2120,HAS_FEATURE,1.0,0.0,0.0
station:L1_S25,feature:L1_S25_F2121,HAS_FEATURE,1.0,0.0,0.0
station:L1_S25,feature:L1_S25_F2122,HAS_FEATURE,1.0,0.0,0.0
station:L1_S25,feature:L1_S25_F2124,HAS_FEATURE,1.0,0.0,0.0
station:L1_S25,feature:L1_S25_F2125,HAS_FEATURE,1.0,0.0,0.0
station:L1_S25,feature:L1_S25_F2126,HAS_FEATURE,1.0,0.0,0.0
station:L1_S25,feature:L1_S25_F2127,HAS_FEATURE,1.0,0.0,0.0
station:L1_S25,feature:L1_S25_F2129,HAS_FEATURE,1.0,0.0,0.0
station:L1_S25,feature:L1_S25_F2130,HAS_FEATURE,1.0,0.0,0.0
station:L1_S25,feature:L1_S25_F2131,HAS_FEATURE,1.0,0.0,0.0
station:L1_S25,feature:L1_S25_F2132,HAS_FEATURE,1.0,0.0,0.0
station:L1_S25,feature:L1_S25_F2134,HAS_FEATURE,1.0,0.0,0.0
station:L1_S25,feature:L1_S25_F2135,HAS_FEATURE,1.0,0.0,0.0
station:L1_S25,feature:L1_S25_F2136,HAS_FEATURE,1.0,0.0,0.0
station:L1_S25,feature:L1_S25_F2137,HAS_FEATURE,1.0,0.0,0.0
station:L1_S25,feature:L1_S25_F2139,HAS_FEATURE,1.0,0.0,0.0
station:L1_S25,feature:L1_S25_F2141,HAS_FEATURE,1.0,0.0,0.0
station:L1_S25,feature:L1_S25_F2142,HAS_FEATURE,1.0,0.0,0.0
station:L1_S25,feature:L1_S25_F2144,HAS_FEATURE,1.0,0.0,0.0
station:L1_S25,feature:L1_S25_F2145,HAS_FEATURE,1.0,0.0,0.0
station:L1_S25,feature:L1_S25_F2147,HAS_FEATURE,1.0,0.0,0.0
station:L1_S25,feature:L1_S25_F2148,HAS_FEATURE,1.0,0.0,0.0
station:L1_S25,feature:L1_S25_F2150,HAS_FEATURE,1.0,0.0,0.0
station:L1_S25,feature:L1_S25_F2152,HAS_FEATURE,1.0,0.0,0.0
station:L1_S25,feature:L1_S25_F2153,HAS_FEATURE,1.0,0.0,0.0
station:L1_S25,feature:L1_S25_F2155,HAS_FEATURE,1.0,0.0,0.0
station:L1_S25,feature:L1_S25_F2156,HAS_FEATURE,1.0,0.0,0.0
station:L1_S25,feature:L1_S25_F2158,HAS_FEATURE,1.0,0.0,0.0
station:L1_S25,feature:L1_S25_F2159,HAS_FEATURE,1.0,0.0,0.0
station:L1_S25,feature:L1_S25_F2161,HAS_FEATURE,1.0,0.0,0.0
station:L1_S25,feature:L1_S25_F2162,HAS_FEATURE,1.0,0.0,0.0
station:L1_S25,feature:L1_S25_F2164,HAS_FEATURE,1.0,0.0,0.0
station:L1_S25,feature:L1_S25_F2165,HAS_FEATURE,1.0,0.0,0.0
station:L1_S25,feature:L1_S25_F2167,HAS_FEATURE,1.0,0.0,0.0
station:L1_S25,feature:L1_S25_F2168,HAS_FEATURE,1.0,0.0,0.0
station:L1_S25,feature:L1_S25_F2170,HAS_FEATURE,1.0,0.0,0.0
station:L1_S25,feature:L1_S25_F2171,HAS_FEATURE,1.0,0.0,0.0
station:L1_S25,feature:L1_S25_F2173,HAS_FEATURE,1.0,0.0,0.0
station:L1_S25,feature:L1_S25_F2174,HAS_FEATURE,1.0,0.0,0.0
station:L1_S25,feature:L1_S25_F2176,HAS_FEATURE,1.0,0.0,0.0
station:L1_S25,feature:L1_S25_F2177,HAS_FEATURE,1.0,0.0,0.0
station:L1_S25,feature:L1_S25_F2179,HAS_FEATURE,1.0,0.0,0.0
station:L1_S25,feature:L1_S25_F2181,HAS_FEATURE,1.0,0.0,0.0
station:L1_S25,feature:L1_S25_F2182,HAS_FEATURE,1.0,0.0,0.0
station:L1_S25,feature:L1_S25_F2184,HAS_FEATURE,1.0,0.0,0.0
station:L1_S25,feature:L1_S25_F2185,HAS_FEATURE,1.0,0.0,0.0
station:L1_S25,feature:L1_S25_F2187,HAS_FEATURE,1.0,0.0,0.0
station:L1_S25,feature:L1_S25_F2188,HAS_FEATURE,1.0,0.0,0.0
station:L1_S25,feature:L1_S25_F2190,HAS_FEATURE,1.0,0.0,0.0
station:L1_S25,feature:L1_S25_F2191,HAS_FEATURE,1.0,0.0,0.0
station:L1_S25,feature:L1_S25_F2193,HAS_FEATURE,1.0,0.0,0.0
station:L1_S25,feature:L1_S25_F2194,HAS_FEATURE,1.0,0.0,0.0
station:L1_S25,feature:L1_S25_F2196,HAS_FEATURE,1.0,0.0,0.0
station:L1_S25,feature:L1_S25_F2197,HAS_FEATURE,1.0,0.0,0.0
station:L1_S25,feature:L1_S25_F2199,HAS_FEATURE,1.0,0.0,0.0
station:L1_S25,feature:L1_S25_F2200,HAS_FEATURE,1.0,0.0,0.0
station:L1_S25,feature:L1_S25_F2202,HAS_FEATURE,1.0,0.0,0.0
station:L1_S25,feature:L1_S25_F2203,HAS_FEATURE,1.0,0.0,0.0
station:L1_S25,feature:L1_S25_F2205,HAS_FEATURE,1.0,0.0,0.0
station:L1_S25,feature:L1_S25_F2207,HAS_FEATURE,1.0,0.0,0.0
station:L1_S25,feature:L1_S25_F2208,HAS_FEATURE,1.0,0.0,0.0
station:L1_S25,feature:L1_S25_F2210,HAS_FEATURE,1.0,0.0,0.0
station:L1_S25,feature:L1_S25_F2211,HAS_FEATURE,1.0,0.0,0.0
station:L1_S25,feature:L1_S25_F2213,HAS_FEATURE,1.0,0.0,0.0
station:L1_S25,feature:L1_S25_F2215,HAS_FEATURE,1.0,0.0,0.0
station:L1_S25,feature:L1_S25_F2217,HAS_FEATURE,1.0,0.0,0.0
station:L1_S25,feature:L1_S25_F2218,HAS_FEATURE,1.0,0.0,0.0
station:L1_S25,feature:L1_S25_F2220,HAS_FEATURE,1.0,0.0,0.0
station:L1_S25,feature:L1_S25_F2221,HAS_FEATURE,1.0,0.0,0.0
station:L1_S25,feature:L1_S25_F2223,HAS_FEATURE,1.0,0.0,0.0
station:L1_S25,feature:L1_S25_F2224,HAS_FEATURE,1.0,0.0,0.0
station:L1_S25,feature:L1_S25_F2226,HAS_FEATURE,1.0,0.0,0.0
station:L1_S25,feature:L1_S25_F2227,HAS_FEATURE,1.0,0.0,0.0
station:L1_S25,feature:L1_S25_F2229,HAS_FEATURE,1.0,0.0,0.0
station:L1_S25,feature:L1_S25_F2231,HAS_FEATURE,1.0,0.0,0.0
station:L1_S25,feature:L1_S25_F2233,HAS_FEATURE,1.0,0.0,0.0
station:L1_S25,feature:L1_S25_F2237,HAS_FEATURE,1.0,0.0,0.0
feature:L1_S25_F2237,failure:Response_1,MODEL_ASSOCIATED_WITH_FAILURE,0.0043422058326124,0.0,0.0043422058326124
station:L1_S25,feature:L1_S25_F2239,HAS_FEATURE,1.0,0.0,0.0
station:L1_S25,feature:L1_S25_F2241,HAS_FEATURE,1.0,0.0,0.0
station:L1_S25,feature:L1_S25_F2243,HAS_FEATURE,1.0,0.0,0.0
station:L1_S25,feature:L1_S25_F2245,HAS_FEATURE,1.0,0.0,0.0
station:L1_S25,feature:L1_S25_F2247,HAS_FEATURE,1.0,0.0,0.0
station:L1_S25,feature:L1_S25_F2249,HAS_FEATURE,1.0,0.0,0.0
station:L1_S25,feature:L1_S25_F2250,HAS_FEATURE,1.0,0.0,0.0
station:L1_S25,feature:L1_S25_F2252,HAS_FEATURE,1.0,0.0,0.0
station:L1_S25,feature:L1_S25_F2253,HAS_FEATURE,1.0,0.0,0.0
station:L1_S25,feature:L1_S25_F2254,HAS_FEATURE,1.0,0.0,0.0
station:L1_S25,feature:L1_S25_F2256,HAS_FEATURE,1.0,0.0,0.0
station:L1_S25,feature:L1_S25_F2257,HAS_FEATURE,1.0,0.0,0.0
station:L1_S25,feature:L1_S25_F2258,HAS_FEATURE,1.0,0.0,0.0
station:L1_S25,feature:L1_S25_F2259,HAS_FEATURE,1.0,0.0,0.0
station:L1_S25,feature:L1_S25_F2261,HAS_FEATURE,1.0,0.0,0.0
station:L1_S25,feature:L1_S25_F2262,HAS_FEATURE,1.0,0.0,0.0
station:L1_S25,feature:L1_S25_F2263,HAS_FEATURE,1.0,0.0,0.0
station:L1_S25,feature:L1_S25_F2264,HAS_FEATURE,1.0,0.0,0.0
station:L1_S25,feature:L1_S25_F2266,HAS_FEATURE,1.0,0.0,0.0
station:L1_S25,feature:L1_S25_F2267,HAS_FEATURE,1.0,0.0,0.0
station:L1_S25,feature:L1_S25_F2268,HAS_FEATURE,1.0,0.0,0.0
station:L1_S25,feature:L1_S25_F2269,HAS_FEATURE,1.0,0.0,0.0
station:L1_S25,feature:L1_S25_F2271,HAS_FEATURE,1.0,0.0,0.0
station:L1_S25,feature:L1_S25_F2272,HAS_FEATURE,1.0,0.0,0.0
station:L1_S25,feature:L1_S25_F2273,HAS_FEATURE,1.0,0.0,0.0
station:L1_S25,feature:L1_S25_F2274,HAS_FEATURE,1.0,0.0,0.0
station:L1_S25,feature:L1_S25_F2276,HAS_FEATURE,1.0,0.0,0.0
station:L1_S25,feature:L1_S25_F2277,HAS_FEATURE,1.0,0.0,0.0
station:L1_S25,feature:L1_S25_F2278,HAS_FEATURE,1.0,0.0,0.0
station:L1_S25,feature:L1_S25_F2279,HAS_FEATURE,1.0,0.0,0.0
station:L1_S25,feature:L1_S25_F2281,HAS_FEATURE,1.0,0.0,0.0
station:L1_S25,feature:L1_S25_F2282,HAS_FEATURE,1.0,0.0,0.0
station:L1_S25,feature:L1_S25_F2283,HAS_FEATURE,1.0,0.0,0.0
station:L1_S25,feature:L1_S25_F2285,HAS_FEATURE,1.0,0.0,0.0
station:L1_S25,feature:L1_S25_F2286,HAS_FEATURE,1.0,0.0,0.0
station:L1_S25,feature:L1_S25_F2287,HAS_FEATURE,1.0,0.0,0.0
station:L1_S25,feature:L1_S25_F2288,HAS_FEATURE,1.0,0.0,0.0
station:L1_S25,feature:L1_S25_F2290,HAS_FEATURE,1.0,0.0,0.0
station:L1_S25,feature:L1_S25_F2291,HAS_FEATURE,1.0,0.0,0.0
station:L1_S25,feature:L1_S25_F2292,HAS_FEATURE,1.0,0.0,0.0
station:L1_S25,feature:L1_S25_F2293,HAS_FEATURE,1.0,0.0,0.0
station:L1_S25,feature:L1_S25_F2295,HAS_FEATURE,1.0,0.0,0.0
station:L1_S25,feature:L1_S25_F2296,HAS_FEATURE,1.0,0.0,0.0
station:L1_S25,feature:L1_S25_F2297,HAS_FEATURE,1.0,0.0,0.0
station:L1_S25,feature:L1_S25_F2298,HAS_FEATURE,1.0,0.0,0.0
station:L1_S25,feature:L1_S25_F2300,HAS_FEATURE,1.0,0.0,0.0
station:L1_S25,feature:L1_S25_F2301,HAS_FEATURE,1.0,0.0,0.0
station:L1_S25,feature:L1_S25_F2302,HAS_FEATURE,1.0,0.0,0.0
station:L1_S25,feature:L1_S25_F2303,HAS_FEATURE,1.0,0.0,0.0
station:L1_S25,feature:L1_S25_F2305,HAS_FEATURE,1.0,0.0,0.0
station:L1_S25,feature:L1_S25_F2306,HAS_FEATURE,1.0,0.0,0.0
station:L1_S25,feature:L1_S25_F2307,HAS_FEATURE,1.0,0.0,0.0
station:L1_S25,feature:L1_S25_F2308,HAS_FEATURE,1.0,0.0,0.0
station:L1_S25,feature:L1_S25_F2310,HAS_FEATURE,1.0,0.0,0.0
station:L1_S25,feature:L1_S25_F2311,HAS_FEATURE,1.0,0.0,0.0
station:L1_S25,feature:L1_S25_F2312,HAS_FEATURE,1.0,0.0,0.0
station:L1_S25,feature:L1_S25_F2313,HAS_FEATURE,1.0,0.0,0.0
station:L1_S25,feature:L1_S25_F2315,HAS_FEATURE,1.0,0.0,0.0
station:L1_S25,feature:L1_S25_F2316,HAS_FEATURE,1.0,0.0,0.0
station:L1_S25,feature:L1_S25_F2317,HAS_FEATURE,1.0,0.0,0.0
station:L1_S25,feature:L1_S25_F2318,HAS_FEATURE,1.0,0.0,0.0
station:L1_S25,feature:L1_S25_F2320,HAS_FEATURE,1.0,0.0,0.0
station:L1_S25,feature:L1_S25_F2321,HAS_FEATURE,1.0,0.0,0.0
station:L1_S25,feature:L1_S25_F2322,HAS_FEATURE,1.0,0.0,0.0
station:L1_S25,feature:L1_S25_F2323,HAS_FEATURE,1.0,0.0,0.0
station:L1_S25,feature:L1_S25_F2325,HAS_FEATURE,1.0,0.0,0.0
station:L1_S25,feature:L1_S25_F2326,HAS_FEATURE,1.0,0.0,0.0
station:L1_S25,feature:L1_S25_F2327,HAS_FEATURE,1.0,0.0,0.0
station:L1_S25,feature:L1_S25_F2328,HAS_FEATURE,1.0,0.0,0.0
station:L1_S25,feature:L1_S25_F2330,HAS_FEATURE,1.0,0.0,0.0
station:L1_S25,feature:L1_S25_F2331,HAS_FEATURE,1.0,0.0,0.0
station:L1_S25,feature:L1_S25_F2332,HAS_FEATURE,1.0,0.0,0.0
station:L1_S25,feature:L1_S25_F2334,HAS_FEATURE,1.0,0.0,0.0
station:L1_S25,feature:L1_S25_F2335,HAS_FEATURE,1.0,0.0,0.0
station:L1_S25,feature:L1_S25_F2336,HAS_FEATURE,1.0,0.0,0.0
station:L1_S25,feature:L1_S25_F2337,HAS_FEATURE,1.0,0.0,0.0
station:L1_S25,feature:L1_S25_F2339,HAS_FEATURE,1.0,0.0,0.0
station:L1_S25,feature:L1_S25_F2340,HAS_FEATURE,1.0,0.0,0.0
station:L1_S25,feature:L1_S25_F2341,HAS_FEATURE,1.0,0.0,0.0
station:L1_S25,feature:L1_S25_F2342,HAS_FEATURE,1.0,0.0,0.0
station:L1_S25,feature:L1_S25_F2344,HAS_FEATURE,1.0,0.0,0.0
station:L1_S25,feature:L1_S25_F2345,HAS_FEATURE,1.0,0.0,0.0
station:L1_S25,feature:L1_S25_F2346,HAS_FEATURE,1.0,0.0,0.0
station:L1_S25,feature:L1_S25_F2347,HAS_FEATURE,1.0,0.0,0.0
station:L1_S25,feature:L1_S25_F2349,HAS_FEATURE,1.0,0.0,0.0
station:L1_S25,feature:L1_S25_F2350,HAS_FEATURE,1.0,0.0,0.0
station:L1_S25,feature:L1_S25_F2351,HAS_FEATURE,1.0,0.0,0.0
station:L1_S25,feature:L1_S25_F2352,HAS_FEATURE,1.0,0.0,0.0
station:L1_S25,feature:L1_S25_F2354,HAS_FEATURE,1.0,0.0,0.0
station:L1_S25,feature:L1_S25_F2355,HAS_FEATURE,1.0,0.0,0.0
station:L1_S25,feature:L1_S25_F2356,HAS_FEATURE,1.0,0.0,0.0
station:L1_S25,feature:L1_S25_F2357,HAS_FEATURE,1.0,0.0,0.0
station:L1_S25,feature:L1_S25_F2359,HAS_FEATURE,1.0,0.0,0.0
station:L1_S25,feature:L1_S25_F2360,HAS_FEATURE,1.0,0.0,0.0
station:L1_S25,feature:L1_S25_F2361,HAS_FEATURE,1.0,0.0,0.0
station:L1_S25,feature:L1_S25_F2363,HAS_FEATURE,1.0,0.0,0.0
station:L1_S25,feature:L1_S25_F2364,HAS_FEATURE,1.0,0.0,0.0
station:L1_S25,feature:L1_S25_F2365,HAS_FEATURE,1.0,0.0,0.0
station:L1_S25,feature:L1_S25_F2366,HAS_FEATURE,1.0,0.0,0.0
station:L1_S25,feature:L1_S25_F2368,HAS_FEATURE,1.0,0.0,0.0
station:L1_S25,feature:L1_S25_F2369,HAS_FEATURE,1.0,0.0,0.0
station:L1_S25,feature:L1_S25_F2370,HAS_FEATURE,1.0,0.0,0.0
station:L1_S25,feature:L1_S25_F2371,HAS_FEATURE,1.0,0.0,0.0
station:L1_S25,feature:L1_S25_F2373,HAS_FEATURE,1.0,0.0,0.0
station:L1_S25,feature:L1_S25_F2374,HAS_FEATURE,1.0,0.0,0.0
station:L1_S25,feature:L1_S25_F2375,HAS_FEATURE,1.0,0.0,0.0
station:L1_S25,feature:L1_S25_F2376,HAS_FEATURE,1.0,0.0,0.0
station:L1_S25,feature:L1_S25_F2378,HAS_FEATURE,1.0,0.0,0.0
station:L1_S25,feature:L1_S25_F2379,HAS_FEATURE,1.0,0.0,0.0
station:L1_S25,feature:L1_S25_F2380,HAS_FEATURE,1.0,0.0,0.0
station:L1_S25,feature:L1_S25_F2381,HAS_FEATURE,1.0,0.0,0.0
station:L1_S25,feature:L1_S25_F2383,HAS_FEATURE,1.0,0.0,0.0
station:L1_S25,feature:L1_S25_F2384,HAS_FEATURE,1.0,0.0,0.0
station:L1_S25,feature:L1_S25_F2385,HAS_FEATURE,1.0,0.0,0.0
station:L1_S25,feature:L1_S25_F2386,HAS_FEATURE,1.0,0.0,0.0
station:L1_S25,feature:L1_S25_F2388,HAS_FEATURE,1.0,0.0,0.0
station:L1_S25,feature:L1_S25_F2389,HAS_FEATURE,1.0,0.0,0.0
station:L1_S25,feature:L1_S25_F2390,HAS_FEATURE,1.0,0.0,0.0
station:L1_S25,feature:L1_S25_F2391,HAS_FEATURE,1.0,0.0,0.0
station:L1_S25,feature:L1_S25_F2393,HAS_FEATURE,1.0,0.0,0.0
station:L1_S25,feature:L1_S25_F2394,HAS_FEATURE,1.0,0.0,0.0
station:L1_S25,feature:L1_S25_F2395,HAS_FEATURE,1.0,0.0,0.0
station:L1_S25,feature:L1_S25_F2396,HAS_FEATURE,1.0,0.0,0.0
station:L1_S25,feature:L1_S25_F2398,HAS_FEATURE,1.0,0.0,0.0
station:L1_S25,feature:L1_S25_F2399,HAS_FEATURE,1.0,0.0,0.0
station:L1_S25,feature:L1_S25_F2400,HAS_FEATURE,1.0,0.0,0.0
station:L1_S25,feature:L1_S25_F2401,HAS_FEATURE,1.0,0.0,0.0
station:L1_S25,feature:L1_S25_F2403,HAS_FEATURE,1.0,0.0,0.0
station:L1_S25,feature:L1_S25_F2404,HAS_FEATURE,1.0,0.0,0.0
station:L1_S25,feature:L1_S25_F2405,HAS_FEATURE,1.0,0.0,0.0
station:L1_S25,feature:L1_S25_F2407,HAS_FEATURE,1.0,0.0,0.0
station:L1_S25,feature:L1_S25_F2408,HAS_FEATURE,1.0,0.0,0.0
station:L1_S25,feature:L1_S25_F2410,HAS_FEATURE,1.0,0.0,0.0
station:L1_S25,feature:L1_S25_F2411,HAS_FEATURE,1.0,0.0,0.0
station:L1_S25,feature:L1_S25_F2413,HAS_FEATURE,1.0,0.0,0.0
station:L1_S25,feature:L1_S25_F2414,HAS_FEATURE,1.0,0.0,0.0
station:L1_S25,feature:L1_S25_F2416,HAS_FEATURE,1.0,0.0,0.0
station:L1_S25,feature:L1_S25_F2417,HAS_FEATURE,1.0,0.0,0.0
station:L1_S25,feature:L1_S25_F2419,HAS_FEATURE,1.0,0.0,0.0
station:L1_S25,feature:L1_S25_F2420,HAS_FEATURE,1.0,0.0,0.0
station:L1_S25,feature:L1_S25_F2422,HAS_FEATURE,1.0,0.0,0.0
station:L1_S25,feature:L1_S25_F2423,HAS_FEATURE,1.0,0.0,0.0
station:L1_S25,feature:L1_S25_F2425,HAS_FEATURE,1.0,0.0,0.0
station:L1_S25,feature:L1_S25_F2426,HAS_FEATURE,1.0,0.0,0.0
station:L1_S25,feature:L1_S25_F2428,HAS_FEATURE,1.0,0.0,0.0
station:L1_S25,feature:L1_S25_F2429,HAS_FEATURE,1.0,0.0,0.0
station:L1_S25,feature:L1_S25_F2431,HAS_FEATURE,1.0,0.0,0.0
station:L1_S25,feature:L1_S25_F2433,HAS_FEATURE,1.0,0.0,0.0
station:L1_S25,feature:L1_S25_F2435,HAS_FEATURE,1.0,0.0,0.0
station:L1_S25,feature:L1_S25_F2437,HAS_FEATURE,1.0,0.0,0.0
station:L1_S25,feature:L1_S25_F2439,HAS_FEATURE,1.0,0.0,0.0
station:L1_S25,feature:L1_S25_F2441,HAS_FEATURE,1.0,0.0,0.0
station:L1_S25,feature:L1_S25_F2443,HAS_FEATURE,1.0,0.0,0.0
station:L1_S25,feature:L1_S25_F2447,HAS_FEATURE,1.0,0.0,0.0
station:L1_S25,feature:L1_S25_F2449,HAS_FEATURE,1.0,0.0,0.0
station:L1_S25,feature:L1_S25_F2451,HAS_FEATURE,1.0,0.0,0.0
station:L1_S25,feature:L1_S25_F2454,HAS_FEATURE,1.0,0.0,0.0
station:L1_S25,feature:L1_S25_F2456,HAS_FEATURE,1.0,0.0,0.0
station:L1_S25,feature:L1_S25_F2458,HAS_FEATURE,1.0,0.0,0.0
station:L1_S25,feature:L1_S25_F2460,HAS_FEATURE,1.0,0.0,0.0
station:L1_S25,feature:L1_S25_F2462,HAS_FEATURE,1.0,0.0,0.0
station:L1_S25,feature:L1_S25_F2464,HAS_FEATURE,1.0,0.0,0.0
feature:L1_S25_F2464,failure:Response_1,MODEL_ASSOCIATED_WITH_FAILURE,0.0014621647149103256,0.0,0.0014621647149103256
station:L1_S25,feature:L1_S25_F2466,HAS_FEATURE,1.0,0.0,0.0
feature:L1_S25_F2466,failure:Response_1,MODEL_ASSOCIATED_WITH_FAILURE,0.0014905911099975,0.0,0.0014905911099975
station:L1_S25,feature:L1_S25_F2468,HAS_FEATURE,1.0,0.0,0.0
station:L1_S25,feature:L1_S25_F2470,HAS_FEATURE,1.0,0.0,0.0
station:L1_S25,feature:L1_S25_F2472,HAS_FEATURE,1.0,0.0,0.0
station:L1_S25,feature:L1_S25_F2473,HAS_FEATURE,1.0,0.0,0.0
station:L1_S25,feature:L1_S25_F2475,HAS_FEATURE,1.0,0.0,0.0
station:L1_S25,feature:L1_S25_F2476,HAS_FEATURE,1.0,0.0,0.0
station:L1_S25,feature:L1_S25_F2478,HAS_FEATURE,1.0,0.0,0.0
station:L1_S25,feature:L1_S25_F2479,HAS_FEATURE,1.0,0.0,0.0
station:L1_S25,feature:L1_S25_F2481,HAS_FEATURE,1.0,0.0,0.0
station:L1_S25,feature:L1_S25_F2482,HAS_FEATURE,1.0,0.0,0.0
station:L1_S25,feature:L1_S25_F2484,HAS_FEATURE,1.0,0.0,0.0
station:L1_S25,feature:L1_S25_F2485,HAS_FEATURE,1.0,0.0,0.0
station:L1_S25,feature:L1_S25_F2487,HAS_FEATURE,1.0,0.0,0.0
station:L1_S25,feature:L1_S25_F2488,HAS_FEATURE,1.0,0.0,0.0
station:L1_S25,feature:L1_S25_F2490,HAS_FEATURE,1.0,0.0,0.0
station:L1_S25,feature:L1_S25_F2491,HAS_FEATURE,1.0,0.0,0.0
station:L1_S25,feature:L1_S25_F2493,HAS_FEATURE,1.0,0.0,0.0
station:L1_S25,feature:L1_S25_F2494,HAS_FEATURE,1.0,0.0,0.0
station:L1_S25,feature:L1_S25_F2496,HAS_FEATURE,1.0,0.0,0.0
station:L1_S25,feature:L1_S25_F2498,HAS_FEATURE,1.0,0.0,0.0
station:L1_S25,feature:L1_S25_F2500,HAS_FEATURE,1.0,0.0,0.0
station:L1_S25,feature:L1_S25_F2504,HAS_FEATURE,1.0,0.0,0.0
station:L1_S25,feature:L1_S25_F2506,HAS_FEATURE,1.0,0.0,0.0
station:L1_S25,feature:L1_S25_F2508,HAS_FEATURE,1.0,0.0,0.0
station:L1_S25,feature:L1_S25_F2510,HAS_FEATURE,1.0,0.0,0.0
station:L1_S25,feature:L1_S25_F2512,HAS_FEATURE,1.0,0.0,0.0
station:L1_S25,feature:L1_S25_F2514,HAS_FEATURE,1.0,0.0,0.0
station:L1_S25,feature:L1_S25_F2516,HAS_FEATURE,1.0,0.0,0.0
station:L1_S25,feature:L1_S25_F2517,HAS_FEATURE,1.0,0.0,0.0
station:L1_S25,feature:L1_S25_F2519,HAS_FEATURE,1.0,0.0,0.0
station:L1_S25,feature:L1_S25_F2520,HAS_FEATURE,1.0,0.0,0.0
station:L1_S25,feature:L1_S25_F2521,HAS_FEATURE,1.0,0.0,0.0
station:L1_S25,feature:L1_S25_F2523,HAS_FEATURE,1.0,0.0,0.0
station:L1_S25,feature:L1_S25_F2524,HAS_FEATURE,1.0,0.0,0.0
station:L1_S25,feature:L1_S25_F2525,HAS_FEATURE,1.0,0.0,0.0
station:L1_S25,feature:L1_S25_F2526,HAS_FEATURE,1.0,0.0,0.0
station:L1_S25,feature:L1_S25_F2528,HAS_FEATURE,1.0,0.0,0.0
station:L1_S25,feature:L1_S25_F2529,HAS_FEATURE,1.0,0.0,0.0
station:L1_S25,feature:L1_S25_F2530,HAS_FEATURE,1.0,0.0,0.0
station:L1_S25,feature:L1_S25_F2531,HAS_FEATURE,1.0,0.0,0.0
station:L1_S25,feature:L1_S25_F2533,HAS_FEATURE,1.0,0.0,0.0
station:L1_S25,feature:L1_S25_F2534,HAS_FEATURE,1.0,0.0,0.0
station:L1_S25,feature:L1_S25_F2535,HAS_FEATURE,1.0,0.0,0.0
station:L1_S25,feature:L1_S25_F2536,HAS_FEATURE,1.0,0.0,0.0
station:L1_S25,feature:L1_S25_F2538,HAS_FEATURE,1.0,0.0,0.0
station:L1_S25,feature:L1_S25_F2539,HAS_FEATURE,1.0,0.0,0.0
station:L1_S25,feature:L1_S25_F2540,HAS_FEATURE,1.0,0.0,0.0
station:L1_S25,feature:L1_S25_F2541,HAS_FEATURE,1.0,0.0,0.0
station:L1_S25,feature:L1_S25_F2543,HAS_FEATURE,1.0,0.0,0.0
station:L1_S25,feature:L1_S25_F2544,HAS_FEATURE,1.0,0.0,0.0
station:L1_S25,feature:L1_S25_F2545,HAS_FEATURE,1.0,0.0,0.0
station:L1_S25,feature:L1_S25_F2546,HAS_FEATURE,1.0,0.0,0.0
station:L1_S25,feature:L1_S25_F2548,HAS_FEATURE,1.0,0.0,0.0
station:L1_S25,feature:L1_S25_F2549,HAS_FEATURE,1.0,0.0,0.0
station:L1_S25,feature:L1_S25_F2550,HAS_FEATURE,1.0,0.0,0.0
station:L1_S25,feature:L1_S25_F2552,HAS_FEATURE,1.0,0.0,0.0
station:L1_S25,feature:L1_S25_F2553,HAS_FEATURE,1.0,0.0,0.0
station:L1_S25,feature:L1_S25_F2554,HAS_FEATURE,1.0,0.0,0.0
station:L1_S25,feature:L1_S25_F2555,HAS_FEATURE,1.0,0.0,0.0
station:L1_S25,feature:L1_S25_F2557,HAS_FEATURE,1.0,0.0,0.0
station:L1_S25,feature:L1_S25_F2558,HAS_FEATURE,1.0,0.0,0.0
station:L1_S25,feature:L1_S25_F2559,HAS_FEATURE,1.0,0.0,0.0
station:L1_S25,feature:L1_S25_F2560,HAS_FEATURE,1.0,0.0,0.0
station:L1_S25,feature:L1_S25_F2562,HAS_FEATURE,1.0,0.0,0.0
station:L1_S25,feature:L1_S25_F2563,HAS_FEATURE,1.0,0.0,0.0
station:L1_S25,feature:L1_S25_F2564,HAS_FEATURE,1.0,0.0,0.0
station:L1_S25,feature:L1_S25_F2565,HAS_FEATURE,1.0,0.0,0.0
station:L1_S25,feature:L1_S25_F2567,HAS_FEATURE,1.0,0.0,0.0
station:L1_S25,feature:L1_S25_F2568,HAS_FEATURE,1.0,0.0,0.0
station:L1_S25,feature:L1_S25_F2569,HAS_FEATURE,1.0,0.0,0.0
station:L1_S25,feature:L1_S25_F2570,HAS_FEATURE,1.0,0.0,0.0
station:L1_S25,feature:L1_S25_F2572,HAS_FEATURE,1.0,0.0,0.0
station:L1_S25,feature:L1_S25_F2573,HAS_FEATURE,1.0,0.0,0.0
station:L1_S25,feature:L1_S25_F2574,HAS_FEATURE,1.0,0.0,0.0
station:L1_S25,feature:L1_S25_F2575,HAS_FEATURE,1.0,0.0,0.0
station:L1_S25,feature:L1_S25_F2577,HAS_FEATURE,1.0,0.0,0.0
station:L1_S25,feature:L1_S25_F2578,HAS_FEATURE,1.0,0.0,0.0
station:L1_S25,feature:L1_S25_F2579,HAS_FEATURE,1.0,0.0,0.0
station:L1_S25,feature:L1_S25_F2580,HAS_FEATURE,1.0,0.0,0.0
station:L1_S25,feature:L1_S25_F2582,HAS_FEATURE,1.0,0.0,0.0
station:L1_S25,feature:L1_S25_F2583,HAS_FEATURE,1.0,0.0,0.0
station:L1_S25,feature:L1_S25_F2584,HAS_FEATURE,1.0,0.0,0.0
station:L1_S25,feature:L1_S25_F2585,HAS_FEATURE,1.0,0.0,0.0
station:L1_S25,feature:L1_S25_F2587,HAS_FEATURE,1.0,0.0,0.0
station:L1_S25,feature:L1_S25_F2588,HAS_FEATURE,1.0,0.0,0.0
station:L1_S25,feature:L1_S25_F2589,HAS_FEATURE,1.0,0.0,0.0
station:L1_S25,feature:L1_S25_F2590,HAS_FEATURE,1.0,0.0,0.0
station:L1_S25,feature:L1_S25_F2592,HAS_FEATURE,1.0,0.0,0.0
station:L1_S25,feature:L1_S25_F2593,HAS_FEATURE,1.0,0.0,0.0
station:L1_S25,feature:L1_S25_F2594,HAS_FEATURE,1.0,0.0,0.0
station:L1_S25,feature:L1_S25_F2595,HAS_FEATURE,1.0,0.0,0.0
station:L1_S25,feature:L1_S25_F2597,HAS_FEATURE,1.0,0.0,0.0
station:L1_S25,feature:L1_S25_F2598,HAS_FEATURE,1.0,0.0,0.0
station:L1_S25,feature:L1_S25_F2599,HAS_FEATURE,1.0,0.0,0.0
station:L1_S25,feature:L1_S25_F2601,HAS_FEATURE,1.0,0.0,0.0
station:L1_S25,feature:L1_S25_F2602,HAS_FEATURE,1.0,0.0,0.0
station:L1_S25,feature:L1_S25_F2603,HAS_FEATURE,1.0,0.0,0.0
station:L1_S25,feature:L1_S25_F2604,HAS_FEATURE,1.0,0.0,0.0
station:L1_S25,feature:L1_S25_F2606,HAS_FEATURE,1.0,0.0,0.0
station:L1_S25,feature:L1_S25_F2607,HAS_FEATURE,1.0,0.0,0.0
station:L1_S25,feature:L1_S25_F2608,HAS_FEATURE,1.0,0.0,0.0
station:L1_S25,feature:L1_S25_F2609,HAS_FEATURE,1.0,0.0,0.0
station:L1_S25,feature:L1_S25_F2611,HAS_FEATURE,1.0,0.0,0.0
station:L1_S25,feature:L1_S25_F2612,HAS_FEATURE,1.0,0.0,0.0
station:L1_S25,feature:L1_S25_F2613,HAS_FEATURE,1.0,0.0,0.0
station:L1_S25,feature:L1_S25_F2614,HAS_FEATURE,1.0,0.0,0.0
station:L1_S25,feature:L1_S25_F2616,HAS_FEATURE,1.0,0.0,0.0
station:L1_S25,feature:L1_S25_F2617,HAS_FEATURE,1.0,0.0,0.0
station:L1_S25,feature:L1_S25_F2618,HAS_FEATURE,1.0,0.0,0.0
station:L1_S25,feature:L1_S25_F2619,HAS_FEATURE,1.0,0.0,0.0
station:L1_S25,feature:L1_S25_F2621,HAS_FEATURE,1.0,0.0,0.0
station:L1_S25,feature:L1_S25_F2622,HAS_FEATURE,1.0,0.0,0.0
station:L1_S25,feature:L1_S25_F2623,HAS_FEATURE,1.0,0.0,0.0
station:L1_S25,feature:L1_S25_F2624,HAS_FEATURE,1.0,0.0,0.0
station:L1_S25,feature:L1_S25_F2626,HAS_FEATURE,1.0,0.0,0.0
station:L1_S25,feature:L1_S25_F2627,HAS_FEATURE,1.0,0.0,0.0
station:L1_S25,feature:L1_S25_F2628,HAS_FEATURE,1.0,0.0,0.0
station:L1_S25,feature:L1_S25_F2630,HAS_FEATURE,1.0,0.0,0.0
station:L1_S25,feature:L1_S25_F2631,HAS_FEATURE,1.0,0.0,0.0
station:L1_S25,feature:L1_S25_F2632,HAS_FEATURE,1.0,0.0,0.0
station:L1_S25,feature:L1_S25_F2633,HAS_FEATURE,1.0,0.0,0.0
station:L1_S25,feature:L1_S25_F2635,HAS_FEATURE,1.0,0.0,0.0
station:L1_S25,feature:L1_S25_F2636,HAS_FEATURE,1.0,0.0,0.0
station:L1_S25,feature:L1_S25_F2637,HAS_FEATURE,1.0,0.0,0.0
station:L1_S25,feature:L1_S25_F2638,HAS_FEATURE,1.0,0.0,0.0
station:L1_S25,feature:L1_S25_F2640,HAS_FEATURE,1.0,0.0,0.0
station:L1_S25,feature:L1_S25_F2641,HAS_FEATURE,1.0,0.0,0.0
station:L1_S25,feature:L1_S25_F2642,HAS_FEATURE,1.0,0.0,0.0
station:L1_S25,feature:L1_S25_F2643,HAS_FEATURE,1.0,0.0,0.0
station:L1_S25,feature:L1_S25_F2645,HAS_FEATURE,1.0,0.0,0.0
station:L1_S25,feature:L1_S25_F2646,HAS_FEATURE,1.0,0.0,0.0
station:L1_S25,feature:L1_S25_F2647,HAS_FEATURE,1.0,0.0,0.0
station:L1_S25,feature:L1_S25_F2648,HAS_FEATURE,1.0,0.0,0.0
station:L1_S25,feature:L1_S25_F2650,HAS_FEATURE,1.0,0.0,0.0
station:L1_S25,feature:L1_S25_F2651,HAS_FEATURE,1.0,0.0,0.0
station:L1_S25,feature:L1_S25_F2652,HAS_FEATURE,1.0,0.0,0.0
station:L1_S25,feature:L1_S25_F2653,HAS_FEATURE,1.0,0.0,0.0
station:L1_S25,feature:L1_S25_F2655,HAS_FEATURE,1.0,0.0,0.0
station:L1_S25,feature:L1_S25_F2656,HAS_FEATURE,1.0,0.0,0.0
station:L1_S25,feature:L1_S25_F2657,HAS_FEATURE,1.0,0.0,0.0
station:L1_S25,feature:L1_S25_F2658,HAS_FEATURE,1.0,0.0,0.0
station:L1_S25,feature:L1_S25_F2660,HAS_FEATURE,1.0,0.0,0.0
station:L1_S25,feature:L1_S25_F2661,HAS_FEATURE,1.0,0.0,0.0
station:L1_S25,feature:L1_S25_F2662,HAS_FEATURE,1.0,0.0,0.0
station:L1_S25,feature:L1_S25_F2663,HAS_FEATURE,1.0,0.0,0.0
station:L1_S25,feature:L1_S25_F2665,HAS_FEATURE,1.0,0.0,0.0
station:L1_S25,feature:L1_S25_F2666,HAS_FEATURE,1.0,0.0,0.0
station:L1_S25,feature:L1_S25_F2667,HAS_FEATURE,1.0,0.0,0.0
station:L1_S25,feature:L1_S25_F2668,HAS_FEATURE,1.0,0.0,0.0
station:L1_S25,feature:L1_S25_F2670,HAS_FEATURE,1.0,0.0,0.0
station:L1_S25,feature:L1_S25_F2671,HAS_FEATURE,1.0,0.0,0.0
station:L1_S25,feature:L1_S25_F2672,HAS_FEATURE,1.0,0.0,0.0
station:L1_S25,feature:L1_S25_F2673,HAS_FEATURE,1.0,0.0,0.0
station:L1_S25,feature:L1_S25_F2675,HAS_FEATURE,1.0,0.0,0.0
station:L1_S25,feature:L1_S25_F2676,HAS_FEATURE,1.0,0.0,0.0
station:L1_S25,feature:L1_S25_F2677,HAS_FEATURE,1.0,0.0,0.0
station:L1_S25,feature:L1_S25_F2678,HAS_FEATURE,1.0,0.0,0.0
station:L1_S25,feature:L1_S25_F2680,HAS_FEATURE,1.0,0.0,0.0
station:L1_S25,feature:L1_S25_F2681,HAS_FEATURE,1.0,0.0,0.0
station:L1_S25,feature:L1_S25_F2682,HAS_FEATURE,1.0,0.0,0.0
station:L1_S25,feature:L1_S25_F2683,HAS_FEATURE,1.0,0.0,0.0
station:L1_S25,feature:L1_S25_F2685,HAS_FEATURE,1.0,0.0,0.0
station:L1_S25,feature:L1_S25_F2686,HAS_FEATURE,1.0,0.0,0.0
station:L1_S25,feature:L1_S25_F2687,HAS_FEATURE,1.0,0.0,0.0
station:L1_S25,feature:L1_S25_F2688,HAS_FEATURE,1.0,0.0,0.0
station:L1_S25,feature:L1_S25_F2690,HAS_FEATURE,1.0,0.0,0.0
station:L1_S25,feature:L1_S25_F2691,HAS_FEATURE,1.0,0.0,0.0
station:L1_S25,feature:L1_S25_F2692,HAS_FEATURE,1.0,0.0,0.0
station:L1_S25,feature:L1_S25_F2693,HAS_FEATURE,1.0,0.0,0.0
station:L1_S25,feature:L1_S25_F2695,HAS_FEATURE,1.0,0.0,0.0
station:L1_S25,feature:L1_S25_F2696,HAS_FEATURE,1.0,0.0,0.0
station:L1_S25,feature:L1_S25_F2697,HAS_FEATURE,1.0,0.0,0.0
station:L1_S25,feature:L1_S25_F2698,HAS_FEATURE,1.0,0.0,0.0
station:L1_S25,feature:L1_S25_F2700,HAS_FEATURE,1.0,0.0,0.0
station:L1_S25,feature:L1_S25_F2701,HAS_FEATURE,1.0,0.0,0.0
station:L1_S25,feature:L1_S25_F2702,HAS_FEATURE,1.0,0.0,0.0
station:L1_S25,feature:L1_S25_F2703,HAS_FEATURE,1.0,0.0,0.0
station:L1_S25,feature:L1_S25_F2705,HAS_FEATURE,1.0,0.0,0.0
station:L1_S25,feature:L1_S25_F2706,HAS_FEATURE,1.0,0.0,0.0
station:L1_S25,feature:L1_S25_F2707,HAS_FEATURE,1.0,0.0,0.0
station:L1_S25,feature:L1_S25_F2708,HAS_FEATURE,1.0,0.0,0.0
station:L1_S25,feature:L1_S25_F2710,HAS_FEATURE,1.0,0.0,0.0
station:L1_S25,feature:L1_S25_F2711,HAS_FEATURE,1.0,0.0,0.0
station:L1_S25,feature:L1_S25_F2712,HAS_FEATURE,1.0,0.0,0.0
station:L1_S25,feature:L1_S25_F2714,HAS_FEATURE,1.0,0.0,0.0
station:L1_S25,feature:L1_S25_F2716,HAS_FEATURE,1.0,0.0,0.0
station:L1_S25,feature:L1_S25_F2718,HAS_FEATURE,1.0,0.0,0.0
station:L1_S25,feature:L1_S25_F2720,HAS_FEATURE,1.0,0.0,0.0
station:L1_S25,feature:L1_S25_F2722,HAS_FEATURE,1.0,0.0,0.0
station:L1_S25,feature:L1_S25_F2724,HAS_FEATURE,1.0,0.0,0.0
station:L1_S25,feature:L1_S25_F2726,HAS_FEATURE,1.0,0.0,0.0
station:L1_S25,feature:L1_S25_F2730,HAS_FEATURE,1.0,0.0,0.0
station:L1_S25,feature:L1_S25_F2732,HAS_FEATURE,1.0,0.0,0.0
station:L1_S25,feature:L1_S25_F2734,HAS_FEATURE,1.0,0.0,0.0
station:L1_S25,feature:L1_S25_F2737,HAS_FEATURE,1.0,0.0,0.0
station:L1_S25,feature:L1_S25_F2739,HAS_FEATURE,1.0,0.0,0.0
station:L1_S25,feature:L1_S25_F2741,HAS_FEATURE,1.0,0.0,0.0
station:L1_S25,feature:L1_S25_F2743,HAS_FEATURE,1.0,0.0,0.0
station:L1_S25,feature:L1_S25_F2745,HAS_FEATURE,1.0,0.0,0.0
station:L1_S25,feature:L1_S25_F2747,HAS_FEATURE,1.0,0.0,0.0
station:L1_S25,feature:L1_S25_F2749,HAS_FEATURE,1.0,0.0,0.0
station:L1_S25,feature:L1_S25_F2751,HAS_FEATURE,1.0,0.0,0.0
station:L1_S25,feature:L1_S25_F2753,HAS_FEATURE,1.0,0.0,0.0
station:L1_S25,feature:L1_S25_F2755,HAS_FEATURE,1.0,0.0,0.0
station:L1_S25,feature:L1_S25_F2756,HAS_FEATURE,1.0,0.0,0.0
station:L1_S25,feature:L1_S25_F2758,HAS_FEATURE,1.0,0.0,0.0
station:L1_S25,feature:L1_S25_F2759,HAS_FEATURE,1.0,0.0,0.0
station:L1_S25,feature:L1_S25_F2761,HAS_FEATURE,1.0,0.0,0.0
station:L1_S25,feature:L1_S25_F2762,HAS_FEATURE,1.0,0.0,0.0
station:L1_S25,feature:L1_S25_F2764,HAS_FEATURE,1.0,0.0,0.0
station:L1_S25,feature:L1_S25_F2765,HAS_FEATURE,1.0,0.0,0.0
station:L1_S25,feature:L1_S25_F2767,HAS_FEATURE,1.0,0.0,0.0
station:L1_S25,feature:L1_S25_F2768,HAS_FEATURE,1.0,0.0,0.0
station:L1_S25,feature:L1_S25_F2770,HAS_FEATURE,1.0,0.0,0.0
station:L1_S25,feature:L1_S25_F2771,HAS_FEATURE,1.0,0.0,0.0
station:L1_S25,feature:L1_S25_F2773,HAS_FEATURE,1.0,0.0,0.0
station:L1_S25,feature:L1_S25_F2774,HAS_FEATURE,1.0,0.0,0.0
station:L1_S25,feature:L1_S25_F2776,HAS_FEATURE,1.0,0.0,0.0
station:L1_S25,feature:L1_S25_F2777,HAS_FEATURE,1.0,0.0,0.0
station:L1_S25,feature:L1_S25_F2779,HAS_FEATURE,1.0,0.0,0.0
station:L1_S25,feature:L1_S25_F2781,HAS_FEATURE,1.0,0.0,0.0
station:L1_S25,feature:L1_S25_F2783,HAS_FEATURE,1.0,0.0,0.0
station:L1_S25,feature:L1_S25_F2787,HAS_FEATURE,1.0,0.0,0.0
station:L1_S25,feature:L1_S25_F2789,HAS_FEATURE,1.0,0.0,0.0
station:L1_S25,feature:L1_S25_F2791,HAS_FEATURE,1.0,0.0,0.0
station:L1_S25,feature:L1_S25_F2793,HAS_FEATURE,1.0,0.0,0.0
station:L1_S25,feature:L1_S25_F2795,HAS_FEATURE,1.0,0.0,0.0
station:L1_S25,feature:L1_S25_F2797,HAS_FEATURE,1.0,0.0,0.0
station:L1_S25,feature:L1_S25_F2799,HAS_FEATURE,1.0,0.0,0.0
station:L1_S25,feature:L1_S25_F2800,HAS_FEATURE,1.0,0.0,0.0
station:L1_S25,feature:L1_S25_F2802,HAS_FEATURE,1.0,0.0,0.0
station:L1_S25,feature:L1_S25_F2803,HAS_FEATURE,1.0,0.0,0.0
station:L1_S25,feature:L1_S25_F2804,HAS_FEATURE,1.0,0.0,0.0
station:L1_S25,feature:L1_S25_F2806,HAS_FEATURE,1.0,0.0,0.0
station:L1_S25,feature:L1_S25_F2807,HAS_FEATURE,1.0,0.0,0.0
station:L1_S25,feature:L1_S25_F2808,HAS_FEATURE,1.0,0.0,0.0
station:L1_S25,feature:L1_S25_F2809,HAS_FEATURE,1.0,0.0,0.0
station:L1_S25,feature:L1_S25_F2811,HAS_FEATURE,1.0,0.0,0.0
station:L1_S25,feature:L1_S25_F2812,HAS_FEATURE,1.0,0.0,0.0
station:L1_S25,feature:L1_S25_F2813,HAS_FEATURE,1.0,0.0,0.0
station:L1_S25,feature:L1_S25_F2814,HAS_FEATURE,1.0,0.0,0.0
station:L1_S25,feature:L1_S25_F2816,HAS_FEATURE,1.0,0.0,0.0
station:L1_S25,feature:L1_S25_F2817,HAS_FEATURE,1.0,0.0,0.0
station:L1_S25,feature:L1_S25_F2818,HAS_FEATURE,1.0,0.0,0.0
station:L1_S25,feature:L1_S25_F2819,HAS_FEATURE,1.0,0.0,0.0
station:L1_S25,feature:L1_S25_F2821,HAS_FEATURE,1.0,0.0,0.0
station:L1_S25,feature:L1_S25_F2822,HAS_FEATURE,1.0,0.0,0.0
station:L1_S25,feature:L1_S25_F2823,HAS_FEATURE,1.0,0.0,0.0
station:L1_S25,feature:L1_S25_F2824,HAS_FEATURE,1.0,0.0,0.0
station:L1_S25,feature:L1_S25_F2826,HAS_FEATURE,1.0,0.0,0.0
station:L1_S25,feature:L1_S25_F2827,HAS_FEATURE,1.0,0.0,0.0
station:L1_S25,feature:L1_S25_F2828,HAS_FEATURE,1.0,0.0,0.0
station:L1_S25,feature:L1_S25_F2829,HAS_FEATURE,1.0,0.0,0.0
station:L1_S25,feature:L1_S25_F2831,HAS_FEATURE,1.0,0.0,0.0
station:L1_S25,feature:L1_S25_F2832,HAS_FEATURE,1.0,0.0,0.0
station:L1_S25,feature:L1_S25_F2833,HAS_FEATURE,1.0,0.0,0.0
station:L1_S25,feature:L1_S25_F2835,HAS_FEATURE,1.0,0.0,0.0
station:L1_S25,feature:L1_S25_F2836,HAS_FEATURE,1.0,0.0,0.0
station:L1_S25,feature:L1_S25_F2837,HAS_FEATURE,1.0,0.0,0.0
station:L1_S25,feature:L1_S25_F2838,HAS_FEATURE,1.0,0.0,0.0
station:L1_S25,feature:L1_S25_F2840,HAS_FEATURE,1.0,0.0,0.0
station:L1_S25,feature:L1_S25_F2841,HAS_FEATURE,1.0,0.0,0.0
station:L1_S25,feature:L1_S25_F2842,HAS_FEATURE,1.0,0.0,0.0
station:L1_S25,feature:L1_S25_F2843,HAS_FEATURE,1.0,0.0,0.0
station:L1_S25,feature:L1_S25_F2845,HAS_FEATURE,1.0,0.0,0.0
station:L1_S25,feature:L1_S25_F2846,HAS_FEATURE,1.0,0.0,0.0
station:L1_S25,feature:L1_S25_F2847,HAS_FEATURE,1.0,0.0,0.0
station:L1_S25,feature:L1_S25_F2848,HAS_FEATURE,1.0,0.0,0.0
station:L1_S25,feature:L1_S25_F2850,HAS_FEATURE,1.0,0.0,0.0
station:L1_S25,feature:L1_S25_F2851,HAS_FEATURE,1.0,0.0,0.0
station:L1_S25,feature:L1_S25_F2852,HAS_FEATURE,1.0,0.0,0.0
station:L1_S25,feature:L1_S25_F2853,HAS_FEATURE,1.0,0.0,0.0
station:L1_S25,feature:L1_S25_F2855,HAS_FEATURE,1.0,0.0,0.0
station:L1_S25,feature:L1_S25_F2856,HAS_FEATURE,1.0,0.0,0.0
station:L1_S25,feature:L1_S25_F2857,HAS_FEATURE,1.0,0.0,0.0
feature:L1_S25_F2857,failure:Response_1,MODEL_ASSOCIATED_WITH_FAILURE,9.156896587101874e-06,0.0,9.156896587101874e-06
station:L1_S25,feature:L1_S25_F2858,HAS_FEATURE,1.0,0.0,0.0
station:L1_S25,feature:L1_S25_F2860,HAS_FEATURE,1.0,0.0,0.0
station:L1_S25,feature:L1_S25_F2861,HAS_FEATURE,1.0,0.0,0.0
station:L1_S25,feature:L1_S25_F2862,HAS_FEATURE,1.0,0.0,0.0
station:L1_S25,feature:L1_S25_F2863,HAS_FEATURE,1.0,0.0,0.0
station:L1_S25,feature:L1_S25_F2865,HAS_FEATURE,1.0,0.0,0.0
station:L1_S25,feature:L1_S25_F2866,HAS_FEATURE,1.0,0.0,0.0
station:L1_S25,feature:L1_S25_F2867,HAS_FEATURE,1.0,0.0,0.0
station:L1_S25,feature:L1_S25_F2868,HAS_FEATURE,1.0,0.0,0.0
station:L1_S25,feature:L1_S25_F2870,HAS_FEATURE,1.0,0.0,0.0
station:L1_S25,feature:L1_S25_F2871,HAS_FEATURE,1.0,0.0,0.0
station:L1_S25,feature:L1_S25_F2872,HAS_FEATURE,1.0,0.0,0.0
station:L1_S25,feature:L1_S25_F2873,HAS_FEATURE,1.0,0.0,0.0
station:L1_S25,feature:L1_S25_F2875,HAS_FEATURE,1.0,0.0,0.0
station:L1_S25,feature:L1_S25_F2876,HAS_FEATURE,1.0,0.0,0.0
station:L1_S25,feature:L1_S25_F2877,HAS_FEATURE,1.0,0.0,0.0
station:L1_S25,feature:L1_S25_F2878,HAS_FEATURE,1.0,0.0,0.0
station:L1_S25,feature:L1_S25_F2880,HAS_FEATURE,1.0,0.0,0.0
station:L1_S25,feature:L1_S25_F2881,HAS_FEATURE,1.0,0.0,0.0
station:L1_S25,feature:L1_S25_F2882,HAS_FEATURE,1.0,0.0,0.0
station:L1_S25,feature:L1_S25_F2884,HAS_FEATURE,1.0,0.0,0.0
station:L1_S25,feature:L1_S25_F2885,HAS_FEATURE,1.0,0.0,0.0
station:L1_S25,feature:L1_S25_F2886,HAS_FEATURE,1.0,0.0,0.0
feature:L1_S25_F2886,failure:Response_1,MODEL_ASSOCIATED_WITH_FAILURE,0.0014296754391818,0.0,0.0014296754391818
station:L1_S25,feature:L1_S25_F2887,HAS_FEATURE,1.0,0.0,0.0
station:L1_S25,feature:L1_S25_F2889,HAS_FEATURE,1.0,0.0,0.0
station:L1_S25,feature:L1_S25_F2890,HAS_FEATURE,1.0,0.0,0.0
station:L1_S25,feature:L1_S25_F2891,HAS_FEATURE,1.0,0.0,0.0
station:L1_S25,feature:L1_S25_F2892,HAS_FEATURE,1.0,0.0,0.0
station:L1_S25,feature:L1_S25_F2894,HAS_FEATURE,1.0,0.0,0.0
station:L1_S25,feature:L1_S25_F2895,HAS_FEATURE,1.0,0.0,0.0
station:L1_S25,feature:L1_S25_F2896,HAS_FEATURE,1.0,0.0,0.0
station:L1_S25,feature:L1_S25_F2897,HAS_FEATURE,1.0,0.0,0.0
station:L1_S25,feature:L1_S25_F2899,HAS_FEATURE,1.0,0.0,0.0
station:L1_S25,feature:L1_S25_F2900,HAS_FEATURE,1.0,0.0,0.0
station:L1_S25,feature:L1_S25_F2901,HAS_FEATURE,1.0,0.0,0.0
station:L1_S25,feature:L1_S25_F2902,HAS_FEATURE,1.0,0.0,0.0
station:L1_S25,feature:L1_S25_F2904,HAS_FEATURE,1.0,0.0,0.0
station:L1_S25,feature:L1_S25_F2905,HAS_FEATURE,1.0,0.0,0.0
station:L1_S25,feature:L1_S25_F2906,HAS_FEATURE,1.0,0.0,0.0
station:L1_S25,feature:L1_S25_F2907,HAS_FEATURE,1.0,0.0,0.0
station:L1_S25,feature:L1_S25_F2909,HAS_FEATURE,1.0,0.0,0.0
station:L1_S25,feature:L1_S25_F2910,HAS_FEATURE,1.0,0.0,0.0
station:L1_S25,feature:L1_S25_F2911,HAS_FEATURE,1.0,0.0,0.0
station:L1_S25,feature:L1_S25_F2913,HAS_FEATURE,1.0,0.0,0.0
station:L1_S25,feature:L1_S25_F2914,HAS_FEATURE,1.0,0.0,0.0
station:L1_S25,feature:L1_S25_F2915,HAS_FEATURE,1.0,0.0,0.0
feature:L1_S25_F2915,failure:Response_1,MODEL_ASSOCIATED_WITH_FAILURE,0.0039621202952771,0.0,0.0039621202952771
station:L1_S25,feature:L1_S25_F2916,HAS_FEATURE,1.0,0.0,0.0
station:L1_S25,feature:L1_S25_F2918,HAS_FEATURE,1.0,0.0,0.0
station:L1_S25,feature:L1_S25_F2919,HAS_FEATURE,1.0,0.0,0.0
station:L1_S25,feature:L1_S25_F2920,HAS_FEATURE,1.0,0.0,0.0
station:L1_S25,feature:L1_S25_F2921,HAS_FEATURE,1.0,0.0,0.0
station:L1_S25,feature:L1_S25_F2923,HAS_FEATURE,1.0,0.0,0.0
station:L1_S25,feature:L1_S25_F2924,HAS_FEATURE,1.0,0.0,0.0
station:L1_S25,feature:L1_S25_F2925,HAS_FEATURE,1.0,0.0,0.0
station:L1_S25,feature:L1_S25_F2926,HAS_FEATURE,1.0,0.0,0.0
station:L1_S25,feature:L1_S25_F2928,HAS_FEATURE,1.0,0.0,0.0
station:L1_S25,feature:L1_S25_F2929,HAS_FEATURE,1.0,0.0,0.0
station:L1_S25,feature:L1_S25_F2930,HAS_FEATURE,1.0,0.0,0.0
station:L1_S25,feature:L1_S25_F2931,HAS_FEATURE,1.0,0.0,0.0
station:L1_S25,feature:L1_S25_F2933,HAS_FEATURE,1.0,0.0,0.0
station:L1_S25,feature:L1_S25_F2934,HAS_FEATURE,1.0,0.0,0.0
station:L1_S25,feature:L1_S25_F2935,HAS_FEATURE,1.0,0.0,0.0
station:L1_S25,feature:L1_S25_F2936,HAS_FEATURE,1.0,0.0,0.0
station:L1_S25,feature:L1_S25_F2938,HAS_FEATURE,1.0,0.0,0.0
station:L1_S25,feature:L1_S25_F2939,HAS_FEATURE,1.0,0.0,0.0
station:L1_S25,feature:L1_S25_F2940,HAS_FEATURE,1.0,0.0,0.0
station:L1_S25,feature:L1_S25_F2941,HAS_FEATURE,1.0,0.0,0.0
station:L1_S25,feature:L1_S25_F2943,HAS_FEATURE,1.0,0.0,0.0
station:L1_S25,feature:L1_S25_F2944,HAS_FEATURE,1.0,0.0,0.0
station:L1_S25,feature:L1_S25_F2945,HAS_FEATURE,1.0,0.0,0.0
station:L1_S25,feature:L1_S25_F2946,HAS_FEATURE,1.0,0.0,0.0
station:L1_S25,feature:L1_S25_F2948,HAS_FEATURE,1.0,0.0,0.0
station:L1_S25,feature:L1_S25_F2949,HAS_FEATURE,1.0,0.0,0.0
station:L1_S25,feature:L1_S25_F2950,HAS_FEATURE,1.0,0.0,0.0
station:L1_S25,feature:L1_S25_F2951,HAS_FEATURE,1.0,0.0,0.0
station:L1_S25,feature:L1_S25_F2953,HAS_FEATURE,1.0,0.0,0.0
station:L1_S25,feature:L1_S25_F2954,HAS_FEATURE,1.0,0.0,0.0
station:L1_S25,feature:L1_S25_F2955,HAS_FEATURE,1.0,0.0,0.0
station:L1_S25,feature:L1_S25_F2956,HAS_FEATURE,1.0,0.0,0.0
station:L1_S25,feature:L1_S25_F2958,HAS_FEATURE,1.0,0.0,0.0
station:L1_S25,feature:L1_S25_F2959,HAS_FEATURE,1.0,0.0,0.0
station:L1_S25,feature:L1_S25_F2960,HAS_FEATURE,1.0,0.0,0.0
feature:L1_S25_F2960,failure:Response_1,MODEL_ASSOCIATED_WITH_FAILURE,0.0042877235663514,0.0,0.0042877235663514
station:L1_S25,feature:L1_S25_F2961,HAS_FEATURE,1.0,0.0,0.0
station:L1_S25,feature:L1_S25_F2963,HAS_FEATURE,1.0,0.0,0.0
station:L1_S25,feature:L1_S25_F2964,HAS_FEATURE,1.0,0.0,0.0
station:L1_S25,feature:L1_S25_F2965,HAS_FEATURE,1.0,0.0,0.0
station:L1_S25,feature:L1_S25_F2966,HAS_FEATURE,1.0,0.0,0.0
station:L1_S25,feature:L1_S25_F2968,HAS_FEATURE,1.0,0.0,0.0
station:L1_S25,feature:L1_S25_F2969,HAS_FEATURE,1.0,0.0,0.0
station:L1_S25,feature:L1_S25_F2970,HAS_FEATURE,1.0,0.0,0.0
station:L1_S25,feature:L1_S25_F2971,HAS_FEATURE,1.0,0.0,0.0
station:L1_S25,feature:L1_S25_F2973,HAS_FEATURE,1.0,0.0,0.0
station:L1_S25,feature:L1_S25_F2974,HAS_FEATURE,1.0,0.0,0.0
station:L1_S25,feature:L1_S25_F2975,HAS_FEATURE,1.0,0.0,0.0
station:L1_S25,feature:L1_S25_F2976,HAS_FEATURE,1.0,0.0,0.0
station:L1_S25,feature:L1_S25_F2978,HAS_FEATURE,1.0,0.0,0.0
station:L1_S25,feature:L1_S25_F2979,HAS_FEATURE,1.0,0.0,0.0
station:L1_S25,feature:L1_S25_F2980,HAS_FEATURE,1.0,0.0,0.0
station:L1_S25,feature:L1_S25_F2981,HAS_FEATURE,1.0,0.0,0.0
station:L1_S25,feature:L1_S25_F2983,HAS_FEATURE,1.0,0.0,0.0
station:L1_S25,feature:L1_S25_F2984,HAS_FEATURE,1.0,0.0,0.0
station:L1_S25,feature:L1_S25_F2985,HAS_FEATURE,1.0,0.0,0.0
station:L1_S25,feature:L1_S25_F2986,HAS_FEATURE,1.0,0.0,0.0
station:L1_S25,feature:L1_S25_F2988,HAS_FEATURE,1.0,0.0,0.0
station:L1_S25,feature:L1_S25_F2989,HAS_FEATURE,1.0,0.0,0.0
station:L1_S25,feature:L1_S25_F2990,HAS_FEATURE,1.0,0.0,0.0
feature:L1_S25_F2990,failure:Response_1,MODEL_ASSOCIATED_WITH_FAILURE,0.00574886256351,0.0,0.00574886256351
station:L1_S25,feature:L1_S25_F2991,HAS_FEATURE,1.0,0.0,0.0
station:L1_S25,feature:L1_S25_F2993,HAS_FEATURE,1.0,0.0,0.0
station:L1_S25,feature:L1_S25_F2994,HAS_FEATURE,1.0,0.0,0.0
station:L1_S25,feature:L1_S25_F2995,HAS_FEATURE,1.0,0.0,0.0
station:L1_S25,feature:L1_S25_F2997,HAS_FEATURE,1.0,0.0,0.0
station:L1_S25,feature:L1_S25_F2999,HAS_FEATURE,1.0,0.0,0.0
station:L1_S25,feature:L1_S25_F3001,HAS_FEATURE,1.0,0.0,0.0
station:L1_S25,feature:L1_S25_F3003,HAS_FEATURE,1.0,0.0,0.0
station:L1_S25,feature:L1_S25_F3005,HAS_FEATURE,1.0,0.0,0.0
station:L1_S25,feature:L1_S25_F3007,HAS_FEATURE,1.0,0.0,0.0
station:L1_S25,feature:L1_S25_F3009,HAS_FEATURE,1.0,0.0,0.0
station:L1_S25,feature:L1_S25_F3013,HAS_FEATURE,1.0,0.0,0.0
station:L1_S25,feature:L1_S25_F3015,HAS_FEATURE,1.0,0.0,0.0
station:L1_S25,feature:L1_S25_F3017,HAS_FEATURE,1.0,0.0,0.0
station:L1_S25,feature:L1_S25_F3020,HAS_FEATURE,1.0,0.0,0.0
station:L1_S25,feature:L1_S25_F3022,HAS_FEATURE,1.0,0.0,0.0
station:L1_S25,feature:L1_S25_F3024,HAS_FEATURE,1.0,0.0,0.0
station:L1_S25,feature:L1_S25_F3026,HAS_FEATURE,1.0,0.0,0.0
station:L1_S25,feature:L1_S25_F3028,HAS_FEATURE,1.0,0.0,0.0
station:L1_S25,feature:L1_S25_F3030,HAS_FEATURE,1.0,0.0,0.0
station:L1_S25,feature:L1_S25_F3032,HAS_FEATURE,1.0,0.0,0.0
station:L1_S25,feature:L1_S25_F3034,HAS_FEATURE,1.0,0.0,0.0
station:L2_S26,feature:L2_S26_D3037,HAS_FEATURE,1.0,0.0,0.0
station:L2_S26,feature:L2_S26_D3041,HAS_FEATURE,1.0,0.0,0.0
station:L2_S26,feature:L2_S26_D3044,HAS_FEATURE,1.0,0.0,0.0
station:L2_S26,feature:L2_S26_D3048,HAS_FEATURE,1.0,0.0,0.0
station:L2_S26,feature:L2_S26_D3052,HAS_FEATURE,1.0,0.0,0.0
station:L2_S26,feature:L2_S26_D3056,HAS_FEATURE,1.0,0.0,0.0
station:L2_S26,feature:L2_S26_D3059,HAS_FEATURE,1.0,0.0,0.0
station:L2_S26,feature:L2_S26_D3063,HAS_FEATURE,1.0,0.0,0.0
station:L2_S26,feature:L2_S26_D3066,HAS_FEATURE,1.0,0.0,0.0
station:L2_S26,feature:L2_S26_D3070,HAS_FEATURE,1.0,0.0,0.0
station:L2_S26,feature:L2_S26_D3074,HAS_FEATURE,1.0,0.0,0.0
station:L2_S26,feature:L2_S26_D3078,HAS_FEATURE,1.0,0.0,0.0
station:L2_S26,feature:L2_S26_D3081,HAS_FEATURE,1.0,0.0,0.0
station:L2_S26,feature:L2_S26_D3084,HAS_FEATURE,1.0,0.0,0.0
station:L2_S26,feature:L2_S26_D3087,HAS_FEATURE,1.0,0.0,0.0
station:L2_S26,feature:L2_S26_D3090,HAS_FEATURE,1.0,0.0,0.0
station:L2_S26,feature:L2_S26_D3093,HAS_FEATURE,1.0,0.0,0.0
station:L2_S26,feature:L2_S26_D3096,HAS_FEATURE,1.0,0.0,0.0
station:L2_S26,feature:L2_S26_D3100,HAS_FEATURE,1.0,0.0,0.0
station:L2_S26,feature:L2_S26_D3103,HAS_FEATURE,1.0,0.0,0.0
station:L2_S26,feature:L2_S26_D3107,HAS_FEATURE,1.0,0.0,0.0
station:L2_S26,feature:L2_S26_D3110,HAS_FEATURE,1.0,0.0,0.0
station:L2_S26,feature:L2_S26_D3114,HAS_FEATURE,1.0,0.0,0.0
station:L2_S26,feature:L2_S26_D3118,HAS_FEATURE,1.0,0.0,0.0
station:L2_S26,feature:L2_S26_D3122,HAS_FEATURE,1.0,0.0,0.0
station:L2_S26,feature:L2_S26_D3126,HAS_FEATURE,1.0,0.0,0.0
station:L2_S26,feature:L2_S26_F3036,HAS_FEATURE,1.0,0.0,0.0
station:L2_S26,feature:L2_S26_F3038,HAS_FEATURE,1.0,0.0,0.0
station:L2_S26,feature:L2_S26_F3039,HAS_FEATURE,1.0,0.0,0.0
station:L2_S26,feature:L2_S26_F3040,HAS_FEATURE,1.0,0.0,0.0
station:L2_S26,feature:L2_S26_F3042,HAS_FEATURE,1.0,0.0,0.0
station:L2_S26,feature:L2_S26_F3043,HAS_FEATURE,1.0,0.0,0.0
station:L2_S26,feature:L2_S26_F3045,HAS_FEATURE,1.0,0.0,0.0
station:L2_S26,feature:L2_S26_F3046,HAS_FEATURE,1.0,0.0,0.0
station:L2_S26,feature:L2_S26_F3047,HAS_FEATURE,1.0,0.0,0.0
station:L2_S26,feature:L2_S26_F3049,HAS_FEATURE,1.0,0.0,0.0
station:L2_S26,feature:L2_S26_F3050,HAS_FEATURE,1.0,0.0,0.0
station:L2_S26,feature:L2_S26_F3051,HAS_FEATURE,1.0,0.0,0.0
station:L2_S26,feature:L2_S26_F3053,HAS_FEATURE,1.0,0.0,0.0
station:L2_S26,feature:L2_S26_F3054,HAS_FEATURE,1.0,0.0,0.0
station:L2_S26,feature:L2_S26_F3055,HAS_FEATURE,1.0,0.0,0.0
station:L2_S26,feature:L2_S26_F3057,HAS_FEATURE,1.0,0.0,0.0
station:L2_S26,feature:L2_S26_F3058,HAS_FEATURE,1.0,0.0,0.0
station:L2_S26,feature:L2_S26_F3060,HAS_FEATURE,1.0,0.0,0.0
station:L2_S26,feature:L2_S26_F3061,HAS_FEATURE,1.0,0.0,0.0
station:L2_S26,feature:L2_S26_F3062,HAS_FEATURE,1.0,0.0,0.0
station:L2_S26,feature:L2_S26_F3064,HAS_FEATURE,1.0,0.0,0.0
station:L2_S26,feature:L2_S26_F3065,HAS_FEATURE,1.0,0.0,0.0
station:L2_S26,feature:L2_S26_F3067,HAS_FEATURE,1.0,0.0,0.0
station:L2_S26,feature:L2_S26_F3068,HAS_FEATURE,1.0,0.0,0.0
station:L2_S26,feature:L2_S26_F3069,HAS_FEATURE,1.0,0.0,0.0
station:L2_S26,feature:L2_S26_F3071,HAS_FEATURE,1.0,0.0,0.0
station:L2_S26,feature:L2_S26_F3072,HAS_FEATURE,1.0,0.0,0.0
station:L2_S26,feature:L2_S26_F3073,HAS_FEATURE,1.0,0.0,0.0
station:L2_S26,feature:L2_S26_F3075,HAS_FEATURE,1.0,0.0,0.0
station:L2_S26,feature:L2_S26_F3076,HAS_FEATURE,1.0,0.0,0.0
station:L2_S26,feature:L2_S26_F3077,HAS_FEATURE,1.0,0.0,0.0
station:L2_S26,feature:L2_S26_F3079,HAS_FEATURE,1.0,0.0,0.0
station:L2_S26,feature:L2_S26_F3080,HAS_FEATURE,1.0,0.0,0.0
station:L2_S26,feature:L2_S26_F3082,HAS_FEATURE,1.0,0.0,0.0
station:L2_S26,feature:L2_S26_F3083,HAS_FEATURE,1.0,0.0,0.0
station:L2_S26,feature:L2_S26_F3085,HAS_FEATURE,1.0,0.0,0.0
station:L2_S26,feature:L2_S26_F3086,HAS_FEATURE,1.0,0.0,0.0
station:L2_S26,feature:L2_S26_F3088,HAS_FEATURE,1.0,0.0,0.0
station:L2_S26,feature:L2_S26_F3089,HAS_FEATURE,1.0,0.0,0.0
station:L2_S26,feature:L2_S26_F3091,HAS_FEATURE,1.0,0.0,0.0
station:L2_S26,feature:L2_S26_F3092,HAS_FEATURE,1.0,0.0,0.0
station:L2_S26,feature:L2_S26_F3094,HAS_FEATURE,1.0,0.0,0.0
station:L2_S26,feature:L2_S26_F3095,HAS_FEATURE,1.0,0.0,0.0
station:L2_S26,feature:L2_S26_F3097,HAS_FEATURE,1.0,0.0,0.0
station:L2_S26,feature:L2_S26_F3098,HAS_FEATURE,1.0,0.0,0.0
station:L2_S26,feature:L2_S26_F3099,HAS_FEATURE,1.0,0.0,0.0
station:L2_S26,feature:L2_S26_F3101,HAS_FEATURE,1.0,0.0,0.0
station:L2_S26,feature:L2_S26_F3102,HAS_FEATURE,1.0,0.0,0.0
station:L2_S26,feature:L2_S26_F3104,HAS_FEATURE,1.0,0.0,0.0
station:L2_S26,feature:L2_S26_F3105,HAS_FEATURE,1.0,0.0,0.0
station:L2_S26,feature:L2_S26_F3106,HAS_FEATURE,1.0,0.0,0.0
station:L2_S26,feature:L2_S26_F3108,HAS_FEATURE,1.0,0.0,0.0
station:L2_S26,feature:L2_S26_F3109,HAS_FEATURE,1.0,0.0,0.0
station:L2_S26,feature:L2_S26_F3111,HAS_FEATURE,1.0,0.0,0.0
station:L2_S26,feature:L2_S26_F3112,HAS_FEATURE,1.0,0.0,0.0
station:L2_S26,feature:L2_S26_F3113,HAS_FEATURE,1.0,0.0,0.0
station:L2_S26,feature:L2_S26_F3115,HAS_FEATURE,1.0,0.0,0.0
station:L2_S26,feature:L2_S26_F3116,HAS_FEATURE,1.0,0.0,0.0
station:L2_S26,feature:L2_S26_F3117,HAS_FEATURE,1.0,0.0,0.0
station:L2_S26,feature:L2_S26_F3119,HAS_FEATURE,1.0,0.0,0.0
station:L2_S26,feature:L2_S26_F3120,HAS_FEATURE,1.0,0.0,0.0
station:L2_S26,feature:L2_S26_F3121,HAS_FEATURE,1.0,0.0,0.0
station:L2_S26,feature:L2_S26_F3123,HAS_FEATURE,1.0,0.0,0.0
station:L2_S26,feature:L2_S26_F3124,HAS_FEATURE,1.0,0.0,0.0
station:L2_S26,feature:L2_S26_F3125,HAS_FEATURE,1.0,0.0,0.0
station:L2_S26,feature:L2_S26_F3127,HAS_FEATURE,1.0,0.0,0.0
station:L2_S26,feature:L2_S26_F3128,HAS_FEATURE,1.0,0.0,0.0
station:L2_S27,feature:L2_S27_D3130,HAS_FEATURE,1.0,0.0,0.0
station:L2_S27,feature:L2_S27_D3134,HAS_FEATURE,1.0,0.0,0.0
station:L2_S27,feature:L2_S27_D3137,HAS_FEATURE,1.0,0.0,0.0
station:L2_S27,feature:L2_S27_D3141,HAS_FEATURE,1.0,0.0,0.0
station:L2_S27,feature:L2_S27_D3145,HAS_FEATURE,1.0,0.0,0.0
station:L2_S27,feature:L2_S27_D3149,HAS_FEATURE,1.0,0.0,0.0
station:L2_S27,feature:L2_S27_D3152,HAS_FEATURE,1.0,0.0,0.0
station:L2_S27,feature:L2_S27_D3156,HAS_FEATURE,1.0,0.0,0.0
station:L2_S27,feature:L2_S27_D3159,HAS_FEATURE,1.0,0.0,0.0
station:L2_S27,feature:L2_S27_D3163,HAS_FEATURE,1.0,0.0,0.0
station:L2_S27,feature:L2_S27_D3167,HAS_FEATURE,1.0,0.0,0.0
station:L2_S27,feature:L2_S27_D3171,HAS_FEATURE,1.0,0.0,0.0
station:L2_S27,feature:L2_S27_D3174,HAS_FEATURE,1.0,0.0,0.0
station:L2_S27,feature:L2_S27_D3177,HAS_FEATURE,1.0,0.0,0.0
station:L2_S27,feature:L2_S27_D3180,HAS_FEATURE,1.0,0.0,0.0
station:L2_S27,feature:L2_S27_D3183,HAS_FEATURE,1.0,0.0,0.0
station:L2_S27,feature:L2_S27_D3186,HAS_FEATURE,1.0,0.0,0.0
station:L2_S27,feature:L2_S27_D3189,HAS_FEATURE,1.0,0.0,0.0
station:L2_S27,feature:L2_S27_D3193,HAS_FEATURE,1.0,0.0,0.0
station:L2_S27,feature:L2_S27_D3196,HAS_FEATURE,1.0,0.0,0.0
station:L2_S27,feature:L2_S27_D3200,HAS_FEATURE,1.0,0.0,0.0
station:L2_S27,feature:L2_S27_D3203,HAS_FEATURE,1.0,0.0,0.0
station:L2_S27,feature:L2_S27_D3207,HAS_FEATURE,1.0,0.0,0.0
station:L2_S27,feature:L2_S27_D3211,HAS_FEATURE,1.0,0.0,0.0
station:L2_S27,feature:L2_S27_D3215,HAS_FEATURE,1.0,0.0,0.0
station:L2_S27,feature:L2_S27_D3219,HAS_FEATURE,1.0,0.0,0.0
station:L2_S27,feature:L2_S27_F3129,HAS_FEATURE,1.0,0.0,0.0
station:L2_S27,feature:L2_S27_F3131,HAS_FEATURE,1.0,0.0,0.0
station:L2_S27,feature:L2_S27_F3132,HAS_FEATURE,1.0,0.0,0.0
station:L2_S27,feature:L2_S27_F3133,HAS_FEATURE,1.0,0.0,0.0
station:L2_S27,feature:L2_S27_F3135,HAS_FEATURE,1.0,0.0,0.0
station:L2_S27,feature:L2_S27_F3136,HAS_FEATURE,1.0,0.0,0.0
station:L2_S27,feature:L2_S27_F3138,HAS_FEATURE,1.0,0.0,0.0
station:L2_S27,feature:L2_S27_F3139,HAS_FEATURE,1.0,0.0,0.0
station:L2_S27,feature:L2_S27_F3140,HAS_FEATURE,1.0,0.0,0.0
station:L2_S27,feature:L2_S27_F3142,HAS_FEATURE,1.0,0.0,0.0
station:L2_S27,feature:L2_S27_F3143,HAS_FEATURE,1.0,0.0,0.0
station:L2_S27,feature:L2_S27_F3144,HAS_FEATURE,1.0,0.0,0.0
feature:L2_S27_F3144,failure:Response_1,MODEL_ASSOCIATED_WITH_FAILURE,0.0233166679013273,0.0,0.0233166679013273
station:L2_S27,feature:L2_S27_F3146,HAS_FEATURE,1.0,0.0,0.0
station:L2_S27,feature:L2_S27_F3147,HAS_FEATURE,1.0,0.0,0.0
station:L2_S27,feature:L2_S27_F3148,HAS_FEATURE,1.0,0.0,0.0
station:L2_S27,feature:L2_S27_F3150,HAS_FEATURE,1.0,0.0,0.0
station:L2_S27,feature:L2_S27_F3151,HAS_FEATURE,1.0,0.0,0.0
station:L2_S27,feature:L2_S27_F3153,HAS_FEATURE,1.0,0.0,0.0
station:L2_S27,feature:L2_S27_F3154,HAS_FEATURE,1.0,0.0,0.0
station:L2_S27,feature:L2_S27_F3155,HAS_FEATURE,1.0,0.0,0.0
station:L2_S27,feature:L2_S27_F3157,HAS_FEATURE,1.0,0.0,0.0
station:L2_S27,feature:L2_S27_F3158,HAS_FEATURE,1.0,0.0,0.0
station:L2_S27,feature:L2_S27_F3160,HAS_FEATURE,1.0,0.0,0.0
station:L2_S27,feature:L2_S27_F3161,HAS_FEATURE,1.0,0.0,0.0
station:L2_S27,feature:L2_S27_F3162,HAS_FEATURE,1.0,0.0,0.0
station:L2_S27,feature:L2_S27_F3164,HAS_FEATURE,1.0,0.0,0.0
station:L2_S27,feature:L2_S27_F3165,HAS_FEATURE,1.0,0.0,0.0
station:L2_S27,feature:L2_S27_F3166,HAS_FEATURE,1.0,0.0,0.0
station:L2_S27,feature:L2_S27_F3168,HAS_FEATURE,1.0,0.0,0.0
station:L2_S27,feature:L2_S27_F3169,HAS_FEATURE,1.0,0.0,0.0
station:L2_S27,feature:L2_S27_F3170,HAS_FEATURE,1.0,0.0,0.0
station:L2_S27,feature:L2_S27_F3172,HAS_FEATURE,1.0,0.0,0.0
station:L2_S27,feature:L2_S27_F3173,HAS_FEATURE,1.0,0.0,0.0
station:L2_S27,feature:L2_S27_F3175,HAS_FEATURE,1.0,0.0,0.0
station:L2_S27,feature:L2_S27_F3176,HAS_FEATURE,1.0,0.0,0.0
station:L2_S27,feature:L2_S27_F3178,HAS_FEATURE,1.0,0.0,0.0
station:L2_S27,feature:L2_S27_F3179,HAS_FEATURE,1.0,0.0,0.0
station:L2_S27,feature:L2_S27_F3181,HAS_FEATURE,1.0,0.0,0.0
station:L2_S27,feature:L2_S27_F3182,HAS_FEATURE,1.0,0.0,0.0
station:L2_S27,feature:L2_S27_F3184,HAS_FEATURE,1.0,0.0,0.0
station:L2_S27,feature:L2_S27_F3185,HAS_FEATURE,1.0,0.0,0.0
station:L2_S27,feature:L2_S27_F3187,HAS_FEATURE,1.0,0.0,0.0
station:L2_S27,feature:L2_S27_F3188,HAS_FEATURE,1.0,0.0,0.0
station:L2_S27,feature:L2_S27_F3190,HAS_FEATURE,1.0,0.0,0.0
station:L2_S27,feature:L2_S27_F3191,HAS_FEATURE,1.0,0.0,0.0
station:L2_S27,feature:L2_S27_F3192,HAS_FEATURE,1.0,0.0,0.0
station:L2_S27,feature:L2_S27_F3194,HAS_FEATURE,1.0,0.0,0.0
station:L2_S27,feature:L2_S27_F3195,HAS_FEATURE,1.0,0.0,0.0
station:L2_S27,feature:L2_S27_F3197,HAS_FEATURE,1.0,0.0,0.0
station:L2_S27,feature:L2_S27_F3198,HAS_FEATURE,1.0,0.0,0.0
station:L2_S27,feature:L2_S27_F3199,HAS_FEATURE,1.0,0.0,0.0
station:L2_S27,feature:L2_S27_F3201,HAS_FEATURE,1.0,0.0,0.0
station:L2_S27,feature:L2_S27_F3202,HAS_FEATURE,1.0,0.0,0.0
station:L2_S27,feature:L2_S27_F3204,HAS_FEATURE,1.0,0.0,0.0
station:L2_S27,feature:L2_S27_F3205,HAS_FEATURE,1.0,0.0,0.0
station:L2_S27,feature:L2_S27_F3206,HAS_FEATURE,1.0,0.0,0.0
station:L2_S27,feature:L2_S27_F3208,HAS_FEATURE,1.0,0.0,0.0
station:L2_S27,feature:L2_S27_F3209,HAS_FEATURE,1.0,0.0,0.0
station:L2_S27,feature:L2_S27_F3210,HAS_FEATURE,1.0,0.0,0.0
station:L2_S27,feature:L2_S27_F3212,HAS_FEATURE,1.0,0.0,0.0
station:L2_S27,feature:L2_S27_F3213,HAS_FEATURE,1.0,0.0,0.0
station:L2_S27,feature:L2_S27_F3214,HAS_FEATURE,1.0,0.0,0.0
station:L2_S27,feature:L2_S27_F3216,HAS_FEATURE,1.0,0.0,0.0
station:L2_S27,feature:L2_S27_F3217,HAS_FEATURE,1.0,0.0,0.0
station:L2_S27,feature:L2_S27_F3218,HAS_FEATURE,1.0,0.0,0.0
station:L2_S27,feature:L2_S27_F3220,HAS_FEATURE,1.0,0.0,0.0
station:L2_S27,feature:L2_S27_F3221,HAS_FEATURE,1.0,0.0,0.0
station:L2_S28,feature:L2_S28_D3223,HAS_FEATURE,1.0,0.0,0.0
station:L2_S28,feature:L2_S28_D3227,HAS_FEATURE,1.0,0.0,0.0
station:L2_S28,feature:L2_S28_D3230,HAS_FEATURE,1.0,0.0,0.0
station:L2_S28,feature:L2_S28_D3234,HAS_FEATURE,1.0,0.0,0.0
station:L2_S28,feature:L2_S28_D3238,HAS_FEATURE,1.0,0.0,0.0
station:L2_S28,feature:L2_S28_D3242,HAS_FEATURE,1.0,0.0,0.0
station:L2_S28,feature:L2_S28_D3245,HAS_FEATURE,1.0,0.0,0.0
station:L2_S28,feature:L2_S28_D3249,HAS_FEATURE,1.0,0.0,0.0
station:L2_S28,feature:L2_S28_D3252,HAS_FEATURE,1.0,0.0,0.0
station:L2_S28,feature:L2_S28_D3256,HAS_FEATURE,1.0,0.0,0.0
station:L2_S28,feature:L2_S28_D3260,HAS_FEATURE,1.0,0.0,0.0
station:L2_S28,feature:L2_S28_D3264,HAS_FEATURE,1.0,0.0,0.0
station:L2_S28,feature:L2_S28_D3267,HAS_FEATURE,1.0,0.0,0.0
station:L2_S28,feature:L2_S28_D3270,HAS_FEATURE,1.0,0.0,0.0
station:L2_S28,feature:L2_S28_D3273,HAS_FEATURE,1.0,0.0,0.0
station:L2_S28,feature:L2_S28_D3276,HAS_FEATURE,1.0,0.0,0.0
station:L2_S28,feature:L2_S28_D3279,HAS_FEATURE,1.0,0.0,0.0
station:L2_S28,feature:L2_S28_D3282,HAS_FEATURE,1.0,0.0,0.0
station:L2_S28,feature:L2_S28_D3286,HAS_FEATURE,1.0,0.0,0.0
station:L2_S28,feature:L2_S28_D3289,HAS_FEATURE,1.0,0.0,0.0
station:L2_S28,feature:L2_S28_D3293,HAS_FEATURE,1.0,0.0,0.0
station:L2_S28,feature:L2_S28_D3296,HAS_FEATURE,1.0,0.0,0.0
station:L2_S28,feature:L2_S28_D3300,HAS_FEATURE,1.0,0.0,0.0
station:L2_S28,feature:L2_S28_D3304,HAS_FEATURE,1.0,0.0,0.0
station:L2_S28,feature:L2_S28_D3308,HAS_FEATURE,1.0,0.0,0.0
station:L2_S28,feature:L2_S28_D3312,HAS_FEATURE,1.0,0.0,0.0
station:L2_S28,feature:L2_S28_F3222,HAS_FEATURE,1.0,0.0,0.0
station:L2_S28,feature:L2_S28_F3224,HAS_FEATURE,1.0,0.0,0.0
station:L2_S28,feature:L2_S28_F3225,HAS_FEATURE,1.0,0.0,0.0
station:L2_S28,feature:L2_S28_F3226,HAS_FEATURE,1.0,0.0,0.0
station:L2_S28,feature:L2_S28_F3228,HAS_FEATURE,1.0,0.0,0.0
station:L2_S28,feature:L2_S28_F3229,HAS_FEATURE,1.0,0.0,0.0
station:L2_S28,feature:L2_S28_F3231,HAS_FEATURE,1.0,0.0,0.0
station:L2_S28,feature:L2_S28_F3232,HAS_FEATURE,1.0,0.0,0.0
station:L2_S28,feature:L2_S28_F3233,HAS_FEATURE,1.0,0.0,0.0
station:L2_S28,feature:L2_S28_F3235,HAS_FEATURE,1.0,0.0,0.0
station:L2_S28,feature:L2_S28_F3236,HAS_FEATURE,1.0,0.0,0.0
station:L2_S28,feature:L2_S28_F3237,HAS_FEATURE,1.0,0.0,0.0
feature:L2_S28_F3237,failure:Response_1,MODEL_ASSOCIATED_WITH_FAILURE,0.0002535103840138,0.0,0.0002535103840138
station:L2_S28,feature:L2_S28_F3239,HAS_FEATURE,1.0,0.0,0.0
station:L2_S28,feature:L2_S28_F3240,HAS_FEATURE,1.0,0.0,0.0
station:L2_S28,feature:L2_S28_F3241,HAS_FEATURE,1.0,0.0,0.0
station:L2_S28,feature:L2_S28_F3243,HAS_FEATURE,1.0,0.0,0.0
station:L2_S28,feature:L2_S28_F3244,HAS_FEATURE,1.0,0.0,0.0
station:L2_S28,feature:L2_S28_F3246,HAS_FEATURE,1.0,0.0,0.0
station:L2_S28,feature:L2_S28_F3247,HAS_FEATURE,1.0,0.0,0.0
station:L2_S28,feature:L2_S28_F3248,HAS_FEATURE,1.0,0.0,0.0
feature:L2_S28_F3248,failure:Response_1,MODEL_ASSOCIATED_WITH_FAILURE,0.0038312852437423,0.0,0.0038312852437423
station:L2_S28,feature:L2_S28_F3250,HAS_FEATURE,1.0,0.0,0.0
station:L2_S28,feature:L2_S28_F3251,HAS_FEATURE,1.0,0.0,0.0
station:L2_S28,feature:L2_S28_F3253,HAS_FEATURE,1.0,0.0,0.0
station:L2_S28,feature:L2_S28_F3254,HAS_FEATURE,1.0,0.0,0.0
station:L2_S28,feature:L2_S28_F3255,HAS_FEATURE,1.0,0.0,0.0
station:L2_S28,feature:L2_S28_F3257,HAS_FEATURE,1.0,0.0,0.0
station:L2_S28,feature:L2_S28_F3258,HAS_FEATURE,1.0,0.0,0.0
station:L2_S28,feature:L2_S28_F3259,HAS_FEATURE,1.0,0.0,0.0
feature:L2_S28_F3259,failure:Response_1,MODEL_ASSOCIATED_WITH_FAILURE,0.0005380215728026951,0.0,0.0005380215728026951
station:L2_S28,feature:L2_S28_F3261,HAS_FEATURE,1.0,0.0,0.0
station:L2_S28,feature:L2_S28_F3262,HAS_FEATURE,1.0,0.0,0.0
station:L2_S28,feature:L2_S28_F3263,HAS_FEATURE,1.0,0.0,0.0
station:L2_S28,feature:L2_S28_F3265,HAS_FEATURE,1.0,0.0,0.0
station:L2_S28,feature:L2_S28_F3266,HAS_FEATURE,1.0,0.0,0.0
station:L2_S28,feature:L2_S28_F3268,HAS_FEATURE,1.0,0.0,0.0
station:L2_S28,feature:L2_S28_F3269,HAS_FEATURE,1.0,0.0,0.0
station:L2_S28,feature:L2_S28_F3271,HAS_FEATURE,1.0,0.0,0.0
station:L2_S28,feature:L2_S28_F3272,HAS_FEATURE,1.0,0.0,0.0
station:L2_S28,feature:L2_S28_F3274,HAS_FEATURE,1.0,0.0,0.0
station:L2_S28,feature:L2_S28_F3275,HAS_FEATURE,1.0,0.0,0.0
station:L2_S28,feature:L2_S28_F3277,HAS_FEATURE,1.0,0.0,0.0
station:L2_S28,feature:L2_S28_F3278,HAS_FEATURE,1.0,0.0,0.0
station:L2_S28,feature:L2_S28_F3280,HAS_FEATURE,1.0,0.0,0.0
station:L2_S28,feature:L2_S28_F3281,HAS_FEATURE,1.0,0.0,0.0
station:L2_S28,feature:L2_S28_F3283,HAS_FEATURE,1.0,0.0,0.0
station:L2_S28,feature:L2_S28_F3284,HAS_FEATURE,1.0,0.0,0.0
station:L2_S28,feature:L2_S28_F3285,HAS_FEATURE,1.0,0.0,0.0
station:L2_S28,feature:L2_S28_F3287,HAS_FEATURE,1.0,0.0,0.0
station:L2_S28,feature:L2_S28_F3288,HAS_FEATURE,1.0,0.0,0.0
station:L2_S28,feature:L2_S28_F3290,HAS_FEATURE,1.0,0.0,0.0
station:L2_S28,feature:L2_S28_F3291,HAS_FEATURE,1.0,0.0,0.0
station:L2_S28,feature:L2_S28_F3292,HAS_FEATURE,1.0,0.0,0.0
feature:L2_S28_F3292,failure:Response_1,MODEL_ASSOCIATED_WITH_FAILURE,0.0018574118599889,0.0,0.0018574118599889
station:L2_S28,feature:L2_S28_F3294,HAS_FEATURE,1.0,0.0,0.0
station:L2_S28,feature:L2_S28_F3295,HAS_FEATURE,1.0,0.0,0.0
station:L2_S28,feature:L2_S28_F3297,HAS_FEATURE,1.0,0.0,0.0
station:L2_S28,feature:L2_S28_F3298,HAS_FEATURE,1.0,0.0,0.0
station:L2_S28,feature:L2_S28_F3299,HAS_FEATURE,1.0,0.0,0.0
station:L2_S28,feature:L2_S28_F3301,HAS_FEATURE,1.0,0.0,0.0
station:L2_S28,feature:L2_S28_F3302,HAS_FEATURE,1.0,0.0,0.0
station:L2_S28,feature:L2_S28_F3303,HAS_FEATURE,1.0,0.0,0.0
feature:L2_S28_F3303,failure:Response_1,MODEL_ASSOCIATED_WITH_FAILURE,0.0008945294043879,0.0,0.0008945294043879
station:L2_S28,feature:L2_S28_F3305,HAS_FEATURE,1.0,0.0,0.0
station:L2_S28,feature:L2_S28_F3306,HAS_FEATURE,1.0,0.0,0.0
station:L2_S28,feature:L2_S28_F3307,HAS_FEATURE,1.0,0.0,0.0
station:L2_S28,feature:L2_S28_F3309,HAS_FEATURE,1.0,0.0,0.0
station:L2_S28,feature:L2_S28_F3310,HAS_FEATURE,1.0,0.0,0.0
station:L2_S28,feature:L2_S28_F3311,HAS_FEATURE,1.0,0.0,0.0
station:L2_S28,feature:L2_S28_F3313,HAS_FEATURE,1.0,0.0,0.0
station:L2_S28,feature:L2_S28_F3314,HAS_FEATURE,1.0,0.0,0.0
station:L3_S29,feature:L3_S29_D3316,HAS_FEATURE,1.0,0.0,0.0
station:L3_S29,feature:L3_S29_D3319,HAS_FEATURE,1.0,0.0,0.0
station:L3_S29,feature:L3_S29_D3322,HAS_FEATURE,1.0,0.0,0.0
station:L3_S29,feature:L3_S29_D3325,HAS_FEATURE,1.0,0.0,0.0
station:L3_S29,feature:L3_S29_D3328,HAS_FEATURE,1.0,0.0,0.0
station:L3_S29,feature:L3_S29_D3331,HAS_FEATURE,1.0,0.0,0.0
station:L3_S29,feature:L3_S29_D3334,HAS_FEATURE,1.0,0.0,0.0
station:L3_S29,feature:L3_S29_D3337,HAS_FEATURE,1.0,0.0,0.0
station:L3_S29,feature:L3_S29_D3340,HAS_FEATURE,1.0,0.0,0.0
station:L3_S29,feature:L3_S29_D3343,HAS_FEATURE,1.0,0.0,0.0
station:L3_S29,feature:L3_S29_D3346,HAS_FEATURE,1.0,0.0,0.0
station:L3_S29,feature:L3_S29_D3349,HAS_FEATURE,1.0,0.0,0.0
station:L3_S29,feature:L3_S29_D3352,HAS_FEATURE,1.0,0.0,0.0
station:L3_S29,feature:L3_S29_D3355,HAS_FEATURE,1.0,0.0,0.0
station:L3_S29,feature:L3_S29_D3358,HAS_FEATURE,1.0,0.0,0.0
station:L3_S29,feature:L3_S29_D3361,HAS_FEATURE,1.0,0.0,0.0
station:L3_S29,feature:L3_S29_D3363,HAS_FEATURE,1.0,0.0,0.0
station:L3_S29,feature:L3_S29_D3365,HAS_FEATURE,1.0,0.0,0.0
station:L3_S29,feature:L3_S29_D3368,HAS_FEATURE,1.0,0.0,0.0
station:L3_S29,feature:L3_S29_D3371,HAS_FEATURE,1.0,0.0,0.0
station:L3_S29,feature:L3_S29_D3374,HAS_FEATURE,1.0,0.0,0.0
station:L3_S29,feature:L3_S29_D3377,HAS_FEATURE,1.0,0.0,0.0
station:L3_S29,feature:L3_S29_D3380,HAS_FEATURE,1.0,0.0,0.0
station:L3_S29,feature:L3_S29_D3383,HAS_FEATURE,1.0,0.0,0.0
station:L3_S29,feature:L3_S29_D3386,HAS_FEATURE,1.0,0.0,0.0
station:L3_S29,feature:L3_S29_D3389,HAS_FEATURE,1.0,0.0,0.0
station:L3_S29,feature:L3_S29_D3391,HAS_FEATURE,1.0,0.0,0.0
station:L3_S29,feature:L3_S29_D3393,HAS_FEATURE,1.0,0.0,0.0
station:L3_S29,feature:L3_S29_D3396,HAS_FEATURE,1.0,0.0,0.0
station:L3_S29,feature:L3_S29_D3399,HAS_FEATURE,1.0,0.0,0.0
station:L3_S29,feature:L3_S29_D3402,HAS_FEATURE,1.0,0.0,0.0
station:L3_S29,feature:L3_S29_D3405,HAS_FEATURE,1.0,0.0,0.0
station:L3_S29,feature:L3_S29_D3408,HAS_FEATURE,1.0,0.0,0.0
station:L3_S29,feature:L3_S29_D3410,HAS_FEATURE,1.0,0.0,0.0
station:L3_S29,feature:L3_S29_D3413,HAS_FEATURE,1.0,0.0,0.0
station:L3_S29,feature:L3_S29_D3415,HAS_FEATURE,1.0,0.0,0.0
station:L3_S29,feature:L3_S29_D3417,HAS_FEATURE,1.0,0.0,0.0
station:L3_S29,feature:L3_S29_D3419,HAS_FEATURE,1.0,0.0,0.0
station:L3_S29,feature:L3_S29_D3422,HAS_FEATURE,1.0,0.0,0.0
station:L3_S29,feature:L3_S29_D3425,HAS_FEATURE,1.0,0.0,0.0
station:L3_S29,feature:L3_S29_D3428,HAS_FEATURE,1.0,0.0,0.0
station:L3_S29,feature:L3_S29_D3431,HAS_FEATURE,1.0,0.0,0.0
station:L3_S29,feature:L3_S29_D3434,HAS_FEATURE,1.0,0.0,0.0
station:L3_S29,feature:L3_S29_D3437,HAS_FEATURE,1.0,0.0,0.0
station:L3_S29,feature:L3_S29_D3440,HAS_FEATURE,1.0,0.0,0.0
station:L3_S29,feature:L3_S29_D3443,HAS_FEATURE,1.0,0.0,0.0
station:L3_S29,feature:L3_S29_D3445,HAS_FEATURE,1.0,0.0,0.0
station:L3_S29,feature:L3_S29_D3447,HAS_FEATURE,1.0,0.0,0.0
station:L3_S29,feature:L3_S29_D3450,HAS_FEATURE,1.0,0.0,0.0
station:L3_S29,feature:L3_S29_D3453,HAS_FEATURE,1.0,0.0,0.0
station:L3_S29,feature:L3_S29_D3456,HAS_FEATURE,1.0,0.0,0.0
station:L3_S29,feature:L3_S29_D3459,HAS_FEATURE,1.0,0.0,0.0
station:L3_S29,feature:L3_S29_D3462,HAS_FEATURE,1.0,0.0,0.0
station:L3_S29,feature:L3_S29_D3465,HAS_FEATURE,1.0,0.0,0.0
station:L3_S29,feature:L3_S29_D3468,HAS_FEATURE,1.0,0.0,0.0
station:L3_S29,feature:L3_S29_D3471,HAS_FEATURE,1.0,0.0,0.0
station:L3_S29,feature:L3_S29_D3474,HAS_FEATURE,1.0,0.0,0.0
station:L3_S29,feature:L3_S29_D3477,HAS_FEATURE,1.0,0.0,0.0
station:L3_S29,feature:L3_S29_D3480,HAS_FEATURE,1.0,0.0,0.0
station:L3_S29,feature:L3_S29_D3483,HAS_FEATURE,1.0,0.0,0.0
station:L3_S29,feature:L3_S29_D3486,HAS_FEATURE,1.0,0.0,0.0
station:L3_S29,feature:L3_S29_D3489,HAS_FEATURE,1.0,0.0,0.0
station:L3_S29,feature:L3_S29_D3492,HAS_FEATURE,1.0,0.0,0.0
station:L3_S29,feature:L3_S29_F3315,HAS_FEATURE,1.0,0.0,0.0
station:L3_S29,feature:L3_S29_F3317,HAS_FEATURE,1.0,0.0,0.0
station:L3_S29,feature:L3_S29_F3318,HAS_FEATURE,1.0,0.0,0.0
station:L3_S29,feature:L3_S29_F3320,HAS_FEATURE,1.0,0.0,0.0
station:L3_S29,feature:L3_S29_F3321,HAS_FEATURE,1.0,0.0,0.0
station:L3_S29,feature:L3_S29_F3323,HAS_FEATURE,1.0,0.0,0.0
station:L3_S29,feature:L3_S29_F3324,HAS_FEATURE,1.0,0.0,0.0
station:L3_S29,feature:L3_S29_F3326,HAS_FEATURE,1.0,0.0,0.0
station:L3_S29,feature:L3_S29_F3327,HAS_FEATURE,1.0,0.0,0.0
station:L3_S29,feature:L3_S29_F3329,HAS_FEATURE,1.0,0.0,0.0
station:L3_S29,feature:L3_S29_F3330,HAS_FEATURE,1.0,0.0,0.0
station:L3_S29,feature:L3_S29_F3332,HAS_FEATURE,1.0,0.0,0.0
station:L3_S29,feature:L3_S29_F3333,HAS_FEATURE,1.0,0.0,0.0
station:L3_S29,feature:L3_S29_F3335,HAS_FEATURE,1.0,0.0,0.0
station:L3_S29,feature:L3_S29_F3336,HAS_FEATURE,1.0,0.0,0.0
station:L3_S29,feature:L3_S29_F3338,HAS_FEATURE,1.0,0.0,0.0
station:L3_S29,feature:L3_S29_F3339,HAS_FEATURE,1.0,0.0,0.0
station:L3_S29,feature:L3_S29_F3341,HAS_FEATURE,1.0,0.0,0.0
station:L3_S29,feature:L3_S29_F3342,HAS_FEATURE,1.0,0.0,0.0
station:L3_S29,feature:L3_S29_F3344,HAS_FEATURE,1.0,0.0,0.0
station:L3_S29,feature:L3_S29_F3345,HAS_FEATURE,1.0,0.0,0.0
station:L3_S29,feature:L3_S29_F3347,HAS_FEATURE,1.0,0.0,0.0
station:L3_S29,feature:L3_S29_F3348,HAS_FEATURE,1.0,0.0,0.0
station:L3_S29,feature:L3_S29_F3350,HAS_FEATURE,1.0,0.0,0.0
station:L3_S29,feature:L3_S29_F3351,HAS_FEATURE,1.0,0.0,0.0
station:L3_S29,feature:L3_S29_F3353,HAS_FEATURE,1.0,0.0,0.0
station:L3_S29,feature:L3_S29_F3354,HAS_FEATURE,1.0,0.0,0.0
station:L3_S29,feature:L3_S29_F3356,HAS_FEATURE,1.0,0.0,0.0
station:L3_S29,feature:L3_S29_F3357,HAS_FEATURE,1.0,0.0,0.0
station:L3_S29,feature:L3_S29_F3359,HAS_FEATURE,1.0,0.0,0.0
station:L3_S29,feature:L3_S29_F3360,HAS_FEATURE,1.0,0.0,0.0
station:L3_S29,feature:L3_S29_F3362,HAS_FEATURE,1.0,0.0,0.0
station:L3_S29,feature:L3_S29_F3364,HAS_FEATURE,1.0,0.0,0.0
station:L3_S29,feature:L3_S29_F3366,HAS_FEATURE,1.0,0.0,0.0
station:L3_S29,feature:L3_S29_F3367,HAS_FEATURE,1.0,0.0,0.0
station:L3_S29,feature:L3_S29_F3369,HAS_FEATURE,1.0,0.0,0.0
station:L3_S29,feature:L3_S29_F3370,HAS_FEATURE,1.0,0.0,0.0
station:L3_S29,feature:L3_S29_F3372,HAS_FEATURE,1.0,0.0,0.0
station:L3_S29,feature:L3_S29_F3373,HAS_FEATURE,1.0,0.0,0.0
station:L3_S29,feature:L3_S29_F3375,HAS_FEATURE,1.0,0.0,0.0
station:L3_S29,feature:L3_S29_F3376,HAS_FEATURE,1.0,0.0,0.0
station:L3_S29,feature:L3_S29_F3378,HAS_FEATURE,1.0,0.0,0.0
station:L3_S29,feature:L3_S29_F3379,HAS_FEATURE,1.0,0.0,0.0
station:L3_S29,feature:L3_S29_F3381,HAS_FEATURE,1.0,0.0,0.0
station:L3_S29,feature:L3_S29_F3382,HAS_FEATURE,1.0,0.0,0.0
station:L3_S29,feature:L3_S29_F3384,HAS_FEATURE,1.0,0.0,0.0
station:L3_S29,feature:L3_S29_F3385,HAS_FEATURE,1.0,0.0,0.0
station:L3_S29,feature:L3_S29_F3387,HAS_FEATURE,1.0,0.0,0.0
station:L3_S29,feature:L3_S29_F3388,HAS_FEATURE,1.0,0.0,0.0
station:L3_S29,feature:L3_S29_F3390,HAS_FEATURE,1.0,0.0,0.0
station:L3_S29,feature:L3_S29_F3392,HAS_FEATURE,1.0,0.0,0.0
station:L3_S29,feature:L3_S29_F3394,HAS_FEATURE,1.0,0.0,0.0
station:L3_S29,feature:L3_S29_F3395,HAS_FEATURE,1.0,0.0,0.0
station:L3_S29,feature:L3_S29_F3397,HAS_FEATURE,1.0,0.0,0.0
station:L3_S29,feature:L3_S29_F3398,HAS_FEATURE,1.0,0.0,0.0
station:L3_S29,feature:L3_S29_F3400,HAS_FEATURE,1.0,0.0,0.0
station:L3_S29,feature:L3_S29_F3401,HAS_FEATURE,1.0,0.0,0.0
station:L3_S29,feature:L3_S29_F3403,HAS_FEATURE,1.0,0.0,0.0
station:L3_S29,feature:L3_S29_F3404,HAS_FEATURE,1.0,0.0,0.0
station:L3_S29,feature:L3_S29_F3406,HAS_FEATURE,1.0,0.0,0.0
station:L3_S29,feature:L3_S29_F3407,HAS_FEATURE,1.0,0.0,0.0
station:L3_S29,feature:L3_S29_F3409,HAS_FEATURE,1.0,0.0,0.0
station:L3_S29,feature:L3_S29_F3411,HAS_FEATURE,1.0,0.0,0.0
station:L3_S29,feature:L3_S29_F3412,HAS_FEATURE,1.0,0.0,0.0
station:L3_S29,feature:L3_S29_F3414,HAS_FEATURE,1.0,0.0,0.0
station:L3_S29,feature:L3_S29_F3416,HAS_FEATURE,1.0,0.0,0.0
station:L3_S29,feature:L3_S29_F3418,HAS_FEATURE,1.0,0.0,0.0
station:L3_S29,feature:L3_S29_F3420,HAS_FEATURE,1.0,0.0,0.0
station:L3_S29,feature:L3_S29_F3421,HAS_FEATURE,1.0,0.0,0.0
station:L3_S29,feature:L3_S29_F3423,HAS_FEATURE,1.0,0.0,0.0
station:L3_S29,feature:L3_S29_F3424,HAS_FEATURE,1.0,0.0,0.0
station:L3_S29,feature:L3_S29_F3426,HAS_FEATURE,1.0,0.0,0.0
station:L3_S29,feature:L3_S29_F3427,HAS_FEATURE,1.0,0.0,0.0
station:L3_S29,feature:L3_S29_F3429,HAS_FEATURE,1.0,0.0,0.0
station:L3_S29,feature:L3_S29_F3430,HAS_FEATURE,1.0,0.0,0.0
station:L3_S29,feature:L3_S29_F3432,HAS_FEATURE,1.0,0.0,0.0
station:L3_S29,feature:L3_S29_F3433,HAS_FEATURE,1.0,0.0,0.0
station:L3_S29,feature:L3_S29_F3435,HAS_FEATURE,1.0,0.0,0.0
station:L3_S29,feature:L3_S29_F3436,HAS_FEATURE,1.0,0.0,0.0
station:L3_S29,feature:L3_S29_F3438,HAS_FEATURE,1.0,0.0,0.0
station:L3_S29,feature:L3_S29_F3439,HAS_FEATURE,1.0,0.0,0.0
station:L3_S29,feature:L3_S29_F3441,HAS_FEATURE,1.0,0.0,0.0
station:L3_S29,feature:L3_S29_F3442,HAS_FEATURE,1.0,0.0,0.0
station:L3_S29,feature:L3_S29_F3444,HAS_FEATURE,1.0,0.0,0.0
station:L3_S29,feature:L3_S29_F3446,HAS_FEATURE,1.0,0.0,0.0
station:L3_S29,feature:L3_S29_F3448,HAS_FEATURE,1.0,0.0,0.0
station:L3_S29,feature:L3_S29_F3449,HAS_FEATURE,1.0,0.0,0.0
station:L3_S29,feature:L3_S29_F3451,HAS_FEATURE,1.0,0.0,0.0
station:L3_S29,feature:L3_S29_F3452,HAS_FEATURE,1.0,0.0,0.0
station:L3_S29,feature:L3_S29_F3454,HAS_FEATURE,1.0,0.0,0.0
station:L3_S29,feature:L3_S29_F3455,HAS_FEATURE,1.0,0.0,0.0
station:L3_S29,feature:L3_S29_F3457,HAS_FEATURE,1.0,0.0,0.0
station:L3_S29,feature:L3_S29_F3458,HAS_FEATURE,1.0,0.0,0.0
station:L3_S29,feature:L3_S29_F3460,HAS_FEATURE,1.0,0.0,0.0
station:L3_S29,feature:L3_S29_F3461,HAS_FEATURE,1.0,0.0,0.0
station:L3_S29,feature:L3_S29_F3463,HAS_FEATURE,1.0,0.0,0.0
station:L3_S29,feature:L3_S29_F3464,HAS_FEATURE,1.0,0.0,0.0
station:L3_S29,feature:L3_S29_F3466,HAS_FEATURE,1.0,0.0,0.0
station:L3_S29,feature:L3_S29_F3467,HAS_FEATURE,1.0,0.0,0.0
station:L3_S29,feature:L3_S29_F3469,HAS_FEATURE,1.0,0.0,0.0
station:L3_S29,feature:L3_S29_F3470,HAS_FEATURE,1.0,0.0,0.0
station:L3_S29,feature:L3_S29_F3472,HAS_FEATURE,1.0,0.0,0.0
station:L3_S29,feature:L3_S29_F3473,HAS_FEATURE,1.0,0.0,0.0
station:L3_S29,feature:L3_S29_F3475,HAS_FEATURE,1.0,0.0,0.0
station:L3_S29,feature:L3_S29_F3476,HAS_FEATURE,1.0,0.0,0.0
station:L3_S29,feature:L3_S29_F3478,HAS_FEATURE,1.0,0.0,0.0
station:L3_S29,feature:L3_S29_F3479,HAS_FEATURE,1.0,0.0,0.0
station:L3_S29,feature:L3_S29_F3481,HAS_FEATURE,1.0,0.0,0.0
station:L3_S29,feature:L3_S29_F3482,HAS_FEATURE,1.0,0.0,0.0
station:L3_S29,feature:L3_S29_F3484,HAS_FEATURE,1.0,0.0,0.0
station:L3_S29,feature:L3_S29_F3485,HAS_FEATURE,1.0,0.0,0.0
station:L3_S29,feature:L3_S29_F3487,HAS_FEATURE,1.0,0.0,0.0
station:L3_S29,feature:L3_S29_F3488,HAS_FEATURE,1.0,0.0,0.0
station:L3_S29,feature:L3_S29_F3490,HAS_FEATURE,1.0,0.0,0.0
station:L3_S29,feature:L3_S29_F3491,HAS_FEATURE,1.0,0.0,0.0
station:L3_S29,feature:L3_S29_F3493,HAS_FEATURE,1.0,0.0,0.0
station:L3_S30,feature:L3_S30_D3496,HAS_FEATURE,1.0,0.0,0.0
station:L3_S30,feature:L3_S30_D3501,HAS_FEATURE,1.0,0.0,0.0
station:L3_S30,feature:L3_S30_D3506,HAS_FEATURE,1.0,0.0,0.0
station:L3_S30,feature:L3_S30_D3511,HAS_FEATURE,1.0,0.0,0.0
station:L3_S30,feature:L3_S30_D3516,HAS_FEATURE,1.0,0.0,0.0
station:L3_S30,feature:L3_S30_D3521,HAS_FEATURE,1.0,0.0,0.0
station:L3_S30,feature:L3_S30_D3526,HAS_FEATURE,1.0,0.0,0.0
station:L3_S30,feature:L3_S30_D3531,HAS_FEATURE,1.0,0.0,0.0
station:L3_S30,feature:L3_S30_D3536,HAS_FEATURE,1.0,0.0,0.0
station:L3_S30,feature:L3_S30_D3541,HAS_FEATURE,1.0,0.0,0.0
station:L3_S30,feature:L3_S30_D3546,HAS_FEATURE,1.0,0.0,0.0
station:L3_S30,feature:L3_S30_D3551,HAS_FEATURE,1.0,0.0,0.0
station:L3_S30,feature:L3_S30_D3556,HAS_FEATURE,1.0,0.0,0.0
station:L3_S30,feature:L3_S30_D3561,HAS_FEATURE,1.0,0.0,0.0
station:L3_S30,feature:L3_S30_D3566,HAS_FEATURE,1.0,0.0,0.0
station:L3_S30,feature:L3_S30_D3571,HAS_FEATURE,1.0,0.0,0.0
station:L3_S30,feature:L3_S30_D3576,HAS_FEATURE,1.0,0.0,0.0
station:L3_S30,feature:L3_S30_D3581,HAS_FEATURE,1.0,0.0,0.0
station:L3_S30,feature:L3_S30_D3586,HAS_FEATURE,1.0,0.0,0.0
station:L3_S30,feature:L3_S30_D3591,HAS_FEATURE,1.0,0.0,0.0
station:L3_S30,feature:L3_S30_D3596,HAS_FEATURE,1.0,0.0,0.0
station:L3_S30,feature:L3_S30_D3601,HAS_FEATURE,1.0,0.0,0.0
station:L3_S30,feature:L3_S30_D3606,HAS_FEATURE,1.0,0.0,0.0
station:L3_S30,feature:L3_S30_D3611,HAS_FEATURE,1.0,0.0,0.0
station:L3_S30,feature:L3_S30_D3616,HAS_FEATURE,1.0,0.0,0.0
station:L3_S30,feature:L3_S30_D3621,HAS_FEATURE,1.0,0.0,0.0
station:L3_S30,feature:L3_S30_D3626,HAS_FEATURE,1.0,0.0,0.0
station:L3_S30,feature:L3_S30_D3631,HAS_FEATURE,1.0,0.0,0.0
station:L3_S30,feature:L3_S30_D3636,HAS_FEATURE,1.0,0.0,0.0
station:L3_S30,feature:L3_S30_D3641,HAS_FEATURE,1.0,0.0,0.0
station:L3_S30,feature:L3_S30_D3646,HAS_FEATURE,1.0,0.0,0.0
station:L3_S30,feature:L3_S30_D3651,HAS_FEATURE,1.0,0.0,0.0
station:L3_S30,feature:L3_S30_D3656,HAS_FEATURE,1.0,0.0,0.0
station:L3_S30,feature:L3_S30_D3661,HAS_FEATURE,1.0,0.0,0.0
station:L3_S30,feature:L3_S30_D3666,HAS_FEATURE,1.0,0.0,0.0
station:L3_S30,feature:L3_S30_D3671,HAS_FEATURE,1.0,0.0,0.0
station:L3_S30,feature:L3_S30_D3676,HAS_FEATURE,1.0,0.0,0.0
station:L3_S30,feature:L3_S30_D3681,HAS_FEATURE,1.0,0.0,0.0
station:L3_S30,feature:L3_S30_D3686,HAS_FEATURE,1.0,0.0,0.0
station:L3_S30,feature:L3_S30_D3691,HAS_FEATURE,1.0,0.0,0.0
station:L3_S30,feature:L3_S30_D3696,HAS_FEATURE,1.0,0.0,0.0
station:L3_S30,feature:L3_S30_D3701,HAS_FEATURE,1.0,0.0,0.0
station:L3_S30,feature:L3_S30_D3706,HAS_FEATURE,1.0,0.0,0.0
station:L3_S30,feature:L3_S30_D3711,HAS_FEATURE,1.0,0.0,0.0
station:L3_S30,feature:L3_S30_D3716,HAS_FEATURE,1.0,0.0,0.0
station:L3_S30,feature:L3_S30_D3721,HAS_FEATURE,1.0,0.0,0.0
station:L3_S30,feature:L3_S30_D3726,HAS_FEATURE,1.0,0.0,0.0
station:L3_S30,feature:L3_S30_D3731,HAS_FEATURE,1.0,0.0,0.0
station:L3_S30,feature:L3_S30_D3736,HAS_FEATURE,1.0,0.0,0.0
station:L3_S30,feature:L3_S30_D3741,HAS_FEATURE,1.0,0.0,0.0
station:L3_S30,feature:L3_S30_D3746,HAS_FEATURE,1.0,0.0,0.0
station:L3_S30,feature:L3_S30_D3751,HAS_FEATURE,1.0,0.0,0.0
station:L3_S30,feature:L3_S30_D3756,HAS_FEATURE,1.0,0.0,0.0
station:L3_S30,feature:L3_S30_D3761,HAS_FEATURE,1.0,0.0,0.0
station:L3_S30,feature:L3_S30_D3766,HAS_FEATURE,1.0,0.0,0.0
station:L3_S30,feature:L3_S30_D3771,HAS_FEATURE,1.0,0.0,0.0
station:L3_S30,feature:L3_S30_D3776,HAS_FEATURE,1.0,0.0,0.0
station:L3_S30,feature:L3_S30_D3781,HAS_FEATURE,1.0,0.0,0.0
station:L3_S30,feature:L3_S30_D3786,HAS_FEATURE,1.0,0.0,0.0
station:L3_S30,feature:L3_S30_D3791,HAS_FEATURE,1.0,0.0,0.0
station:L3_S30,feature:L3_S30_D3796,HAS_FEATURE,1.0,0.0,0.0
station:L3_S30,feature:L3_S30_D3801,HAS_FEATURE,1.0,0.0,0.0
station:L3_S30,feature:L3_S30_D3806,HAS_FEATURE,1.0,0.0,0.0
station:L3_S30,feature:L3_S30_D3811,HAS_FEATURE,1.0,0.0,0.0
station:L3_S30,feature:L3_S30_D3816,HAS_FEATURE,1.0,0.0,0.0
station:L3_S30,feature:L3_S30_D3821,HAS_FEATURE,1.0,0.0,0.0
station:L3_S30,feature:L3_S30_D3826,HAS_FEATURE,1.0,0.0,0.0
station:L3_S30,feature:L3_S30_D3831,HAS_FEATURE,1.0,0.0,0.0
station:L3_S30,feature:L3_S30_F3494,HAS_FEATURE,1.0,0.0,0.0
station:L3_S30,feature:L3_S30_F3495,HAS_FEATURE,1.0,0.0,0.0
station:L3_S30,feature:L3_S30_F3497,HAS_FEATURE,1.0,0.0,0.0
station:L3_S30,feature:L3_S30_F3498,HAS_FEATURE,1.0,0.0,0.0
station:L3_S30,feature:L3_S30_F3499,HAS_FEATURE,1.0,0.0,0.0
station:L3_S30,feature:L3_S30_F3500,HAS_FEATURE,1.0,0.0,0.0
station:L3_S30,feature:L3_S30_F3502,HAS_FEATURE,1.0,0.0,0.0
station:L3_S30,feature:L3_S30_F3503,HAS_FEATURE,1.0,0.0,0.0
station:L3_S30,feature:L3_S30_F3504,HAS_FEATURE,1.0,0.0,0.0
station:L3_S30,feature:L3_S30_F3505,HAS_FEATURE,1.0,0.0,0.0
station:L3_S30,feature:L3_S30_F3507,HAS_FEATURE,1.0,0.0,0.0
station:L3_S30,feature:L3_S30_F3508,HAS_FEATURE,1.0,0.0,0.0
station:L3_S30,feature:L3_S30_F3509,HAS_FEATURE,1.0,0.0,0.0
station:L3_S30,feature:L3_S30_F3510,HAS_FEATURE,1.0,0.0,0.0
station:L3_S30,feature:L3_S30_F3512,HAS_FEATURE,1.0,0.0,0.0
station:L3_S30,feature:L3_S30_F3513,HAS_FEATURE,1.0,0.0,0.0
station:L3_S30,feature:L3_S30_F3514,HAS_FEATURE,1.0,0.0,0.0
station:L3_S30,feature:L3_S30_F3515,HAS_FEATURE,1.0,0.0,0.0
station:L3_S30,feature:L3_S30_F3517,HAS_FEATURE,1.0,0.0,0.0
station:L3_S30,feature:L3_S30_F3518,HAS_FEATURE,1.0,0.0,0.0
station:L3_S30,feature:L3_S30_F3519,HAS_FEATURE,1.0,0.0,0.0
station:L3_S30,feature:L3_S30_F3520,HAS_FEATURE,1.0,0.0,0.0
station:L3_S30,feature:L3_S30_F3522,HAS_FEATURE,1.0,0.0,0.0
station:L3_S30,feature:L3_S30_F3523,HAS_FEATURE,1.0,0.0,0.0
station:L3_S30,feature:L3_S30_F3524,HAS_FEATURE,1.0,0.0,0.0
station:L3_S30,feature:L3_S30_F3525,HAS_FEATURE,1.0,0.0,0.0
station:L3_S30,feature:L3_S30_F3527,HAS_FEATURE,1.0,0.0,0.0
station:L3_S30,feature:L3_S30_F3528,HAS_FEATURE,1.0,0.0,0.0
station:L3_S30,feature:L3_S30_F3529,HAS_FEATURE,1.0,0.0,0.0
station:L3_S30,feature:L3_S30_F3530,HAS_FEATURE,1.0,0.0,0.0
station:L3_S30,feature:L3_S30_F3532,HAS_FEATURE,1.0,0.0,0.0
station:L3_S30,feature:L3_S30_F3533,HAS_FEATURE,1.0,0.0,0.0
station:L3_S30,feature:L3_S30_F3534,HAS_FEATURE,1.0,0.0,0.0
station:L3_S30,feature:L3_S30_F3535,HAS_FEATURE,1.0,0.0,0.0
station:L3_S30,feature:L3_S30_F3537,HAS_FEATURE,1.0,0.0,0.0
station:L3_S30,feature:L3_S30_F3538,HAS_FEATURE,1.0,0.0,0.0
station:L3_S30,feature:L3_S30_F3539,HAS_FEATURE,1.0,0.0,0.0
station:L3_S30,feature:L3_S30_F3540,HAS_FEATURE,1.0,0.0,0.0
station:L3_S30,feature:L3_S30_F3542,HAS_FEATURE,1.0,0.0,0.0
station:L3_S30,feature:L3_S30_F3543,HAS_FEATURE,1.0,0.0,0.0
station:L3_S30,feature:L3_S30_F3544,HAS_FEATURE,1.0,0.0,0.0
station:L3_S30,feature:L3_S30_F3545,HAS_FEATURE,1.0,0.0,0.0
station:L3_S30,feature:L3_S30_F3547,HAS_FEATURE,1.0,0.0,0.0
station:L3_S30,feature:L3_S30_F3548,HAS_FEATURE,1.0,0.0,0.0
station:L3_S30,feature:L3_S30_F3549,HAS_FEATURE,1.0,0.0,0.0
station:L3_S30,feature:L3_S30_F3550,HAS_FEATURE,1.0,0.0,0.0
station:L3_S30,feature:L3_S30_F3552,HAS_FEATURE,1.0,0.0,0.0
station:L3_S30,feature:L3_S30_F3553,HAS_FEATURE,1.0,0.0,0.0
station:L3_S30,feature:L3_S30_F3554,HAS_FEATURE,1.0,0.0,0.0
station:L3_S30,feature:L3_S30_F3555,HAS_FEATURE,1.0,0.0,0.0
station:L3_S30,feature:L3_S30_F3557,HAS_FEATURE,1.0,0.0,0.0
station:L3_S30,feature:L3_S30_F3558,HAS_FEATURE,1.0,0.0,0.0
station:L3_S30,feature:L3_S30_F3559,HAS_FEATURE,1.0,0.0,0.0
station:L3_S30,feature:L3_S30_F3560,HAS_FEATURE,1.0,0.0,0.0
station:L3_S30,feature:L3_S30_F3562,HAS_FEATURE,1.0,0.0,0.0
station:L3_S30,feature:L3_S30_F3563,HAS_FEATURE,1.0,0.0,0.0
station:L3_S30,feature:L3_S30_F3564,HAS_FEATURE,1.0,0.0,0.0
station:L3_S30,feature:L3_S30_F3565,HAS_FEATURE,1.0,0.0,0.0
station:L3_S30,feature:L3_S30_F3567,HAS_FEATURE,1.0,0.0,0.0
station:L3_S30,feature:L3_S30_F3568,HAS_FEATURE,1.0,0.0,0.0
station:L3_S30,feature:L3_S30_F3569,HAS_FEATURE,1.0,0.0,0.0
station:L3_S30,feature:L3_S30_F3570,HAS_FEATURE,1.0,0.0,0.0
station:L3_S30,feature:L3_S30_F3572,HAS_FEATURE,1.0,0.0,0.0
station:L3_S30,feature:L3_S30_F3573,HAS_FEATURE,1.0,0.0,0.0
station:L3_S30,feature:L3_S30_F3574,HAS_FEATURE,1.0,0.0,0.0
station:L3_S30,feature:L3_S30_F3575,HAS_FEATURE,1.0,0.0,0.0
station:L3_S30,feature:L3_S30_F3577,HAS_FEATURE,1.0,0.0,0.0
station:L3_S30,feature:L3_S30_F3578,HAS_FEATURE,1.0,0.0,0.0
station:L3_S30,feature:L3_S30_F3579,HAS_FEATURE,1.0,0.0,0.0
station:L3_S30,feature:L3_S30_F3580,HAS_FEATURE,1.0,0.0,0.0
station:L3_S30,feature:L3_S30_F3582,HAS_FEATURE,1.0,0.0,0.0
station:L3_S30,feature:L3_S30_F3583,HAS_FEATURE,1.0,0.0,0.0
station:L3_S30,feature:L3_S30_F3584,HAS_FEATURE,1.0,0.0,0.0
station:L3_S30,feature:L3_S30_F3585,HAS_FEATURE,1.0,0.0,0.0
station:L3_S30,feature:L3_S30_F3587,HAS_FEATURE,1.0,0.0,0.0
station:L3_S30,feature:L3_S30_F3588,HAS_FEATURE,1.0,0.0,0.0
station:L3_S30,feature:L3_S30_F3589,HAS_FEATURE,1.0,0.0,0.0
station:L3_S30,feature:L3_S30_F3590,HAS_FEATURE,1.0,0.0,0.0
station:L3_S30,feature:L3_S30_F3592,HAS_FEATURE,1.0,0.0,0.0
station:L3_S30,feature:L3_S30_F3593,HAS_FEATURE,1.0,0.0,0.0
station:L3_S30,feature:L3_S30_F3594,HAS_FEATURE,1.0,0.0,0.0
station:L3_S30,feature:L3_S30_F3595,HAS_FEATURE,1.0,0.0,0.0
station:L3_S30,feature:L3_S30_F3597,HAS_FEATURE,1.0,0.0,0.0
station:L3_S30,feature:L3_S30_F3598,HAS_FEATURE,1.0,0.0,0.0
station:L3_S30,feature:L3_S30_F3599,HAS_FEATURE,1.0,0.0,0.0
station:L3_S30,feature:L3_S30_F3600,HAS_FEATURE,1.0,0.0,0.0
station:L3_S30,feature:L3_S30_F3602,HAS_FEATURE,1.0,0.0,0.0
station:L3_S30,feature:L3_S30_F3603,HAS_FEATURE,1.0,0.0,0.0
station:L3_S30,feature:L3_S30_F3604,HAS_FEATURE,1.0,0.0,0.0
station:L3_S30,feature:L3_S30_F3605,HAS_FEATURE,1.0,0.0,0.0
station:L3_S30,feature:L3_S30_F3607,HAS_FEATURE,1.0,0.0,0.0
station:L3_S30,feature:L3_S30_F3608,HAS_FEATURE,1.0,0.0,0.0
station:L3_S30,feature:L3_S30_F3609,HAS_FEATURE,1.0,0.0,0.0
station:L3_S30,feature:L3_S30_F3610,HAS_FEATURE,1.0,0.0,0.0
station:L3_S30,feature:L3_S30_F3612,HAS_FEATURE,1.0,0.0,0.0
station:L3_S30,feature:L3_S30_F3613,HAS_FEATURE,1.0,0.0,0.0
station:L3_S30,feature:L3_S30_F3614,HAS_FEATURE,1.0,0.0,0.0
station:L3_S30,feature:L3_S30_F3615,HAS_FEATURE,1.0,0.0,0.0
station:L3_S30,feature:L3_S30_F3617,HAS_FEATURE,1.0,0.0,0.0
station:L3_S30,feature:L3_S30_F3618,HAS_FEATURE,1.0,0.0,0.0
station:L3_S30,feature:L3_S30_F3619,HAS_FEATURE,1.0,0.0,0.0
station:L3_S30,feature:L3_S30_F3620,HAS_FEATURE,1.0,0.0,0.0
station:L3_S30,feature:L3_S30_F3622,HAS_FEATURE,1.0,0.0,0.0
station:L3_S30,feature:L3_S30_F3623,HAS_FEATURE,1.0,0.0,0.0
station:L3_S30,feature:L3_S30_F3624,HAS_FEATURE,1.0,0.0,0.0
station:L3_S30,feature:L3_S30_F3625,HAS_FEATURE,1.0,0.0,0.0
station:L3_S30,feature:L3_S30_F3627,HAS_FEATURE,1.0,0.0,0.0
station:L3_S30,feature:L3_S30_F3628,HAS_FEATURE,1.0,0.0,0.0
station:L3_S30,feature:L3_S30_F3629,HAS_FEATURE,1.0,0.0,0.0
station:L3_S30,feature:L3_S30_F3630,HAS_FEATURE,1.0,0.0,0.0
station:L3_S30,feature:L3_S30_F3632,HAS_FEATURE,1.0,0.0,0.0
station:L3_S30,feature:L3_S30_F3633,HAS_FEATURE,1.0,0.0,0.0
station:L3_S30,feature:L3_S30_F3634,HAS_FEATURE,1.0,0.0,0.0
station:L3_S30,feature:L3_S30_F3635,HAS_FEATURE,1.0,0.0,0.0
station:L3_S30,feature:L3_S30_F3637,HAS_FEATURE,1.0,0.0,0.0
station:L3_S30,feature:L3_S30_F3638,HAS_FEATURE,1.0,0.0,0.0
station:L3_S30,feature:L3_S30_F3639,HAS_FEATURE,1.0,0.0,0.0
station:L3_S30,feature:L3_S30_F3640,HAS_FEATURE,1.0,0.0,0.0
station:L3_S30,feature:L3_S30_F3642,HAS_FEATURE,1.0,0.0,0.0
station:L3_S30,feature:L3_S30_F3643,HAS_FEATURE,1.0,0.0,0.0
station:L3_S30,feature:L3_S30_F3644,HAS_FEATURE,1.0,0.0,0.0
station:L3_S30,feature:L3_S30_F3645,HAS_FEATURE,1.0,0.0,0.0
station:L3_S30,feature:L3_S30_F3647,HAS_FEATURE,1.0,0.0,0.0
station:L3_S30,feature:L3_S30_F3648,HAS_FEATURE,1.0,0.0,0.0
station:L3_S30,feature:L3_S30_F3649,HAS_FEATURE,1.0,0.0,0.0
station:L3_S30,feature:L3_S30_F3650,HAS_FEATURE,1.0,0.0,0.0
station:L3_S30,feature:L3_S30_F3652,HAS_FEATURE,1.0,0.0,0.0
station:L3_S30,feature:L3_S30_F3653,HAS_FEATURE,1.0,0.0,0.0
station:L3_S30,feature:L3_S30_F3654,HAS_FEATURE,1.0,0.0,0.0
station:L3_S30,feature:L3_S30_F3655,HAS_FEATURE,1.0,0.0,0.0
station:L3_S30,feature:L3_S30_F3657,HAS_FEATURE,1.0,0.0,0.0
station:L3_S30,feature:L3_S30_F3658,HAS_FEATURE,1.0,0.0,0.0
station:L3_S30,feature:L3_S30_F3659,HAS_FEATURE,1.0,0.0,0.0
station:L3_S30,feature:L3_S30_F3660,HAS_FEATURE,1.0,0.0,0.0
station:L3_S30,feature:L3_S30_F3662,HAS_FEATURE,1.0,0.0,0.0
station:L3_S30,feature:L3_S30_F3663,HAS_FEATURE,1.0,0.0,0.0
station:L3_S30,feature:L3_S30_F3664,HAS_FEATURE,1.0,0.0,0.0
station:L3_S30,feature:L3_S30_F3665,HAS_FEATURE,1.0,0.0,0.0
station:L3_S30,feature:L3_S30_F3667,HAS_FEATURE,1.0,0.0,0.0
station:L3_S30,feature:L3_S30_F3668,HAS_FEATURE,1.0,0.0,0.0
station:L3_S30,feature:L3_S30_F3669,HAS_FEATURE,1.0,0.0,0.0
station:L3_S30,feature:L3_S30_F3670,HAS_FEATURE,1.0,0.0,0.0
station:L3_S30,feature:L3_S30_F3672,HAS_FEATURE,1.0,0.0,0.0
station:L3_S30,feature:L3_S30_F3673,HAS_FEATURE,1.0,0.0,0.0
station:L3_S30,feature:L3_S30_F3674,HAS_FEATURE,1.0,0.0,0.0
station:L3_S30,feature:L3_S30_F3675,HAS_FEATURE,1.0,0.0,0.0
station:L3_S30,feature:L3_S30_F3677,HAS_FEATURE,1.0,0.0,0.0
station:L3_S30,feature:L3_S30_F3678,HAS_FEATURE,1.0,0.0,0.0
station:L3_S30,feature:L3_S30_F3679,HAS_FEATURE,1.0,0.0,0.0
station:L3_S30,feature:L3_S30_F3680,HAS_FEATURE,1.0,0.0,0.0
station:L3_S30,feature:L3_S30_F3682,HAS_FEATURE,1.0,0.0,0.0
station:L3_S30,feature:L3_S30_F3683,HAS_FEATURE,1.0,0.0,0.0
station:L3_S30,feature:L3_S30_F3684,HAS_FEATURE,1.0,0.0,0.0
station:L3_S30,feature:L3_S30_F3685,HAS_FEATURE,1.0,0.0,0.0
station:L3_S30,feature:L3_S30_F3687,HAS_FEATURE,1.0,0.0,0.0
station:L3_S30,feature:L3_S30_F3688,HAS_FEATURE,1.0,0.0,0.0
station:L3_S30,feature:L3_S30_F3689,HAS_FEATURE,1.0,0.0,0.0
station:L3_S30,feature:L3_S30_F3690,HAS_FEATURE,1.0,0.0,0.0
station:L3_S30,feature:L3_S30_F3692,HAS_FEATURE,1.0,0.0,0.0
station:L3_S30,feature:L3_S30_F3693,HAS_FEATURE,1.0,0.0,0.0
station:L3_S30,feature:L3_S30_F3694,HAS_FEATURE,1.0,0.0,0.0
station:L3_S30,feature:L3_S30_F3695,HAS_FEATURE,1.0,0.0,0.0
station:L3_S30,feature:L3_S30_F3697,HAS_FEATURE,1.0,0.0,0.0
station:L3_S30,feature:L3_S30_F3698,HAS_FEATURE,1.0,0.0,0.0
station:L3_S30,feature:L3_S30_F3699,HAS_FEATURE,1.0,0.0,0.0
station:L3_S30,feature:L3_S30_F3700,HAS_FEATURE,1.0,0.0,0.0
station:L3_S30,feature:L3_S30_F3702,HAS_FEATURE,1.0,0.0,0.0
station:L3_S30,feature:L3_S30_F3703,HAS_FEATURE,1.0,0.0,0.0
station:L3_S30,feature:L3_S30_F3704,HAS_FEATURE,1.0,0.0,0.0
station:L3_S30,feature:L3_S30_F3705,HAS_FEATURE,1.0,0.0,0.0
station:L3_S30,feature:L3_S30_F3707,HAS_FEATURE,1.0,0.0,0.0
station:L3_S30,feature:L3_S30_F3708,HAS_FEATURE,1.0,0.0,0.0
station:L3_S30,feature:L3_S30_F3709,HAS_FEATURE,1.0,0.0,0.0
station:L3_S30,feature:L3_S30_F3710,HAS_FEATURE,1.0,0.0,0.0
station:L3_S30,feature:L3_S30_F3712,HAS_FEATURE,1.0,0.0,0.0
station:L3_S30,feature:L3_S30_F3713,HAS_FEATURE,1.0,0.0,0.0
station:L3_S30,feature:L3_S30_F3714,HAS_FEATURE,1.0,0.0,0.0
station:L3_S30,feature:L3_S30_F3715,HAS_FEATURE,1.0,0.0,0.0
station:L3_S30,feature:L3_S30_F3717,HAS_FEATURE,1.0,0.0,0.0
station:L3_S30,feature:L3_S30_F3718,HAS_FEATURE,1.0,0.0,0.0
station:L3_S30,feature:L3_S30_F3719,HAS_FEATURE,1.0,0.0,0.0
station:L3_S30,feature:L3_S30_F3720,HAS_FEATURE,1.0,0.0,0.0
station:L3_S30,feature:L3_S30_F3722,HAS_FEATURE,1.0,0.0,0.0
station:L3_S30,feature:L3_S30_F3723,HAS_FEATURE,1.0,0.0,0.0
station:L3_S30,feature:L3_S30_F3724,HAS_FEATURE,1.0,0.0,0.0
station:L3_S30,feature:L3_S30_F3725,HAS_FEATURE,1.0,0.0,0.0
station:L3_S30,feature:L3_S30_F3727,HAS_FEATURE,1.0,0.0,0.0
station:L3_S30,feature:L3_S30_F3728,HAS_FEATURE,1.0,0.0,0.0
station:L3_S30,feature:L3_S30_F3729,HAS_FEATURE,1.0,0.0,0.0
station:L3_S30,feature:L3_S30_F3730,HAS_FEATURE,1.0,0.0,0.0
station:L3_S30,feature:L3_S30_F3732,HAS_FEATURE,1.0,0.0,0.0
station:L3_S30,feature:L3_S30_F3733,HAS_FEATURE,1.0,0.0,0.0
station:L3_S30,feature:L3_S30_F3734,HAS_FEATURE,1.0,0.0,0.0
station:L3_S30,feature:L3_S30_F3735,HAS_FEATURE,1.0,0.0,0.0
station:L3_S30,feature:L3_S30_F3737,HAS_FEATURE,1.0,0.0,0.0
station:L3_S30,feature:L3_S30_F3738,HAS_FEATURE,1.0,0.0,0.0
station:L3_S30,feature:L3_S30_F3739,HAS_FEATURE,1.0,0.0,0.0
station:L3_S30,feature:L3_S30_F3740,HAS_FEATURE,1.0,0.0,0.0
station:L3_S30,feature:L3_S30_F3742,HAS_FEATURE,1.0,0.0,0.0
station:L3_S30,feature:L3_S30_F3743,HAS_FEATURE,1.0,0.0,0.0
station:L3_S30,feature:L3_S30_F3744,HAS_FEATURE,1.0,0.0,0.0
station:L3_S30,feature:L3_S30_F3745,HAS_FEATURE,1.0,0.0,0.0
station:L3_S30,feature:L3_S30_F3747,HAS_FEATURE,1.0,0.0,0.0
station:L3_S30,feature:L3_S30_F3748,HAS_FEATURE,1.0,0.0,0.0
station:L3_S30,feature:L3_S30_F3749,HAS_FEATURE,1.0,0.0,0.0
station:L3_S30,feature:L3_S30_F3750,HAS_FEATURE,1.0,0.0,0.0
station:L3_S30,feature:L3_S30_F3752,HAS_FEATURE,1.0,0.0,0.0
station:L3_S30,feature:L3_S30_F3753,HAS_FEATURE,1.0,0.0,0.0
station:L3_S30,feature:L3_S30_F3754,HAS_FEATURE,1.0,0.0,0.0
station:L3_S30,feature:L3_S30_F3755,HAS_FEATURE,1.0,0.0,0.0
station:L3_S30,feature:L3_S30_F3757,HAS_FEATURE,1.0,0.0,0.0
station:L3_S30,feature:L3_S30_F3758,HAS_FEATURE,1.0,0.0,0.0
station:L3_S30,feature:L3_S30_F3759,HAS_FEATURE,1.0,0.0,0.0
station:L3_S30,feature:L3_S30_F3760,HAS_FEATURE,1.0,0.0,0.0
station:L3_S30,feature:L3_S30_F3762,HAS_FEATURE,1.0,0.0,0.0
station:L3_S30,feature:L3_S30_F3763,HAS_FEATURE,1.0,0.0,0.0
station:L3_S30,feature:L3_S30_F3764,HAS_FEATURE,1.0,0.0,0.0
station:L3_S30,feature:L3_S30_F3765,HAS_FEATURE,1.0,0.0,0.0
station:L3_S30,feature:L3_S30_F3767,HAS_FEATURE,1.0,0.0,0.0
station:L3_S30,feature:L3_S30_F3768,HAS_FEATURE,1.0,0.0,0.0
station:L3_S30,feature:L3_S30_F3769,HAS_FEATURE,1.0,0.0,0.0
station:L3_S30,feature:L3_S30_F3770,HAS_FEATURE,1.0,0.0,0.0
station:L3_S30,feature:L3_S30_F3772,HAS_FEATURE,1.0,0.0,0.0
station:L3_S30,feature:L3_S30_F3773,HAS_FEATURE,1.0,0.0,0.0
station:L3_S30,feature:L3_S30_F3774,HAS_FEATURE,1.0,0.0,0.0
station:L3_S30,feature:L3_S30_F3775,HAS_FEATURE,1.0,0.0,0.0
station:L3_S30,feature:L3_S30_F3777,HAS_FEATURE,1.0,0.0,0.0
station:L3_S30,feature:L3_S30_F3778,HAS_FEATURE,1.0,0.0,0.0
station:L3_S30,feature:L3_S30_F3779,HAS_FEATURE,1.0,0.0,0.0
station:L3_S30,feature:L3_S30_F3780,HAS_FEATURE,1.0,0.0,0.0
station:L3_S30,feature:L3_S30_F3782,HAS_FEATURE,1.0,0.0,0.0
station:L3_S30,feature:L3_S30_F3783,HAS_FEATURE,1.0,0.0,0.0
station:L3_S30,feature:L3_S30_F3784,HAS_FEATURE,1.0,0.0,0.0
station:L3_S30,feature:L3_S30_F3785,HAS_FEATURE,1.0,0.0,0.0
station:L3_S30,feature:L3_S30_F3787,HAS_FEATURE,1.0,0.0,0.0
station:L3_S30,feature:L3_S30_F3788,HAS_FEATURE,1.0,0.0,0.0
station:L3_S30,feature:L3_S30_F3789,HAS_FEATURE,1.0,0.0,0.0
station:L3_S30,feature:L3_S30_F3790,HAS_FEATURE,1.0,0.0,0.0
station:L3_S30,feature:L3_S30_F3792,HAS_FEATURE,1.0,0.0,0.0
station:L3_S30,feature:L3_S30_F3793,HAS_FEATURE,1.0,0.0,0.0
station:L3_S30,feature:L3_S30_F3794,HAS_FEATURE,1.0,0.0,0.0
station:L3_S30,feature:L3_S30_F3795,HAS_FEATURE,1.0,0.0,0.0
station:L3_S30,feature:L3_S30_F3797,HAS_FEATURE,1.0,0.0,0.0
station:L3_S30,feature:L3_S30_F3798,HAS_FEATURE,1.0,0.0,0.0
station:L3_S30,feature:L3_S30_F3799,HAS_FEATURE,1.0,0.0,0.0
station:L3_S30,feature:L3_S30_F3800,HAS_FEATURE,1.0,0.0,0.0
station:L3_S30,feature:L3_S30_F3802,HAS_FEATURE,1.0,0.0,0.0
station:L3_S30,feature:L3_S30_F3803,HAS_FEATURE,1.0,0.0,0.0
station:L3_S30,feature:L3_S30_F3804,HAS_FEATURE,1.0,0.0,0.0
station:L3_S30,feature:L3_S30_F3805,HAS_FEATURE,1.0,0.0,0.0
station:L3_S30,feature:L3_S30_F3807,HAS_FEATURE,1.0,0.0,0.0
station:L3_S30,feature:L3_S30_F3808,HAS_FEATURE,1.0,0.0,0.0
station:L3_S30,feature:L3_S30_F3809,HAS_FEATURE,1.0,0.0,0.0
station:L3_S30,feature:L3_S30_F3810,HAS_FEATURE,1.0,0.0,0.0
station:L3_S30,feature:L3_S30_F3812,HAS_FEATURE,1.0,0.0,0.0
station:L3_S30,feature:L3_S30_F3813,HAS_FEATURE,1.0,0.0,0.0
station:L3_S30,feature:L3_S30_F3814,HAS_FEATURE,1.0,0.0,0.0
station:L3_S30,feature:L3_S30_F3815,HAS_FEATURE,1.0,0.0,0.0
station:L3_S30,feature:L3_S30_F3817,HAS_FEATURE,1.0,0.0,0.0
station:L3_S30,feature:L3_S30_F3818,HAS_FEATURE,1.0,0.0,0.0
station:L3_S30,feature:L3_S30_F3819,HAS_FEATURE,1.0,0.0,0.0
station:L3_S30,feature:L3_S30_F3820,HAS_FEATURE,1.0,0.0,0.0
station:L3_S30,feature:L3_S30_F3822,HAS_FEATURE,1.0,0.0,0.0
station:L3_S30,feature:L3_S30_F3823,HAS_FEATURE,1.0,0.0,0.0
station:L3_S30,feature:L3_S30_F3824,HAS_FEATURE,1.0,0.0,0.0
station:L3_S30,feature:L3_S30_F3825,HAS_FEATURE,1.0,0.0,0.0
station:L3_S30,feature:L3_S30_F3827,HAS_FEATURE,1.0,0.0,0.0
station:L3_S30,feature:L3_S30_F3828,HAS_FEATURE,1.0,0.0,0.0
station:L3_S30,feature:L3_S30_F3829,HAS_FEATURE,1.0,0.0,0.0
station:L3_S30,feature:L3_S30_F3830,HAS_FEATURE,1.0,0.0,0.0
station:L3_S30,feature:L3_S30_F3832,HAS_FEATURE,1.0,0.0,0.0
station:L3_S30,feature:L3_S30_F3833,HAS_FEATURE,1.0,0.0,0.0
station:L3_S31,feature:L3_S31_D3836,HAS_FEATURE,1.0,0.0,0.0
station:L3_S31,feature:L3_S31_D3840,HAS_FEATURE,1.0,0.0,0.0
station:L3_S31,feature:L3_S31_D3844,HAS_FEATURE,1.0,0.0,0.0
station:L3_S31,feature:L3_S31_D3848,HAS_FEATURE,1.0,0.0,0.0
station:L3_S31,feature:L3_S31_F3834,HAS_FEATURE,1.0,0.0,0.0
station:L3_S31,feature:L3_S31_F3835,HAS_FEATURE,1.0,0.0,0.0
station:L3_S31,feature:L3_S31_F3837,HAS_FEATURE,1.0,0.0,0.0
station:L3_S31,feature:L3_S31_F3838,HAS_FEATURE,1.0,0.0,0.0
station:L3_S31,feature:L3_S31_F3839,HAS_FEATURE,1.0,0.0,0.0
station:L3_S31,feature:L3_S31_F3841,HAS_FEATURE,1.0,0.0,0.0
station:L3_S31,feature:L3_S31_F3842,HAS_FEATURE,1.0,0.0,0.0
station:L3_S31,feature:L3_S31_F3843,HAS_FEATURE,1.0,0.0,0.0
station:L3_S31,feature:L3_S31_F3845,HAS_FEATURE,1.0,0.0,0.0
station:L3_S31,feature:L3_S31_F3846,HAS_FEATURE,1.0,0.0,0.0
station:L3_S31,feature:L3_S31_F3847,HAS_FEATURE,1.0,0.0,0.0
station:L3_S31,feature:L3_S31_F3849,HAS_FEATURE,1.0,0.0,0.0
station:L3_S32,feature:L3_S32_D3852,HAS_FEATURE,1.0,0.0,0.0
station:L3_S32,feature:L3_S32_F3850,HAS_FEATURE,1.0,0.0,0.0
feature:L3_S32_F3850,failure:Response_1,MODEL_ASSOCIATED_WITH_FAILURE,0.0679875150741001,0.0,0.0679875150741001
station:L3_S32,feature:L3_S32_F3851,HAS_FEATURE,1.0,0.0,0.0
station:L3_S32,feature:L3_S32_F3853,HAS_FEATURE,1.0,0.0,0.0
station:L3_S32,feature:L3_S32_F3854,HAS_FEATURE,1.0,0.0,0.0
feature:L3_S32_F3854,failure:Response_1,MODEL_ASSOCIATED_WITH_FAILURE,5.667327174091653e-05,0.0,5.667327174091653e-05
station:L3_S33,feature:L3_S33_D3856,HAS_FEATURE,1.0,0.0,0.0
station:L3_S33,feature:L3_S33_D3858,HAS_FEATURE,1.0,0.0,0.0
station:L3_S33,feature:L3_S33_D3860,HAS_FEATURE,1.0,0.0,0.0
station:L3_S33,feature:L3_S33_D3862,HAS_FEATURE,1.0,0.0,0.0
station:L3_S33,feature:L3_S33_D3864,HAS_FEATURE,1.0,0.0,0.0
station:L3_S33,feature:L3_S33_D3866,HAS_FEATURE,1.0,0.0,0.0
station:L3_S33,feature:L3_S33_D3868,HAS_FEATURE,1.0,0.0,0.0
station:L3_S33,feature:L3_S33_D3870,HAS_FEATURE,1.0,0.0,0.0
station:L3_S33,feature:L3_S33_D3872,HAS_FEATURE,1.0,0.0,0.0
station:L3_S33,feature:L3_S33_D3874,HAS_FEATURE,1.0,0.0,0.0
station:L3_S33,feature:L3_S33_F3855,HAS_FEATURE,1.0,0.0,0.0
station:L3_S33,feature:L3_S33_F3857,HAS_FEATURE,1.0,0.0,0.0
station:L3_S33,feature:L3_S33_F3859,HAS_FEATURE,1.0,0.0,0.0
station:L3_S33,feature:L3_S33_F3861,HAS_FEATURE,1.0,0.0,0.0
station:L3_S33,feature:L3_S33_F3863,HAS_FEATURE,1.0,0.0,0.0
station:L3_S33,feature:L3_S33_F3865,HAS_FEATURE,1.0,0.0,0.0
station:L3_S33,feature:L3_S33_F3867,HAS_FEATURE,1.0,0.0,0.0
station:L3_S33,feature:L3_S33_F3869,HAS_FEATURE,1.0,0.0,0.0
station:L3_S33,feature:L3_S33_F3871,HAS_FEATURE,1.0,0.0,0.0
station:L3_S33,feature:L3_S33_F3873,HAS_FEATURE,1.0,0.0,0.0
station:L3_S34,feature:L3_S34_D3875,HAS_FEATURE,1.0,0.0,0.0
station:L3_S34,feature:L3_S34_D3877,HAS_FEATURE,1.0,0.0,0.0
station:L3_S34,feature:L3_S34_D3879,HAS_FEATURE,1.0,0.0,0.0
station:L3_S34,feature:L3_S34_D3881,HAS_FEATURE,1.0,0.0,0.0
station:L3_S34,feature:L3_S34_D3883,HAS_FEATURE,1.0,0.0,0.0
station:L3_S34,feature:L3_S34_F3876,HAS_FEATURE,1.0,0.0,0.0
station:L3_S34,feature:L3_S34_F3878,HAS_FEATURE,1.0,0.0,0.0
station:L3_S34,feature:L3_S34_F3880,HAS_FEATURE,1.0,0.0,0.0
station:L3_S34,feature:L3_S34_F3882,HAS_FEATURE,1.0,0.0,0.0
station:L3_S35,feature:L3_S35_D3886,HAS_FEATURE,1.0,0.0,0.0
station:L3_S35,feature:L3_S35_D3891,HAS_FEATURE,1.0,0.0,0.0
station:L3_S35,feature:L3_S35_D3895,HAS_FEATURE,1.0,0.0,0.0
station:L3_S35,feature:L3_S35_D3897,HAS_FEATURE,1.0,0.0,0.0
station:L3_S35,feature:L3_S35_D3900,HAS_FEATURE,1.0,0.0,0.0
station:L3_S35,feature:L3_S35_D3905,HAS_FEATURE,1.0,0.0,0.0
station:L3_S35,feature:L3_S35_D3910,HAS_FEATURE,1.0,0.0,0.0
station:L3_S35,feature:L3_S35_D3915,HAS_FEATURE,1.0,0.0,0.0
station:L3_S35,feature:L3_S35_F3884,HAS_FEATURE,1.0,0.0,0.0
station:L3_S35,feature:L3_S35_F3885,HAS_FEATURE,1.0,0.0,0.0
station:L3_S35,feature:L3_S35_F3887,HAS_FEATURE,1.0,0.0,0.0
station:L3_S35,feature:L3_S35_F3888,HAS_FEATURE,1.0,0.0,0.0
station:L3_S35,feature:L3_S35_F3889,HAS_FEATURE,1.0,0.0,0.0
station:L3_S35,feature:L3_S35_F3890,HAS_FEATURE,1.0,0.0,0.0
station:L3_S35,feature:L3_S35_F3892,HAS_FEATURE,1.0,0.0,0.0
station:L3_S35,feature:L3_S35_F3893,HAS_FEATURE,1.0,0.0,0.0
station:L3_S35,feature:L3_S35_F3894,HAS_FEATURE,1.0,0.0,0.0
station:L3_S35,feature:L3_S35_F3896,HAS_FEATURE,1.0,0.0,0.0
station:L3_S35,feature:L3_S35_F3898,HAS_FEATURE,1.0,0.0,0.0
station:L3_S35,feature:L3_S35_F3899,HAS_FEATURE,1.0,0.0,0.0
station:L3_S35,feature:L3_S35_F3901,HAS_FEATURE,1.0,0.0,0.0
station:L3_S35,feature:L3_S35_F3902,HAS_FEATURE,1.0,0.0,0.0
station:L3_S35,feature:L3_S35_F3903,HAS_FEATURE,1.0,0.0,0.0
station:L3_S35,feature:L3_S35_F3904,HAS_FEATURE,1.0,0.0,0.0
station:L3_S35,feature:L3_S35_F3906,HAS_FEATURE,1.0,0.0,0.0
station:L3_S35,feature:L3_S35_F3907,HAS_FEATURE,1.0,0.0,0.0
station:L3_S35,feature:L3_S35_F3908,HAS_FEATURE,1.0,0.0,0.0
station:L3_S35,feature:L3_S35_F3909,HAS_FEATURE,1.0,0.0,0.0
station:L3_S35,feature:L3_S35_F3911,HAS_FEATURE,1.0,0.0,0.0
station:L3_S35,feature:L3_S35_F3912,HAS_FEATURE,1.0,0.0,0.0
station:L3_S35,feature:L3_S35_F3913,HAS_FEATURE,1.0,0.0,0.0
station:L3_S35,feature:L3_S35_F3914,HAS_FEATURE,1.0,0.0,0.0
station:L3_S35,feature:L3_S35_F3916,HAS_FEATURE,1.0,0.0,0.0
station:L3_S35,feature:L3_S35_F3917,HAS_FEATURE,1.0,0.0,0.0
station:L3_S36,feature:L3_S36_D3919,HAS_FEATURE,1.0,0.0,0.0
station:L3_S36,feature:L3_S36_D3921,HAS_FEATURE,1.0,0.0,0.0
station:L3_S36,feature:L3_S36_D3923,HAS_FEATURE,1.0,0.0,0.0
station:L3_S36,feature:L3_S36_D3925,HAS_FEATURE,1.0,0.0,0.0
station:L3_S36,feature:L3_S36_D3928,HAS_FEATURE,1.0,0.0,0.0
station:L3_S36,feature:L3_S36_D3932,HAS_FEATURE,1.0,0.0,0.0
station:L3_S36,feature:L3_S36_D3936,HAS_FEATURE,1.0,0.0,0.0
station:L3_S36,feature:L3_S36_D3940,HAS_FEATURE,1.0,0.0,0.0
station:L3_S36,feature:L3_S36_F3918,HAS_FEATURE,1.0,0.0,0.0
station:L3_S36,feature:L3_S36_F3920,HAS_FEATURE,1.0,0.0,0.0
station:L3_S36,feature:L3_S36_F3922,HAS_FEATURE,1.0,0.0,0.0
station:L3_S36,feature:L3_S36_F3924,HAS_FEATURE,1.0,0.0,0.0
station:L3_S36,feature:L3_S36_F3926,HAS_FEATURE,1.0,0.0,0.0
station:L3_S36,feature:L3_S36_F3927,HAS_FEATURE,1.0,0.0,0.0
station:L3_S36,feature:L3_S36_F3929,HAS_FEATURE,1.0,0.0,0.0
station:L3_S36,feature:L3_S36_F3930,HAS_FEATURE,1.0,0.0,0.0
station:L3_S36,feature:L3_S36_F3931,HAS_FEATURE,1.0,0.0,0.0
station:L3_S36,feature:L3_S36_F3933,HAS_FEATURE,1.0,0.0,0.0
station:L3_S36,feature:L3_S36_F3934,HAS_FEATURE,1.0,0.0,0.0
station:L3_S36,feature:L3_S36_F3935,HAS_FEATURE,1.0,0.0,0.0
station:L3_S36,feature:L3_S36_F3937,HAS_FEATURE,1.0,0.0,0.0
station:L3_S36,feature:L3_S36_F3938,HAS_FEATURE,1.0,0.0,0.0
station:L3_S36,feature:L3_S36_F3939,HAS_FEATURE,1.0,0.0,0.0
station:L3_S36,feature:L3_S36_F3941,HAS_FEATURE,1.0,0.0,0.0
station:L3_S37,feature:L3_S37_D3942,HAS_FEATURE,1.0,0.0,0.0
station:L3_S37,feature:L3_S37_D3943,HAS_FEATURE,1.0,0.0,0.0
station:L3_S37,feature:L3_S37_D3945,HAS_FEATURE,1.0,0.0,0.0
station:L3_S37,feature:L3_S37_D3947,HAS_FEATURE,1.0,0.0,0.0
station:L3_S37,feature:L3_S37_D3949,HAS_FEATURE,1.0,0.0,0.0
station:L3_S37,feature:L3_S37_D3951,HAS_FEATURE,1.0,0.0,0.0
station:L3_S37,feature:L3_S37_F3944,HAS_FEATURE,1.0,0.0,0.0
station:L3_S37,feature:L3_S37_F3946,HAS_FEATURE,1.0,0.0,0.0
station:L3_S37,feature:L3_S37_F3948,HAS_FEATURE,1.0,0.0,0.0
station:L3_S37,feature:L3_S37_F3950,HAS_FEATURE,1.0,0.0,0.0
station:L3_S38,feature:L3_S38_D3953,HAS_FEATURE,1.0,0.0,0.0
station:L3_S38,feature:L3_S38_D3957,HAS_FEATURE,1.0,0.0,0.0
station:L3_S38,feature:L3_S38_D3961,HAS_FEATURE,1.0,0.0,0.0
station:L3_S38,feature:L3_S38_F3952,HAS_FEATURE,1.0,0.0,0.0
feature:L3_S38_F3952,failure:Response_1,MODEL_ASSOCIATED_WITH_FAILURE,0.0015426254081431002,0.0,0.0015426254081431002
station:L3_S38,feature:L3_S38_F3954,HAS_FEATURE,1.0,0.0,0.0
station:L3_S38,feature:L3_S38_F3955,HAS_FEATURE,1.0,0.0,0.0
station:L3_S38,feature:L3_S38_F3956,HAS_FEATURE,1.0,0.0,0.0
station:L3_S38,feature:L3_S38_F3958,HAS_FEATURE,1.0,0.0,0.0
station:L3_S38,feature:L3_S38_F3959,HAS_FEATURE,1.0,0.0,0.0
station:L3_S38,feature:L3_S38_F3960,HAS_FEATURE,1.0,0.0,0.0
station:L3_S38,feature:L3_S38_F3962,HAS_FEATURE,1.0,0.0,0.0
station:L3_S38,feature:L3_S38_F3963,HAS_FEATURE,1.0,0.0,0.0
station:L3_S39,feature:L3_S39_D3966,HAS_FEATURE,1.0,0.0,0.0
station:L3_S39,feature:L3_S39_D3970,HAS_FEATURE,1.0,0.0,0.0
station:L3_S39,feature:L3_S39_D3974,HAS_FEATURE,1.0,0.0,0.0
station:L3_S39,feature:L3_S39_D3978,HAS_FEATURE,1.0,0.0,0.0
station:L3_S39,feature:L3_S39_F3964,HAS_FEATURE,1.0,0.0,0.0
station:L3_S39,feature:L3_S39_F3965,HAS_FEATURE,1.0,0.0,0.0
station:L3_S39,feature:L3_S39_F3967,HAS_FEATURE,1.0,0.0,0.0
station:L3_S39,feature:L3_S39_F3968,HAS_FEATURE,1.0,0.0,0.0
station:L3_S39,feature:L3_S39_F3969,HAS_FEATURE,1.0,0.0,0.0
station:L3_S39,feature:L3_S39_F3971,HAS_FEATURE,1.0,0.0,0.0
station:L3_S39,feature:L3_S39_F3972,HAS_FEATURE,1.0,0.0,0.0
station:L3_S39,feature:L3_S39_F3973,HAS_FEATURE,1.0,0.0,0.0
station:L3_S39,feature:L3_S39_F3975,HAS_FEATURE,1.0,0.0,0.0
station:L3_S39,feature:L3_S39_F3976,HAS_FEATURE,1.0,0.0,0.0
station:L3_S39,feature:L3_S39_F3977,HAS_FEATURE,1.0,0.0,0.0
station:L3_S39,feature:L3_S39_F3979,HAS_FEATURE,1.0,0.0,0.0
station:L3_S40,feature:L3_S40_D3981,HAS_FEATURE,1.0,0.0,0.0
station:L3_S40,feature:L3_S40_D3983,HAS_FEATURE,1.0,0.0,0.0
station:L3_S40,feature:L3_S40_D3985,HAS_FEATURE,1.0,0.0,0.0
station:L3_S40,feature:L3_S40_D3987,HAS_FEATURE,1.0,0.0,0.0
station:L3_S40,feature:L3_S40_D3989,HAS_FEATURE,1.0,0.0,0.0
station:L3_S40,feature:L3_S40_D3991,HAS_FEATURE,1.0,0.0,0.0
station:L3_S40,feature:L3_S40_D3993,HAS_FEATURE,1.0,0.0,0.0
station:L3_S40,feature:L3_S40_D3995,HAS_FEATURE,1.0,0.0,0.0
station:L3_S40,feature:L3_S40_F3980,HAS_FEATURE,1.0,0.0,0.0
station:L3_S40,feature:L3_S40_F3982,HAS_FEATURE,1.0,0.0,0.0
station:L3_S40,feature:L3_S40_F3984,HAS_FEATURE,1.0,0.0,0.0
station:L3_S40,feature:L3_S40_F3986,HAS_FEATURE,1.0,0.0,0.0
station:L3_S40,feature:L3_S40_F3988,HAS_FEATURE,1.0,0.0,0.0
station:L3_S40,feature:L3_S40_F3990,HAS_FEATURE,1.0,0.0,0.0
station:L3_S40,feature:L3_S40_F3992,HAS_FEATURE,1.0,0.0,0.0
station:L3_S40,feature:L3_S40_F3994,HAS_FEATURE,1.0,0.0,0.0
station:L3_S41,feature:L3_S41_D3997,HAS_FEATURE,1.0,0.0,0.0
station:L3_S41,feature:L3_S41_D3999,HAS_FEATURE,1.0,0.0,0.0
station:L3_S41,feature:L3_S41_D4001,HAS_FEATURE,1.0,0.0,0.0
station:L3_S41,feature:L3_S41_D4003,HAS_FEATURE,1.0,0.0,0.0
station:L3_S41,feature:L3_S41_D4005,HAS_FEATURE,1.0,0.0,0.0
station:L3_S41,feature:L3_S41_D4007,HAS_FEATURE,1.0,0.0,0.0
station:L3_S41,feature:L3_S41_D4009,HAS_FEATURE,1.0,0.0,0.0
station:L3_S41,feature:L3_S41_D4010,HAS_FEATURE,1.0,0.0,0.0
station:L3_S41,feature:L3_S41_D4012,HAS_FEATURE,1.0,0.0,0.0
station:L3_S41,feature:L3_S41_D4013,HAS_FEATURE,1.0,0.0,0.0
station:L3_S41,feature:L3_S41_D4015,HAS_FEATURE,1.0,0.0,0.0
station:L3_S41,feature:L3_S41_D4017,HAS_FEATURE,1.0,0.0,0.0
station:L3_S41,feature:L3_S41_D4019,HAS_FEATURE,1.0,0.0,0.0
station:L3_S41,feature:L3_S41_D4021,HAS_FEATURE,1.0,0.0,0.0
station:L3_S41,feature:L3_S41_D4022,HAS_FEATURE,1.0,0.0,0.0
station:L3_S41,feature:L3_S41_D4024,HAS_FEATURE,1.0,0.0,0.0
station:L3_S41,feature:L3_S41_D4025,HAS_FEATURE,1.0,0.0,0.0
station:L3_S41,feature:L3_S41_D4027,HAS_FEATURE,1.0,0.0,0.0
station:L3_S41,feature:L3_S41_F3996,HAS_FEATURE,1.0,0.0,0.0
station:L3_S41,feature:L3_S41_F3998,HAS_FEATURE,1.0,0.0,0.0
station:L3_S41,feature:L3_S41_F4000,HAS_FEATURE,1.0,0.0,0.0
station:L3_S41,feature:L3_S41_F4002,HAS_FEATURE,1.0,0.0,0.0
station:L3_S41,feature:L3_S41_F4004,HAS_FEATURE,1.0,0.0,0.0
station:L3_S41,feature:L3_S41_F4006,HAS_FEATURE,1.0,0.0,0.0
station:L3_S41,feature:L3_S41_F4008,HAS_FEATURE,1.0,0.0,0.0
station:L3_S41,feature:L3_S41_F4011,HAS_FEATURE,1.0,0.0,0.0
station:L3_S41,feature:L3_S41_F4014,HAS_FEATURE,1.0,0.0,0.0
station:L3_S41,feature:L3_S41_F4016,HAS_FEATURE,1.0,0.0,0.0
station:L3_S41,feature:L3_S41_F4018,HAS_FEATURE,1.0,0.0,0.0
station:L3_S41,feature:L3_S41_F4020,HAS_FEATURE,1.0,0.0,0.0
station:L3_S41,feature:L3_S41_F4023,HAS_FEATURE,1.0,0.0,0.0
station:L3_S41,feature:L3_S41_F4026,HAS_FEATURE,1.0,0.0,0.0
station:L3_S42,feature:L3_S42_D4029,HAS_FEATURE,1.0,0.0,0.0
station:L3_S42,feature:L3_S42_D4033,HAS_FEATURE,1.0,0.0,0.0
station:L3_S42,feature:L3_S42_D4037,HAS_FEATURE,1.0,0.0,0.0
station:L3_S42,feature:L3_S42_D4041,HAS_FEATURE,1.0,0.0,0.0
station:L3_S42,feature:L3_S42_D4045,HAS_FEATURE,1.0,0.0,0.0
station:L3_S42,feature:L3_S42_D4049,HAS_FEATURE,1.0,0.0,0.0
station:L3_S42,feature:L3_S42_D4053,HAS_FEATURE,1.0,0.0,0.0
station:L3_S42,feature:L3_S42_D4057,HAS_FEATURE,1.0,0.0,0.0
station:L3_S42,feature:L3_S42_F4028,HAS_FEATURE,1.0,0.0,0.0
station:L3_S42,feature:L3_S42_F4030,HAS_FEATURE,1.0,0.0,0.0
station:L3_S42,feature:L3_S42_F4031,HAS_FEATURE,1.0,0.0,0.0
station:L3_S42,feature:L3_S42_F4032,HAS_FEATURE,1.0,0.0,0.0
station:L3_S42,feature:L3_S42_F4034,HAS_FEATURE,1.0,0.0,0.0
station:L3_S42,feature:L3_S42_F4035,HAS_FEATURE,1.0,0.0,0.0
station:L3_S42,feature:L3_S42_F4036,HAS_FEATURE,1.0,0.0,0.0
station:L3_S42,feature:L3_S42_F4038,HAS_FEATURE,1.0,0.0,0.0
station:L3_S42,feature:L3_S42_F4039,HAS_FEATURE,1.0,0.0,0.0
station:L3_S42,feature:L3_S42_F4040,HAS_FEATURE,1.0,0.0,0.0
station:L3_S42,feature:L3_S42_F4042,HAS_FEATURE,1.0,0.0,0.0
station:L3_S42,feature:L3_S42_F4043,HAS_FEATURE,1.0,0.0,0.0
station:L3_S42,feature:L3_S42_F4044,HAS_FEATURE,1.0,0.0,0.0
station:L3_S42,feature:L3_S42_F4046,HAS_FEATURE,1.0,0.0,0.0
station:L3_S42,feature:L3_S42_F4047,HAS_FEATURE,1.0,0.0,0.0
station:L3_S42,feature:L3_S42_F4048,HAS_FEATURE,1.0,0.0,0.0
station:L3_S42,feature:L3_S42_F4050,HAS_FEATURE,1.0,0.0,0.0
station:L3_S42,feature:L3_S42_F4051,HAS_FEATURE,1.0,0.0,0.0
station:L3_S42,feature:L3_S42_F4052,HAS_FEATURE,1.0,0.0,0.0
station:L3_S42,feature:L3_S42_F4054,HAS_FEATURE,1.0,0.0,0.0
station:L3_S42,feature:L3_S42_F4055,HAS_FEATURE,1.0,0.0,0.0
station:L3_S42,feature:L3_S42_F4056,HAS_FEATURE,1.0,0.0,0.0
station:L3_S42,feature:L3_S42_F4058,HAS_FEATURE,1.0,0.0,0.0
station:L3_S42,feature:L3_S42_F4059,HAS_FEATURE,1.0,0.0,0.0
station:L3_S43,feature:L3_S43_D4062,HAS_FEATURE,1.0,0.0,0.0
station:L3_S43,feature:L3_S43_D4067,HAS_FEATURE,1.0,0.0,0.0
station:L3_S43,feature:L3_S43_D4072,HAS_FEATURE,1.0,0.0,0.0
station:L3_S43,feature:L3_S43_D4077,HAS_FEATURE,1.0,0.0,0.0
station:L3_S43,feature:L3_S43_D4082,HAS_FEATURE,1.0,0.0,0.0
station:L3_S43,feature:L3_S43_D4087,HAS_FEATURE,1.0,0.0,0.0
station:L3_S43,feature:L3_S43_D4092,HAS_FEATURE,1.0,0.0,0.0
station:L3_S43,feature:L3_S43_D4097,HAS_FEATURE,1.0,0.0,0.0
station:L3_S43,feature:L3_S43_F4060,HAS_FEATURE,1.0,0.0,0.0
station:L3_S43,feature:L3_S43_F4061,HAS_FEATURE,1.0,0.0,0.0
station:L3_S43,feature:L3_S43_F4063,HAS_FEATURE,1.0,0.0,0.0
station:L3_S43,feature:L3_S43_F4064,HAS_FEATURE,1.0,0.0,0.0
station:L3_S43,feature:L3_S43_F4065,HAS_FEATURE,1.0,0.0,0.0
station:L3_S43,feature:L3_S43_F4066,HAS_FEATURE,1.0,0.0,0.0
station:L3_S43,feature:L3_S43_F4068,HAS_FEATURE,1.0,0.0,0.0
station:L3_S43,feature:L3_S43_F4069,HAS_FEATURE,1.0,0.0,0.0
station:L3_S43,feature:L3_S43_F4070,HAS_FEATURE,1.0,0.0,0.0
station:L3_S43,feature:L3_S43_F4071,HAS_FEATURE,1.0,0.0,0.0
station:L3_S43,feature:L3_S43_F4073,HAS_FEATURE,1.0,0.0,0.0
station:L3_S43,feature:L3_S43_F4074,HAS_FEATURE,1.0,0.0,0.0
station:L3_S43,feature:L3_S43_F4075,HAS_FEATURE,1.0,0.0,0.0
station:L3_S43,feature:L3_S43_F4076,HAS_FEATURE,1.0,0.0,0.0
station:L3_S43,feature:L3_S43_F4078,HAS_FEATURE,1.0,0.0,0.0
station:L3_S43,feature:L3_S43_F4079,HAS_FEATURE,1.0,0.0,0.0
station:L3_S43,feature:L3_S43_F4080,HAS_FEATURE,1.0,0.0,0.0
station:L3_S43,feature:L3_S43_F4081,HAS_FEATURE,1.0,0.0,0.0
station:L3_S43,feature:L3_S43_F4083,HAS_FEATURE,1.0,0.0,0.0
station:L3_S43,feature:L3_S43_F4084,HAS_FEATURE,1.0,0.0,0.0
station:L3_S43,feature:L3_S43_F4085,HAS_FEATURE,1.0,0.0,0.0
station:L3_S43,feature:L3_S43_F4086,HAS_FEATURE,1.0,0.0,0.0
station:L3_S43,feature:L3_S43_F4088,HAS_FEATURE,1.0,0.0,0.0
station:L3_S43,feature:L3_S43_F4089,HAS_FEATURE,1.0,0.0,0.0
station:L3_S43,feature:L3_S43_F4090,HAS_FEATURE,1.0,0.0,0.0
station:L3_S43,feature:L3_S43_F4091,HAS_FEATURE,1.0,0.0,0.0
station:L3_S43,feature:L3_S43_F4093,HAS_FEATURE,1.0,0.0,0.0
station:L3_S43,feature:L3_S43_F4094,HAS_FEATURE,1.0,0.0,0.0
station:L3_S43,feature:L3_S43_F4095,HAS_FEATURE,1.0,0.0,0.0
station:L3_S43,feature:L3_S43_F4096,HAS_FEATURE,1.0,0.0,0.0
station:L3_S43,feature:L3_S43_F4098,HAS_FEATURE,1.0,0.0,0.0
station:L3_S43,feature:L3_S43_F4099,HAS_FEATURE,1.0,0.0,0.0
station:L3_S44,feature:L3_S44_D4101,HAS_FEATURE,1.0,0.0,0.0
station:L3_S44,feature:L3_S44_D4104,HAS_FEATURE,1.0,0.0,0.0
station:L3_S44,feature:L3_S44_D4107,HAS_FEATURE,1.0,0.0,0.0
station:L3_S44,feature:L3_S44_D4110,HAS_FEATURE,1.0,0.0,0.0
station:L3_S44,feature:L3_S44_D4113,HAS_FEATURE,1.0,0.0,0.0
station:L3_S44,feature:L3_S44_D4116,HAS_FEATURE,1.0,0.0,0.0
station:L3_S44,feature:L3_S44_D4119,HAS_FEATURE,1.0,0.0,0.0
station:L3_S44,feature:L3_S44_D4122,HAS_FEATURE,1.0,0.0,0.0
station:L3_S44,feature:L3_S44_F4100,HAS_FEATURE,1.0,0.0,0.0
station:L3_S44,feature:L3_S44_F4102,HAS_FEATURE,1.0,0.0,0.0
station:L3_S44,feature:L3_S44_F4103,HAS_FEATURE,1.0,0.0,0.0
station:L3_S44,feature:L3_S44_F4105,HAS_FEATURE,1.0,0.0,0.0
station:L3_S44,feature:L3_S44_F4106,HAS_FEATURE,1.0,0.0,0.0
station:L3_S44,feature:L3_S44_F4108,HAS_FEATURE,1.0,0.0,0.0
station:L3_S44,feature:L3_S44_F4109,HAS_FEATURE,1.0,0.0,0.0
station:L3_S44,feature:L3_S44_F4111,HAS_FEATURE,1.0,0.0,0.0
station:L3_S44,feature:L3_S44_F4112,HAS_FEATURE,1.0,0.0,0.0
station:L3_S44,feature:L3_S44_F4114,HAS_FEATURE,1.0,0.0,0.0
station:L3_S44,feature:L3_S44_F4115,HAS_FEATURE,1.0,0.0,0.0
station:L3_S44,feature:L3_S44_F4117,HAS_FEATURE,1.0,0.0,0.0
station:L3_S44,feature:L3_S44_F4118,HAS_FEATURE,1.0,0.0,0.0
station:L3_S44,feature:L3_S44_F4120,HAS_FEATURE,1.0,0.0,0.0
station:L3_S44,feature:L3_S44_F4121,HAS_FEATURE,1.0,0.0,0.0
station:L3_S44,feature:L3_S44_F4123,HAS_FEATURE,1.0,0.0,0.0
station:L3_S45,feature:L3_S45_D4125,HAS_FEATURE,1.0,0.0,0.0
station:L3_S45,feature:L3_S45_D4127,HAS_FEATURE,1.0,0.0,0.0
station:L3_S45,feature:L3_S45_D4129,HAS_FEATURE,1.0,0.0,0.0
station:L3_S45,feature:L3_S45_D4131,HAS_FEATURE,1.0,0.0,0.0
station:L3_S45,feature:L3_S45_D4133,HAS_FEATURE,1.0,0.0,0.0
station:L3_S45,feature:L3_S45_F4124,HAS_FEATURE,1.0,0.0,0.0
station:L3_S45,feature:L3_S45_F4126,HAS_FEATURE,1.0,0.0,0.0
station:L3_S45,feature:L3_S45_F4128,HAS_FEATURE,1.0,0.0,0.0
station:L3_S45,feature:L3_S45_F4130,HAS_FEATURE,1.0,0.0,0.0
station:L3_S45,feature:L3_S45_F4132,HAS_FEATURE,1.0,0.0,0.0
station:L3_S46,feature:L3_S46_D4135,HAS_FEATURE,1.0,0.0,0.0
station:L3_S46,feature:L3_S46_F4134,HAS_FEATURE,1.0,0.0,0.0
station:L3_S46,feature:L3_S46_F4136,HAS_FEATURE,1.0,0.0,0.0
station:L3_S46,feature:L3_S46_F4137,HAS_FEATURE,1.0,0.0,0.0
station:L3_S47,feature:L3_S47_D4140,HAS_FEATURE,1.0,0.0,0.0
station:L3_S47,feature:L3_S47_D4145,HAS_FEATURE,1.0,0.0,0.0
station:L3_S47,feature:L3_S47_D4150,HAS_FEATURE,1.0,0.0,0.0
station:L3_S47,feature:L3_S47_D4155,HAS_FEATURE,1.0,0.0,0.0
station:L3_S47,feature:L3_S47_D4160,HAS_FEATURE,1.0,0.0,0.0
station:L3_S47,feature:L3_S47_D4165,HAS_FEATURE,1.0,0.0,0.0
station:L3_S47,feature:L3_S47_D4170,HAS_FEATURE,1.0,0.0,0.0
station:L3_S47,feature:L3_S47_D4175,HAS_FEATURE,1.0,0.0,0.0
station:L3_S47,feature:L3_S47_D4180,HAS_FEATURE,1.0,0.0,0.0
station:L3_S47,feature:L3_S47_D4185,HAS_FEATURE,1.0,0.0,0.0
station:L3_S47,feature:L3_S47_D4190,HAS_FEATURE,1.0,0.0,0.0
station:L3_S47,feature:L3_S47_F4138,HAS_FEATURE,1.0,0.0,0.0
station:L3_S47,feature:L3_S47_F4139,HAS_FEATURE,1.0,0.0,0.0
station:L3_S47,feature:L3_S47_F4141,HAS_FEATURE,1.0,0.0,0.0
station:L3_S47,feature:L3_S47_F4142,HAS_FEATURE,1.0,0.0,0.0
station:L3_S47,feature:L3_S47_F4143,HAS_FEATURE,1.0,0.0,0.0
station:L3_S47,feature:L3_S47_F4144,HAS_FEATURE,1.0,0.0,0.0
station:L3_S47,feature:L3_S47_F4146,HAS_FEATURE,1.0,0.0,0.0
station:L3_S47,feature:L3_S47_F4147,HAS_FEATURE,1.0,0.0,0.0
station:L3_S47,feature:L3_S47_F4148,HAS_FEATURE,1.0,0.0,0.0
station:L3_S47,feature:L3_S47_F4149,HAS_FEATURE,1.0,0.0,0.0
station:L3_S47,feature:L3_S47_F4151,HAS_FEATURE,1.0,0.0,0.0
station:L3_S47,feature:L3_S47_F4152,HAS_FEATURE,1.0,0.0,0.0
station:L3_S47,feature:L3_S47_F4153,HAS_FEATURE,1.0,0.0,0.0
station:L3_S47,feature:L3_S47_F4154,HAS_FEATURE,1.0,0.0,0.0
station:L3_S47,feature:L3_S47_F4156,HAS_FEATURE,1.0,0.0,0.0
station:L3_S47,feature:L3_S47_F4157,HAS_FEATURE,1.0,0.0,0.0
station:L3_S47,feature:L3_S47_F4158,HAS_FEATURE,1.0,0.0,0.0
station:L3_S47,feature:L3_S47_F4159,HAS_FEATURE,1.0,0.0,0.0
station:L3_S47,feature:L3_S47_F4161,HAS_FEATURE,1.0,0.0,0.0
station:L3_S47,feature:L3_S47_F4162,HAS_FEATURE,1.0,0.0,0.0
station:L3_S47,feature:L3_S47_F4163,HAS_FEATURE,1.0,0.0,0.0
station:L3_S47,feature:L3_S47_F4164,HAS_FEATURE,1.0,0.0,0.0
station:L3_S47,feature:L3_S47_F4166,HAS_FEATURE,1.0,0.0,0.0
station:L3_S47,feature:L3_S47_F4167,HAS_FEATURE,1.0,0.0,0.0
station:L3_S47,feature:L3_S47_F4168,HAS_FEATURE,1.0,0.0,0.0
station:L3_S47,feature:L3_S47_F4169,HAS_FEATURE,1.0,0.0,0.0
station:L3_S47,feature:L3_S47_F4171,HAS_FEATURE,1.0,0.0,0.0
station:L3_S47,feature:L3_S47_F4172,HAS_FEATURE,1.0,0.0,0.0
station:L3_S47,feature:L3_S47_F4173,HAS_FEATURE,1.0,0.0,0.0
station:L3_S47,feature:L3_S47_F4174,HAS_FEATURE,1.0,0.0,0.0
station:L3_S47,feature:L3_S47_F4176,HAS_FEATURE,1.0,0.0,0.0
station:L3_S47,feature:L3_S47_F4177,HAS_FEATURE,1.0,0.0,0.0
station:L3_S47,feature:L3_S47_F4178,HAS_FEATURE,1.0,0.0,0.0
station:L3_S47,feature:L3_S47_F4179,HAS_FEATURE,1.0,0.0,0.0
station:L3_S47,feature:L3_S47_F4181,HAS_FEATURE,1.0,0.0,0.0
station:L3_S47,feature:L3_S47_F4182,HAS_FEATURE,1.0,0.0,0.0
station:L3_S47,feature:L3_S47_F4183,HAS_FEATURE,1.0,0.0,0.0
station:L3_S47,feature:L3_S47_F4184,HAS_FEATURE,1.0,0.0,0.0
station:L3_S47,feature:L3_S47_F4186,HAS_FEATURE,1.0,0.0,0.0
station:L3_S47,feature:L3_S47_F4187,HAS_FEATURE,1.0,0.0,0.0
station:L3_S47,feature:L3_S47_F4188,HAS_FEATURE,1.0,0.0,0.0
station:L3_S47,feature:L3_S47_F4189,HAS_FEATURE,1.0,0.0,0.0
station:L3_S47,feature:L3_S47_F4191,HAS_FEATURE,1.0,0.0,0.0
station:L3_S47,feature:L3_S47_F4192,HAS_FEATURE,1.0,0.0,0.0
station:L3_S48,feature:L3_S48_D4194,HAS_FEATURE,1.0,0.0,0.0
station:L3_S48,feature:L3_S48_D4195,HAS_FEATURE,1.0,0.0,0.0
station:L3_S48,feature:L3_S48_D4197,HAS_FEATURE,1.0,0.0,0.0
station:L3_S48,feature:L3_S48_D4199,HAS_FEATURE,1.0,0.0,0.0
station:L3_S48,feature:L3_S48_D4201,HAS_FEATURE,1.0,0.0,0.0
station:L3_S48,feature:L3_S48_D4203,HAS_FEATURE,1.0,0.0,0.0
station:L3_S48,feature:L3_S48_D4205,HAS_FEATURE,1.0,0.0,0.0
station:L3_S48,feature:L3_S48_F4193,HAS_FEATURE,1.0,0.0,0.0
station:L3_S48,feature:L3_S48_F4196,HAS_FEATURE,1.0,0.0,0.0
station:L3_S48,feature:L3_S48_F4198,HAS_FEATURE,1.0,0.0,0.0
station:L3_S48,feature:L3_S48_F4200,HAS_FEATURE,1.0,0.0,0.0
station:L3_S48,feature:L3_S48_F4202,HAS_FEATURE,1.0,0.0,0.0
station:L3_S48,feature:L3_S48_F4204,HAS_FEATURE,1.0,0.0,0.0
station:L3_S49,feature:L3_S49_D4208,HAS_FEATURE,1.0,0.0,0.0
station:L3_S49,feature:L3_S49_D4213,HAS_FEATURE,1.0,0.0,0.0
station:L3_S49,feature:L3_S49_D4218,HAS_FEATURE,1.0,0.0,0.0
station:L3_S49,feature:L3_S49_D4223,HAS_FEATURE,1.0,0.0,0.0
station:L3_S49,feature:L3_S49_D4228,HAS_FEATURE,1.0,0.0,0.0
station:L3_S49,feature:L3_S49_D4233,HAS_FEATURE,1.0,0.0,0.0
station:L3_S49,feature:L3_S49_D4238,HAS_FEATURE,1.0,0.0,0.0
station:L3_S49,feature:L3_S49_F4206,HAS_FEATURE,1.0,0.0,0.0
feature:L3_S49_F4206,failure:Response_1,MODEL_ASSOCIATED_WITH_FAILURE,0.0004419136060558,0.0,0.0004419136060558
station:L3_S49,feature:L3_S49_F4207,HAS_FEATURE,1.0,0.0,0.0
station:L3_S49,feature:L3_S49_F4209,HAS_FEATURE,1.0,0.0,0.0
station:L3_S49,feature:L3_S49_F4210,HAS_FEATURE,1.0,0.0,0.0
station:L3_S49,feature:L3_S49_F4211,HAS_FEATURE,1.0,0.0,0.0
feature:L3_S49_F4211,failure:Response_1,MODEL_ASSOCIATED_WITH_FAILURE,0.0067721433534442,0.0,0.0067721433534442
station:L3_S49,feature:L3_S49_F4212,HAS_FEATURE,1.0,0.0,0.0
station:L3_S49,feature:L3_S49_F4214,HAS_FEATURE,1.0,0.0,0.0
station:L3_S49,feature:L3_S49_F4215,HAS_FEATURE,1.0,0.0,0.0
station:L3_S49,feature:L3_S49_F4216,HAS_FEATURE,1.0,0.0,0.0
station:L3_S49,feature:L3_S49_F4217,HAS_FEATURE,1.0,0.0,0.0
station:L3_S49,feature:L3_S49_F4219,HAS_FEATURE,1.0,0.0,0.0
station:L3_S49,feature:L3_S49_F4220,HAS_FEATURE,1.0,0.0,0.0
station:L3_S49,feature:L3_S49_F4221,HAS_FEATURE,1.0,0.0,0.0
station:L3_S49,feature:L3_S49_F4222,HAS_FEATURE,1.0,0.0,0.0
station:L3_S49,feature:L3_S49_F4224,HAS_FEATURE,1.0,0.0,0.0
station:L3_S49,feature:L3_S49_F4225,HAS_FEATURE,1.0,0.0,0.0
station:L3_S49,feature:L3_S49_F4226,HAS_FEATURE,1.0,0.0,0.0
station:L3_S49,feature:L3_S49_F4227,HAS_FEATURE,1.0,0.0,0.0
station:L3_S49,feature:L3_S49_F4229,HAS_FEATURE,1.0,0.0,0.0
station:L3_S49,feature:L3_S49_F4230,HAS_FEATURE,1.0,0.0,0.0
station:L3_S49,feature:L3_S49_F4231,HAS_FEATURE,1.0,0.0,0.0
station:L3_S49,feature:L3_S49_F4232,HAS_FEATURE,1.0,0.0,0.0
station:L3_S49,feature:L3_S49_F4234,HAS_FEATURE,1.0,0.0,0.0
station:L3_S49,feature:L3_S49_F4235,HAS_FEATURE,1.0,0.0,0.0
station:L3_S49,feature:L3_S49_F4236,HAS_FEATURE,1.0,0.0,0.0
station:L3_S49,feature:L3_S49_F4237,HAS_FEATURE,1.0,0.0,0.0
station:L3_S49,feature:L3_S49_F4239,HAS_FEATURE,1.0,0.0,0.0
station:L3_S49,feature:L3_S49_F4240,HAS_FEATURE,1.0,0.0,0.0
station:L3_S50,feature:L3_S50_D4242,HAS_FEATURE,1.0,0.0,0.0
station:L3_S50,feature:L3_S50_D4244,HAS_FEATURE,1.0,0.0,0.0
station:L3_S50,feature:L3_S50_D4246,HAS_FEATURE,1.0,0.0,0.0
station:L3_S50,feature:L3_S50_D4248,HAS_FEATURE,1.0,0.0,0.0
station:L3_S50,feature:L3_S50_D4250,HAS_FEATURE,1.0,0.0,0.0
station:L3_S50,feature:L3_S50_D4252,HAS_FEATURE,1.0,0.0,0.0
station:L3_S50,feature:L3_S50_D4254,HAS_FEATURE,1.0,0.0,0.0
station:L3_S50,feature:L3_S50_F4241,HAS_FEATURE,1.0,0.0,0.0
station:L3_S50,feature:L3_S50_F4243,HAS_FEATURE,1.0,0.0,0.0
station:L3_S50,feature:L3_S50_F4245,HAS_FEATURE,1.0,0.0,0.0
station:L3_S50,feature:L3_S50_F4247,HAS_FEATURE,1.0,0.0,0.0
station:L3_S50,feature:L3_S50_F4249,HAS_FEATURE,1.0,0.0,0.0
station:L3_S50,feature:L3_S50_F4251,HAS_FEATURE,1.0,0.0,0.0
station:L3_S50,feature:L3_S50_F4253,HAS_FEATURE,1.0,0.0,0.0
station:L3_S51,feature:L3_S51_D4255,HAS_FEATURE,1.0,0.0,0.0
station:L3_S51,feature:L3_S51_D4257,HAS_FEATURE,1.0,0.0,0.0
station:L3_S51,feature:L3_S51_D4259,HAS_FEATURE,1.0,0.0,0.0
station:L3_S51,feature:L3_S51_D4261,HAS_FEATURE,1.0,0.0,0.0
station:L3_S51,feature:L3_S51_D4263,HAS_FEATURE,1.0,0.0,0.0
station:L3_S51,feature:L3_S51_F4256,HAS_FEATURE,1.0,0.0,0.0
station:L3_S51,feature:L3_S51_F4258,HAS_FEATURE,1.0,0.0,0.0
station:L3_S51,feature:L3_S51_F4260,HAS_FEATURE,1.0,0.0,0.0
station:L3_S51,feature:L3_S51_F4262,HAS_FEATURE,1.0,0.0,0.0
station:L3_S29,station:L3_S30,TRANSITIONS_TO,1971196.0,1971196.0,0.5743540419366719
station:L0_S0,station:L0_S1,TRANSITIONS_TO,1346767.0,1346767.0,0.5354625049958176
station:L3_S34,station:L3_S33,TRANSITIONS_TO,1087398.0,1087398.0,0.5109576317168949
station:L3_S30,station:L3_S33,TRANSITIONS_TO,970910.0,970910.0,0.4811078661959938
station:L3_S33,station:L3_S34,TRANSITIONS_TO,965844.0,965844.0,0.4655005684159521
station:L0_S1,station:L0_S2,TRANSITIONS_TO,678332.0,678332.0,0.5342645390384416
station:L0_S6,station:L0_S8,TRANSITIONS_TO,675449.0,675449.0,0.5314293166405842
station:L0_S1,station:L0_S3,TRANSITIONS_TO,669098.0,669098.0,0.5352428050554701
station:L0_S7,station:L0_S8,TRANSITIONS_TO,668000.0,668000.0,0.538321741551672
station:L3_S33,station:L3_S37,TRANSITIONS_TO,654274.0,654274.0,0.5059238696289585
station:L3_S34,station:L3_S37,TRANSITIONS_TO,524654.0,524654.0,0.4815507307207998
station:L0_S12,station:L0_S13,TRANSITIONS_TO,482989.0,482989.0,0.5445887194704973
station:L3_S34,station:L3_S35,TRANSITIONS_TO,469545.0,469545.0,0.5038019173407429
station:L3_S37,station:L3_S36,TRANSITIONS_TO,449643.0,449643.0,0.4893078008753222
station:L0_S8,station:L0_S9,TRANSITIONS_TO,449338.0,449338.0,0.5301910646557096
station:L0_S8,station:L0_S11,TRANSITIONS_TO,447672.0,447672.0,0.5310731432556393
station:L0_S8,station:L0_S10,TRANSITIONS_TO,447086.0,447086.0,0.543001414579118
station:L3_S33,station:L3_S36,TRANSITIONS_TO,430479.0,430479.0,0.5534961190318225
station:L3_S35,station:L3_S37,TRANSITIONS_TO,422829.0,422829.0,0.6333724362370393
station:L3_S35,station:L3_S34,TRANSITIONS_TO,420326.0,420326.0,0.4894841846136264
station:L3_S36,station:L3_S37,TRANSITIONS_TO,395600.0,395600.0,0.7914687152532093
station:L0_S9,station:L3_S29,TRANSITIONS_TO,360606.0,360606.0,0.5078114160446209
station:L0_S11,station:L3_S29,TRANSITIONS_TO,360325.0,360325.0,0.4989110627138983
station:L0_S10,station:L3_S29,TRANSITIONS_TO,358768.0,358768.0,0.5105143641445955
station:L0_S2,station:L0_S5,TRANSITIONS_TO,341102.0,341102.0,0.53094126205618
station:L0_S5,station:L0_S6,TRANSITIONS_TO,341061.0,341061.0,0.5251317234776173
station:L0_S5,station:L0_S7,TRANSITIONS_TO,337269.0,337269.0,0.542569466680898
station:L0_S3,station:L0_S5,TRANSITIONS_TO,336893.0,336893.0,0.5349278144632594
station:L0_S2,station:L0_S4,TRANSITIONS_TO,336646.0,336646.0,0.5367829795310711
station:L0_S4,station:L0_S6,TRANSITIONS_TO,336501.0,336501.0,0.5403638092973487
station:L0_S4,station:L0_S7,TRANSITIONS_TO,332929.0,332929.0,0.5322312262343138
station:L0_S3,station:L0_S4,TRANSITIONS_TO,332659.0,332659.0,0.5365950604346962
station:L3_S30,station:L3_S35,TRANSITIONS_TO,329581.0,329581.0,0.4814276063127271
station:L3_S37,station:L3_S34,TRANSITIONS_TO,281561.0,281561.0,0.4857462506903828
station:L3_S30,station:L3_S34,TRANSITIONS_TO,264184.0,264184.0,0.6735739531222802
station:L3_S30,station:L3_S29,TRANSITIONS_TO,263803.0,263803.0,0.6637419589480145
station:L3_S37,station:L3_S35,TRANSITIONS_TO,261798.0,261798.0,0.6042134938473847
station:L2_S26,station:L3_S29,TRANSITIONS_TO,257914.0,257914.0,0.7750554719381818
station:L1_S24,station:L2_S26,TRANSITIONS_TO,243524.0,243524.0,0.852410107616776
station:L3_S30,station:L3_S37,TRANSITIONS_TO,208614.0,208614.0,0.5403083385041286
station:L2_S26,station:L3_S30,TRANSITIONS_TO,185864.0,185864.0,0.7125865168297435
station:L2_S27,station:L3_S29,TRANSITIONS_TO,160922.0,160922.0,0.741335639710879
station:L0_S13,station:L0_S14,TRANSITIONS_TO,145451.0,145451.0,0.5793902607256174
station:L0_S20,station:L0_S21,TRANSITIONS_TO,142935.0,142935.0,0.556069137462532
station:L0_S20,station:L0_S23,TRANSITIONS_TO,142283.0,142283.0,0.5519882843302917
station:L0_S20,station:L0_S22,TRANSITIONS_TO,142134.0,142134.0,0.5356916890457377
station:L3_S29,station:L3_S34,TRANSITIONS_TO,140828.0,140828.0,0.6120507249463923
station:L0_S13,station:L0_S15,TRANSITIONS_TO,139520.0,139520.0,0.5313114777638966
station:L0_S17,station:L0_S20,TRANSITIONS_TO,134896.0,134896.0,0.5485244544325507
station:L0_S16,station:L0_S20,TRANSITIONS_TO,131531.0,131531.0,0.5591969565018104
station:L3_S34,station:L3_S36,TRANSITIONS_TO,124283.0,124283.0,0.585350164830747
station:L0_S18,station:L3_S29,TRANSITIONS_TO,114517.0,114517.0,0.5523606425562411
station:L0_S19,station:L3_S29,TRANSITIONS_TO,110175.0,110175.0,0.5240365369918847
station:L3_S40,station:L3_S41,TRANSITIONS_TO,110092.0,110092.0,0.4837507047120228
station:L3_S39,station:L3_S40,TRANSITIONS_TO,105139.0,105139.0,0.4945222154595252
station:L3_S36,station:L3_S34,TRANSITIONS_TO,104797.0,104797.0,0.4897272066419252
station:L0_S15,station:L0_S12,TRANSITIONS_TO,102962.0,102962.0,0.5224256027243528
station:L0_S13,station:L0_S17,TRANSITIONS_TO,101108.0,101108.0,0.5417971905352956
station:L1_S25,station:L2_S26,TRANSITIONS_TO,99767.0,99767.0,0.53570353724845
station:L3_S30,station:L3_S36,TRANSITIONS_TO,99234.0,99234.0,0.5114368556701031
station:L0_S13,station:L0_S16,TRANSITIONS_TO,97600.0,97600.0,0.5210042664916311
station:L0_S14,station:L0_S12,TRANSITIONS_TO,96133.0,96133.0,0.5453447952875549
station:L1_S24,station:L2_S27,TRANSITIONS_TO,88940.0,88940.0,0.6476771027094865
station:L0_S19,station:L0_S20,TRANSITIONS_TO,80875.0,80875.0,0.5713155096084882
station:L0_S18,station:L0_S20,TRANSITIONS_TO,80170.0,80170.0,0.5039542948382107
station:L0_S14,station:L0_S17,TRANSITIONS_TO,73498.0,73498.0,0.5490453167253954
station:L2_S27,station:L3_S30,TRANSITIONS_TO,73141.0,73141.0,0.5235887646577584
station:L0_S14,station:L0_S16,TRANSITIONS_TO,71650.0,71650.0,0.6073327735796249
station:L0_S15,station:L0_S17,TRANSITIONS_TO,70521.0,70521.0,0.5140731063080463
station:L3_S30,station:L3_S31,TRANSITIONS_TO,69018.0,69018.0,0.2677220346874636
station:L0_S15,station:L0_S16,TRANSITIONS_TO,68830.0,68830.0,0.5447448147285016
station:L3_S29,station:L3_S33,TRANSITIONS_TO,63557.0,63557.0,0.510863738135032
station:L0_S17,station:L0_S19,TRANSITIONS_TO,57189.0,57189.0,0.509899075148574
station:L3_S43,station:L3_S45,TRANSITIONS_TO,54909.0,54909.0,0.5100553774409793
station:L3_S41,station:L3_S43,TRANSITIONS_TO,54624.0,54624.0,0.501702860072509
station:L0_S16,station:L0_S19,TRANSITIONS_TO,54463.0,54463.0,0.6254343293954135
station:L0_S17,station:L0_S18,TRANSITIONS_TO,53761.0,53761.0,0.5429325796734966
station:L0_S16,station:L0_S18,TRANSITIONS_TO,52609.0,52609.0,0.4717340028912729
station:L3_S48,station:L3_S50,TRANSITIONS_TO,49610.0,49610.0,0.5558464574858017
station:L3_S47,station:L3_S48,TRANSITIONS_TO,48663.0,48663.0,0.5852532662902362
station:L3_S31,station:L3_S34,TRANSITIONS_TO,48356.0,48356.0,0.1703577512776831
station:L0_S20,station:L3_S29,TRANSITIONS_TO,47678.0,47678.0,0.5334565463939177
station:L3_S48,station:L3_S49,TRANSITIONS_TO,47168.0,47168.0,0.539530141467352
station:L3_S47,station:L3_S51,TRANSITIONS_TO,46853.0,46853.0,0.4987850108709554
station:L0_S21,station:L0_S18,TRANSITIONS_TO,46492.0,46492.0,0.5359612724757953
station:L0_S23,station:L3_S29,TRANSITIONS_TO,46350.0,46350.0,0.4611075199310493
station:L1_S25,station:L2_S27,TRANSITIONS_TO,45887.0,45887.0,0.4176091874021228
station:L0_S22,station:L0_S18,TRANSITIONS_TO,45040.0,45040.0,0.5772646536412078
station:L0_S21,station:L0_S19,TRANSITIONS_TO,44829.0,44829.0,0.5981341784582422
station:L0_S22,station:L3_S29,TRANSITIONS_TO,44255.0,44255.0,0.4883121580684541
station:L0_S23,station:L0_S18,TRANSITIONS_TO,43831.0,43831.0,0.5740057400574006
station:L3_S45,station:L3_S47,TRANSITIONS_TO,43733.0,43733.0,0.5239692972376707
station:L0_S22,station:L0_S19,TRANSITIONS_TO,43034.0,43034.0,0.48741992386965
station:L3_S41,station:L3_S45,TRANSITIONS_TO,42380.0,42380.0,0.5003304068724629
station:L0_S21,station:L3_S29,TRANSITIONS_TO,42308.0,42308.0,0.5078051532819259
station:L0_S23,station:L0_S19,TRANSITIONS_TO,42177.0,42177.0,0.5287980563098471
station:L3_S35,station:L3_S33,TRANSITIONS_TO,40218.0,40218.0,0.5511146417754829
station:L3_S45,station:L3_S44,TRANSITIONS_TO,40062.0,40062.0,0.49004900490049
station:L3_S33,station:L3_S35,TRANSITIONS_TO,35109.0,35109.0,0.5159662902023734
station:L3_S30,station:L3_S32,TRANSITIONS_TO,34022.0,34022.0,4.370496221219755
station:L3_S29,station:L3_S37,TRANSITIONS_TO,33074.0,33074.0,0.5613951266125179
station:L3_S45,station:L3_S48,TRANSITIONS_TO,32007.0,32007.0,0.4782311657661015
station:L0_S11,station:L2_S26,TRANSITIONS_TO,30915.0,30915.0,0.6583235562508147
station:L0_S9,station:L2_S26,TRANSITIONS_TO,30811.0,30811.0,0.604308985811876
station:L0_S10,station:L2_S26,TRANSITIONS_TO,30809.0,30809.0,0.8100576761065388
station:L3_S50,station:L3_S51,TRANSITIONS_TO,30387.0,30387.0,0.6142262730334852
station:L3_S37,station:L3_S38,TRANSITIONS_TO,28851.0,28851.0,0.8378340950006924
station:L0_S9,station:L2_S27,TRANSITIONS_TO,27604.0,27604.0,0.8285714285714285
station:L0_S11,station:L2_S27,TRANSITIONS_TO,27603.0,27603.0,0.7153075822603719
station:L0_S10,station:L2_S27,TRANSITIONS_TO,27455.0,27455.0,0.789646852379908
station:L3_S49,station:L3_S47,TRANSITIONS_TO,25933.0,25933.0,0.5186159919498413
station:L1_S24,station:L3_S29,TRANSITIONS_TO,25747.0,25747.0,1.1751971547858358
station:L3_S29,station:L3_S36,TRANSITIONS_TO,25519.0,25519.0,0.434610825760569
station:L3_S32,station:L3_S33,TRANSITIONS_TO,25280.0,25280.0,0.4859314993338036
station:L3_S49,station:L3_S51,TRANSITIONS_TO,23095.0,23095.0,0.5546888542208356
station:L3_S36,station:L3_S33,TRANSITIONS_TO,22901.0,22901.0,0.6400701446733889
station:L3_S44,station:L3_S47,TRANSITIONS_TO,22869.0,22869.0,0.4729374671571204
station:L0_S11,station:L3_S39,TRANSITIONS_TO,22532.0,22532.0,0.656319290465632
station:L0_S10,station:L3_S39,TRANSITIONS_TO,22411.0,22411.0,0.4037685060565276
station:L0_S9,station:L3_S39,TRANSITIONS_TO,22391.0,22391.0,0.3993964675601313
station:L3_S50,station:L3_S47,TRANSITIONS_TO,20820.0,20820.0,0.4961358648983875
station:L0_S21,station:L0_S20,TRANSITIONS_TO,19992.0,19992.0,0.6416683376779627
station:L3_S48,station:L3_S51,TRANSITIONS_TO,19535.0,19535.0,0.2888980602558811
station:L3_S44,station:L3_S48,TRANSITIONS_TO,19418.0,19418.0,0.5802507512174904
station:L3_S31,station:L3_S33,TRANSITIONS_TO,18846.0,18846.0,0.255129159136813
station:L0_S22,station:L0_S20,TRANSITIONS_TO,18723.0,18723.0,0.5007457916045174
station:L0_S23,station:L0_S20,TRANSITIONS_TO,18322.0,18322.0,0.4608294930875576
station:L2_S28,station:L3_S29,TRANSITIONS_TO,18267.0,18267.0,0.6772995411841818
station:L3_S41,station:L3_S44,TRANSITIONS_TO,16955.0,16955.0,0.4854943753700414
station:L3_S36,station:L3_S38,TRANSITIONS_TO,16106.0,16106.0,0.555624151129769
station:L1_S25,station:L3_S29,TRANSITIONS_TO,15867.0,15867.0,0.5511022044088176
station:L3_S44,station:L3_S45,TRANSITIONS_TO,14355.0,14355.0,0.4181767493727348
station:L3_S47,station:L3_S49,TRANSITIONS_TO,12008.0,12008.0,0.4047900151796255
station:L0_S19,station:L0_S21,TRANSITIONS_TO,10950.0,10950.0,0.6781524926686217
station:L3_S47,station:L3_S50,TRANSITIONS_TO,10631.0,10631.0,0.2824326868762944
station:L3_S49,station:L3_S48,TRANSITIONS_TO,10271.0,10271.0,0.3544702638834187
station:L0_S19,station:L0_S22,TRANSITIONS_TO,10020.0,10020.0,0.4954419342053111
station:L0_S19,station:L0_S23,TRANSITIONS_TO,9947.0,9947.0,0.4682410423452769
station:L3_S50,station:L3_S48,TRANSITIONS_TO,9254.0,9254.0,0.2165908598657136
station:L0_S18,station:L0_S21,TRANSITIONS_TO,9072.0,9072.0,0.5957634598411298
station:L0_S18,station:L0_S22,TRANSITIONS_TO,8776.0,8776.0,0.5028571428571428
station:L3_S32,station:L3_S36,TRANSITIONS_TO,8585.0,8585.0,9.648918856079982
station:L0_S18,station:L3_S39,TRANSITIONS_TO,8574.0,8574.0,0.2543352601156069
station:L0_S18,station:L0_S23,TRANSITIONS_TO,8512.0,8512.0,0.4444444444444444
station:L0_S19,station:L3_S39,TRANSITIONS_TO,8194.0,8194.0,0.5802707930367506
station:L3_S31,station:L3_S29,TRANSITIONS_TO,8024.0,8024.0,0.2998500749625187
station:L3_S32,station:L3_S35,TRANSITIONS_TO,7657.0,7657.0,7.916666666666666
station:L3_S40,station:L3_S39,TRANSITIONS_TO,6629.0,6629.0,0.7228915662650602
station:L1_S24,station:L2_S28,TRANSITIONS_TO,6470.0,6470.0,1.019777503090235
station:L3_S33,station:L3_S32,TRANSITIONS_TO,6432.0,6432.0,0.6056935190793459
station:L0_S18,station:L2_S27,TRANSITIONS_TO,5439.0,5439.0,1.0701107011070112
station:L0_S19,station:L2_S27,TRANSITIONS_TO,5145.0,5145.0,0.7050528789659225
station:L2_S26,station:L3_S40,TRANSITIONS_TO,4862.0,4862.0,0.4619907601847963
station:L0_S18,station:L2_S26,TRANSITIONS_TO,4847.0,4847.0,0.7893643539675945
station:L0_S19,station:L2_S26,TRANSITIONS_TO,4612.0,4612.0,0.6947459834997829
station:L3_S39,station:L3_S45,TRANSITIONS_TO,4331.0,4331.0,0.4798464491362763
station:L3_S39,station:L3_S43,TRANSITIONS_TO,4306.0,4306.0,0.6563525550867323
station:L0_S23,station:L3_S39,TRANSITIONS_TO,4116.0,4116.0,0.8585858585858586
station:L0_S22,station:L3_S39,TRANSITIONS_TO,4037.0,4037.0,0.538160469667319
station:L3_S32,station:L3_S34,TRANSITIONS_TO,3949.0,3949.0,6.936708860759494
station:L0_S20,station:L3_S39,TRANSITIONS_TO,3913.0,3913.0,0.4587155963302752
station:L1_S25,station:L2_S28,TRANSITIONS_TO,3787.0,3787.0,0.4707112970711297
station:L0_S21,station:L3_S39,TRANSITIONS_TO,3701.0,3701.0,0.3858875413450937
station:L3_S35,station:L3_S38,TRANSITIONS_TO,3501.0,3501.0,1.3737836290784202
station:L3_S39,station:L3_S41,TRANSITIONS_TO,3439.0,3439.0,0.8685581933989578
station:L3_S48,station:L3_S47,TRANSITIONS_TO,3328.0,3328.0,0.481637567730283
station:L2_S27,station:L3_S40,TRANSITIONS_TO,3205.0,3205.0,1.039755351681957
station:L2_S26,station:L3_S39,TRANSITIONS_TO,3147.0,3147.0,0.461133069828722
station:L3_S29,station:L3_S32,TRANSITIONS_TO,3089.0,3089.0,8.246753246753247
station:L3_S41,station:L3_S39,TRANSITIONS_TO,3074.0,3074.0,0.6666666666666667
station:L0_S23,station:L2_S27,TRANSITIONS_TO,2698.0,2698.0,1.3462976813762155
station:L0_S22,station:L2_S27,TRANSITIONS_TO,2679.0,2679.0,1.165331391114348
station:L0_S21,station:L2_S27,TRANSITIONS_TO,2517.0,2517.0,0.7086614173228346
station:L0_S20,station:L2_S27,TRANSITIONS_TO,2479.0,2479.0,1.04754230459307
station:L0_S9,station:L2_S28,TRANSITIONS_TO,2261.0,2261.0,0.9009009009009008
station:L0_S23,station:L2_S26,TRANSITIONS_TO,2256.0,2256.0,0.9847806624888094
station:L0_S11,station:L2_S28,TRANSITIONS_TO,2241.0,2241.0,0.5405405405405406
station:L3_S43,station:L3_S41,TRANSITIONS_TO,2223.0,2223.0,0.807899461400359
station:L0_S10,station:L2_S28,TRANSITIONS_TO,2177.0,2177.0,0.36330608537693
station:L0_S20,station:L2_S26,TRANSITIONS_TO,2167.0,2167.0,0.2762430939226519
station:L0_S22,station:L2_S26,TRANSITIONS_TO,2121.0,2121.0,0.4812319538017324
station:L0_S21,station:L2_S26,TRANSITIONS_TO,2044.0,2044.0,1.2987012987012987
station:L3_S39,station:L3_S47,TRANSITIONS_TO,2032.0,2032.0,0.1994017946161515
station:L3_S41,station:L3_S40,TRANSITIONS_TO,2003.0,2003.0,0.6179196704428425
station:L0_S8,station:L3_S30,TRANSITIONS_TO,1904.0,1904.0,0.9045226130653266
station:L0_S11,station:L3_S31,TRANSITIONS_TO,1881.0,1881.0,0.4291845493562232
station:L3_S44,station:L3_S39,TRANSITIONS_TO,1850.0,1850.0,0.3278688524590163
station:L0_S10,station:L3_S31,TRANSITIONS_TO,1822.0,1822.0,0.3264417845484222
station:L3_S45,station:L3_S41,TRANSITIONS_TO,1818.0,1818.0,1.0169491525423728
station:L0_S9,station:L3_S31,TRANSITIONS_TO,1794.0,1794.0,0.2239641657334826
station:L2_S27,station:L3_S39,TRANSITIONS_TO,1768.0,1768.0,0.9163802978235968
station:L3_S43,station:L3_S39,TRANSITIONS_TO,1658.0,1658.0,0.4700352526439483
station:L3_S47,station:L3_S45,TRANSITIONS_TO,1646.0,1646.0,0.7033997655334115
station:L3_S40,station:L3_S45,TRANSITIONS_TO,1633.0,1633.0,1.2642225031605565
station:L3_S45,station:L3_S40,TRANSITIONS_TO,1626.0,1626.0,0.381679389312977
station:L3_S31,station:L3_S32,TRANSITIONS_TO,1605.0,1605.0,2.9593094944512948
station:L3_S32,station:L3_S37,TRANSITIONS_TO,1562.0,1562.0,9.440993788819876
station:L3_S34,station:L3_S32,TRANSITIONS_TO,1544.0,1544.0,4.055766793409378
station:L3_S33,station:L3_S38,TRANSITIONS_TO,1523.0,1523.0,1.0723860589812333
station:L0_S8,station:L3_S29,TRANSITIONS_TO,1522.0,1522.0,0.2607561929595828
station:L0_S9,station:L1_S24,TRANSITIONS_TO,1520.0,1520.0,0.2607561929595828
station:L0_S9,station:L0_S8,TRANSITIONS_TO,1513.0,1513.0,0.5270092226613966
station:L0_S10,station:L1_S24,TRANSITIONS_TO,1496.0,1496.0,0.801068090787717
station:L0_S11,station:L1_S24,TRANSITIONS_TO,1494.0,1494.0,0.1328021248339973
station:L3_S29,station:L3_S31,TRANSITIONS_TO,1420.0,1420.0,0.2699055330634278
station:L0_S10,station:L0_S8,TRANSITIONS_TO,1386.0,1386.0,1.020408163265306
station:L0_S11,station:L0_S8,TRANSITIONS_TO,1386.0,1386.0,0.4195804195804196
station:L3_S43,station:L3_S40,TRANSITIONS_TO,1335.0,1335.0,0.3115264797507788
station:L3_S31,station:L3_S30,TRANSITIONS_TO,1179.0,1179.0,0.1661129568106312
station:L0_S11,station:L3_S30,TRANSITIONS_TO,1020.0,1020.0,0.0
station:L1_S25,station:L3_S41,TRANSITIONS_TO,1001.0,1001.0,0.205761316872428
station:L3_S35,station:L3_S32,TRANSITIONS_TO,972.0,972.0,13.238289205702646
station:L3_S41,station:L3_S47,TRANSITIONS_TO,950.0,950.0,0.81799591002045
station:L3_S44,station:L3_S40,TRANSITIONS_TO,948.0,948.0,0.0
station:L0_S10,station:L0_S11,TRANSITIONS_TO,931.0,931.0,0.0
station:L3_S40,station:L3_S43,TRANSITIONS_TO,891.0,891.0,0.449438202247191
station:L1_S24,station:L3_S41,TRANSITIONS_TO,889.0,889.0,0.0
station:L0_S0,station:L0_S2,TRANSITIONS_TO,829.0,829.0,0.9411764705882352
station:L2_S26,station:L3_S43,TRANSITIONS_TO,768.0,768.0,0.75
station:L0_S0,station:L0_S3,TRANSITIONS_TO,765.0,765.0,0.0
station:L0_S7,station:L0_S11,TRANSITIONS_TO,741.0,741.0,0.2631578947368421
station:L0_S11,station:L3_S38,TRANSITIONS_TO,738.0,738.0,0.8264462809917356
station:L0_S6,station:L0_S11,TRANSITIONS_TO,735.0,735.0,0.2688172043010753
station:L1_S25,station:L3_S39,TRANSITIONS_TO,727.0,727.0,1.1204481792717087
station:L0_S6,station:L0_S9,TRANSITIONS_TO,709.0,709.0,0.8333333333333334
station:L0_S7,station:L0_S10,TRANSITIONS_TO,708.0,708.0,0.2923976608187134
station:L0_S10,station:L3_S38,TRANSITIONS_TO,695.0,695.0,0.0
station:L0_S19,station:L3_S31,TRANSITIONS_TO,689.0,689.0,0.0
station:L0_S7,station:L0_S9,TRANSITIONS_TO,687.0,687.0,0.2840909090909091
station:L0_S18,station:L3_S31,TRANSITIONS_TO,684.0,684.0,0.6097560975609756
station:L0_S9,station:L3_S38,TRANSITIONS_TO,676.0,676.0,0.2906976744186046
station:L3_S36,station:L3_S32,TRANSITIONS_TO,668.0,668.0,14.325842696629213
station:L3_S40,station:L3_S44,TRANSITIONS_TO,654.0,654.0,0.6557377049180327
station:L0_S7,station:L0_S5,TRANSITIONS_TO,646.0,646.0,0.3134796238244514
station:L3_S43,station:L3_S44,TRANSITIONS_TO,627.0,627.0,0.326797385620915
station:L0_S6,station:L0_S10,TRANSITIONS_TO,615.0,615.0,1.9169329073482428
station:L0_S6,station:L0_S5,TRANSITIONS_TO,613.0,613.0,0.3311258278145695
station:L0_S7,station:L0_S4,TRANSITIONS_TO,566.0,566.0,1.0033444816053512
station:L0_S10,station:L3_S30,TRANSITIONS_TO,542.0,542.0,0.7299270072992701
station:L0_S2,station:L0_S3,TRANSITIONS_TO,534.0,534.0,1.4234875444839856
station:L3_S39,station:L3_S44,TRANSITIONS_TO,528.0,528.0,0.7604562737642585
station:L0_S13,station:L0_S12,TRANSITIONS_TO,525.0,525.0,1.4084507042253522
station:L1_S24,station:L3_S39,TRANSITIONS_TO,512.0,512.0,0.0
station:L0_S18,station:L2_S28,TRANSITIONS_TO,502.0,502.0,0.0
station:L2_S26,station:L2_S27,TRANSITIONS_TO,501.0,501.0,2.702702702702702
station:L0_S6,station:L0_S4,TRANSITIONS_TO,501.0,501.0,0.4098360655737705
station:L0_S9,station:L0_S11,TRANSITIONS_TO,493.0,493.0,0.8264462809917356
station:L0_S19,station:L2_S28,TRANSITIONS_TO,476.0,476.0,0.4219409282700421
station:L0_S2,station:L0_S7,TRANSITIONS_TO,465.0,465.0,0.8
station:L2_S26,station:L3_S44,TRANSITIONS_TO,457.0,457.0,0.411522633744856
station:L0_S9,station:L0_S10,TRANSITIONS_TO,451.0,451.0,0.0
station:L0_S12,station:L0_S14,TRANSITIONS_TO,447.0,447.0,0.8658008658008658
station:L0_S12,station:L0_S15,TRANSITIONS_TO,434.0,434.0,0.8695652173913043
station:L0_S3,station:L0_S7,TRANSITIONS_TO,426.0,426.0,0.4878048780487805
station:L0_S23,station:L3_S30,TRANSITIONS_TO,422.0,422.0,0.4878048780487805
station:L0_S3,station:L0_S6,TRANSITIONS_TO,403.0,403.0,0.0
station:L0_S18,station:L1_S24,TRANSITIONS_TO,400.0,400.0,1.6216216216216215
station:L0_S2,station:L0_S6,TRANSITIONS_TO,398.0,398.0,0.5494505494505495
station:L3_S29,station:L3_S35,TRANSITIONS_TO,381.0,381.0,7.4074074074074066
station:L2_S27,station:L3_S43,TRANSITIONS_TO,379.0,379.0,1.0810810810810811
station:L0_S22,station:L3_S30,TRANSITIONS_TO,379.0,379.0,2.525252525252525
station:L0_S9,station:L0_S13,TRANSITIONS_TO,378.0,378.0,2.030456852791878
station:L0_S19,station:L1_S24,TRANSITIONS_TO,378.0,378.0,0.0
station:L0_S10,station:L0_S13,TRANSITIONS_TO,377.0,377.0,1.530612244897959
station:L0_S11,station:L0_S13,TRANSITIONS_TO,372.0,372.0,0.9803921568627452
station:L0_S9,station:L3_S30,TRANSITIONS_TO,367.0,367.0,0.5050505050505051
station:L0_S9,station:L1_S25,TRANSITIONS_TO,357.0,357.0,1.1428571428571428
station:L2_S28,station:L3_S30,TRANSITIONS_TO,356.0,356.0,1.1695906432748535
station:L3_S43,station:L3_S47,TRANSITIONS_TO,347.0,347.0,1.7341040462427744
station:L0_S5,station:L0_S9,TRANSITIONS_TO,336.0,336.0,0.6060606060606061
station:L3_S48,station:L3_S45,TRANSITIONS_TO,335.0,335.0,1.282051282051282
station:L3_S37,station:L3_S32,TRANSITIONS_TO,332.0,332.0,22.90502793296089
station:L0_S8,station:L2_S26,TRANSITIONS_TO,332.0,332.0,1.4184397163120568
station:L0_S10,station:L1_S25,TRANSITIONS_TO,331.0,331.0,2.8901734104046244
station:L0_S21,station:L3_S30,TRANSITIONS_TO,331.0,331.0,0.6493506493506493
station:L0_S5,station:L0_S8,TRANSITIONS_TO,329.0,329.0,0.0
station:L3_S44,station:L3_S41,TRANSITIONS_TO,317.0,317.0,2.027027027027027
station:L0_S4,station:L0_S8,TRANSITIONS_TO,315.0,315.0,0.6097560975609756
station:L0_S11,station:L1_S25,TRANSITIONS_TO,310.0,310.0,0.7142857142857143
station:L0_S5,station:L0_S11,TRANSITIONS_TO,305.0,305.0,0.625
station:L3_S45,station:L3_S39,TRANSITIONS_TO,303.0,303.0,0.0
station:L2_S26,station:L3_S45,TRANSITIONS_TO,302.0,302.0,0.0
station:L0_S4,station:L0_S9,TRANSITIONS_TO,292.0,292.0,0.0
station:L0_S5,station:L0_S10,TRANSITIONS_TO,291.0,291.0,0.0
station:L0_S19,station:L0_S17,TRANSITIONS_TO,282.0,282.0,1.1976047904191618
station:L0_S8,station:L2_S27,TRANSITIONS_TO,280.0,280.0,0.0
station:L3_S34,station:L3_S38,TRANSITIONS_TO,279.0,279.0,2.142857142857143
station:L0_S20,station:L3_S31,TRANSITIONS_TO,269.0,269.0,0.0
station:L0_S18,station:L0_S17,TRANSITIONS_TO,268.0,268.0,1.574803149606299
station:L0_S1,station:L0_S7,TRANSITIONS_TO,260.0,260.0,0.7936507936507936
station:L0_S1,station:L0_S6,TRANSITIONS_TO,258.0,258.0,0.7352941176470588
station:L2_S28,station:L3_S40,TRANSITIONS_TO,257.0,257.0,2.5210084033613445
station:L0_S18,station:L0_S16,TRANSITIONS_TO,254.0,254.0,1.550387596899225
station:L0_S19,station:L3_S38,TRANSITIONS_TO,250.0,250.0,1.4925373134328357
station:L0_S18,station:L3_S38,TRANSITIONS_TO,248.0,248.0,0.0
station:L0_S1,station:L0_S5,TRANSITIONS_TO,244.0,244.0,2.2222222222222223
station:L3_S39,station:L3_S48,TRANSITIONS_TO,241.0,241.0,0.0
station:L3_S45,station:L3_S49,TRANSITIONS_TO,241.0,241.0,1.639344262295082
station:L2_S27,station:L3_S44,TRANSITIONS_TO,241.0,241.0,0.8695652173913043
station:L0_S4,station:L0_S11,TRANSITIONS_TO,240.0,240.0,0.0
station:L0_S23,station:L3_S31,TRANSITIONS_TO,234.0,234.0,0.0
station:L1_S24,station:L3_S30,TRANSITIONS_TO,226.0,226.0,0.9523809523809524
station:L0_S4,station:L0_S10,TRANSITIONS_TO,225.0,225.0,2.752293577981652
station:L0_S1,station:L0_S4,TRANSITIONS_TO,225.0,225.0,0.0
station:L0_S19,station:L0_S16,TRANSITIONS_TO,221.0,221.0,0.8403361344537815
station:L3_S51,station:L3_S50,TRANSITIONS_TO,219.0,219.0,2.752293577981652
station:L2_S27,station:L3_S38,TRANSITIONS_TO,219.0,219.0,0.9090909090909092
station:L0_S22,station:L3_S31,TRANSITIONS_TO,218.0,218.0,0.9708737864077668
station:L0_S20,station:L2_S28,TRANSITIONS_TO,217.0,217.0,0.9523809523809524
station:L1_S24,station:L1_S25,TRANSITIONS_TO,216.0,216.0,4.464285714285714
station:L0_S22,station:L2_S28,TRANSITIONS_TO,214.0,214.0,0.0
station:L0_S23,station:L2_S28,TRANSITIONS_TO,213.0,213.0,0.0
station:L3_S45,station:L3_S50,TRANSITIONS_TO,212.0,212.0,0.0
station:L0_S21,station:L3_S31,TRANSITIONS_TO,208.0,208.0,0.0
station:L0_S21,station:L2_S28,TRANSITIONS_TO,193.0,193.0,1.1235955056179776
station:L0_S15,station:L0_S13,TRANSITIONS_TO,184.0,184.0,0.0
station:L3_S47,station:L3_S44,TRANSITIONS_TO,184.0,184.0,0.0
station:L0_S14,station:L0_S13,TRANSITIONS_TO,176.0,176.0,0.0
station:L2_S28,station:L3_S39,TRANSITIONS_TO,172.0,172.0,0.0
station:L3_S32,station:L3_S38,TRANSITIONS_TO,172.0,172.0,0.0
station:L0_S12,station:L0_S17,TRANSITIONS_TO,169.0,169.0,1.0526315789473684
station:L0_S12,station:L0_S19,TRANSITIONS_TO,166.0,166.0,2.247191011235955
station:L0_S13,station:L0_S18,TRANSITIONS_TO,154.0,154.0,0.0
station:L0_S20,station:L1_S24,TRANSITIONS_TO,154.0,154.0,0.0
station:L2_S26,station:L3_S38,TRANSITIONS_TO,152.0,152.0,2.5
station:L1_S25,station:L3_S30,TRANSITIONS_TO,143.0,143.0,1.4705882352941175
station:L0_S12,station:L0_S18,TRANSITIONS_TO,142.0,142.0,2.898550724637681
station:L0_S10,station:L0_S12,TRANSITIONS_TO,139.0,139.0,0.0
station:L3_S31,station:L3_S35,TRANSITIONS_TO,138.0,138.0,1.4492753623188406
station:L2_S27,station:L3_S45,TRANSITIONS_TO,134.0,134.0,0.0
station:L0_S9,station:L0_S12,TRANSITIONS_TO,133.0,133.0,0.0
station:L0_S22,station:L1_S24,TRANSITIONS_TO,132.0,132.0,0.0
station:L0_S11,station:L0_S12,TRANSITIONS_TO,132.0,132.0,0.0
station:L0_S23,station:L1_S24,TRANSITIONS_TO,132.0,132.0,1.5384615384615383
station:L0_S23,station:L3_S38,TRANSITIONS_TO,131.0,131.0,0.0
station:L0_S12,station:L0_S16,TRANSITIONS_TO,129.0,129.0,0.0
station:L3_S40,station:L3_S48,TRANSITIONS_TO,126.0,126.0,0.0
station:L3_S51,station:L3_S49,TRANSITIONS_TO,125.0,125.0,0.0
station:L2_S26,station:L3_S41,TRANSITIONS_TO,124.0,124.0,0.0
station:L0_S13,station:L0_S19,TRANSITIONS_TO,121.0,121.0,0.0
station:L0_S21,station:L3_S38,TRANSITIONS_TO,120.0,120.0,0.0
station:L0_S20,station:L3_S38,TRANSITIONS_TO,118.0,118.0,0.0
station:L0_S21,station:L1_S24,TRANSITIONS_TO,117.0,117.0,0.0
station:L0_S22,station:L3_S38,TRANSITIONS_TO,115.0,115.0,0.0
station:L0_S14,station:L0_S15,TRANSITIONS_TO,114.0,114.0,0.0
station:L2_S26,station:L3_S34,TRANSITIONS_TO,108.0,108.0,2.272727272727273
station:L0_S15,station:L0_S18,TRANSITIONS_TO,104.0,104.0,3.389830508474576
station:L0_S8,station:L3_S40,TRANSITIONS_TO,103.0,103.0,2.1739130434782608
station:L0_S15,station:L0_S19,TRANSITIONS_TO,99.0,99.0,0.0
station:L2_S27,station:L3_S34,TRANSITIONS_TO,94.0,94.0,0.0
station:L0_S4,station:L0_S5,TRANSITIONS_TO,92.0,92.0,1.818181818181818
station:L0_S20,station:L0_S18,TRANSITIONS_TO,88.0,88.0,0.0
station:L3_S35,station:L3_S36,TRANSITIONS_TO,86.0,86.0,21.052631578947366
station:L0_S14,station:L0_S18,TRANSITIONS_TO,83.0,83.0,0.0
station:L2_S27,station:L3_S41,TRANSITIONS_TO,81.0,81.0,0.0
station:L0_S20,station:L0_S19,TRANSITIONS_TO,81.0,81.0,0.0
station:L0_S14,station:L0_S19,TRANSITIONS_TO,81.0,81.0,2.2222222222222223
station:L0_S16,station:L0_S17,TRANSITIONS_TO,76.0,76.0,0.0
station:L0_S21,station:L0_S22,TRANSITIONS_TO,72.0,72.0,0.0
station:L0_S11,station:L3_S40,TRANSITIONS_TO,70.0,70.0,0.0
station:L0_S22,station:L0_S23,TRANSITIONS_TO,69.0,69.0,0.0
station:L3_S31,station:L3_S36,TRANSITIONS_TO,59.0,59.0,9.090909090909092
station:L0_S8,station:L3_S39,TRANSITIONS_TO,57.0,57.0,0.0
station:L3_S51,station:L3_S47,TRANSITIONS_TO,55.0,55.0,0.0
station:L0_S11,station:L0_S10,TRANSITIONS_TO,50.0,50.0,0.0
station:L2_S26,station:L2_S28,TRANSITIONS_TO,48.0,48.0,4.166666666666666
station:L0_S21,station:L0_S23,TRANSITIONS_TO,47.0,47.0,0.0
station:L2_S28,station:L3_S43,TRANSITIONS_TO,46.0,46.0,0.0
station:L2_S26,station:L3_S33,TRANSITIONS_TO,40.0,40.0,0.0
station:L0_S18,station:L1_S25,TRANSITIONS_TO,39.0,39.0,0.0
station:L3_S45,station:L3_S43,TRANSITIONS_TO,38.0,38.0,5.88235294117647
station:L0_S17,station:L0_S23,TRANSITIONS_TO,38.0,38.0,0.0
station:L0_S10,station:L3_S40,TRANSITIONS_TO,38.0,38.0,0.0
station:L2_S27,station:L2_S28,TRANSITIONS_TO,35.0,35.0,4.761904761904762
station:L3_S45,station:L3_S51,TRANSITIONS_TO,35.0,35.0,0.0
station:L3_S41,station:L3_S42,TRANSITIONS_TO,32.0,32.0,0.0
station:L0_S15,station:L0_S20,TRANSITIONS_TO,32.0,32.0,0.0
station:L2_S27,station:L3_S33,TRANSITIONS_TO,31.0,31.0,0.0
station:L0_S17,station:L0_S21,TRANSITIONS_TO,31.0,31.0,0.0
station:L0_S19,station:L1_S25,TRANSITIONS_TO,31.0,31.0,0.0
station:L0_S17,station:L0_S22,TRANSITIONS_TO,31.0,31.0,0.0
station:L3_S31,station:L3_S37,TRANSITIONS_TO,31.0,31.0,0.0
station:L2_S28,station:L3_S44,TRANSITIONS_TO,31.0,31.0,0.0
station:L1_S25,station:L3_S38,TRANSITIONS_TO,30.0,30.0,13.333333333333334
station:L3_S43,station:L3_S48,TRANSITIONS_TO,28.0,28.0,0.0
station:L0_S8,station:L2_S28,TRANSITIONS_TO,25.0,25.0,0.0
station:L0_S20,station:L0_S16,TRANSITIONS_TO,23.0,23.0,0.0
station:L0_S20,station:L0_S17,TRANSITIONS_TO,23.0,23.0,0.0
station:L0_S8,station:L3_S43,TRANSITIONS_TO,23.0,23.0,0.0
station:L0_S10,station:L0_S9,TRANSITIONS_TO,22.0,22.0,0.0
station:L0_S9,station:L3_S40,TRANSITIONS_TO,22.0,22.0,0.0
station:L0_S11,station:L0_S9,TRANSITIONS_TO,21.0,21.0,0.0
station:L1_S24,station:L3_S38,TRANSITIONS_TO,19.0,19.0,0.0
station:L3_S42,station:L3_S43,TRANSITIONS_TO,19.0,19.0,0.0
station:L3_S44,station:L3_S49,TRANSITIONS_TO,18.0,18.0,0.0
station:L3_S44,station:L3_S51,TRANSITIONS_TO,18.0,18.0,0.0
station:L2_S26,station:L3_S47,TRANSITIONS_TO,18.0,18.0,0.0
station:L0_S2,station:L3_S29,TRANSITIONS_TO,17.0,17.0,0.0
station:L0_S3,station:L3_S29,TRANSITIONS_TO,17.0,17.0,0.0
station:L3_S51,station:L3_S48,TRANSITIONS_TO,17.0,17.0,0.0
station:L0_S21,station:L1_S25,TRANSITIONS_TO,16.0,16.0,0.0
station:L0_S8,station:L3_S44,TRANSITIONS_TO,15.0,15.0,0.0
station:L0_S16,station:L0_S23,TRANSITIONS_TO,14.0,14.0,0.0
station:L0_S23,station:L3_S40,TRANSITIONS_TO,14.0,14.0,0.0
station:L1_S24,station:L3_S48,TRANSITIONS_TO,13.0,13.0,0.0
station:L2_S28,station:L3_S45,TRANSITIONS_TO,13.0,13.0,0.0
station:L3_S49,station:L3_S50,TRANSITIONS_TO,12.0,12.0,25.0
station:L0_S23,station:L1_S25,TRANSITIONS_TO,12.0,12.0,0.0
station:L2_S27,station:L3_S47,TRANSITIONS_TO,12.0,12.0,0.0
station:L0_S1,station:L3_S30,TRANSITIONS_TO,12.0,12.0,0.0
station:L3_S42,station:L3_S44,TRANSITIONS_TO,12.0,12.0,0.0
station:L0_S22,station:L1_S25,TRANSITIONS_TO,11.0,11.0,0.0
station:L0_S8,station:L1_S24,TRANSITIONS_TO,10.0,10.0,0.0
station:L2_S28,station:L3_S38,TRANSITIONS_TO,10.0,10.0,0.0
station:L0_S9,station:L3_S41,TRANSITIONS_TO,10.0,10.0,0.0
station:L0_S20,station:L1_S25,TRANSITIONS_TO,9.0,9.0,0.0
station:L0_S10,station:L3_S45,TRANSITIONS_TO,9.0,9.0,0.0
station:L0_S7,station:L0_S6,TRANSITIONS_TO,9.0,9.0,0.0
station:L0_S21,station:L3_S40,TRANSITIONS_TO,9.0,9.0,0.0
station:L0_S16,station:L0_S21,TRANSITIONS_TO,9.0,9.0,0.0
station:L0_S11,station:L3_S41,TRANSITIONS_TO,8.0,8.0,0.0
station:L0_S4,station:L3_S30,TRANSITIONS_TO,8.0,8.0,0.0
station:L0_S6,station:L0_S7,TRANSITIONS_TO,8.0,8.0,0.0
station:L0_S17,station:L3_S29,TRANSITIONS_TO,8.0,8.0,0.0
station:L0_S9,station:L3_S44,TRANSITIONS_TO,8.0,8.0,0.0
station:L0_S10,station:L3_S41,TRANSITIONS_TO,8.0,8.0,0.0
station:L0_S22,station:L3_S40,TRANSITIONS_TO,8.0,8.0,0.0
station:L1_S24,station:L3_S43,TRANSITIONS_TO,8.0,8.0,0.0
station:L0_S5,station:L3_S30,TRANSITIONS_TO,7.0,7.0,0.0
station:L0_S10,station:L3_S43,TRANSITIONS_TO,7.0,7.0,0.0
station:L2_S26,station:L3_S32,TRANSITIONS_TO,7.0,7.0,0.0
station:L2_S27,station:L3_S32,TRANSITIONS_TO,7.0,7.0,0.0
station:L0_S9,station:L3_S45,TRANSITIONS_TO,7.0,7.0,0.0
station:L0_S8,station:L3_S45,TRANSITIONS_TO,7.0,7.0,0.0
station:L2_S26,station:L3_S37,TRANSITIONS_TO,6.0,6.0,0.0
station:L2_S26,station:L3_S35,TRANSITIONS_TO,6.0,6.0,0.0
station:L2_S26,station:L3_S50,TRANSITIONS_TO,6.0,6.0,0.0
station:L0_S17,station:L3_S30,TRANSITIONS_TO,6.0,6.0,0.0
station:L0_S11,station:L3_S43,TRANSITIONS_TO,6.0,6.0,0.0
station:L0_S11,station:L3_S44,TRANSITIONS_TO,6.0,6.0,0.0
station:L0_S18,station:L3_S41,TRANSITIONS_TO,5.0,5.0,0.0
station:L1_S25,station:L3_S43,TRANSITIONS_TO,5.0,5.0,0.0
station:L2_S27,station:L3_S48,TRANSITIONS_TO,5.0,5.0,0.0
station:L0_S6,station:L3_S29,TRANSITIONS_TO,5.0,5.0,0.0
station:L0_S16,station:L0_S22,TRANSITIONS_TO,5.0,5.0,0.0
station:L1_S24,station:L3_S34,TRANSITIONS_TO,5.0,5.0,0.0
station:L0_S18,station:L3_S30,TRANSITIONS_TO,5.0,5.0,0.0
station:L0_S8,station:L3_S38,TRANSITIONS_TO,5.0,5.0,0.0
station:L3_S40,station:L3_S49,TRANSITIONS_TO,4.0,4.0,0.0
station:L0_S16,station:L3_S29,TRANSITIONS_TO,4.0,4.0,0.0
station:L0_S16,station:L3_S30,TRANSITIONS_TO,4.0,4.0,0.0
station:L3_S41,station:L3_S48,TRANSITIONS_TO,4.0,4.0,0.0
station:L3_S37,station:L3_S33,TRANSITIONS_TO,4.0,4.0,0.0
station:L0_S14,station:L0_S20,TRANSITIONS_TO,4.0,4.0,0.0
station:L2_S26,station:L3_S49,TRANSITIONS_TO,4.0,4.0,0.0
station:L2_S27,station:L3_S35,TRANSITIONS_TO,4.0,4.0,0.0
station:L1_S24,station:L3_S44,TRANSITIONS_TO,4.0,4.0,0.0
station:L0_S19,station:L3_S41,TRANSITIONS_TO,4.0,4.0,50.0
station:L1_S25,station:L3_S33,TRANSITIONS_TO,3.0,3.0,0.0
station:L0_S22,station:L3_S45,TRANSITIONS_TO,3.0,3.0,0.0
station:L0_S22,station:L3_S43,TRANSITIONS_TO,3.0,3.0,0.0
station:L0_S0,station:L0_S4,TRANSITIONS_TO,3.0,3.0,0.0
station:L0_S7,station:L3_S29,TRANSITIONS_TO,3.0,3.0,0.0
station:L3_S39,station:L3_S42,TRANSITIONS_TO,3.0,3.0,0.0
station:L2_S27,station:L3_S37,TRANSITIONS_TO,3.0,3.0,0.0
station:L2_S26,station:L3_S36,TRANSITIONS_TO,3.0,3.0,0.0
station:L1_S24,station:L3_S47,TRANSITIONS_TO,3.0,3.0,0.0
station:L0_S16,station:L3_S40,TRANSITIONS_TO,3.0,3.0,0.0
station:L0_S18,station:L3_S44,TRANSITIONS_TO,3.0,3.0,0.0
station:L0_S2,station:L0_S8,TRANSITIONS_TO,3.0,3.0,0.0
station:L0_S9,station:L3_S43,TRANSITIONS_TO,3.0,3.0,0.0
station:L3_S43,station:L3_S51,TRANSITIONS_TO,3.0,3.0,0.0
station:L0_S8,station:L0_S12,TRANSITIONS_TO,3.0,3.0,0.0
station:L0_S11,station:L3_S45,TRANSITIONS_TO,3.0,3.0,
station:L3_S40,station:L3_S47,TRANSITIONS_TO,3.0,3.0,0.0
station:L0_S23,station:L3_S45,TRANSITIONS_TO,3.0,3.0,0.0
station:L0_S10,station:L0_S17,TRANSITIONS_TO,2.0,2.0,0.0
station:L0_S1,station:L3_S29,TRANSITIONS_TO,2.0,2.0,0.0
station:L0_S22,station:L3_S44,TRANSITIONS_TO,2.0,2.0,0.0
station:L2_S27,station:L3_S36,TRANSITIONS_TO,2.0,2.0,0.0
station:L2_S26,station:L0_S20,TRANSITIONS_TO,2.0,2.0,0.0
station:L0_S19,station:L3_S45,TRANSITIONS_TO,2.0,2.0,0.0
station:L0_S3,station:L0_S8,TRANSITIONS_TO,2.0,2.0,0.0
station:L0_S23,station:L3_S44,TRANSITIONS_TO,2.0,2.0,
station:L0_S23,station:L3_S43,TRANSITIONS_TO,2.0,2.0,0.0
station:L0_S21,station:L3_S45,TRANSITIONS_TO,2.0,2.0,0.0
station:L0_S21,station:L3_S41,TRANSITIONS_TO,2.0,2.0,0.0
station:L0_S0,station:L0_S5,TRANSITIONS_TO,2.0,2.0,
station:L3_S42,station:L3_S41,TRANSITIONS_TO,2.0,2.0,0.0
station:L0_S17,station:L3_S40,TRANSITIONS_TO,2.0,2.0,0.0
station:L0_S18,station:L0_S19,TRANSITIONS_TO,2.0,2.0,
station:L0_S21,station:L3_S44,TRANSITIONS_TO,2.0,2.0,0.0
station:L0_S21,station:L3_S43,TRANSITIONS_TO,2.0,2.0,0.0
station:L3_S44,station:L3_S50,TRANSITIONS_TO,2.0,2.0,0.0
station:L0_S11,station:L0_S17,TRANSITIONS_TO,2.0,2.0,0.0
station:L1_S25,station:L3_S44,TRANSITIONS_TO,1.0,1.0,0.0
station:L3_S48,station:L3_S46,TRANSITIONS_TO,1.0,1.0,0.0
station:L0_S10,station:L0_S20,TRANSITIONS_TO,1.0,1.0,0.0
station:L3_S46,station:L3_S47,TRANSITIONS_TO,1.0,1.0,0.0
station:L1_S25,station:L3_S40,TRANSITIONS_TO,1.0,1.0,0.0
station:L1_S25,station:L3_S36,TRANSITIONS_TO,1.0,1.0,
station:L0_S20,station:L3_S41,TRANSITIONS_TO,1.0,1.0,0.0
station:L2_S26,station:L3_S48,TRANSITIONS_TO,1.0,1.0,0.0
station:L1_S24,station:L3_S31,TRANSITIONS_TO,1.0,1.0,
station:L3_S29,station:L3_S38,TRANSITIONS_TO,1.0,1.0,0.0
station:L0_S9,station:L0_S17,TRANSITIONS_TO,1.0,1.0,
station:L0_S16,station:L3_S39,TRANSITIONS_TO,1.0,1.0,
station:L0_S19,station:L0_S18,TRANSITIONS_TO,1.0,1.0,0.0
station:L0_S18,station:L3_S40,TRANSITIONS_TO,1.0,1.0,
station:L2_S27,station:L3_S50,TRANSITIONS_TO,1.0,1.0,
station:L0_S2,station:L0_S9,TRANSITIONS_TO,1.0,1.0,0.0
station:L1_S24,station:L3_S40,TRANSITIONS_TO,1.0,1.0,
station:L1_S24,station:L3_S33,TRANSITIONS_TO,1.0,1.0,0.0
station:L0_S19,station:L3_S30,TRANSITIONS_TO,1.0,1.0,0.0
station:L2_S28,station:L3_S34,TRANSITIONS_TO,1.0,1.0,
station:L0_S8,station:L1_S25,TRANSITIONS_TO,1.0,1.0,
station:L0_S14,station:L0_S21,TRANSITIONS_TO,1.0,1.0,
station:L3_S40,station:L3_S50,TRANSITIONS_TO,1.0,1.0,
station:L0_S4,station:L3_S29,TRANSITIONS_TO,1.0,1.0,0.0
station:L0_S13,station:L0_S20,TRANSITIONS_TO,1.0,1.0,0.0
station:L0_S15,station:L2_S26,TRANSITIONS_TO,1.0,1.0,
station:L0_S15,station:L0_S22,TRANSITIONS_TO,1.0,1.0,0.0
station:L0_S13,station:L2_S26,TRANSITIONS_TO,1.0,1.0,0.0
station:L3_S42,station:L3_S45,TRANSITIONS_TO,1.0,1.0,0.0
station:L0_S10,station:L3_S44,TRANSITIONS_TO,1.0,1.0,0.0
station:L3_S41,station:L3_S51,TRANSITIONS_TO,1.0,1.0,0.0
station:L3_S42,station:L3_S39,TRANSITIONS_TO,1.0,1.0,
station:L3_S41,station:L3_S49,TRANSITIONS_TO,1.0,1.0,0.0
station:L0_S11,station:L0_S15,TRANSITIONS_TO,1.0,1.0,0.0
station:L0_S3,station:L0_S10,TRANSITIONS_TO,1.0,1.0,
station:L0_S11,station:L0_S14,TRANSITIONS_TO,1.0,1.0,0.0
