feature,present_count,missing_count,present_rate,present_failure_rate,missing_failure_rate,presence_signal_abs_diff
L3_S38_F3954,3,1183744,2.534325324583716e-06,0.3333333333333333,0.005810377919550173,0.3275229554137831
L3_S38_F3955,3,1183744,2.534325324583716e-06,0.3333333333333333,0.005810377919550173,0.3275229554137831
L3_S38_F3963,3,1183744,2.534325324583716e-06,0.3333333333333333,0.005810377919550173,0.3275229554137831
L3_S38_F3962,3,1183744,2.534325324583716e-06,0.3333333333333333,0.005810377919550173,0.3275229554137831
L3_S38_F3959,3,1183744,2.534325324583716e-06,0.3333333333333333,0.005810377919550173,0.3275229554137831
L3_S38_F3958,3,1183744,2.534325324583716e-06,0.3333333333333333,0.005810377919550173,0.3275229554137831
L1_S24_F1643,136,1183611,0.00011488941471446179,0.17647058823529413,0.005791598760065596,0.17067898947522853
L1_S24_F1589,136,1183611,0.00011488941471446179,0.17647058823529413,0.005791598760065596,0.17067898947522853
L1_S24_F1586,136,1183611,0.00011488941471446179,0.17647058823529413,0.005791598760065596,0.17067898947522853
L1_S24_F1593,136,1183611,0.00011488941471446179,0.17647058823529413,0.005791598760065596,0.17067898947522853
L1_S24_F1590,136,1183611,0.00011488941471446179,0.17647058823529413,0.005791598760065596,0.17067898947522853
L1_S24_F1661,136,1183611,0.00011488941471446179,0.17647058823529413,0.005791598760065596,0.17067898947522853
L1_S24_F1658,136,1183611,0.00011488941471446179,0.17647058823529413,0.005791598760065596,0.17067898947522853
L1_S24_F1582,136,1183611,0.00011488941471446179,0.17647058823529413,0.005791598760065596,0.17067898947522853
L1_S24_F1585,136,1183611,0.00011488941471446179,0.17647058823529413,0.005791598760065596,0.17067898947522853
L1_S24_F1671,136,1183611,0.00011488941471446179,0.17647058823529413,0.005791598760065596,0.17067898947522853
L1_S24_F1668,136,1183611,0.00011488941471446179,0.17647058823529413,0.005791598760065596,0.17067898947522853
L1_S24_F1666,136,1183611,0.00011488941471446179,0.17647058823529413,0.005791598760065596,0.17067898947522853
L1_S24_F1663,136,1183611,0.00011488941471446179,0.17647058823529413,0.005791598760065596,0.17067898947522853
L1_S24_F1631,136,1183611,0.00011488941471446179,0.17647058823529413,0.005791598760065596,0.17067898947522853
L1_S24_F1628,136,1183611,0.00011488941471446179,0.17647058823529413,0.005791598760065596,0.17067898947522853
L1_S24_F1626,136,1183611,0.00011488941471446179,0.17647058823529413,0.005791598760065596,0.17067898947522853
L1_S24_F1623,136,1183611,0.00011488941471446179,0.17647058823529413,0.005791598760065596,0.17067898947522853
L1_S24_F1613,136,1183611,0.00011488941471446179,0.17647058823529413,0.005791598760065596,0.17067898947522853
L1_S24_F1610,136,1183611,0.00011488941471446179,0.17647058823529413,0.005791598760065596,0.17067898947522853
L1_S24_F1608,136,1183611,0.00011488941471446179,0.17647058823529413,0.005791598760065596,0.17067898947522853
L1_S24_F1605,136,1183611,0.00011488941471446179,0.17647058823529413,0.005791598760065596,0.17067898947522853
L1_S24_F1621,136,1183611,0.00011488941471446179,0.17647058823529413,0.005791598760065596,0.17067898947522853
L1_S24_F1618,136,1183611,0.00011488941471446179,0.17647058823529413,0.005791598760065596,0.17067898947522853
L1_S24_F1617,136,1183611,0.00011488941471446179,0.17647058823529413,0.005791598760065596,0.17067898947522853
L1_S24_F1614,136,1183611,0.00011488941471446179,0.17647058823529413,0.005791598760065596,0.17067898947522853
L1_S24_F1651,136,1183611,0.00011488941471446179,0.17647058823529413,0.005791598760065596,0.17067898947522853
L1_S24_F1648,136,1183611,0.00011488941471446179,0.17647058823529413,0.005791598760065596,0.17067898947522853
L1_S24_F1646,136,1183611,0.00011488941471446179,0.17647058823529413,0.005791598760065596,0.17067898947522853
L1_S24_F1633,136,1183611,0.00011488941471446179,0.17647058823529413,0.005791598760065596,0.17067898947522853
L1_S24_F1603,136,1183611,0.00011488941471446179,0.17647058823529413,0.005791598760065596,0.17067898947522853
L1_S24_F1600,136,1183611,0.00011488941471446179,0.17647058823529413,0.005791598760065596,0.17067898947522853
L1_S24_F1656,136,1183611,0.00011488941471446179,0.17647058823529413,0.005791598760065596,0.17067898947522853
L1_S24_F1653,136,1183611,0.00011488941471446179,0.17647058823529413,0.005791598760065596,0.17067898947522853
L1_S24_F1641,136,1183611,0.00011488941471446179,0.17647058823529413,0.005791598760065596,0.17067898947522853
L1_S24_F1638,136,1183611,0.00011488941471446179,0.17647058823529413,0.005791598760065596,0.17067898947522853
L1_S24_F1636,136,1183611,0.00011488941471446179,0.17647058823529413,0.005791598760065596,0.17067898947522853
L1_S24_F1595,136,1183611,0.00011488941471446179,0.17647058823529413,0.005791598760065596,0.17067898947522853
L1_S24_F1598,136,1183611,0.00011488941471446179,0.17647058823529413,0.005791598760065596,0.17067898947522853
L1_S24_F825,12,1183735,1.0137301298334863e-05,0.16666666666666666,0.005809577312489704,0.16085708935417695
L1_S24_F881,12,1183735,1.0137301298334863e-05,0.16666666666666666,0.005809577312489704,0.16085708935417695
L1_S24_F903,12,1183735,1.0137301298334863e-05,0.16666666666666666,0.005809577312489704,0.16085708935417695
L1_S24_F891,12,1183735,1.0137301298334863e-05,0.16666666666666666,0.005809577312489704,0.16085708935417695
L1_S24_F888,12,1183735,1.0137301298334863e-05,0.16666666666666666,0.005809577312489704,0.16085708935417695
L1_S24_F878,12,1183735,1.0137301298334863e-05,0.16666666666666666,0.005809577312489704,0.16085708935417695
L1_S24_F876,12,1183735,1.0137301298334863e-05,0.16666666666666666,0.005809577312489704,0.16085708935417695
L1_S24_F898,12,1183735,1.0137301298334863e-05,0.16666666666666666,0.005809577312489704,0.16085708935417695
L1_S24_F901,12,1183735,1.0137301298334863e-05,0.16666666666666666,0.005809577312489704,0.16085708935417695
L1_S24_F893,12,1183735,1.0137301298334863e-05,0.16666666666666666,0.005809577312489704,0.16085708935417695
L1_S24_F896,12,1183735,1.0137301298334863e-05,0.16666666666666666,0.005809577312489704,0.16085708935417695
L1_S24_F886,12,1183735,1.0137301298334863e-05,0.16666666666666666,0.005809577312489704,0.16085708935417695
L1_S24_F883,12,1183735,1.0137301298334863e-05,0.16666666666666666,0.005809577312489704,0.16085708935417695
L1_S24_F830,12,1183735,1.0137301298334863e-05,0.16666666666666666,0.005809577312489704,0.16085708935417695
L1_S24_F828,12,1183735,1.0137301298334863e-05,0.16666666666666666,0.005809577312489704,0.16085708935417695
L1_S24_F824,12,1183735,1.0137301298334863e-05,0.16666666666666666,0.005809577312489704,0.16085708935417695
L1_S24_F821,12,1183735,1.0137301298334863e-05,0.16666666666666666,0.005809577312489704,0.16085708935417695
L1_S24_F820,12,1183735,1.0137301298334863e-05,0.16666666666666666,0.005809577312489704,0.16085708935417695
L1_S24_F817,12,1183735,1.0137301298334863e-05,0.16666666666666666,0.005809577312489704,0.16085708935417695
L1_S24_F853,12,1183735,1.0137301298334863e-05,0.16666666666666666,0.005809577312489704,0.16085708935417695
L1_S24_F852,12,1183735,1.0137301298334863e-05,0.16666666666666666,0.005809577312489704,0.16085708935417695
L1_S24_F849,12,1183735,1.0137301298334863e-05,0.16666666666666666,0.005809577312489704,0.16085708935417695
L1_S24_F848,12,1183735,1.0137301298334863e-05,0.16666666666666666,0.005809577312489704,0.16085708935417695
L1_S24_F845,12,1183735,1.0137301298334863e-05,0.16666666666666666,0.005809577312489704,0.16085708935417695
L1_S24_F843,12,1183735,1.0137301298334863e-05,0.16666666666666666,0.005809577312489704,0.16085708935417695
L1_S24_F840,12,1183735,1.0137301298334863e-05,0.16666666666666666,0.005809577312489704,0.16085708935417695
L1_S24_F906,12,1183735,1.0137301298334863e-05,0.16666666666666666,0.005809577312489704,0.16085708935417695
L1_S24_F873,12,1183735,1.0137301298334863e-05,0.16666666666666666,0.005809577312489704,0.16085708935417695
L1_S24_F871,12,1183735,1.0137301298334863e-05,0.16666666666666666,0.005809577312489704,0.16085708935417695
L1_S24_F856,12,1183735,1.0137301298334863e-05,0.16666666666666666,0.005809577312489704,0.16085708935417695
L1_S24_F858,12,1183735,1.0137301298334863e-05,0.16666666666666666,0.005809577312489704,0.16085708935417695
L1_S24_F866,12,1183735,1.0137301298334863e-05,0.16666666666666666,0.005809577312489704,0.16085708935417695
L1_S24_F868,12,1183735,1.0137301298334863e-05,0.16666666666666666,0.005809577312489704,0.16085708935417695
L1_S24_F861,12,1183735,1.0137301298334863e-05,0.16666666666666666,0.005809577312489704,0.16085708935417695
L1_S24_F863,12,1183735,1.0137301298334863e-05,0.16666666666666666,0.005809577312489704,0.16085708935417695
L1_S24_F835,12,1183735,1.0137301298334863e-05,0.16666666666666666,0.005809577312489704,0.16085708935417695
L1_S24_F833,12,1183735,1.0137301298334863e-05,0.16666666666666666,0.005809577312489704,0.16085708935417695
L1_S24_F838,12,1183735,1.0137301298334863e-05,0.16666666666666666,0.005809577312489704,0.16085708935417695
L3_S35_F3902,61,1183686,5.153128159986889e-05,0.16393442622950818,0.005803059257269242,0.15813136697223895
L3_S35_F3907,61,1183686,5.153128159986889e-05,0.16393442622950818,0.005803059257269242,0.15813136697223895
L3_S35_F3912,61,1183686,5.153128159986889e-05,0.16393442622950818,0.005803059257269242,0.15813136697223895
L3_S35_F3904,61,1183686,5.153128159986889e-05,0.16393442622950818,0.005803059257269242,0.15813136697223895
L3_S35_F3899,61,1183686,5.153128159986889e-05,0.16393442622950818,0.005803059257269242,0.15813136697223895
L3_S35_F3909,61,1183686,5.153128159986889e-05,0.16393442622950818,0.005803059257269242,0.15813136697223895
L3_S35_F3914,61,1183686,5.153128159986889e-05,0.16393442622950818,0.005803059257269242,0.15813136697223895
L3_S35_F3917,61,1183686,5.153128159986889e-05,0.16393442622950818,0.005803059257269242,0.15813136697223895
L3_S49_F4217,43,1183704,3.63253296523666e-05,0.16279069767441862,0.005805505430411657,0.15698519224400695
L3_S49_F4225,43,1183704,3.63253296523666e-05,0.16279069767441862,0.005805505430411657,0.15698519224400695
L3_S49_F4220,43,1183704,3.63253296523666e-05,0.16279069767441862,0.005805505430411657,0.15698519224400695
L3_S49_F4237,43,1183704,3.63253296523666e-05,0.16279069767441862,0.005805505430411657,0.15698519224400695
L3_S49_F4240,43,1183704,3.63253296523666e-05,0.16279069767441862,0.005805505430411657,0.15698519224400695
L3_S49_F4230,43,1183704,3.63253296523666e-05,0.16279069767441862,0.005805505430411657,0.15698519224400695
L3_S49_F4222,43,1183704,3.63253296523666e-05,0.16279069767441862,0.005805505430411657,0.15698519224400695
L3_S49_F4235,43,1183704,3.63253296523666e-05,0.16279069767441862,0.005805505430411657,0.15698519224400695
L3_S49_F4232,43,1183704,3.63253296523666e-05,0.16279069767441862,0.005805505430411657,0.15698519224400695
L3_S49_F4227,43,1183704,3.63253296523666e-05,0.16279069767441862,0.005805505430411657,0.15698519224400695
L3_S49_F4219,33,1183714,2.7877578570420876e-05,0.06060606060606061,0.005809680378875303,0.054796380227185304
L3_S49_F4224,33,1183714,2.7877578570420876e-05,0.06060606060606061,0.005809680378875303,0.054796380227185304
L3_S49_F4209,33,1183714,2.7877578570420876e-05,0.06060606060606061,0.005809680378875303,0.054796380227185304
L3_S49_F4210,33,1183714,2.7877578570420876e-05,0.06060606060606061,0.005809680378875303,0.054796380227185304
L3_S49_F4215,33,1183714,2.7877578570420876e-05,0.06060606060606061,0.005809680378875303,0.054796380227185304
L3_S49_F4214,33,1183714,2.7877578570420876e-05,0.06060606060606061,0.005809680378875303,0.054796380227185304
L3_S49_F4212,33,1183714,2.7877578570420876e-05,0.06060606060606061,0.005809680378875303,0.054796380227185304
L3_S49_F4207,33,1183714,2.7877578570420876e-05,0.06060606060606061,0.005809680378875303,0.054796380227185304
L3_S49_F4239,33,1183714,2.7877578570420876e-05,0.06060606060606061,0.005809680378875303,0.054796380227185304
L3_S49_F4229,33,1183714,2.7877578570420876e-05,0.06060606060606061,0.005809680378875303,0.054796380227185304
L3_S49_F4234,33,1183714,2.7877578570420876e-05,0.06060606060606061,0.005809680378875303,0.054796380227185304
L3_S32_F3854,21582,1162165,0.018231936385055252,0.05036604577888982,0.00498380178373983,0.045382243995149986
L3_S32_F3851,21582,1162165,0.018231936385055252,0.05036604577888982,0.00498380178373983,0.045382243995149986
L1_S24_F1241,25,1183722,2.1119377704864298e-05,0.04,0.005810485908008806,0.0341895140919912
L1_S24_F1217,25,1183722,2.1119377704864298e-05,0.04,0.005810485908008806,0.0341895140919912
L1_S24_F1224,25,1183722,2.1119377704864298e-05,0.04,0.005810485908008806,0.0341895140919912
L1_S24_F1229,25,1183722,2.1119377704864298e-05,0.04,0.005810485908008806,0.0341895140919912
L1_S24_F1249,25,1183722,2.1119377704864298e-05,0.04,0.005810485908008806,0.0341895140919912
L1_S24_F1244,25,1183722,2.1119377704864298e-05,0.04,0.005810485908008806,0.0341895140919912
L1_S24_F1220,25,1183722,2.1119377704864298e-05,0.04,0.005810485908008806,0.0341895140919912
L1_S24_F1256,25,1183722,2.1119377704864298e-05,0.04,0.005810485908008806,0.0341895140919912
L1_S24_F1254,25,1183722,2.1119377704864298e-05,0.04,0.005810485908008806,0.0341895140919912
L1_S24_F1251,25,1183722,2.1119377704864298e-05,0.04,0.005810485908008806,0.0341895140919912
L1_S24_F1259,25,1183722,2.1119377704864298e-05,0.04,0.005810485908008806,0.0341895140919912
L1_S24_F1216,25,1183722,2.1119377704864298e-05,0.04,0.005810485908008806,0.0341895140919912
L1_S24_F1264,25,1183722,2.1119377704864298e-05,0.04,0.005810485908008806,0.0341895140919912
L1_S24_F1261,25,1183722,2.1119377704864298e-05,0.04,0.005810485908008806,0.0341895140919912
L1_S24_F1246,25,1183722,2.1119377704864298e-05,0.04,0.005810485908008806,0.0341895140919912
L1_S24_F1226,25,1183722,2.1119377704864298e-05,0.04,0.005810485908008806,0.0341895140919912
L1_S24_F1231,25,1183722,2.1119377704864298e-05,0.04,0.005810485908008806,0.0341895140919912
L1_S24_F1221,25,1183722,2.1119377704864298e-05,0.04,0.005810485908008806,0.0341895140919912
L1_S24_F1203,25,1183722,2.1119377704864298e-05,0.04,0.005810485908008806,0.0341895140919912
L1_S24_F1213,25,1183722,2.1119377704864298e-05,0.04,0.005810485908008806,0.0341895140919912
L1_S24_F1211,25,1183722,2.1119377704864298e-05,0.04,0.005810485908008806,0.0341895140919912
L1_S24_F1196,25,1183722,2.1119377704864298e-05,0.04,0.005810485908008806,0.0341895140919912
L1_S24_F1198,25,1183722,2.1119377704864298e-05,0.04,0.005810485908008806,0.0341895140919912
L1_S24_F1192,25,1183722,2.1119377704864298e-05,0.04,0.005810485908008806,0.0341895140919912
L1_S24_F1185,25,1183722,2.1119377704864298e-05,0.04,0.005810485908008806,0.0341895140919912
L1_S24_F1188,25,1183722,2.1119377704864298e-05,0.04,0.005810485908008806,0.0341895140919912
L1_S24_F1189,25,1183722,2.1119377704864298e-05,0.04,0.005810485908008806,0.0341895140919912
L1_S24_F1271,25,1183722,2.1119377704864298e-05,0.04,0.005810485908008806,0.0341895140919912
L1_S24_F1274,25,1183722,2.1119377704864298e-05,0.04,0.005810485908008806,0.0341895140919912
L1_S24_F1269,25,1183722,2.1119377704864298e-05,0.04,0.005810485908008806,0.0341895140919912
L1_S24_F1266,25,1183722,2.1119377704864298e-05,0.04,0.005810485908008806,0.0341895140919912
L1_S24_F1208,25,1183722,2.1119377704864298e-05,0.04,0.005810485908008806,0.0341895140919912
L1_S24_F1206,25,1183722,2.1119377704864298e-05,0.04,0.005810485908008806,0.0341895140919912
L1_S24_F1201,25,1183722,2.1119377704864298e-05,0.04,0.005810485908008806,0.0341895140919912
L1_S24_F1239,25,1183722,2.1119377704864298e-05,0.04,0.005810485908008806,0.0341895140919912
L1_S24_F1193,25,1183722,2.1119377704864298e-05,0.04,0.005810485908008806,0.0341895140919912
L1_S24_F1234,25,1183722,2.1119377704864298e-05,0.04,0.005810485908008806,0.0341895140919912
L1_S24_F1236,25,1183722,2.1119377704864298e-05,0.04,0.005810485908008806,0.0341895140919912
L1_S24_F1065,33,1183714,2.7877578570420876e-05,0.030303030303030304,0.005810525177534438,0.024492505125495865
L1_S24_F1075,33,1183714,2.7877578570420876e-05,0.030303030303030304,0.005810525177534438,0.024492505125495865
L1_S24_F1090,33,1183714,2.7877578570420876e-05,0.030303030303030304,0.005810525177534438,0.024492505125495865
L1_S24_F1093,33,1183714,2.7877578570420876e-05,0.030303030303030304,0.005810525177534438,0.024492505125495865
L1_S24_F1095,33,1183714,2.7877578570420876e-05,0.030303030303030304,0.005810525177534438,0.024492505125495865
L1_S24_F1097,33,1183714,2.7877578570420876e-05,0.030303030303030304,0.005810525177534438,0.024492505125495865
L1_S24_F1103,33,1183714,2.7877578570420876e-05,0.030303030303030304,0.005810525177534438,0.024492505125495865
L1_S24_F1063,33,1183714,2.7877578570420876e-05,0.030303030303030304,0.005810525177534438,0.024492505125495865
L1_S24_F1061,33,1183714,2.7877578570420876e-05,0.030303030303030304,0.005810525177534438,0.024492505125495865
L1_S24_F1073,33,1183714,2.7877578570420876e-05,0.030303030303030304,0.005810525177534438,0.024492505125495865
L1_S24_F1071,33,1183714,2.7877578570420876e-05,0.030303030303030304,0.005810525177534438,0.024492505125495865
L1_S24_F1067,33,1183714,2.7877578570420876e-05,0.030303030303030304,0.005810525177534438,0.024492505125495865
L1_S24_F1099,33,1183714,2.7877578570420876e-05,0.030303030303030304,0.005810525177534438,0.024492505125495865
L1_S24_F1082,33,1183714,2.7877578570420876e-05,0.030303030303030304,0.005810525177534438,0.024492505125495865
L1_S24_F1076,33,1183714,2.7877578570420876e-05,0.030303030303030304,0.005810525177534438,0.024492505125495865
L1_S24_F1080,33,1183714,2.7877578570420876e-05,0.030303030303030304,0.005810525177534438,0.024492505125495865
L1_S24_F1078,33,1183714,2.7877578570420876e-05,0.030303030303030304,0.005810525177534438,0.024492505125495865
L1_S24_F1107,33,1183714,2.7877578570420876e-05,0.030303030303030304,0.005810525177534438,0.024492505125495865
L1_S24_F1109,33,1183714,2.7877578570420876e-05,0.030303030303030304,0.005810525177534438,0.024492505125495865
L1_S24_F1111,33,1183714,2.7877578570420876e-05,0.030303030303030304,0.005810525177534438,0.024492505125495865
L1_S24_F1113,33,1183714,2.7877578570420876e-05,0.030303030303030304,0.005810525177534438,0.024492505125495865
L1_S24_F1086,33,1183714,2.7877578570420876e-05,0.030303030303030304,0.005810525177534438,0.024492505125495865
L1_S24_F1084,33,1183714,2.7877578570420876e-05,0.030303030303030304,0.005810525177534438,0.024492505125495865
L1_S24_F1088,33,1183714,2.7877578570420876e-05,0.030303030303030304,0.005810525177534438,0.024492505125495865
L1_S24_F1091,33,1183714,2.7877578570420876e-05,0.030303030303030304,0.005810525177534438,0.024492505125495865
L1_S24_F1069,33,1183714,2.7877578570420876e-05,0.030303030303030304,0.005810525177534438,0.024492505125495865
L1_S24_F1105,33,1183714,2.7877578570420876e-05,0.030303030303030304,0.005810525177534438,0.024492505125495865
L1_S24_F1101,33,1183714,2.7877578570420876e-05,0.030303030303030304,0.005810525177534438,0.024492505125495865
L0_S4_F113,71,1183676,5.997903268181461e-05,0.014084507042253521,0.005810711715030127,0.008273795327223395
L0_S4_F110,71,1183676,5.997903268181461e-05,0.014084507042253521,0.005810711715030127,0.008273795327223395
L0_S10_F215,503,1183244,0.0004249218794218697,0.0,0.005813678328392116,0.005813678328392116
L0_S10_F238,503,1183244,0.0004249218794218697,0.0,0.005813678328392116,0.005813678328392116
L0_S10_F235,503,1183244,0.0004249218794218697,0.0,0.005813678328392116,0.005813678328392116
L0_S10_F218,503,1183244,0.0004249218794218697,0.0,0.005813678328392116,0.005813678328392116
L0_S10_F225,503,1183244,0.0004249218794218697,0.0,0.005813678328392116,0.005813678328392116
L0_S10_F228,503,1183244,0.0004249218794218697,0.0,0.005813678328392116,0.005813678328392116
L0_S10_F230,490,1183257,0.00041393980301534025,0.0,0.005813614455693057,0.005813614455693057
L0_S10_F233,490,1183257,0.00041393980301534025,0.0,0.005813614455693057,0.005813614455693057
L0_S10_F220,486,1183261,0.000410560702582562,0.0,0.005813594802837244,0.005813594802837244
L0_S10_F273,486,1183261,0.000410560702582562,0.0,0.005813594802837244,0.005813594802837244
L0_S10_F243,486,1183261,0.000410560702582562,0.0,0.005813594802837244,0.005813594802837244
L0_S10_F255,486,1183261,0.000410560702582562,0.0,0.005813594802837244,0.005813594802837244
L0_S10_F250,486,1183261,0.000410560702582562,0.0,0.005813594802837244,0.005813594802837244
L0_S10_F258,486,1183261,0.000410560702582562,0.0,0.005813594802837244,0.005813594802837244
L0_S10_F223,486,1183261,0.000410560702582562,0.0,0.005813594802837244,0.005813594802837244
L0_S10_F275,486,1183261,0.000410560702582562,0.0,0.005813594802837244,0.005813594802837244
L0_S10_F248,486,1183261,0.000410560702582562,0.0,0.005813594802837244,0.005813594802837244
L0_S10_F253,486,1183261,0.000410560702582562,0.0,0.005813594802837244,0.005813594802837244
L0_S10_F260,486,1183261,0.000410560702582562,0.0,0.005813594802837244,0.005813594802837244
L0_S10_F270,486,1183261,0.000410560702582562,0.0,0.005813594802837244,0.005813594802837244
L0_S10_F268,486,1183261,0.000410560702582562,0.0,0.005813594802837244,0.005813594802837244
L0_S10_F265,486,1183261,0.000410560702582562,0.0,0.005813594802837244,0.005813594802837244
L0_S10_F263,486,1183261,0.000410560702582562,0.0,0.005813594802837244,0.005813594802837244
L0_S10_F245,486,1183261,0.000410560702582562,0.0,0.005813594802837244,0.005813594802837244
L0_S10_F240,486,1183261,0.000410560702582562,0.0,0.005813594802837244,0.005813594802837244
L0_S10_F278,486,1183261,0.000410560702582562,0.0,0.005813594802837244,0.005813594802837244
L0_S10_F237,302,1183445,0.00025512208267476074,0.0,0.005812690915082661,0.005812690915082661
L0_S10_F217,302,1183445,0.00025512208267476074,0.0,0.005812690915082661,0.005812690915082661
L0_S10_F227,302,1183445,0.00025512208267476074,0.0,0.005812690915082661,0.005812690915082661
L0_S10_F232,294,1183453,0.00024836388180920414,0.0,0.005812651621990903,0.005812651621990903
L0_S10_F267,294,1183453,0.00024836388180920414,0.0,0.005812651621990903,0.005812651621990903
L0_S10_F222,294,1183453,0.00024836388180920414,0.0,0.005812651621990903,0.005812651621990903
L0_S10_F277,294,1183453,0.00024836388180920414,0.0,0.005812651621990903,0.005812651621990903
L0_S10_F247,294,1183453,0.00024836388180920414,0.0,0.005812651621990903,0.005812651621990903
L0_S10_F242,294,1183453,0.00024836388180920414,0.0,0.005812651621990903,0.005812651621990903
L0_S10_F272,294,1183453,0.00024836388180920414,0.0,0.005812651621990903,0.005812651621990903
L0_S10_F257,294,1183453,0.00024836388180920414,0.0,0.005812651621990903,0.005812651621990903
L0_S10_F262,294,1183453,0.00024836388180920414,0.0,0.005812651621990903,0.005812651621990903
L0_S10_F252,294,1183453,0.00024836388180920414,0.0,0.005812651621990903,0.005812651621990903
L3_S43_F4066,283,1183464,0.00023907135561906386,0.0,0.0058125975948571315,0.0058125975948571315
L3_S43_F4079,283,1183464,0.00023907135561906386,0.0,0.0058125975948571315,0.0058125975948571315
L3_S43_F4076,283,1183464,0.00023907135561906386,0.0,0.0058125975948571315,0.0058125975948571315
L3_S43_F4074,283,1183464,0.00023907135561906386,0.0,0.0058125975948571315,0.0058125975948571315
L3_S43_F4061,283,1183464,0.00023907135561906386,0.0,0.0058125975948571315,0.0058125975948571315
L3_S43_F4064,283,1183464,0.00023907135561906386,0.0,0.0058125975948571315,0.0058125975948571315
L3_S43_F4071,283,1183464,0.00023907135561906386,0.0,0.0058125975948571315,0.0058125975948571315
L3_S43_F4069,283,1183464,0.00023907135561906386,0.0,0.0058125975948571315,0.0058125975948571315
L3_S43_F4094,277,1183470,0.00023400270496989645,0.0,0.005812568125934751,0.005812568125934751
L3_S43_F4086,277,1183470,0.00023400270496989645,0.0,0.005812568125934751,0.005812568125934751
L3_S43_F4099,277,1183470,0.00023400270496989645,0.0,0.005812568125934751,0.005812568125934751
L3_S43_F4091,277,1183470,0.00023400270496989645,0.0,0.005812568125934751,0.005812568125934751
L3_S43_F4084,277,1183470,0.00023400270496989645,0.0,0.005812568125934751,0.005812568125934751
L3_S43_F4081,277,1183470,0.00023400270496989645,0.0,0.005812568125934751,0.005812568125934751
L3_S43_F4096,277,1183470,0.00023400270496989645,0.0,0.005812568125934751,0.005812568125934751
L3_S43_F4089,277,1183470,0.00023400270496989645,0.0,0.005812568125934751,0.005812568125934751
L1_S25_F1928,218,1183529,0.0001841609735864167,0.0,0.005812278364112751,0.005812278364112751
L1_S25_F1933,218,1183529,0.0001841609735864167,0.0,0.005812278364112751,0.005812278364112751
L1_S25_F1937,218,1183529,0.0001841609735864167,0.0,0.005812278364112751,0.005812278364112751
L1_S25_F1939,218,1183529,0.0001841609735864167,0.0,0.005812278364112751,0.005812278364112751
L1_S25_F1942,218,1183529,0.0001841609735864167,0.0,0.005812278364112751,0.005812278364112751
L1_S25_F1954,218,1183529,0.0001841609735864167,0.0,0.005812278364112751,0.005812278364112751
L1_S25_F1949,218,1183529,0.0001841609735864167,0.0,0.005812278364112751,0.005812278364112751
L1_S25_F1952,218,1183529,0.0001841609735864167,0.0,0.005812278364112751,0.005812278364112751
L1_S25_F1947,218,1183529,0.0001841609735864167,0.0,0.005812278364112751,0.005812278364112751
L1_S25_F1944,218,1183529,0.0001841609735864167,0.0,0.005812278364112751,0.005812278364112751
L1_S25_F1923,218,1183529,0.0001841609735864167,0.0,0.005812278364112751,0.005812278364112751
L1_S25_F1977,218,1183529,0.0001841609735864167,0.0,0.005812278364112751,0.005812278364112751
L1_S25_F1964,218,1183529,0.0001841609735864167,0.0,0.005812278364112751,0.005812278364112751
L1_S25_F1962,218,1183529,0.0001841609735864167,0.0,0.005812278364112751,0.005812278364112751
L1_S25_F1967,218,1183529,0.0001841609735864167,0.0,0.005812278364112751,0.005812278364112751
L1_S25_F1974,218,1183529,0.0001841609735864167,0.0,0.005812278364112751,0.005812278364112751
L1_S25_F1925,218,1183529,0.0001841609735864167,0.0,0.005812278364112751,0.005812278364112751
L1_S25_F1930,218,1183529,0.0001841609735864167,0.0,0.005812278364112751,0.005812278364112751
L1_S25_F1969,218,1183529,0.0001841609735864167,0.0,0.005812278364112751,0.005812278364112751
L1_S25_F1972,218,1183529,0.0001841609735864167,0.0,0.005812278364112751,0.005812278364112751
L1_S25_F1915,218,1183529,0.0001841609735864167,0.0,0.005812278364112751,0.005812278364112751
L1_S25_F1934,218,1183529,0.0001841609735864167,0.0,0.005812278364112751,0.005812278364112751
L1_S25_F1957,218,1183529,0.0001841609735864167,0.0,0.005812278364112751,0.005812278364112751
L1_S25_F1959,218,1183529,0.0001841609735864167,0.0,0.005812278364112751,0.005812278364112751
L1_S25_F1905,218,1183529,0.0001841609735864167,0.0,0.005812278364112751,0.005812278364112751
L1_S25_F1908,218,1183529,0.0001841609735864167,0.0,0.005812278364112751,0.005812278364112751
L1_S25_F1901,218,1183529,0.0001841609735864167,0.0,0.005812278364112751,0.005812278364112751
L1_S25_F1904,218,1183529,0.0001841609735864167,0.0,0.005812278364112751,0.005812278364112751
L1_S25_F1910,218,1183529,0.0001841609735864167,0.0,0.005812278364112751,0.005812278364112751
L1_S25_F1918,218,1183529,0.0001841609735864167,0.0,0.005812278364112751,0.005812278364112751
L1_S25_F1920,218,1183529,0.0001841609735864167,0.0,0.005812278364112751,0.005812278364112751
L1_S25_F1913,218,1183529,0.0001841609735864167,0.0,0.005812278364112751,0.005812278364112751
L1_S25_F2035,115,1183632,9.714913744237577e-05,0.0,0.005811772577963421,0.005811772577963421
L1_S25_F2020,115,1183632,9.714913744237577e-05,0.0,0.005811772577963421,0.005811772577963421
L1_S25_F2003,115,1183632,9.714913744237577e-05,0.0,0.005811772577963421,0.005811772577963421
L1_S25_F2006,115,1183632,9.714913744237577e-05,0.0,0.005811772577963421,0.005811772577963421
L1_S25_F1979,115,1183632,9.714913744237577e-05,0.0,0.005811772577963421,0.005811772577963421
L1_S25_F2037,115,1183632,9.714913744237577e-05,0.0,0.005811772577963421,0.005811772577963421
L1_S25_F1988,115,1183632,9.714913744237577e-05,0.0,0.005811772577963421,0.005811772577963421
L1_S25_F1986,115,1183632,9.714913744237577e-05,0.0,0.005811772577963421,0.005811772577963421
L1_S25_F1993,115,1183632,9.714913744237577e-05,0.0,0.005811772577963421,0.005811772577963421
L1_S25_F1991,115,1183632,9.714913744237577e-05,0.0,0.005811772577963421,0.005811772577963421
L1_S25_F1998,115,1183632,9.714913744237577e-05,0.0,0.005811772577963421,0.005811772577963421
L1_S25_F1996,115,1183632,9.714913744237577e-05,0.0,0.005811772577963421,0.005811772577963421
L1_S25_F1983,115,1183632,9.714913744237577e-05,0.0,0.005811772577963421,0.005811772577963421
L1_S25_F1982,115,1183632,9.714913744237577e-05,0.0,0.005811772577963421,0.005811772577963421
L1_S25_F2017,115,1183632,9.714913744237577e-05,0.0,0.005811772577963421,0.005811772577963421
L1_S25_F2022,115,1183632,9.714913744237577e-05,0.0,0.005811772577963421,0.005811772577963421
L1_S25_F2032,115,1183632,9.714913744237577e-05,0.0,0.005811772577963421,0.005811772577963421
L1_S25_F2015,115,1183632,9.714913744237577e-05,0.0,0.005811772577963421,0.005811772577963421
L1_S25_F2008,115,1183632,9.714913744237577e-05,0.0,0.005811772577963421,0.005811772577963421
L1_S25_F2011,115,1183632,9.714913744237577e-05,0.0,0.005811772577963421,0.005811772577963421
L1_S25_F2042,115,1183632,9.714913744237577e-05,0.0,0.005811772577963421,0.005811772577963421
L1_S25_F2047,115,1183632,9.714913744237577e-05,0.0,0.005811772577963421,0.005811772577963421
L1_S25_F2052,115,1183632,9.714913744237577e-05,0.0,0.005811772577963421,0.005811772577963421
L1_S25_F2040,115,1183632,9.714913744237577e-05,0.0,0.005811772577963421,0.005811772577963421
L1_S25_F2045,115,1183632,9.714913744237577e-05,0.0,0.005811772577963421,0.005811772577963421
L1_S25_F2001,115,1183632,9.714913744237577e-05,0.0,0.005811772577963421,0.005811772577963421
L1_S25_F2055,115,1183632,9.714913744237577e-05,0.0,0.005811772577963421,0.005811772577963421
L1_S25_F2050,115,1183632,9.714913744237577e-05,0.0,0.005811772577963421,0.005811772577963421
L1_S25_F2012,115,1183632,9.714913744237577e-05,0.0,0.005811772577963421,0.005811772577963421
L1_S25_F2030,115,1183632,9.714913744237577e-05,0.0,0.005811772577963421,0.005811772577963421
L1_S25_F2027,115,1183632,9.714913744237577e-05,0.0,0.005811772577963421,0.005811772577963421
L1_S25_F2025,115,1183632,9.714913744237577e-05,0.0,0.005811772577963421,0.005811772577963421
L0_S21_F471,107,1183640,9.03909365768192e-05,0.0,0.005811733297286337,0.005811733297286337
L0_S21_F481,107,1183640,9.03909365768192e-05,0.0,0.005811733297286337,0.005811733297286337
L0_S21_F491,107,1183640,9.03909365768192e-05,0.0,0.005811733297286337,0.005811733297286337
L0_S21_F488,107,1183640,9.03909365768192e-05,0.0,0.005811733297286337,0.005811733297286337
L0_S21_F468,107,1183640,9.03909365768192e-05,0.0,0.005811733297286337,0.005811733297286337
L0_S21_F478,107,1183640,9.03909365768192e-05,0.0,0.005811733297286337,0.005811733297286337
L0_S9_F153,83,1183664,7.011633398014948e-05,0.0,0.0058116154584409085,0.0058116154584409085
L0_S9_F163,83,1183664,7.011633398014948e-05,0.0,0.0058116154584409085,0.0058116154584409085
L0_S9_F173,83,1183664,7.011633398014948e-05,0.0,0.0058116154584409085,0.0058116154584409085
L0_S9_F183,80,1183667,6.758200865556576e-05,0.0,0.0058116007289212256,0.0058116007289212256
L0_S9_F178,80,1183667,6.758200865556576e-05,0.0,0.0058116007289212256,0.0058116007289212256
L0_S9_F188,80,1183667,6.758200865556576e-05,0.0,0.0058116007289212256,0.0058116007289212256
L0_S9_F193,80,1183667,6.758200865556576e-05,0.0,0.0058116007289212256,0.0058116007289212256
L0_S9_F198,80,1183667,6.758200865556576e-05,0.0,0.0058116007289212256,0.0058116007289212256
L0_S9_F203,80,1183667,6.758200865556576e-05,0.0,0.0058116007289212256,0.0058116007289212256
L0_S9_F208,80,1183667,6.758200865556576e-05,0.0,0.0058116007289212256,0.0058116007289212256
L0_S9_F213,80,1183667,6.758200865556576e-05,0.0,0.0058116007289212256,0.0058116007289212256
L0_S22_F545,80,1183667,6.758200865556576e-05,0.0,0.0058116007289212256,0.0058116007289212256
L0_S9_F168,80,1183667,6.758200865556576e-05,0.0,0.0058116007289212256,0.0058116007289212256
L0_S9_F158,80,1183667,6.758200865556576e-05,0.0,0.0058116007289212256,0.0058116007289212256
L1_S25_F2473,78,1183669,6.589245843917662e-05,0.0,0.0058115909092829165,0.0058115909092829165
L0_S22_F542,78,1183669,6.589245843917662e-05,0.0,0.0058115909092829165,0.0058115909092829165
L0_S22_F555,78,1183669,6.589245843917662e-05,0.0,0.0058115909092829165,0.0058115909092829165
L0_S22_F565,78,1183669,6.589245843917662e-05,0.0,0.0058115909092829165,0.0058115909092829165
L0_S22_F552,78,1183669,6.589245843917662e-05,0.0,0.0058115909092829165,0.0058115909092829165
L0_S22_F562,78,1183669,6.589245843917662e-05,0.0,0.0058115909092829165,0.0058115909092829165
L1_S25_F2470,78,1183669,6.589245843917662e-05,0.0,0.0058115909092829165,0.0058115909092829165
L1_S25_F2494,78,1183669,6.589245843917662e-05,0.0,0.0058115909092829165,0.0058115909092829165
L1_S25_F2482,78,1183669,6.589245843917662e-05,0.0,0.0058115909092829165,0.0058115909092829165
L1_S25_F2476,78,1183669,6.589245843917662e-05,0.0,0.0058115909092829165,0.0058115909092829165
L1_S25_F2479,78,1183669,6.589245843917662e-05,0.0,0.0058115909092829165,0.0058115909092829165
L1_S25_F2485,78,1183669,6.589245843917662e-05,0.0,0.0058115909092829165,0.0058115909092829165
L1_S25_F2491,78,1183669,6.589245843917662e-05,0.0,0.0058115909092829165,0.0058115909092829165
L1_S25_F2488,78,1183669,6.589245843917662e-05,0.0,0.0058115909092829165,0.0058115909092829165
L0_S16_F430,77,1183670,6.504768333098204e-05,0.0,0.005811585999476205,0.005811585999476205
L0_S16_F422,77,1183670,6.504768333098204e-05,0.0,0.005811585999476205,0.005811585999476205
L0_S16_F427,77,1183670,6.504768333098204e-05,0.0,0.005811585999476205,0.005811585999476205
L0_S16_F425,77,1183670,6.504768333098204e-05,0.0,0.005811585999476205,0.005811585999476205
L0_S22_F557,74,1183673,6.251335800639833e-05,0.0,0.005811571270105849,0.005811571270105849
L0_S22_F560,74,1183673,6.251335800639833e-05,0.0,0.005811571270105849,0.005811571270105849
L0_S4_F107,73,1183674,6.166858289820375e-05,0.0,0.005811566360332321,0.005811566360332321
L0_S21_F486,71,1183676,5.997903268181461e-05,0.0,0.005811556540810154,0.005811556540810154
L2_S27_F3173,71,1183676,5.997903268181461e-05,0.0,0.005811556540810154,0.005811556540810154
L2_S27_F3139,71,1183676,5.997903268181461e-05,0.0,0.005811556540810154,0.005811556540810154
L2_S27_F3136,71,1183676,5.997903268181461e-05,0.0,0.005811556540810154,0.005811556540810154
L2_S27_F3143,71,1183676,5.997903268181461e-05,0.0,0.005811556540810154,0.005811556540810154
L2_S27_F3147,71,1183676,5.997903268181461e-05,0.0,0.005811556540810154,0.005811556540810154
L2_S27_F3213,71,1183676,5.997903268181461e-05,0.0,0.005811556540810154,0.005811556540810154
L2_S27_F3205,71,1183676,5.997903268181461e-05,0.0,0.005811556540810154,0.005811556540810154
L2_S27_F3185,71,1183676,5.997903268181461e-05,0.0,0.005811556540810154,0.005811556540810154
L2_S27_F3188,71,1183676,5.997903268181461e-05,0.0,0.005811556540810154,0.005811556540810154
L2_S27_F3195,71,1183676,5.997903268181461e-05,0.0,0.005811556540810154,0.005811556540810154
L2_S27_F3132,71,1183676,5.997903268181461e-05,0.0,0.005811556540810154,0.005811556540810154
L2_S27_F3202,71,1183676,5.997903268181461e-05,0.0,0.005811556540810154,0.005811556540810154
L2_S27_F3198,71,1183676,5.997903268181461e-05,0.0,0.005811556540810154,0.005811556540810154
L2_S27_F3176,71,1183676,5.997903268181461e-05,0.0,0.005811556540810154,0.005811556540810154
L2_S27_F3221,71,1183676,5.997903268181461e-05,0.0,0.005811556540810154,0.005811556540810154
L2_S27_F3182,71,1183676,5.997903268181461e-05,0.0,0.005811556540810154,0.005811556540810154
L2_S27_F3179,71,1183676,5.997903268181461e-05,0.0,0.005811556540810154,0.005811556540810154
L2_S27_F3217,71,1183676,5.997903268181461e-05,0.0,0.005811556540810154,0.005811556540810154
L2_S27_F3209,71,1183676,5.997903268181461e-05,0.0,0.005811556540810154,0.005811556540810154
L2_S27_F3158,71,1183676,5.997903268181461e-05,0.0,0.005811556540810154,0.005811556540810154
L2_S27_F3154,71,1183676,5.997903268181461e-05,0.0,0.005811556540810154,0.005811556540810154
L2_S27_F3151,71,1183676,5.997903268181461e-05,0.0,0.005811556540810154,0.005811556540810154
L2_S27_F3161,71,1183676,5.997903268181461e-05,0.0,0.005811556540810154,0.005811556540810154
L2_S27_F3169,71,1183676,5.997903268181461e-05,0.0,0.005811556540810154,0.005811556540810154
L2_S27_F3165,71,1183676,5.997903268181461e-05,0.0,0.005811556540810154,0.005811556540810154
L2_S27_F3191,71,1183676,5.997903268181461e-05,0.0,0.005811556540810154,0.005811556540810154
L0_S21_F483,71,1183676,5.997903268181461e-05,0.0,0.005811556540810154,0.005811556540810154
L0_S22_F547,70,1183677,5.913425757362004e-05,0.0,0.0058115516310615145,0.0058115516310615145
L0_S22_F602,70,1183677,5.913425757362004e-05,0.0,0.0058115516310615145,0.0058115516310615145
L0_S22_F567,70,1183677,5.913425757362004e-05,0.0,0.0058115516310615145,0.0058115516310615145
L0_S22_F550,70,1183677,5.913425757362004e-05,0.0,0.0058115516310615145,0.0058115516310615145
L0_S22_F610,70,1183677,5.913425757362004e-05,0.0,0.0058115516310615145,0.0058115516310615145
L0_S22_F612,70,1183677,5.913425757362004e-05,0.0,0.0058115516310615145,0.0058115516310615145
L0_S22_F577,70,1183677,5.913425757362004e-05,0.0,0.0058115516310615145,0.0058115516310615145
L0_S22_F580,70,1183677,5.913425757362004e-05,0.0,0.0058115516310615145,0.0058115516310615145
L0_S22_F575,70,1183677,5.913425757362004e-05,0.0,0.0058115516310615145,0.0058115516310615145
L0_S22_F572,70,1183677,5.913425757362004e-05,0.0,0.0058115516310615145,0.0058115516310615145
L0_S22_F587,70,1183677,5.913425757362004e-05,0.0,0.0058115516310615145,0.0058115516310615145
L0_S22_F590,70,1183677,5.913425757362004e-05,0.0,0.0058115516310615145,0.0058115516310615145
L0_S22_F592,70,1183677,5.913425757362004e-05,0.0,0.0058115516310615145,0.0058115516310615145
L0_S22_F595,70,1183677,5.913425757362004e-05,0.0,0.0058115516310615145,0.0058115516310615145
L0_S22_F607,70,1183677,5.913425757362004e-05,0.0,0.0058115516310615145,0.0058115516310615145
L0_S22_F605,70,1183677,5.913425757362004e-05,0.0,0.0058115516310615145,0.0058115516310615145
L0_S22_F582,70,1183677,5.913425757362004e-05,0.0,0.0058115516310615145,0.0058115516310615145
L0_S22_F585,70,1183677,5.913425757362004e-05,0.0,0.0058115516310615145,0.0058115516310615145
L0_S22_F615,70,1183677,5.913425757362004e-05,0.0,0.0058115516310615145,0.0058115516310615145
L0_S22_F570,70,1183677,5.913425757362004e-05,0.0,0.0058115516310615145,0.0058115516310615145
L0_S22_F600,70,1183677,5.913425757362004e-05,0.0,0.0058115516310615145,0.0058115516310615145
L0_S22_F597,70,1183677,5.913425757362004e-05,0.0,0.0058115516310615145,0.0058115516310615145
L0_S14_F391,68,1183679,5.7444707357230895e-05,0.0,0.005811541811589121,0.005811541811589121
L0_S14_F381,68,1183679,5.7444707357230895e-05,0.0,0.005811541811589121,0.005811541811589121
L0_S14_F383,68,1183679,5.7444707357230895e-05,0.0,0.005811541811589121,0.005811541811589121
L0_S14_F371,68,1183679,5.7444707357230895e-05,0.0,0.005811541811589121,0.005811541811589121
L0_S14_F393,68,1183679,5.7444707357230895e-05,0.0,0.005811541811589121,0.005811541811589121
L0_S14_F389,68,1183679,5.7444707357230895e-05,0.0,0.005811541811589121,0.005811541811589121
L0_S14_F379,68,1183679,5.7444707357230895e-05,0.0,0.005811541811589121,0.005811541811589121
L0_S14_F385,68,1183679,5.7444707357230895e-05,0.0,0.005811541811589121,0.005811541811589121
L0_S14_F367,68,1183679,5.7444707357230895e-05,0.0,0.005811541811589121,0.005811541811589121
L0_S14_F375,68,1183679,5.7444707357230895e-05,0.0,0.005811541811589121,0.005811541811589121
L0_S14_F373,68,1183679,5.7444707357230895e-05,0.0,0.005811541811589121,0.005811541811589121
L0_S14_F369,68,1183679,5.7444707357230895e-05,0.0,0.005811541811589121,0.005811541811589121
L0_S14_F363,68,1183679,5.7444707357230895e-05,0.0,0.005811541811589121,0.005811541811589121
L0_S14_F387,68,1183679,5.7444707357230895e-05,0.0,0.005811541811589121,0.005811541811589121
L0_S14_F361,68,1183679,5.7444707357230895e-05,0.0,0.005811541811589121,0.005811541811589121
L0_S14_F359,68,1183679,5.7444707357230895e-05,0.0,0.005811541811589121,0.005811541811589121
L0_S14_F377,68,1183679,5.7444707357230895e-05,0.0,0.005811541811589121,0.005811541811589121
L0_S14_F365,68,1183679,5.7444707357230895e-05,0.0,0.005811541811589121,0.005811541811589121
L1_S25_F2277,66,1183681,5.575515714084175e-05,0.0,0.005811531992149912,0.005811531992149912
L1_S25_F2274,66,1183681,5.575515714084175e-05,0.0,0.005811531992149912,0.005811531992149912
L1_S25_F2272,66,1183681,5.575515714084175e-05,0.0,0.005811531992149912,0.005811531992149912
L1_S25_F2269,66,1183681,5.575515714084175e-05,0.0,0.005811531992149912,0.005811531992149912
L1_S25_F2279,66,1183681,5.575515714084175e-05,0.0,0.005811531992149912,0.005811531992149912
L1_S25_F2282,66,1183681,5.575515714084175e-05,0.0,0.005811531992149912,0.005811531992149912
L1_S25_F2293,66,1183681,5.575515714084175e-05,0.0,0.005811531992149912,0.005811531992149912
L1_S25_F2296,66,1183681,5.575515714084175e-05,0.0,0.005811531992149912,0.005811531992149912
L1_S25_F2288,66,1183681,5.575515714084175e-05,0.0,0.005811531992149912,0.005811531992149912
L1_S25_F2291,66,1183681,5.575515714084175e-05,0.0,0.005811531992149912,0.005811531992149912
L1_S25_F2286,66,1183681,5.575515714084175e-05,0.0,0.005811531992149912,0.005811531992149912
L1_S25_F2283,66,1183681,5.575515714084175e-05,0.0,0.005811531992149912,0.005811531992149912
L1_S25_F2267,66,1183681,5.575515714084175e-05,0.0,0.005811531992149912,0.005811531992149912
L1_S25_F2264,66,1183681,5.575515714084175e-05,0.0,0.005811531992149912,0.005811531992149912
L1_S25_F2323,66,1183681,5.575515714084175e-05,0.0,0.005811531992149912,0.005811531992149912
L1_S25_F2321,66,1183681,5.575515714084175e-05,0.0,0.005811531992149912,0.005811531992149912
L1_S25_F2318,66,1183681,5.575515714084175e-05,0.0,0.005811531992149912,0.005811531992149912
L1_S25_F2316,66,1183681,5.575515714084175e-05,0.0,0.005811531992149912,0.005811531992149912
L1_S25_F2313,66,1183681,5.575515714084175e-05,0.0,0.005811531992149912,0.005811531992149912
L1_S25_F2326,66,1183681,5.575515714084175e-05,0.0,0.005811531992149912,0.005811531992149912
L1_S25_F2257,66,1183681,5.575515714084175e-05,0.0,0.005811531992149912,0.005811531992149912
L1_S25_F2254,66,1183681,5.575515714084175e-05,0.0,0.005811531992149912,0.005811531992149912
L0_S21_F541,66,1183681,5.575515714084175e-05,0.0,0.005811531992149912,0.005811531992149912
L0_S21_F538,66,1183681,5.575515714084175e-05,0.0,0.005811531992149912,0.005811531992149912
L0_S21_F536,66,1183681,5.575515714084175e-05,0.0,0.005811531992149912,0.005811531992149912
L1_S25_F2250,66,1183681,5.575515714084175e-05,0.0,0.005811531992149912,0.005811531992149912
L1_S25_F2253,66,1183681,5.575515714084175e-05,0.0,0.005811531992149912,0.005811531992149912
L1_S25_F2311,66,1183681,5.575515714084175e-05,0.0,0.005811531992149912,0.005811531992149912
L1_S25_F2308,66,1183681,5.575515714084175e-05,0.0,0.005811531992149912,0.005811531992149912
L1_S25_F2306,66,1183681,5.575515714084175e-05,0.0,0.005811531992149912,0.005811531992149912
L1_S25_F2303,66,1183681,5.575515714084175e-05,0.0,0.005811531992149912,0.005811531992149912
L1_S25_F2301,66,1183681,5.575515714084175e-05,0.0,0.005811531992149912,0.005811531992149912
L1_S25_F2298,66,1183681,5.575515714084175e-05,0.0,0.005811531992149912,0.005811531992149912
L1_S25_F2262,66,1183681,5.575515714084175e-05,0.0,0.005811531992149912,0.005811531992149912
L1_S25_F2259,66,1183681,5.575515714084175e-05,0.0,0.005811531992149912,0.005811531992149912
L0_S21_F513,66,1183681,5.575515714084175e-05,0.0,0.005811531992149912,0.005811531992149912
L0_S21_F518,66,1183681,5.575515714084175e-05,0.0,0.005811531992149912,0.005811531992149912
L0_S21_F516,66,1183681,5.575515714084175e-05,0.0,0.005811531992149912,0.005811531992149912
L0_S21_F533,66,1183681,5.575515714084175e-05,0.0,0.005811531992149912,0.005811531992149912
L0_S21_F531,66,1183681,5.575515714084175e-05,0.0,0.005811531992149912,0.005811531992149912
L0_S21_F528,66,1183681,5.575515714084175e-05,0.0,0.005811531992149912,0.005811531992149912
L0_S21_F526,66,1183681,5.575515714084175e-05,0.0,0.005811531992149912,0.005811531992149912
L0_S21_F523,66,1183681,5.575515714084175e-05,0.0,0.005811531992149912,0.005811531992149912
L0_S21_F521,66,1183681,5.575515714084175e-05,0.0,0.005811531992149912,0.005811531992149912
L0_S21_F511,66,1183681,5.575515714084175e-05,0.0,0.005811531992149912,0.005811531992149912
L0_S21_F496,66,1183681,5.575515714084175e-05,0.0,0.005811531992149912,0.005811531992149912
L0_S21_F476,66,1183681,5.575515714084175e-05,0.0,0.005811531992149912,0.005811531992149912
L0_S21_F508,66,1183681,5.575515714084175e-05,0.0,0.005811531992149912,0.005811531992149912
L0_S21_F503,66,1183681,5.575515714084175e-05,0.0,0.005811531992149912,0.005811531992149912
L0_S21_F506,66,1183681,5.575515714084175e-05,0.0,0.005811531992149912,0.005811531992149912
L0_S21_F501,66,1183681,5.575515714084175e-05,0.0,0.005811531992149912,0.005811531992149912
L0_S21_F498,66,1183681,5.575515714084175e-05,0.0,0.005811531992149912,0.005811531992149912
L0_S21_F493,66,1183681,5.575515714084175e-05,0.0,0.005811531992149912,0.005811531992149912
L0_S21_F473,66,1183681,5.575515714084175e-05,0.0,0.005811531992149912,0.005811531992149912
L3_S32_F3853,60,1183687,5.068650649167432e-05,0.0,0.005811502534031379,0.005811502534031379
L1_S25_F2759,58,1183689,4.899695627528518e-05,0.0,0.005811492714724898,0.005811492714724898
L1_S25_F2762,58,1183689,4.899695627528518e-05,0.0,0.005811492714724898,0.005811492714724898
L1_S25_F2753,58,1183689,4.899695627528518e-05,0.0,0.005811492714724898,0.005811492714724898
L1_S25_F2768,58,1183689,4.899695627528518e-05,0.0,0.005811492714724898,0.005811492714724898
L1_S25_F2765,58,1183689,4.899695627528518e-05,0.0,0.005811492714724898,0.005811492714724898
L1_S25_F2774,58,1183689,4.899695627528518e-05,0.0,0.005811492714724898,0.005811492714724898
L1_S25_F2771,58,1183689,4.899695627528518e-05,0.0,0.005811492714724898,0.005811492714724898
L1_S25_F2777,58,1183689,4.899695627528518e-05,0.0,0.005811492714724898,0.005811492714724898
L1_S25_F2756,58,1183689,4.899695627528518e-05,0.0,0.005811492714724898,0.005811492714724898
L1_S25_F2168,42,1183705,3.548055454417202e-05,0.0,0.005811414161467595,0.005811414161467595
L1_S25_F2137,42,1183705,3.548055454417202e-05,0.0,0.005811414161467595,0.005811414161467595
L1_S25_F2139,42,1183705,3.548055454417202e-05,0.0,0.005811414161467595,0.005811414161467595
L1_S25_F2156,42,1183705,3.548055454417202e-05,0.0,0.005811414161467595,0.005811414161467595
L1_S25_F2177,42,1183705,3.548055454417202e-05,0.0,0.005811414161467595,0.005811414161467595
L1_S25_F2171,42,1183705,3.548055454417202e-05,0.0,0.005811414161467595,0.005811414161467595
L1_S25_F2174,42,1183705,3.548055454417202e-05,0.0,0.005811414161467595,0.005811414161467595
L1_S25_F2159,42,1183705,3.548055454417202e-05,0.0,0.005811414161467595,0.005811414161467595
L1_S25_F2153,42,1183705,3.548055454417202e-05,0.0,0.005811414161467595,0.005811414161467595
L1_S25_F2165,42,1183705,3.548055454417202e-05,0.0,0.005811414161467595,0.005811414161467595
L1_S25_F2162,42,1183705,3.548055454417202e-05,0.0,0.005811414161467595,0.005811414161467595
L1_S25_F2148,42,1183705,3.548055454417202e-05,0.0,0.005811414161467595,0.005811414161467595
L1_S25_F2145,42,1183705,3.548055454417202e-05,0.0,0.005811414161467595,0.005811414161467595
L1_S25_F2142,42,1183705,3.548055454417202e-05,0.0,0.005811414161467595,0.005811414161467595
L1_S25_F2150,42,1183705,3.548055454417202e-05,0.0,0.005811414161467595,0.005811414161467595
L2_S26_F3068,33,1183714,2.7877578570420876e-05,0.0,0.005811369976193574,0.005811369976193574
L2_S26_F3065,33,1183714,2.7877578570420876e-05,0.0,0.005811369976193574,0.005811369976193574
L2_S26_F3043,33,1183714,2.7877578570420876e-05,0.0,0.005811369976193574,0.005811369976193574
L2_S26_F3092,33,1183714,2.7877578570420876e-05,0.0,0.005811369976193574,0.005811369976193574
L2_S26_F3105,33,1183714,2.7877578570420876e-05,0.0,0.005811369976193574,0.005811369976193574
L2_S26_F3109,33,1183714,2.7877578570420876e-05,0.0,0.005811369976193574,0.005811369976193574
L2_S26_F3112,33,1183714,2.7877578570420876e-05,0.0,0.005811369976193574,0.005811369976193574
L2_S26_F3072,33,1183714,2.7877578570420876e-05,0.0,0.005811369976193574,0.005811369976193574
L2_S26_F3124,33,1183714,2.7877578570420876e-05,0.0,0.005811369976193574,0.005811369976193574
L2_S26_F3102,33,1183714,2.7877578570420876e-05,0.0,0.005811369976193574,0.005811369976193574
L2_S26_F3128,33,1183714,2.7877578570420876e-05,0.0,0.005811369976193574,0.005811369976193574
L2_S26_F3098,33,1183714,2.7877578570420876e-05,0.0,0.005811369976193574,0.005811369976193574
L2_S26_F3120,33,1183714,2.7877578570420876e-05,0.0,0.005811369976193574,0.005811369976193574
L0_S16_F429,33,1183714,2.7877578570420876e-05,0.0,0.005811369976193574,0.005811369976193574
L2_S26_F3076,33,1183714,2.7877578570420876e-05,0.0,0.005811369976193574,0.005811369976193574
L2_S26_F3116,33,1183714,2.7877578570420876e-05,0.0,0.005811369976193574,0.005811369976193574
L2_S26_F3080,33,1183714,2.7877578570420876e-05,0.0,0.005811369976193574,0.005811369976193574
L2_S26_F3050,33,1183714,2.7877578570420876e-05,0.0,0.005811369976193574,0.005811369976193574
L0_S16_F424,33,1183714,2.7877578570420876e-05,0.0,0.005811369976193574,0.005811369976193574
L2_S26_F3083,33,1183714,2.7877578570420876e-05,0.0,0.005811369976193574,0.005811369976193574
L2_S26_F3054,33,1183714,2.7877578570420876e-05,0.0,0.005811369976193574,0.005811369976193574
L2_S26_F3039,33,1183714,2.7877578570420876e-05,0.0,0.005811369976193574,0.005811369976193574
L2_S26_F3061,33,1183714,2.7877578570420876e-05,0.0,0.005811369976193574,0.005811369976193574
L2_S26_F3058,33,1183714,2.7877578570420876e-05,0.0,0.005811369976193574,0.005811369976193574
L2_S26_F3046,33,1183714,2.7877578570420876e-05,0.0,0.005811369976193574,0.005811369976193574
L2_S26_F3089,33,1183714,2.7877578570420876e-05,0.0,0.005811369976193574,0.005811369976193574
L2_S26_F3086,33,1183714,2.7877578570420876e-05,0.0,0.005811369976193574,0.005811369976193574
L2_S26_F3095,33,1183714,2.7877578570420876e-05,0.0,0.005811369976193574,0.005811369976193574
L1_S24_F1807,29,1183718,2.449847813764259e-05,0.0,0.0058113503385096785,0.0058113503385096785
L1_S24_F1806,29,1183718,2.449847813764259e-05,0.0,0.0058113503385096785,0.0058113503385096785
L1_S24_F1804,29,1183718,2.449847813764259e-05,0.0,0.0058113503385096785,0.0058113503385096785
L1_S24_F1802,29,1183718,2.449847813764259e-05,0.0,0.0058113503385096785,0.0058113503385096785
L1_S24_F1799,29,1183718,2.449847813764259e-05,0.0,0.0058113503385096785,0.0058113503385096785
L1_S24_F1787,29,1183718,2.449847813764259e-05,0.0,0.0058113503385096785,0.0058113503385096785
L1_S24_F1786,29,1183718,2.449847813764259e-05,0.0,0.0058113503385096785,0.0058113503385096785
L1_S24_F1784,29,1183718,2.449847813764259e-05,0.0,0.0058113503385096785,0.0058113503385096785
L1_S24_F1782,29,1183718,2.449847813764259e-05,0.0,0.0058113503385096785,0.0058113503385096785
L1_S24_F1766,29,1183718,2.449847813764259e-05,0.0,0.0058113503385096785,0.0058113503385096785
L1_S24_F1774,29,1183718,2.449847813764259e-05,0.0,0.0058113503385096785,0.0058113503385096785
L1_S24_F1767,29,1183718,2.449847813764259e-05,0.0,0.0058113503385096785,0.0058113503385096785
L1_S24_F1776,29,1183718,2.449847813764259e-05,0.0,0.0058113503385096785,0.0058113503385096785
L1_S24_F1781,29,1183718,2.449847813764259e-05,0.0,0.0058113503385096785,0.0058113503385096785
L1_S24_F1796,29,1183718,2.449847813764259e-05,0.0,0.0058113503385096785,0.0058113503385096785
L1_S24_F1794,29,1183718,2.449847813764259e-05,0.0,0.0058113503385096785,0.0058113503385096785
L1_S24_F1797,29,1183718,2.449847813764259e-05,0.0,0.0058113503385096785,0.0058113503385096785
L1_S24_F1801,29,1183718,2.449847813764259e-05,0.0,0.0058113503385096785,0.0058113503385096785
L1_S24_F1792,29,1183718,2.449847813764259e-05,0.0,0.0058113503385096785,0.0058113503385096785
L1_S24_F1791,29,1183718,2.449847813764259e-05,0.0,0.0058113503385096785,0.0058113503385096785
L1_S24_F1789,29,1183718,2.449847813764259e-05,0.0,0.0058113503385096785,0.0058113503385096785
L0_S22_F564,29,1183718,2.449847813764259e-05,0.0,0.0058113503385096785,0.0058113503385096785
L0_S22_F544,29,1183718,2.449847813764259e-05,0.0,0.0058113503385096785,0.0058113503385096785
L0_S22_F554,29,1183718,2.449847813764259e-05,0.0,0.0058113503385096785,0.0058113503385096785
L1_S24_F1764,29,1183718,2.449847813764259e-05,0.0,0.0058113503385096785,0.0058113503385096785
L1_S24_F1777,29,1183718,2.449847813764259e-05,0.0,0.0058113503385096785,0.0058113503385096785
L1_S24_F1779,29,1183718,2.449847813764259e-05,0.0,0.0058113503385096785,0.0058113503385096785
L1_S24_F1460,28,1183719,2.3653703029448017e-05,0.0,0.005811345429109442,0.005811345429109442
L1_S24_F1462,28,1183719,2.3653703029448017e-05,0.0,0.005811345429109442,0.005811345429109442
L1_S24_F1456,28,1183719,2.3653703029448017e-05,0.0,0.005811345429109442,0.005811345429109442
L1_S24_F1458,28,1183719,2.3653703029448017e-05,0.0,0.005811345429109442,0.005811345429109442
L1_S24_F1464,28,1183719,2.3653703029448017e-05,0.0,0.005811345429109442,0.005811345429109442
L0_S4_F112,28,1183719,2.3653703029448017e-05,0.0,0.005811345429109442,0.005811345429109442
L0_S22_F594,28,1183719,2.3653703029448017e-05,0.0,0.005811345429109442,0.005811345429109442
L0_S22_F599,28,1183719,2.3653703029448017e-05,0.0,0.005811345429109442,0.005811345429109442
L0_S22_F589,28,1183719,2.3653703029448017e-05,0.0,0.005811345429109442,0.005811345429109442
L0_S22_F609,28,1183719,2.3653703029448017e-05,0.0,0.005811345429109442,0.005811345429109442
L0_S22_F604,28,1183719,2.3653703029448017e-05,0.0,0.005811345429109442,0.005811345429109442
L0_S22_F584,28,1183719,2.3653703029448017e-05,0.0,0.005811345429109442,0.005811345429109442
L0_S22_F614,28,1183719,2.3653703029448017e-05,0.0,0.005811345429109442,0.005811345429109442
L0_S22_F579,28,1183719,2.3653703029448017e-05,0.0,0.005811345429109442,0.005811345429109442
L0_S22_F559,28,1183719,2.3653703029448017e-05,0.0,0.005811345429109442,0.005811345429109442
L0_S22_F574,28,1183719,2.3653703029448017e-05,0.0,0.005811345429109442,0.005811345429109442
L0_S22_F549,28,1183719,2.3653703029448017e-05,0.0,0.005811345429109442,0.005811345429109442
L0_S22_F569,28,1183719,2.3653703029448017e-05,0.0,0.005811345429109442,0.005811345429109442
L1_S24_F1509,28,1183719,2.3653703029448017e-05,0.0,0.005811345429109442,0.005811345429109442
L1_S24_F1507,28,1183719,2.3653703029448017e-05,0.0,0.005811345429109442,0.005811345429109442
L1_S24_F1505,28,1183719,2.3653703029448017e-05,0.0,0.005811345429109442,0.005811345429109442
L1_S24_F1503,28,1183719,2.3653703029448017e-05,0.0,0.005811345429109442,0.005811345429109442
L1_S24_F1501,28,1183719,2.3653703029448017e-05,0.0,0.005811345429109442,0.005811345429109442
L1_S24_F1499,28,1183719,2.3653703029448017e-05,0.0,0.005811345429109442,0.005811345429109442
L1_S24_F1497,28,1183719,2.3653703029448017e-05,0.0,0.005811345429109442,0.005811345429109442
L1_S24_F1495,28,1183719,2.3653703029448017e-05,0.0,0.005811345429109442,0.005811345429109442
L1_S24_F1493,28,1183719,2.3653703029448017e-05,0.0,0.005811345429109442,0.005811345429109442
L1_S24_F1491,28,1183719,2.3653703029448017e-05,0.0,0.005811345429109442,0.005811345429109442
L1_S24_F1489,28,1183719,2.3653703029448017e-05,0.0,0.005811345429109442,0.005811345429109442
L1_S24_F1487,28,1183719,2.3653703029448017e-05,0.0,0.005811345429109442,0.005811345429109442
L1_S24_F1485,28,1183719,2.3653703029448017e-05,0.0,0.005811345429109442,0.005811345429109442
L1_S24_F1483,28,1183719,2.3653703029448017e-05,0.0,0.005811345429109442,0.005811345429109442
L1_S24_F1481,28,1183719,2.3653703029448017e-05,0.0,0.005811345429109442,0.005811345429109442
L1_S24_F1479,28,1183719,2.3653703029448017e-05,0.0,0.005811345429109442,0.005811345429109442
L1_S24_F1477,28,1183719,2.3653703029448017e-05,0.0,0.005811345429109442,0.005811345429109442
L1_S24_F1475,28,1183719,2.3653703029448017e-05,0.0,0.005811345429109442,0.005811345429109442
L1_S24_F1473,28,1183719,2.3653703029448017e-05,0.0,0.005811345429109442,0.005811345429109442
L1_S24_F1471,28,1183719,2.3653703029448017e-05,0.0,0.005811345429109442,0.005811345429109442
L1_S24_F1470,28,1183719,2.3653703029448017e-05,0.0,0.005811345429109442,0.005811345429109442
L1_S24_F1468,28,1183719,2.3653703029448017e-05,0.0,0.005811345429109442,0.005811345429109442
L1_S24_F1466,28,1183719,2.3653703029448017e-05,0.0,0.005811345429109442,0.005811345429109442
L0_S1_F31,27,1183720,2.2808927921253445e-05,0.0,0.005811340519717501,0.005811340519717501
L0_S1_F29,27,1183720,2.2808927921253445e-05,0.0,0.005811340519717501,0.005811340519717501
L1_S25_F2833,26,1183721,2.196415281305887e-05,0.0,0.005811335610333854,0.005811335610333854
L1_S25_F2832,26,1183721,2.196415281305887e-05,0.0,0.005811335610333854,0.005811335610333854
L1_S25_F2843,26,1183721,2.196415281305887e-05,0.0,0.005811335610333854,0.005811335610333854
L1_S25_F2846,26,1183721,2.196415281305887e-05,0.0,0.005811335610333854,0.005811335610333854
L1_S25_F2861,26,1183721,2.196415281305887e-05,0.0,0.005811335610333854,0.005811335610333854
L1_S25_F2858,26,1183721,2.196415281305887e-05,0.0,0.005811335610333854,0.005811335610333854
L1_S25_F2856,26,1183721,2.196415281305887e-05,0.0,0.005811335610333854,0.005811335610333854
L1_S25_F2853,26,1183721,2.196415281305887e-05,0.0,0.005811335610333854,0.005811335610333854
L1_S25_F2851,26,1183721,2.196415281305887e-05,0.0,0.005811335610333854,0.005811335610333854
L1_S25_F2848,26,1183721,2.196415281305887e-05,0.0,0.005811335610333854,0.005811335610333854
L1_S25_F2863,26,1183721,2.196415281305887e-05,0.0,0.005811335610333854,0.005811335610333854
L1_S25_F2866,26,1183721,2.196415281305887e-05,0.0,0.005811335610333854,0.005811335610333854
L1_S25_F2807,26,1183721,2.196415281305887e-05,0.0,0.005811335610333854,0.005811335610333854
L1_S25_F2804,26,1183721,2.196415281305887e-05,0.0,0.005811335610333854,0.005811335610333854
L1_S25_F2876,26,1183721,2.196415281305887e-05,0.0,0.005811335610333854,0.005811335610333854
L1_S25_F2873,26,1183721,2.196415281305887e-05,0.0,0.005811335610333854,0.005811335610333854
L1_S25_F2871,26,1183721,2.196415281305887e-05,0.0,0.005811335610333854,0.005811335610333854
L1_S25_F2868,26,1183721,2.196415281305887e-05,0.0,0.005811335610333854,0.005811335610333854
L1_S25_F2822,26,1183721,2.196415281305887e-05,0.0,0.005811335610333854,0.005811335610333854
L1_S25_F2814,26,1183721,2.196415281305887e-05,0.0,0.005811335610333854,0.005811335610333854
L1_S25_F2817,26,1183721,2.196415281305887e-05,0.0,0.005811335610333854,0.005811335610333854
L1_S25_F2819,26,1183721,2.196415281305887e-05,0.0,0.005811335610333854,0.005811335610333854
L1_S25_F2827,26,1183721,2.196415281305887e-05,0.0,0.005811335610333854,0.005811335610333854
L1_S25_F2824,26,1183721,2.196415281305887e-05,0.0,0.005811335610333854,0.005811335610333854
L1_S25_F2809,26,1183721,2.196415281305887e-05,0.0,0.005811335610333854,0.005811335610333854
L1_S25_F2812,26,1183721,2.196415281305887e-05,0.0,0.005811335610333854,0.005811335610333854
L1_S25_F2829,26,1183721,2.196415281305887e-05,0.0,0.005811335610333854,0.005811335610333854
L1_S25_F2803,26,1183721,2.196415281305887e-05,0.0,0.005811335610333854,0.005811335610333854
L1_S25_F2800,26,1183721,2.196415281305887e-05,0.0,0.005811335610333854,0.005811335610333854
L1_S25_F2841,26,1183721,2.196415281305887e-05,0.0,0.005811335610333854,0.005811335610333854
L1_S25_F2838,26,1183721,2.196415281305887e-05,0.0,0.005811335610333854,0.005811335610333854
L1_S25_F2836,26,1183721,2.196415281305887e-05,0.0,0.005811335610333854,0.005811335610333854
L0_S1_F27,25,1183722,2.1119377704864298e-05,0.0,0.005811330700958502,0.005811330700958502
L0_S1_F25,25,1183722,2.1119377704864298e-05,0.0,0.005811330700958502,0.005811330700958502
L2_S28_F3236,23,1183724,1.9429827488475155e-05,0.0,0.005811320882232683,0.005811320882232683
L2_S28_F3225,23,1183724,1.9429827488475155e-05,0.0,0.005811320882232683,0.005811320882232683
L2_S28_F3232,23,1183724,1.9429827488475155e-05,0.0,0.005811320882232683,0.005811320882232683
L2_S28_F3229,23,1183724,1.9429827488475155e-05,0.0,0.005811320882232683,0.005811320882232683
L2_S28_F3244,23,1183724,1.9429827488475155e-05,0.0,0.005811320882232683,0.005811320882232683
L2_S28_F3240,23,1183724,1.9429827488475155e-05,0.0,0.005811320882232683,0.005811320882232683
L2_S28_F3247,23,1183724,1.9429827488475155e-05,0.0,0.005811320882232683,0.005811320882232683
L2_S28_F3291,23,1183724,1.9429827488475155e-05,0.0,0.005811320882232683,0.005811320882232683
L2_S28_F3284,23,1183724,1.9429827488475155e-05,0.0,0.005811320882232683,0.005811320882232683
L2_S28_F3302,23,1183724,1.9429827488475155e-05,0.0,0.005811320882232683,0.005811320882232683
L2_S28_F3295,23,1183724,1.9429827488475155e-05,0.0,0.005811320882232683,0.005811320882232683
L2_S28_F3298,23,1183724,1.9429827488475155e-05,0.0,0.005811320882232683,0.005811320882232683
L2_S28_F3281,23,1183724,1.9429827488475155e-05,0.0,0.005811320882232683,0.005811320882232683
L2_S28_F3288,23,1183724,1.9429827488475155e-05,0.0,0.005811320882232683,0.005811320882232683
L2_S28_F3275,23,1183724,1.9429827488475155e-05,0.0,0.005811320882232683,0.005811320882232683
L2_S28_F3278,23,1183724,1.9429827488475155e-05,0.0,0.005811320882232683,0.005811320882232683
L2_S28_F3254,23,1183724,1.9429827488475155e-05,0.0,0.005811320882232683,0.005811320882232683
L2_S28_F3258,23,1183724,1.9429827488475155e-05,0.0,0.005811320882232683,0.005811320882232683
L2_S28_F3262,23,1183724,1.9429827488475155e-05,0.0,0.005811320882232683,0.005811320882232683
L2_S28_F3266,23,1183724,1.9429827488475155e-05,0.0,0.005811320882232683,0.005811320882232683
L2_S28_F3310,23,1183724,1.9429827488475155e-05,0.0,0.005811320882232683,0.005811320882232683
L2_S28_F3306,23,1183724,1.9429827488475155e-05,0.0,0.005811320882232683,0.005811320882232683
L2_S28_F3314,23,1183724,1.9429827488475155e-05,0.0,0.005811320882232683,0.005811320882232683
L2_S28_F3251,23,1183724,1.9429827488475155e-05,0.0,0.005811320882232683,0.005811320882232683
L2_S28_F3269,23,1183724,1.9429827488475155e-05,0.0,0.005811320882232683,0.005811320882232683
L2_S28_F3272,23,1183724,1.9429827488475155e-05,0.0,0.005811320882232683,0.005811320882232683
L1_S24_F1345,22,1183725,1.8585052380280583e-05,0.0,0.005811315972882215,0.005811315972882215
L1_S24_F1280,22,1183725,1.8585052380280583e-05,0.0,0.005811315972882215,0.005811315972882215
L1_S24_F1284,22,1183725,1.8585052380280583e-05,0.0,0.005811315972882215,0.005811315972882215
L1_S24_F1342,22,1183725,1.8585052380280583e-05,0.0,0.005811315972882215,0.005811315972882215
L1_S24_F1287,22,1183725,1.8585052380280583e-05,0.0,0.005811315972882215,0.005811315972882215
L1_S24_F1360,22,1183725,1.8585052380280583e-05,0.0,0.005811315972882215,0.005811315972882215
L1_S24_F1307,22,1183725,1.8585052380280583e-05,0.0,0.005811315972882215,0.005811315972882215
L1_S24_F1302,22,1183725,1.8585052380280583e-05,0.0,0.005811315972882215,0.005811315972882215
L1_S24_F1340,22,1183725,1.8585052380280583e-05,0.0,0.005811315972882215,0.005811315972882215
L1_S24_F1337,22,1183725,1.8585052380280583e-05,0.0,0.005811315972882215,0.005811315972882215
L1_S24_F1335,22,1183725,1.8585052380280583e-05,0.0,0.005811315972882215,0.005811315972882215
L1_S24_F1312,22,1183725,1.8585052380280583e-05,0.0,0.005811315972882215,0.005811315972882215
L1_S24_F1311,22,1183725,1.8585052380280583e-05,0.0,0.005811315972882215,0.005811315972882215
L1_S24_F1308,22,1183725,1.8585052380280583e-05,0.0,0.005811315972882215,0.005811315972882215
L1_S24_F1283,22,1183725,1.8585052380280583e-05,0.0,0.005811315972882215,0.005811315972882215
L1_S24_F1289,22,1183725,1.8585052380280583e-05,0.0,0.005811315972882215,0.005811315972882215
L1_S24_F1276,22,1183725,1.8585052380280583e-05,0.0,0.005811315972882215,0.005811315972882215
L1_S24_F1279,22,1183725,1.8585052380280583e-05,0.0,0.005811315972882215,0.005811315972882215
L1_S24_F1325,22,1183725,1.8585052380280583e-05,0.0,0.005811315972882215,0.005811315972882215
L1_S24_F1332,22,1183725,1.8585052380280583e-05,0.0,0.005811315972882215,0.005811315972882215
L1_S24_F1330,22,1183725,1.8585052380280583e-05,0.0,0.005811315972882215,0.005811315972882215
L1_S24_F1327,22,1183725,1.8585052380280583e-05,0.0,0.005811315972882215,0.005811315972882215
L1_S24_F1317,22,1183725,1.8585052380280583e-05,0.0,0.005811315972882215,0.005811315972882215
L1_S24_F1320,22,1183725,1.8585052380280583e-05,0.0,0.005811315972882215,0.005811315972882215
L1_S24_F1322,22,1183725,1.8585052380280583e-05,0.0,0.005811315972882215,0.005811315972882215
L1_S24_F1315,22,1183725,1.8585052380280583e-05,0.0,0.005811315972882215,0.005811315972882215
L1_S24_F1294,22,1183725,1.8585052380280583e-05,0.0,0.005811315972882215,0.005811315972882215
L1_S24_F1297,22,1183725,1.8585052380280583e-05,0.0,0.005811315972882215,0.005811315972882215
L1_S24_F1299,22,1183725,1.8585052380280583e-05,0.0,0.005811315972882215,0.005811315972882215
L1_S24_F1292,22,1183725,1.8585052380280583e-05,0.0,0.005811315972882215,0.005811315972882215
L1_S24_F1304,22,1183725,1.8585052380280583e-05,0.0,0.005811315972882215,0.005811315972882215
L1_S24_F1347,22,1183725,1.8585052380280583e-05,0.0,0.005811315972882215,0.005811315972882215
L1_S24_F1357,22,1183725,1.8585052380280583e-05,0.0,0.005811315972882215,0.005811315972882215
L1_S24_F1365,22,1183725,1.8585052380280583e-05,0.0,0.005811315972882215,0.005811315972882215
L1_S24_F1362,22,1183725,1.8585052380280583e-05,0.0,0.005811315972882215,0.005811315972882215
L1_S24_F1355,22,1183725,1.8585052380280583e-05,0.0,0.005811315972882215,0.005811315972882215
L1_S24_F1352,22,1183725,1.8585052380280583e-05,0.0,0.005811315972882215,0.005811315972882215
L1_S24_F1350,22,1183725,1.8585052380280583e-05,0.0,0.005811315972882215,0.005811315972882215
L0_S21_F470,20,1183727,1.689550216389144e-05,0.0,0.005811306154206164,0.005811306154206164
L0_S21_F480,20,1183727,1.689550216389144e-05,0.0,0.005811306154206164,0.005811306154206164
L0_S21_F490,20,1183727,1.689550216389144e-05,0.0,0.005811306154206164,0.005811306154206164
L1_S25_F2379,18,1183729,1.5205951947502296e-05,0.0,0.005811296335563292,0.005811296335563292
L1_S25_F2352,18,1183729,1.5205951947502296e-05,0.0,0.005811296335563292,0.005811296335563292
L1_S25_F2381,18,1183729,1.5205951947502296e-05,0.0,0.005811296335563292,0.005811296335563292
L1_S25_F2340,18,1183729,1.5205951947502296e-05,0.0,0.005811296335563292,0.005811296335563292
L1_S25_F2371,18,1183729,1.5205951947502296e-05,0.0,0.005811296335563292,0.005811296335563292
L1_S25_F2401,18,1183729,1.5205951947502296e-05,0.0,0.005811296335563292,0.005811296335563292
L1_S25_F2396,18,1183729,1.5205951947502296e-05,0.0,0.005811296335563292,0.005811296335563292
L1_S25_F2404,18,1183729,1.5205951947502296e-05,0.0,0.005811296335563292,0.005811296335563292
L1_S25_F2394,18,1183729,1.5205951947502296e-05,0.0,0.005811296335563292,0.005811296335563292
L1_S25_F2391,18,1183729,1.5205951947502296e-05,0.0,0.005811296335563292,0.005811296335563292
L1_S25_F2386,18,1183729,1.5205951947502296e-05,0.0,0.005811296335563292,0.005811296335563292
L1_S25_F2399,18,1183729,1.5205951947502296e-05,0.0,0.005811296335563292,0.005811296335563292
L1_S25_F2345,18,1183729,1.5205951947502296e-05,0.0,0.005811296335563292,0.005811296335563292
L1_S25_F2342,18,1183729,1.5205951947502296e-05,0.0,0.005811296335563292,0.005811296335563292
L1_S25_F2347,18,1183729,1.5205951947502296e-05,0.0,0.005811296335563292,0.005811296335563292
L1_S25_F2350,18,1183729,1.5205951947502296e-05,0.0,0.005811296335563292,0.005811296335563292
L1_S25_F2332,18,1183729,1.5205951947502296e-05,0.0,0.005811296335563292,0.005811296335563292
L1_S25_F2335,18,1183729,1.5205951947502296e-05,0.0,0.005811296335563292,0.005811296335563292
L1_S25_F2337,18,1183729,1.5205951947502296e-05,0.0,0.005811296335563292,0.005811296335563292
L1_S25_F2389,18,1183729,1.5205951947502296e-05,0.0,0.005811296335563292,0.005811296335563292
L1_S25_F2357,18,1183729,1.5205951947502296e-05,0.0,0.005811296335563292,0.005811296335563292
L1_S25_F2369,18,1183729,1.5205951947502296e-05,0.0,0.005811296335563292,0.005811296335563292
L1_S25_F2360,18,1183729,1.5205951947502296e-05,0.0,0.005811296335563292,0.005811296335563292
L1_S25_F2361,18,1183729,1.5205951947502296e-05,0.0,0.005811296335563292,0.005811296335563292
L1_S25_F2331,18,1183729,1.5205951947502296e-05,0.0,0.005811296335563292,0.005811296335563292
L1_S25_F2328,18,1183729,1.5205951947502296e-05,0.0,0.005811296335563292,0.005811296335563292
L1_S25_F2376,18,1183729,1.5205951947502296e-05,0.0,0.005811296335563292,0.005811296335563292
L1_S25_F2374,18,1183729,1.5205951947502296e-05,0.0,0.005811296335563292,0.005811296335563292
L1_S25_F2384,18,1183729,1.5205951947502296e-05,0.0,0.005811296335563292,0.005811296335563292
L1_S25_F2364,18,1183729,1.5205951947502296e-05,0.0,0.005811296335563292,0.005811296335563292
L1_S25_F2355,18,1183729,1.5205951947502296e-05,0.0,0.005811296335563292,0.005811296335563292
L1_S25_F2366,18,1183729,1.5205951947502296e-05,0.0,0.005811296335563292,0.005811296335563292
L0_S21_F515,17,1183730,1.4361176839307724e-05,0.0,0.005811291426254298,0.005811291426254298
L0_S21_F520,17,1183730,1.4361176839307724e-05,0.0,0.005811291426254298,0.005811291426254298
L1_S24_F718,17,1183730,1.4361176839307724e-05,0.0,0.005811291426254298,0.005811291426254298
L0_S21_F475,17,1183730,1.4361176839307724e-05,0.0,0.005811291426254298,0.005811291426254298
L0_S21_F485,17,1183730,1.4361176839307724e-05,0.0,0.005811291426254298,0.005811291426254298
L0_S21_F500,17,1183730,1.4361176839307724e-05,0.0,0.005811291426254298,0.005811291426254298
L0_S21_F495,17,1183730,1.4361176839307724e-05,0.0,0.005811291426254298,0.005811291426254298
L0_S21_F535,17,1183730,1.4361176839307724e-05,0.0,0.005811291426254298,0.005811291426254298
L1_S24_F779,17,1183730,1.4361176839307724e-05,0.0,0.005811291426254298,0.005811291426254298
L0_S21_F525,17,1183730,1.4361176839307724e-05,0.0,0.005811291426254298,0.005811291426254298
L0_S21_F530,17,1183730,1.4361176839307724e-05,0.0,0.005811291426254298,0.005811291426254298
L0_S21_F505,17,1183730,1.4361176839307724e-05,0.0,0.005811291426254298,0.005811291426254298
L1_S24_F752,17,1183730,1.4361176839307724e-05,0.0,0.005811291426254298,0.005811291426254298
L1_S24_F755,17,1183730,1.4361176839307724e-05,0.0,0.005811291426254298,0.005811291426254298
L1_S24_F706,17,1183730,1.4361176839307724e-05,0.0,0.005811291426254298,0.005811291426254298
L1_S24_F704,17,1183730,1.4361176839307724e-05,0.0,0.005811291426254298,0.005811291426254298
L0_S21_F540,17,1183730,1.4361176839307724e-05,0.0,0.005811291426254298,0.005811291426254298
L0_S21_F510,17,1183730,1.4361176839307724e-05,0.0,0.005811291426254298,0.005811291426254298
L1_S24_F750,17,1183730,1.4361176839307724e-05,0.0,0.005811291426254298,0.005811291426254298
L1_S24_F747,17,1183730,1.4361176839307724e-05,0.0,0.005811291426254298,0.005811291426254298
L1_S24_F794,17,1183730,1.4361176839307724e-05,0.0,0.005811291426254298,0.005811291426254298
L1_S24_F784,17,1183730,1.4361176839307724e-05,0.0,0.005811291426254298,0.005811291426254298
L1_S24_F791,17,1183730,1.4361176839307724e-05,0.0,0.005811291426254298,0.005811291426254298
L1_S24_F781,17,1183730,1.4361176839307724e-05,0.0,0.005811291426254298,0.005811291426254298
L1_S24_F738,17,1183730,1.4361176839307724e-05,0.0,0.005811291426254298,0.005811291426254298
L1_S24_F724,17,1183730,1.4361176839307724e-05,0.0,0.005811291426254298,0.005811291426254298
L1_S24_F737,17,1183730,1.4361176839307724e-05,0.0,0.005811291426254298,0.005811291426254298
L1_S24_F741,17,1183730,1.4361176839307724e-05,0.0,0.005811291426254298,0.005811291426254298
L1_S24_F732,17,1183730,1.4361176839307724e-05,0.0,0.005811291426254298,0.005811291426254298
L1_S24_F734,17,1183730,1.4361176839307724e-05,0.0,0.005811291426254298,0.005811291426254298
L1_S24_F760,17,1183730,1.4361176839307724e-05,0.0,0.005811291426254298,0.005811291426254298
L1_S24_F757,17,1183730,1.4361176839307724e-05,0.0,0.005811291426254298,0.005811291426254298
L1_S24_F714,17,1183730,1.4361176839307724e-05,0.0,0.005811291426254298,0.005811291426254298
L1_S24_F715,17,1183730,1.4361176839307724e-05,0.0,0.005811291426254298,0.005811291426254298
L1_S24_F729,17,1183730,1.4361176839307724e-05,0.0,0.005811291426254298,0.005811291426254298
L1_S24_F727,17,1183730,1.4361176839307724e-05,0.0,0.005811291426254298,0.005811291426254298
L1_S24_F720,17,1183730,1.4361176839307724e-05,0.0,0.005811291426254298,0.005811291426254298
L1_S24_F770,17,1183730,1.4361176839307724e-05,0.0,0.005811291426254298,0.005811291426254298
L1_S24_F771,17,1183730,1.4361176839307724e-05,0.0,0.005811291426254298,0.005811291426254298
L1_S24_F767,17,1183730,1.4361176839307724e-05,0.0,0.005811291426254298,0.005811291426254298
L1_S24_F723,17,1183730,1.4361176839307724e-05,0.0,0.005811291426254298,0.005811291426254298
L1_S24_F701,17,1183730,1.4361176839307724e-05,0.0,0.005811291426254298,0.005811291426254298
L1_S24_F699,17,1183730,1.4361176839307724e-05,0.0,0.005811291426254298,0.005811291426254298
L1_S24_F696,17,1183730,1.4361176839307724e-05,0.0,0.005811291426254298,0.005811291426254298
L1_S24_F762,17,1183730,1.4361176839307724e-05,0.0,0.005811291426254298,0.005811291426254298
L1_S24_F765,17,1183730,1.4361176839307724e-05,0.0,0.005811291426254298,0.005811291426254298
L1_S24_F796,17,1183730,1.4361176839307724e-05,0.0,0.005811291426254298,0.005811291426254298
L1_S24_F786,17,1183730,1.4361176839307724e-05,0.0,0.005811291426254298,0.005811291426254298
L1_S24_F711,17,1183730,1.4361176839307724e-05,0.0,0.005811291426254298,0.005811291426254298
L1_S24_F709,17,1183730,1.4361176839307724e-05,0.0,0.005811291426254298,0.005811291426254298
L1_S24_F742,17,1183730,1.4361176839307724e-05,0.0,0.005811291426254298,0.005811291426254298
L1_S24_F745,17,1183730,1.4361176839307724e-05,0.0,0.005811291426254298,0.005811291426254298
L1_S24_F776,17,1183730,1.4361176839307724e-05,0.0,0.005811291426254298,0.005811291426254298
L1_S24_F774,17,1183730,1.4361176839307724e-05,0.0,0.005811291426254298,0.005811291426254298
L1_S24_F799,17,1183730,1.4361176839307724e-05,0.0,0.005811291426254298,0.005811291426254298
L1_S24_F789,17,1183730,1.4361176839307724e-05,0.0,0.005811291426254298,0.005811291426254298
L1_S24_F1769,16,1183731,1.3516401731113152e-05,0.0,0.0058112865169535986,0.0058112865169535986
L1_S24_F1771,16,1183731,1.3516401731113152e-05,0.0,0.0058112865169535986,0.0058112865169535986
L1_S24_F1772,16,1183731,1.3516401731113152e-05,0.0,0.0058112865169535986,0.0058112865169535986
L3_S42_F4032,15,1183732,1.267162662291858e-05,0.0,0.005811281607661194,0.005811281607661194
L3_S42_F4028,15,1183732,1.267162662291858e-05,0.0,0.005811281607661194,0.005811281607661194
L3_S42_F4036,15,1183732,1.267162662291858e-05,0.0,0.005811281607661194,0.005811281607661194
L3_S42_F4040,15,1183732,1.267162662291858e-05,0.0,0.005811281607661194,0.005811281607661194
L1_S25_F1882,15,1183732,1.267162662291858e-05,0.0,0.005811281607661194,0.005811281607661194
L3_S30_F3743,13,1183734,1.0982076406529435e-05,0.0,0.005811271789101268,0.005811271789101268
L3_S30_F3508,13,1183734,1.0982076406529435e-05,0.0,0.005811271789101268,0.005811271789101268
L3_S30_F3748,13,1183734,1.0982076406529435e-05,0.0,0.005811271789101268,0.005811271789101268
L3_S30_F3745,13,1183734,1.0982076406529435e-05,0.0,0.005811271789101268,0.005811271789101268
L3_S30_F3513,13,1183734,1.0982076406529435e-05,0.0,0.005811271789101268,0.005811271789101268
L3_S30_F3505,13,1183734,1.0982076406529435e-05,0.0,0.005811271789101268,0.005811271789101268
L3_S30_F3515,13,1183734,1.0982076406529435e-05,0.0,0.005811271789101268,0.005811271789101268
L3_S30_F3518,13,1183734,1.0982076406529435e-05,0.0,0.005811271789101268,0.005811271789101268
L3_S30_F3520,13,1183734,1.0982076406529435e-05,0.0,0.005811271789101268,0.005811271789101268
L3_S30_F3523,13,1183734,1.0982076406529435e-05,0.0,0.005811271789101268,0.005811271789101268
L3_S30_F3525,13,1183734,1.0982076406529435e-05,0.0,0.005811271789101268,0.005811271789101268
L3_S30_F3528,13,1183734,1.0982076406529435e-05,0.0,0.005811271789101268,0.005811271789101268
L3_S30_F3530,13,1183734,1.0982076406529435e-05,0.0,0.005811271789101268,0.005811271789101268
L3_S30_F3533,13,1183734,1.0982076406529435e-05,0.0,0.005811271789101268,0.005811271789101268
L3_S30_F3535,13,1183734,1.0982076406529435e-05,0.0,0.005811271789101268,0.005811271789101268
L3_S30_F3775,13,1183734,1.0982076406529435e-05,0.0,0.005811271789101268,0.005811271789101268
L3_S30_F3773,13,1183734,1.0982076406529435e-05,0.0,0.005811271789101268,0.005811271789101268
L3_S30_F3755,13,1183734,1.0982076406529435e-05,0.0,0.005811271789101268,0.005811271789101268
L3_S30_F3753,13,1183734,1.0982076406529435e-05,0.0,0.005811271789101268,0.005811271789101268
L3_S30_F3750,13,1183734,1.0982076406529435e-05,0.0,0.005811271789101268,0.005811271789101268
L3_S30_F3510,13,1183734,1.0982076406529435e-05,0.0,0.005811271789101268,0.005811271789101268
L3_S30_F3543,13,1183734,1.0982076406529435e-05,0.0,0.005811271789101268,0.005811271789101268
L3_S30_F3545,13,1183734,1.0982076406529435e-05,0.0,0.005811271789101268,0.005811271789101268
L3_S30_F3538,13,1183734,1.0982076406529435e-05,0.0,0.005811271789101268,0.005811271789101268
L3_S30_F3540,13,1183734,1.0982076406529435e-05,0.0,0.005811271789101268,0.005811271789101268
L3_S30_F3548,13,1183734,1.0982076406529435e-05,0.0,0.005811271789101268,0.005811271789101268
L3_S30_F3763,13,1183734,1.0982076406529435e-05,0.0,0.005811271789101268,0.005811271789101268
L3_S30_F3563,13,1183734,1.0982076406529435e-05,0.0,0.005811271789101268,0.005811271789101268
L3_S30_F3553,13,1183734,1.0982076406529435e-05,0.0,0.005811271789101268,0.005811271789101268
L3_S30_F3555,13,1183734,1.0982076406529435e-05,0.0,0.005811271789101268,0.005811271789101268
L3_S30_F3558,13,1183734,1.0982076406529435e-05,0.0,0.005811271789101268,0.005811271789101268
L3_S30_F3560,13,1183734,1.0982076406529435e-05,0.0,0.005811271789101268,0.005811271789101268
L3_S30_F3550,13,1183734,1.0982076406529435e-05,0.0,0.005811271789101268,0.005811271789101268
L3_S30_F3770,13,1183734,1.0982076406529435e-05,0.0,0.005811271789101268,0.005811271789101268
L3_S30_F3768,13,1183734,1.0982076406529435e-05,0.0,0.005811271789101268,0.005811271789101268
L3_S30_F3765,13,1183734,1.0982076406529435e-05,0.0,0.005811271789101268,0.005811271789101268
L3_S30_F3778,13,1183734,1.0982076406529435e-05,0.0,0.005811271789101268,0.005811271789101268
L3_S30_F3780,13,1183734,1.0982076406529435e-05,0.0,0.005811271789101268,0.005811271789101268
L3_S30_F3783,13,1183734,1.0982076406529435e-05,0.0,0.005811271789101268,0.005811271789101268
L3_S30_F3785,13,1183734,1.0982076406529435e-05,0.0,0.005811271789101268,0.005811271789101268
L3_S30_F3758,13,1183734,1.0982076406529435e-05,0.0,0.005811271789101268,0.005811271789101268
L3_S30_F3760,13,1183734,1.0982076406529435e-05,0.0,0.005811271789101268,0.005811271789101268
L3_S30_F3830,13,1183734,1.0982076406529435e-05,0.0,0.005811271789101268,0.005811271789101268
L3_S30_F3833,13,1183734,1.0982076406529435e-05,0.0,0.005811271789101268,0.005811271789101268
L3_S30_F3805,13,1183734,1.0982076406529435e-05,0.0,0.005811271789101268,0.005811271789101268
L3_S30_F3808,13,1183734,1.0982076406529435e-05,0.0,0.005811271789101268,0.005811271789101268
L3_S30_F3810,13,1183734,1.0982076406529435e-05,0.0,0.005811271789101268,0.005811271789101268
L3_S30_F3803,13,1183734,1.0982076406529435e-05,0.0,0.005811271789101268,0.005811271789101268
L3_S30_F3800,13,1183734,1.0982076406529435e-05,0.0,0.005811271789101268,0.005811271789101268
L3_S30_F3798,13,1183734,1.0982076406529435e-05,0.0,0.005811271789101268,0.005811271789101268
L3_S30_F3795,13,1183734,1.0982076406529435e-05,0.0,0.005811271789101268,0.005811271789101268
L3_S30_F3793,13,1183734,1.0982076406529435e-05,0.0,0.005811271789101268,0.005811271789101268
L3_S30_F3815,13,1183734,1.0982076406529435e-05,0.0,0.005811271789101268,0.005811271789101268
L3_S30_F3818,13,1183734,1.0982076406529435e-05,0.0,0.005811271789101268,0.005811271789101268
L3_S30_F3820,13,1183734,1.0982076406529435e-05,0.0,0.005811271789101268,0.005811271789101268
L3_S30_F3823,13,1183734,1.0982076406529435e-05,0.0,0.005811271789101268,0.005811271789101268
L3_S30_F3825,13,1183734,1.0982076406529435e-05,0.0,0.005811271789101268,0.005811271789101268
L3_S30_F3828,13,1183734,1.0982076406529435e-05,0.0,0.005811271789101268,0.005811271789101268
L3_S30_F3788,13,1183734,1.0982076406529435e-05,0.0,0.005811271789101268,0.005811271789101268
L3_S30_F3790,13,1183734,1.0982076406529435e-05,0.0,0.005811271789101268,0.005811271789101268
L3_S30_F3730,13,1183734,1.0982076406529435e-05,0.0,0.005811271789101268,0.005811271789101268
L3_S30_F3733,13,1183734,1.0982076406529435e-05,0.0,0.005811271789101268,0.005811271789101268
L3_S30_F3735,13,1183734,1.0982076406529435e-05,0.0,0.005811271789101268,0.005811271789101268
L3_S30_F3738,13,1183734,1.0982076406529435e-05,0.0,0.005811271789101268,0.005811271789101268
L3_S30_F3740,13,1183734,1.0982076406529435e-05,0.0,0.005811271789101268,0.005811271789101268
L3_S30_F3813,13,1183734,1.0982076406529435e-05,0.0,0.005811271789101268,0.005811271789101268
L3_S30_F3728,13,1183734,1.0982076406529435e-05,0.0,0.005811271789101268,0.005811271789101268
L3_S30_F3725,13,1183734,1.0982076406529435e-05,0.0,0.005811271789101268,0.005811271789101268
L1_S25_F1897,12,1183735,1.0137301298334863e-05,0.0,0.0058112668798337465,0.0058112668798337465
L3_S42_F4035,11,1183736,9.292526190140291e-06,0.0,0.00581126197057452,0.00581126197057452
L3_S42_F4043,11,1183736,9.292526190140291e-06,0.0,0.00581126197057452,0.00581126197057452
L3_S42_F4031,11,1183736,9.292526190140291e-06,0.0,0.00581126197057452,0.00581126197057452
L3_S42_F4039,11,1183736,9.292526190140291e-06,0.0,0.00581126197057452,0.00581126197057452
L3_S35_F3885,10,1183737,8.44775108194572e-06,0.0,0.005811257061323588,0.005811257061323588
L3_S35_F3911,10,1183737,8.44775108194572e-06,0.0,0.005811257061323588,0.005811257061323588
L3_S35_F3892,10,1183737,8.44775108194572e-06,0.0,0.005811257061323588,0.005811257061323588
L3_S35_F3901,10,1183737,8.44775108194572e-06,0.0,0.005811257061323588,0.005811257061323588
L3_S35_F3893,10,1183737,8.44775108194572e-06,0.0,0.005811257061323588,0.005811257061323588
L3_S35_F3888,10,1183737,8.44775108194572e-06,0.0,0.005811257061323588,0.005811257061323588
L3_S35_F3906,10,1183737,8.44775108194572e-06,0.0,0.005811257061323588,0.005811257061323588
L3_S35_F3887,10,1183737,8.44775108194572e-06,0.0,0.005811257061323588,0.005811257061323588
L3_S35_F3890,10,1183737,8.44775108194572e-06,0.0,0.005811257061323588,0.005811257061323588
L3_S35_F3916,10,1183737,8.44775108194572e-06,0.0,0.005811257061323588,0.005811257061323588
L3_S30_F3705,9,1183738,7.602975973751148e-06,0.0,0.0058112521520809505,0.0058112521520809505
L3_S30_F3713,9,1183738,7.602975973751148e-06,0.0,0.0058112521520809505,0.0058112521520809505
L3_S30_F3710,9,1183738,7.602975973751148e-06,0.0,0.0058112521520809505,0.0058112521520809505
L3_S30_F3708,9,1183738,7.602975973751148e-06,0.0,0.0058112521520809505,0.0058112521520809505
L3_S30_F3600,9,1183738,7.602975973751148e-06,0.0,0.0058112521520809505,0.0058112521520809505
L3_S30_F3603,9,1183738,7.602975973751148e-06,0.0,0.0058112521520809505,0.0058112521520809505
L3_S30_F3720,9,1183738,7.602975973751148e-06,0.0,0.0058112521520809505,0.0058112521520809505
L1_S24_F939,9,1183738,7.602975973751148e-06,0.0,0.0058112521520809505,0.0058112521520809505
L3_S30_F3698,9,1183738,7.602975973751148e-06,0.0,0.0058112521520809505,0.0058112521520809505
L3_S30_F3700,9,1183738,7.602975973751148e-06,0.0,0.0058112521520809505,0.0058112521520809505
L3_S30_F3703,9,1183738,7.602975973751148e-06,0.0,0.0058112521520809505,0.0058112521520809505
L3_S30_F3598,9,1183738,7.602975973751148e-06,0.0,0.0058112521520809505,0.0058112521520809505
L1_S24_F929,9,1183738,7.602975973751148e-06,0.0,0.0058112521520809505,0.0058112521520809505
L3_S30_F3718,9,1183738,7.602975973751148e-06,0.0,0.0058112521520809505,0.0058112521520809505
L1_S24_F931,9,1183738,7.602975973751148e-06,0.0,0.0058112521520809505,0.0058112521520809505
L3_S30_F3595,9,1183738,7.602975973751148e-06,0.0,0.0058112521520809505,0.0058112521520809505
L3_S30_F3593,9,1183738,7.602975973751148e-06,0.0,0.0058112521520809505,0.0058112521520809505
L3_S30_F3590,9,1183738,7.602975973751148e-06,0.0,0.0058112521520809505,0.0058112521520809505
L3_S30_F3615,9,1183738,7.602975973751148e-06,0.0,0.0058112521520809505,0.0058112521520809505
L3_S30_F3610,9,1183738,7.602975973751148e-06,0.0,0.0058112521520809505,0.0058112521520809505
L3_S30_F3613,9,1183738,7.602975973751148e-06,0.0,0.0058112521520809505,0.0058112521520809505
L3_S30_F3608,9,1183738,7.602975973751148e-06,0.0,0.0058112521520809505,0.0058112521520809505
L3_S30_F3605,9,1183738,7.602975973751148e-06,0.0,0.0058112521520809505,0.0058112521520809505
L3_S30_F3715,9,1183738,7.602975973751148e-06,0.0,0.0058112521520809505,0.0058112521520809505
L3_S30_F3628,9,1183738,7.602975973751148e-06,0.0,0.0058112521520809505,0.0058112521520809505
L3_S30_F3630,9,1183738,7.602975973751148e-06,0.0,0.0058112521520809505,0.0058112521520809505
L3_S30_F3623,9,1183738,7.602975973751148e-06,0.0,0.0058112521520809505,0.0058112521520809505
L3_S30_F3620,9,1183738,7.602975973751148e-06,0.0,0.0058112521520809505,0.0058112521520809505
L3_S30_F3638,9,1183738,7.602975973751148e-06,0.0,0.0058112521520809505,0.0058112521520809505
L3_S30_F3625,9,1183738,7.602975973751148e-06,0.0,0.0058112521520809505,0.0058112521520809505
L3_S30_F3618,9,1183738,7.602975973751148e-06,0.0,0.0058112521520809505,0.0058112521520809505
L3_S30_F3635,9,1183738,7.602975973751148e-06,0.0,0.0058112521520809505,0.0058112521520809505
L3_S30_F3633,9,1183738,7.602975973751148e-06,0.0,0.0058112521520809505,0.0058112521520809505
L3_S30_F3643,9,1183738,7.602975973751148e-06,0.0,0.0058112521520809505,0.0058112521520809505
L3_S30_F3640,9,1183738,7.602975973751148e-06,0.0,0.0058112521520809505,0.0058112521520809505
L3_S30_F3648,9,1183738,7.602975973751148e-06,0.0,0.0058112521520809505,0.0058112521520809505
L3_S30_F3650,9,1183738,7.602975973751148e-06,0.0,0.0058112521520809505,0.0058112521520809505
L3_S30_F3653,9,1183738,7.602975973751148e-06,0.0,0.0058112521520809505,0.0058112521520809505
L3_S30_F3645,9,1183738,7.602975973751148e-06,0.0,0.0058112521520809505,0.0058112521520809505
L3_S30_F3655,9,1183738,7.602975973751148e-06,0.0,0.0058112521520809505,0.0058112521520809505
L3_S30_F3658,9,1183738,7.602975973751148e-06,0.0,0.0058112521520809505,0.0058112521520809505
L3_S30_F3660,9,1183738,7.602975973751148e-06,0.0,0.0058112521520809505,0.0058112521520809505
L3_S30_F3663,9,1183738,7.602975973751148e-06,0.0,0.0058112521520809505,0.0058112521520809505
L1_S24_F949,9,1183738,7.602975973751148e-06,0.0,0.0058112521520809505,0.0058112521520809505
L3_S30_F3723,9,1183738,7.602975973751148e-06,0.0,0.0058112521520809505,0.0058112521520809505
L1_S24_F934,9,1183738,7.602975973751148e-06,0.0,0.0058112521520809505,0.0058112521520809505
L1_S24_F936,9,1183738,7.602975973751148e-06,0.0,0.0058112521520809505,0.0058112521520809505
L3_S30_F3578,9,1183738,7.602975973751148e-06,0.0,0.0058112521520809505,0.0058112521520809505
L3_S30_F3575,9,1183738,7.602975973751148e-06,0.0,0.0058112521520809505,0.0058112521520809505
L3_S30_F3668,9,1183738,7.602975973751148e-06,0.0,0.0058112521520809505,0.0058112521520809505
L3_S30_F3665,9,1183738,7.602975973751148e-06,0.0,0.0058112521520809505,0.0058112521520809505
L3_S30_F3588,9,1183738,7.602975973751148e-06,0.0,0.0058112521520809505,0.0058112521520809505
L3_S30_F3585,9,1183738,7.602975973751148e-06,0.0,0.0058112521520809505,0.0058112521520809505
L3_S30_F3583,9,1183738,7.602975973751148e-06,0.0,0.0058112521520809505,0.0058112521520809505
L3_S30_F3580,9,1183738,7.602975973751148e-06,0.0,0.0058112521520809505,0.0058112521520809505
L1_S25_F2208,9,1183738,7.602975973751148e-06,0.0,0.0058112521520809505,0.0058112521520809505
L1_S25_F2211,9,1183738,7.602975973751148e-06,0.0,0.0058112521520809505,0.0058112521520809505
L1_S25_F2215,9,1183738,7.602975973751148e-06,0.0,0.0058112521520809505,0.0058112521520809505
L1_S25_F2213,9,1183738,7.602975973751148e-06,0.0,0.0058112521520809505,0.0058112521520809505
L1_S25_F2218,9,1183738,7.602975973751148e-06,0.0,0.0058112521520809505,0.0058112521520809505
L1_S25_F2221,9,1183738,7.602975973751148e-06,0.0,0.0058112521520809505,0.0058112521520809505
L1_S25_F2224,9,1183738,7.602975973751148e-06,0.0,0.0058112521520809505,0.0058112521520809505
L1_S25_F2227,9,1183738,7.602975973751148e-06,0.0,0.0058112521520809505,0.0058112521520809505
L3_S30_F3565,9,1183738,7.602975973751148e-06,0.0,0.0058112521520809505,0.0058112521520809505
L3_S30_F3568,9,1183738,7.602975973751148e-06,0.0,0.0058112521520809505,0.0058112521520809505
L3_S30_F3570,9,1183738,7.602975973751148e-06,0.0,0.0058112521520809505,0.0058112521520809505
L3_S30_F3573,9,1183738,7.602975973751148e-06,0.0,0.0058112521520809505,0.0058112521520809505
L1_S24_F979,9,1183738,7.602975973751148e-06,0.0,0.0058112521520809505,0.0058112521520809505
L1_S24_F982,9,1183738,7.602975973751148e-06,0.0,0.0058112521520809505,0.0058112521520809505
L1_S24_F984,9,1183738,7.602975973751148e-06,0.0,0.0058112521520809505,0.0058112521520809505
L1_S24_F987,9,1183738,7.602975973751148e-06,0.0,0.0058112521520809505,0.0058112521520809505
L1_S24_F989,9,1183738,7.602975973751148e-06,0.0,0.0058112521520809505,0.0058112521520809505
L1_S24_F992,9,1183738,7.602975973751148e-06,0.0,0.0058112521520809505,0.0058112521520809505
L1_S24_F994,9,1183738,7.602975973751148e-06,0.0,0.0058112521520809505,0.0058112521520809505
L1_S24_F997,9,1183738,7.602975973751148e-06,0.0,0.0058112521520809505,0.0058112521520809505
L1_S24_F926,9,1183738,7.602975973751148e-06,0.0,0.0058112521520809505,0.0058112521520809505
L1_S25_F2205,9,1183738,7.602975973751148e-06,0.0,0.0058112521520809505,0.0058112521520809505
L3_S30_F3670,9,1183738,7.602975973751148e-06,0.0,0.0058112521520809505,0.0058112521520809505
L1_S24_F916,9,1183738,7.602975973751148e-06,0.0,0.0058112521520809505,0.0058112521520809505
L1_S24_F919,9,1183738,7.602975973751148e-06,0.0,0.0058112521520809505,0.0058112521520809505
L1_S24_F921,9,1183738,7.602975973751148e-06,0.0,0.0058112521520809505,0.0058112521520809505
L1_S24_F924,9,1183738,7.602975973751148e-06,0.0,0.0058112521520809505,0.0058112521520809505
L3_S30_F3673,9,1183738,7.602975973751148e-06,0.0,0.0058112521520809505,0.0058112521520809505
L3_S30_F3675,9,1183738,7.602975973751148e-06,0.0,0.0058112521520809505,0.0058112521520809505
L1_S24_F972,9,1183738,7.602975973751148e-06,0.0,0.0058112521520809505,0.0058112521520809505
L1_S24_F974,9,1183738,7.602975973751148e-06,0.0,0.0058112521520809505,0.0058112521520809505
L1_S24_F977,9,1183738,7.602975973751148e-06,0.0,0.0058112521520809505,0.0058112521520809505
L1_S24_F952,9,1183738,7.602975973751148e-06,0.0,0.0058112521520809505,0.0058112521520809505
L1_S24_F954,9,1183738,7.602975973751148e-06,0.0,0.0058112521520809505,0.0058112521520809505
L1_S24_F957,9,1183738,7.602975973751148e-06,0.0,0.0058112521520809505,0.0058112521520809505
L1_S24_F959,9,1183738,7.602975973751148e-06,0.0,0.0058112521520809505,0.0058112521520809505
L1_S24_F962,9,1183738,7.602975973751148e-06,0.0,0.0058112521520809505,0.0058112521520809505
L1_S24_F964,9,1183738,7.602975973751148e-06,0.0,0.0058112521520809505,0.0058112521520809505
L1_S24_F967,9,1183738,7.602975973751148e-06,0.0,0.0058112521520809505,0.0058112521520809505
L1_S24_F969,9,1183738,7.602975973751148e-06,0.0,0.0058112521520809505,0.0058112521520809505
L3_S30_F3678,9,1183738,7.602975973751148e-06,0.0,0.0058112521520809505,0.0058112521520809505
L3_S30_F3680,9,1183738,7.602975973751148e-06,0.0,0.0058112521520809505,0.0058112521520809505
L3_S30_F3683,9,1183738,7.602975973751148e-06,0.0,0.0058112521520809505,0.0058112521520809505
L3_S30_F3685,9,1183738,7.602975973751148e-06,0.0,0.0058112521520809505,0.0058112521520809505
L3_S30_F3688,9,1183738,7.602975973751148e-06,0.0,0.0058112521520809505,0.0058112521520809505
L3_S30_F3690,9,1183738,7.602975973751148e-06,0.0,0.0058112521520809505,0.0058112521520809505
L3_S30_F3693,9,1183738,7.602975973751148e-06,0.0,0.0058112521520809505,0.0058112521520809505
L3_S30_F3695,9,1183738,7.602975973751148e-06,0.0,0.0058112521520809505,0.0058112521520809505
L1_S24_F908,9,1183738,7.602975973751148e-06,0.0,0.0058112521520809505,0.0058112521520809505
L1_S24_F911,9,1183738,7.602975973751148e-06,0.0,0.0058112521520809505,0.0058112521520809505
L1_S24_F912,9,1183738,7.602975973751148e-06,0.0,0.0058112521520809505,0.0058112521520809505
L1_S24_F915,9,1183738,7.602975973751148e-06,0.0,0.0058112521520809505,0.0058112521520809505
L1_S24_F940,9,1183738,7.602975973751148e-06,0.0,0.0058112521520809505,0.0058112521520809505
L1_S24_F943,9,1183738,7.602975973751148e-06,0.0,0.0058112521520809505,0.0058112521520809505
L1_S24_F944,9,1183738,7.602975973751148e-06,0.0,0.0058112521520809505,0.0058112521520809505
L1_S24_F947,9,1183738,7.602975973751148e-06,0.0,0.0058112521520809505,0.0058112521520809505
L1_S25_F2681,8,1183739,6.758200865556576e-06,0.0,0.005811247242846607,0.005811247242846607
L1_S25_F2680,8,1183739,6.758200865556576e-06,0.0,0.005811247242846607,0.005811247242846607
L1_S25_F2675,8,1183739,6.758200865556576e-06,0.0,0.005811247242846607,0.005811247242846607
L1_S25_F2673,8,1183739,6.758200865556576e-06,0.0,0.005811247242846607,0.005811247242846607
L1_S25_F2676,8,1183739,6.758200865556576e-06,0.0,0.005811247242846607,0.005811247242846607
L1_S25_F2678,8,1183739,6.758200865556576e-06,0.0,0.005811247242846607,0.005811247242846607
L1_S25_F2691,8,1183739,6.758200865556576e-06,0.0,0.005811247242846607,0.005811247242846607
L1_S25_F2693,8,1183739,6.758200865556576e-06,0.0,0.005811247242846607,0.005811247242846607
L1_S25_F1866,8,1183739,6.758200865556576e-06,0.0,0.005811247242846607,0.005811247242846607
L1_S25_F2708,8,1183739,6.758200865556576e-06,0.0,0.005811247242846607,0.005811247242846607
L3_S42_F4056,8,1183739,6.758200865556576e-06,0.0,0.005811247242846607,0.005811247242846607
L1_S25_F2696,8,1183739,6.758200865556576e-06,0.0,0.005811247242846607,0.005811247242846607
L1_S25_F2698,8,1183739,6.758200865556576e-06,0.0,0.005811247242846607,0.005811247242846607
L1_S25_F2700,8,1183739,6.758200865556576e-06,0.0,0.005811247242846607,0.005811247242846607
L1_S25_F2701,8,1183739,6.758200865556576e-06,0.0,0.005811247242846607,0.005811247242846607
L1_S25_F2703,8,1183739,6.758200865556576e-06,0.0,0.005811247242846607,0.005811247242846607
L1_S25_F2705,8,1183739,6.758200865556576e-06,0.0,0.005811247242846607,0.005811247242846607
L1_S25_F2706,8,1183739,6.758200865556576e-06,0.0,0.005811247242846607,0.005811247242846607
L1_S25_F2710,8,1183739,6.758200865556576e-06,0.0,0.005811247242846607,0.005811247242846607
L1_S25_F1878,8,1183739,6.758200865556576e-06,0.0,0.005811247242846607,0.005811247242846607
L1_S25_F1874,8,1183739,6.758200865556576e-06,0.0,0.005811247242846607,0.005811247242846607
L1_S25_F1870,8,1183739,6.758200865556576e-06,0.0,0.005811247242846607,0.005811247242846607
L3_S42_F4044,8,1183739,6.758200865556576e-06,0.0,0.005811247242846607,0.005811247242846607
L1_S25_F2695,8,1183739,6.758200865556576e-06,0.0,0.005811247242846607,0.005811247242846607
L1_S25_F2683,8,1183739,6.758200865556576e-06,0.0,0.005811247242846607,0.005811247242846607
L1_S25_F2688,8,1183739,6.758200865556576e-06,0.0,0.005811247242846607,0.005811247242846607
L1_S25_F2711,8,1183739,6.758200865556576e-06,0.0,0.005811247242846607,0.005811247242846607
L1_S25_F2686,8,1183739,6.758200865556576e-06,0.0,0.005811247242846607,0.005811247242846607
L3_S42_F4052,8,1183739,6.758200865556576e-06,0.0,0.005811247242846607,0.005811247242846607
L3_S42_F4048,8,1183739,6.758200865556576e-06,0.0,0.005811247242846607,0.005811247242846607
L1_S25_F2690,8,1183739,6.758200865556576e-06,0.0,0.005811247242846607,0.005811247242846607
L1_S25_F2685,8,1183739,6.758200865556576e-06,0.0,0.005811247242846607,0.005811247242846607
L0_S6_F135,7,1183740,5.913425757362004e-06,0.0,0.005811242333620559,0.005811242333620559
L0_S6_F119,7,1183740,5.913425757362004e-06,0.0,0.005811242333620559,0.005811242333620559
L0_S6_F123,7,1183740,5.913425757362004e-06,0.0,0.005811242333620559,0.005811242333620559
L0_S6_F121,7,1183740,5.913425757362004e-06,0.0,0.005811242333620559,0.005811242333620559
L1_S25_F2080,7,1183740,5.913425757362004e-06,0.0,0.005811242333620559,0.005811242333620559
L1_S25_F2082,7,1183740,5.913425757362004e-06,0.0,0.005811242333620559,0.005811242333620559
L1_S25_F2090,7,1183740,5.913425757362004e-06,0.0,0.005811242333620559,0.005811242333620559
L1_S25_F2092,7,1183740,5.913425757362004e-06,0.0,0.005811242333620559,0.005811242333620559
L1_S25_F2085,7,1183740,5.913425757362004e-06,0.0,0.005811242333620559,0.005811242333620559
L1_S25_F2087,7,1183740,5.913425757362004e-06,0.0,0.005811242333620559,0.005811242333620559
L1_S25_F2070,7,1183740,5.913425757362004e-06,0.0,0.005811242333620559,0.005811242333620559
L1_S25_F2095,7,1183740,5.913425757362004e-06,0.0,0.005811242333620559,0.005811242333620559
L1_S25_F2590,7,1183740,5.913425757362004e-06,0.0,0.005811242333620559,0.005811242333620559
L1_S25_F2588,7,1183740,5.913425757362004e-06,0.0,0.005811242333620559,0.005811242333620559
L1_S25_F2580,7,1183740,5.913425757362004e-06,0.0,0.005811242333620559,0.005811242333620559
L1_S25_F2578,7,1183740,5.913425757362004e-06,0.0,0.005811242333620559,0.005811242333620559
L1_S25_F2585,7,1183740,5.913425757362004e-06,0.0,0.005811242333620559,0.005811242333620559
L1_S25_F2583,7,1183740,5.913425757362004e-06,0.0,0.005811242333620559,0.005811242333620559
L1_S25_F2517,7,1183740,5.913425757362004e-06,0.0,0.005811242333620559,0.005811242333620559
L1_S25_F2520,7,1183740,5.913425757362004e-06,0.0,0.005811242333620559,0.005811242333620559
L1_S25_F2521,7,1183740,5.913425757362004e-06,0.0,0.005811242333620559,0.005811242333620559
L1_S25_F2524,7,1183740,5.913425757362004e-06,0.0,0.005811242333620559,0.005811242333620559
L1_S25_F2568,7,1183740,5.913425757362004e-06,0.0,0.005811242333620559,0.005811242333620559
L1_S25_F2534,7,1183740,5.913425757362004e-06,0.0,0.005811242333620559,0.005811242333620559
L1_S25_F2539,7,1183740,5.913425757362004e-06,0.0,0.005811242333620559,0.005811242333620559
L1_S25_F2536,7,1183740,5.913425757362004e-06,0.0,0.005811242333620559,0.005811242333620559
L1_S25_F2544,7,1183740,5.913425757362004e-06,0.0,0.005811242333620559,0.005811242333620559
L1_S25_F2067,7,1183740,5.913425757362004e-06,0.0,0.005811242333620559,0.005811242333620559
L1_S25_F2526,7,1183740,5.913425757362004e-06,0.0,0.005811242333620559,0.005811242333620559
L1_S25_F2531,7,1183740,5.913425757362004e-06,0.0,0.005811242333620559,0.005811242333620559
L1_S25_F2575,7,1183740,5.913425757362004e-06,0.0,0.005811242333620559,0.005811242333620559
L1_S25_F2573,7,1183740,5.913425757362004e-06,0.0,0.005811242333620559,0.005811242333620559
L1_S25_F2570,7,1183740,5.913425757362004e-06,0.0,0.005811242333620559,0.005811242333620559
L1_S25_F2529,7,1183740,5.913425757362004e-06,0.0,0.005811242333620559,0.005811242333620559
L1_S25_F2549,7,1183740,5.913425757362004e-06,0.0,0.005811242333620559,0.005811242333620559
L1_S25_F2546,7,1183740,5.913425757362004e-06,0.0,0.005811242333620559,0.005811242333620559
L1_S25_F2550,7,1183740,5.913425757362004e-06,0.0,0.005811242333620559,0.005811242333620559
L1_S25_F2541,7,1183740,5.913425757362004e-06,0.0,0.005811242333620559,0.005811242333620559
L1_S25_F2062,7,1183740,5.913425757362004e-06,0.0,0.005811242333620559,0.005811242333620559
L1_S25_F2065,7,1183740,5.913425757362004e-06,0.0,0.005811242333620559,0.005811242333620559
L1_S25_F2565,7,1183740,5.913425757362004e-06,0.0,0.005811242333620559,0.005811242333620559
L1_S25_F2563,7,1183740,5.913425757362004e-06,0.0,0.005811242333620559,0.005811242333620559
L1_S25_F2560,7,1183740,5.913425757362004e-06,0.0,0.005811242333620559,0.005811242333620559
L1_S25_F2558,7,1183740,5.913425757362004e-06,0.0,0.005811242333620559,0.005811242333620559
L1_S25_F2555,7,1183740,5.913425757362004e-06,0.0,0.005811242333620559,0.005811242333620559
L1_S25_F2077,7,1183740,5.913425757362004e-06,0.0,0.005811242333620559,0.005811242333620559
L1_S25_F2075,7,1183740,5.913425757362004e-06,0.0,0.005811242333620559,0.005811242333620559
L1_S25_F2072,7,1183740,5.913425757362004e-06,0.0,0.005811242333620559,0.005811242333620559
L1_S25_F2553,7,1183740,5.913425757362004e-06,0.0,0.005811242333620559,0.005811242333620559
L1_S25_F2593,7,1183740,5.913425757362004e-06,0.0,0.005811242333620559,0.005811242333620559
L3_S31_F3843,7,1183740,5.913425757362004e-06,0.0,0.005811242333620559,0.005811242333620559
L3_S31_F3845,7,1183740,5.913425757362004e-06,0.0,0.005811242333620559,0.005811242333620559
L0_S6_F126,7,1183740,5.913425757362004e-06,0.0,0.005811242333620559,0.005811242333620559
L0_S6_F125,7,1183740,5.913425757362004e-06,0.0,0.005811242333620559,0.005811242333620559
L1_S25_F2060,7,1183740,5.913425757362004e-06,0.0,0.005811242333620559,0.005811242333620559
L1_S25_F2057,7,1183740,5.913425757362004e-06,0.0,0.005811242333620559,0.005811242333620559
L3_S30_F3495,7,1183740,5.913425757362004e-06,0.0,0.005811242333620559,0.005811242333620559
L3_S31_F3839,7,1183740,5.913425757362004e-06,0.0,0.005811242333620559,0.005811242333620559
L0_S6_F129,7,1183740,5.913425757362004e-06,0.0,0.005811242333620559,0.005811242333620559
L0_S6_F128,7,1183740,5.913425757362004e-06,0.0,0.005811242333620559,0.005811242333620559
L0_S6_F133,7,1183740,5.913425757362004e-06,0.0,0.005811242333620559,0.005811242333620559
L0_S6_F131,7,1183740,5.913425757362004e-06,0.0,0.005811242333620559,0.005811242333620559
L3_S31_F3841,7,1183740,5.913425757362004e-06,0.0,0.005811242333620559,0.005811242333620559
L3_S30_F3503,7,1183740,5.913425757362004e-06,0.0,0.005811242333620559,0.005811242333620559
L3_S31_F3849,7,1183740,5.913425757362004e-06,0.0,0.005811242333620559,0.005811242333620559
L3_S31_F3847,7,1183740,5.913425757362004e-06,0.0,0.005811242333620559,0.005811242333620559
L3_S30_F3498,7,1183740,5.913425757362004e-06,0.0,0.005811242333620559,0.005811242333620559
L3_S30_F3500,7,1183740,5.913425757362004e-06,0.0,0.005811242333620559,0.005811242333620559
L3_S31_F3837,7,1183740,5.913425757362004e-06,0.0,0.005811242333620559,0.005811242333620559
L3_S31_F3835,7,1183740,5.913425757362004e-06,0.0,0.005811242333620559,0.005811242333620559
L0_S11_F285,6,1183741,5.068650649167432e-06,0.0,0.005811237424402804,0.005811237424402804
L0_S11_F287,6,1183741,5.068650649167432e-06,0.0,0.005811237424402804,0.005811237424402804
L0_S11_F311,6,1183741,5.068650649167432e-06,0.0,0.005811237424402804,0.005811237424402804
L0_S11_F309,6,1183741,5.068650649167432e-06,0.0,0.005811237424402804,0.005811237424402804
L0_S11_F279,6,1183741,5.068650649167432e-06,0.0,0.005811237424402804,0.005811237424402804
L0_S11_F283,6,1183741,5.068650649167432e-06,0.0,0.005811237424402804,0.005811237424402804
L0_S11_F281,6,1183741,5.068650649167432e-06,0.0,0.005811237424402804,0.005811237424402804
L1_S24_F1552,6,1183741,5.068650649167432e-06,0.0,0.005811237424402804,0.005811237424402804
L1_S24_F1560,6,1183741,5.068650649167432e-06,0.0,0.005811237424402804,0.005811237424402804
L1_S24_F1557,6,1183741,5.068650649167432e-06,0.0,0.005811237424402804,0.005811237424402804
L1_S24_F1556,6,1183741,5.068650649167432e-06,0.0,0.005811237424402804,0.005811237424402804
L1_S24_F1553,6,1183741,5.068650649167432e-06,0.0,0.005811237424402804,0.005811237424402804
L1_S24_F1531,6,1183741,5.068650649167432e-06,0.0,0.005811237424402804,0.005811237424402804
L1_S24_F1534,6,1183741,5.068650649167432e-06,0.0,0.005811237424402804,0.005811237424402804
L1_S24_F1529,6,1183741,5.068650649167432e-06,0.0,0.005811237424402804,0.005811237424402804
L1_S24_F1535,6,1183741,5.068650649167432e-06,0.0,0.005811237424402804,0.005811237424402804
L0_S11_F315,6,1183741,5.068650649167432e-06,0.0,0.005811237424402804,0.005811237424402804
L0_S11_F313,6,1183741,5.068650649167432e-06,0.0,0.005811237424402804,0.005811237424402804
L1_S24_F1521,6,1183741,5.068650649167432e-06,0.0,0.005811237424402804,0.005811237424402804
L1_S24_F1524,6,1183741,5.068650649167432e-06,0.0,0.005811237424402804,0.005811237424402804
L1_S24_F1538,6,1183741,5.068650649167432e-06,0.0,0.005811237424402804,0.005811237424402804
L1_S24_F1540,6,1183741,5.068650649167432e-06,0.0,0.005811237424402804,0.005811237424402804
L1_S24_F1526,6,1183741,5.068650649167432e-06,0.0,0.005811237424402804,0.005811237424402804
L1_S24_F1543,6,1183741,5.068650649167432e-06,0.0,0.005811237424402804,0.005811237424402804
L1_S24_F1545,6,1183741,5.068650649167432e-06,0.0,0.005811237424402804,0.005811237424402804
L1_S24_F1548,6,1183741,5.068650649167432e-06,0.0,0.005811237424402804,0.005811237424402804
L0_S11_F289,6,1183741,5.068650649167432e-06,0.0,0.005811237424402804,0.005811237424402804
L1_S24_F1549,6,1183741,5.068650649167432e-06,0.0,0.005811237424402804,0.005811237424402804
L0_S11_F327,6,1183741,5.068650649167432e-06,0.0,0.005811237424402804,0.005811237424402804
L0_S11_F329,6,1183741,5.068650649167432e-06,0.0,0.005811237424402804,0.005811237424402804
L0_S11_F325,6,1183741,5.068650649167432e-06,0.0,0.005811237424402804,0.005811237424402804
L0_S11_F323,6,1183741,5.068650649167432e-06,0.0,0.005811237424402804,0.005811237424402804
L0_S11_F319,6,1183741,5.068650649167432e-06,0.0,0.005811237424402804,0.005811237424402804
L0_S11_F321,6,1183741,5.068650649167432e-06,0.0,0.005811237424402804,0.005811237424402804
L0_S11_F317,6,1183741,5.068650649167432e-06,0.0,0.005811237424402804,0.005811237424402804
L0_S11_F307,6,1183741,5.068650649167432e-06,0.0,0.005811237424402804,0.005811237424402804
L0_S11_F305,6,1183741,5.068650649167432e-06,0.0,0.005811237424402804,0.005811237424402804
L0_S11_F303,6,1183741,5.068650649167432e-06,0.0,0.005811237424402804,0.005811237424402804
L0_S11_F301,6,1183741,5.068650649167432e-06,0.0,0.005811237424402804,0.005811237424402804
L0_S11_F299,6,1183741,5.068650649167432e-06,0.0,0.005811237424402804,0.005811237424402804
L0_S11_F297,6,1183741,5.068650649167432e-06,0.0,0.005811237424402804,0.005811237424402804
L0_S11_F295,6,1183741,5.068650649167432e-06,0.0,0.005811237424402804,0.005811237424402804
L0_S11_F293,6,1183741,5.068650649167432e-06,0.0,0.005811237424402804,0.005811237424402804
L0_S11_F291,6,1183741,5.068650649167432e-06,0.0,0.005811237424402804,0.005811237424402804
L1_S25_F2638,5,1183742,4.22387554097286e-06,0.0,0.005811232515193344,0.005811232515193344
L1_S25_F2636,5,1183742,4.22387554097286e-06,0.0,0.005811232515193344,0.005811232515193344
L1_S25_F1880,5,1183742,4.22387554097286e-06,0.0,0.005811232515193344,0.005811232515193344
L1_S25_F1872,5,1183742,4.22387554097286e-06,0.0,0.005811232515193344,0.005811232515193344
L1_S25_F1876,5,1183742,4.22387554097286e-06,0.0,0.005811232515193344,0.005811232515193344
L1_S25_F2595,5,1183742,4.22387554097286e-06,0.0,0.005811232515193344,0.005811232515193344
L1_S25_F2628,5,1183742,4.22387554097286e-06,0.0,0.005811232515193344,0.005811232515193344
L1_S25_F2614,5,1183742,4.22387554097286e-06,0.0,0.005811232515193344,0.005811232515193344
L1_S25_F2612,5,1183742,4.22387554097286e-06,0.0,0.005811232515193344,0.005811232515193344
L1_S25_F2609,5,1183742,4.22387554097286e-06,0.0,0.005811232515193344,0.005811232515193344
L1_S25_F2658,5,1183742,4.22387554097286e-06,0.0,0.005811232515193344,0.005811232515193344
L1_S25_F2661,5,1183742,4.22387554097286e-06,0.0,0.005811232515193344,0.005811232515193344
L1_S25_F2663,5,1183742,4.22387554097286e-06,0.0,0.005811232515193344,0.005811232515193344
L1_S25_F2666,5,1183742,4.22387554097286e-06,0.0,0.005811232515193344,0.005811232515193344
L1_S25_F2668,5,1183742,4.22387554097286e-06,0.0,0.005811232515193344,0.005811232515193344
L1_S25_F2671,5,1183742,4.22387554097286e-06,0.0,0.005811232515193344,0.005811232515193344
L1_S25_F2633,5,1183742,4.22387554097286e-06,0.0,0.005811232515193344,0.005811232515193344
L1_S25_F2631,5,1183742,4.22387554097286e-06,0.0,0.005811232515193344,0.005811232515193344
L1_S25_F2624,5,1183742,4.22387554097286e-06,0.0,0.005811232515193344,0.005811232515193344
L1_S25_F2627,5,1183742,4.22387554097286e-06,0.0,0.005811232515193344,0.005811232515193344
L1_S25_F2622,5,1183742,4.22387554097286e-06,0.0,0.005811232515193344,0.005811232515193344
L1_S25_F2619,5,1183742,4.22387554097286e-06,0.0,0.005811232515193344,0.005811232515193344
L1_S25_F2617,5,1183742,4.22387554097286e-06,0.0,0.005811232515193344,0.005811232515193344
L1_S25_F2646,5,1183742,4.22387554097286e-06,0.0,0.005811232515193344,0.005811232515193344
L1_S25_F2643,5,1183742,4.22387554097286e-06,0.0,0.005811232515193344,0.005811232515193344
L1_S25_F2641,5,1183742,4.22387554097286e-06,0.0,0.005811232515193344,0.005811232515193344
L1_S25_F2607,5,1183742,4.22387554097286e-06,0.0,0.005811232515193344,0.005811232515193344
L1_S25_F2604,5,1183742,4.22387554097286e-06,0.0,0.005811232515193344,0.005811232515193344
L1_S25_F2653,5,1183742,4.22387554097286e-06,0.0,0.005811232515193344,0.005811232515193344
L1_S25_F2651,5,1183742,4.22387554097286e-06,0.0,0.005811232515193344,0.005811232515193344
L1_S25_F2648,5,1183742,4.22387554097286e-06,0.0,0.005811232515193344,0.005811232515193344
L1_S25_F1868,5,1183742,4.22387554097286e-06,0.0,0.005811232515193344,0.005811232515193344
L1_S25_F2656,5,1183742,4.22387554097286e-06,0.0,0.005811232515193344,0.005811232515193344
L1_S25_F1899,5,1183742,4.22387554097286e-06,0.0,0.005811232515193344,0.005811232515193344
L1_S25_F2599,5,1183742,4.22387554097286e-06,0.0,0.005811232515193344,0.005811232515193344
L1_S25_F2598,5,1183742,4.22387554097286e-06,0.0,0.005811232515193344,0.005811232515193344
L1_S25_F2602,5,1183742,4.22387554097286e-06,0.0,0.005811232515193344,0.005811232515193344
L1_S25_F2112,4,1183743,3.379100432778288e-06,0.0,0.005811227605992179,0.005811227605992179
L1_S24_F1162,4,1183743,3.379100432778288e-06,0.0,0.005811227605992179,0.005811227605992179
L1_S25_F2107,4,1183743,3.379100432778288e-06,0.0,0.005811227605992179,0.005811227605992179
L1_S25_F2110,4,1183743,3.379100432778288e-06,0.0,0.005811227605992179,0.005811227605992179
L3_S42_F4047,4,1183743,3.379100432778288e-06,0.0,0.005811227605992179,0.005811227605992179
L1_S25_F2135,4,1183743,3.379100432778288e-06,0.0,0.005811227605992179,0.005811227605992179
L1_S25_F2122,4,1183743,3.379100432778288e-06,0.0,0.005811227605992179,0.005811227605992179
L1_S25_F2120,4,1183743,3.379100432778288e-06,0.0,0.005811227605992179,0.005811227605992179
L1_S25_F2117,4,1183743,3.379100432778288e-06,0.0,0.005811227605992179,0.005811227605992179
L1_S25_F2125,4,1183743,3.379100432778288e-06,0.0,0.005811227605992179,0.005811227605992179
L3_S42_F4055,4,1183743,3.379100432778288e-06,0.0,0.005811227605992179,0.005811227605992179
L1_S24_F1165,4,1183743,3.379100432778288e-06,0.0,0.005811227605992179,0.005811227605992179
L3_S42_F4051,4,1183743,3.379100432778288e-06,0.0,0.005811227605992179,0.005811227605992179
L1_S25_F2115,4,1183743,3.379100432778288e-06,0.0,0.005811227605992179,0.005811227605992179
L1_S25_F2100,4,1183743,3.379100432778288e-06,0.0,0.005811227605992179,0.005811227605992179
L1_S25_F2097,4,1183743,3.379100432778288e-06,0.0,0.005811227605992179,0.005811227605992179
L1_S24_F1164,4,1183743,3.379100432778288e-06,0.0,0.005811227605992179,0.005811227605992179
L1_S25_F2105,4,1183743,3.379100432778288e-06,0.0,0.005811227605992179,0.005811227605992179
L1_S25_F2102,4,1183743,3.379100432778288e-06,0.0,0.005811227605992179,0.005811227605992179
L1_S25_F2130,4,1183743,3.379100432778288e-06,0.0,0.005811227605992179,0.005811227605992179
L1_S25_F2132,4,1183743,3.379100432778288e-06,0.0,0.005811227605992179,0.005811227605992179
L3_S42_F4059,4,1183743,3.379100432778288e-06,0.0,0.005811227605992179,0.005811227605992179
L1_S25_F2127,4,1183743,3.379100432778288e-06,0.0,0.005811227605992179,0.005811227605992179
L1_S25_F2059,3,1183744,2.534325324583716e-06,0.0,0.005811222696799308,0.005811222696799308
L3_S30_F3602,3,1183744,2.534325324583716e-06,0.0,0.005811222696799308,0.005811222696799308
L3_S30_F3532,3,1183744,2.534325324583716e-06,0.0,0.005811222696799308,0.005811222696799308
L3_S30_F3527,3,1183744,2.534325324583716e-06,0.0,0.005811222696799308,0.005811222696799308
L3_S30_F3522,3,1183744,2.534325324583716e-06,0.0,0.005811222696799308,0.005811222696799308
L3_S30_F3517,3,1183744,2.534325324583716e-06,0.0,0.005811222696799308,0.005811222696799308
L3_S30_F3627,3,1183744,2.534325324583716e-06,0.0,0.005811222696799308,0.005811222696799308
L3_S30_F3622,3,1183744,2.534325324583716e-06,0.0,0.005811222696799308,0.005811222696799308
L3_S30_F3617,3,1183744,2.534325324583716e-06,0.0,0.005811222696799308,0.005811222696799308
L1_S24_F1455,3,1183744,2.534325324583716e-06,0.0,0.005811222696799308,0.005811222696799308
L1_S24_F1450,3,1183744,2.534325324583716e-06,0.0,0.005811222696799308,0.005811222696799308
L1_S24_F1452,3,1183744,2.534325324583716e-06,0.0,0.005811222696799308,0.005811222696799308
L3_S30_F3802,3,1183744,2.534325324583716e-06,0.0,0.005811222696799308,0.005811222696799308
L3_S30_F3797,3,1183744,2.534325324583716e-06,0.0,0.005811222696799308,0.005811222696799308
L3_S30_F3817,3,1183744,2.534325324583716e-06,0.0,0.005811222696799308,0.005811222696799308
L3_S30_F3792,3,1183744,2.534325324583716e-06,0.0,0.005811222696799308,0.005811222696799308
L3_S30_F3787,3,1183744,2.534325324583716e-06,0.0,0.005811222696799308,0.005811222696799308
L3_S30_F3827,3,1183744,2.534325324583716e-06,0.0,0.005811222696799308,0.005811222696799308
L3_S30_F3812,3,1183744,2.534325324583716e-06,0.0,0.005811222696799308,0.005811222696799308
L3_S30_F3822,3,1183744,2.534325324583716e-06,0.0,0.005811222696799308,0.005811222696799308
L3_S30_F3612,3,1183744,2.534325324583716e-06,0.0,0.005811222696799308,0.005811222696799308
L3_S30_F3807,3,1183744,2.534325324583716e-06,0.0,0.005811222696799308,0.005811222696799308
L3_S30_F3782,3,1183744,2.534325324583716e-06,0.0,0.005811222696799308,0.005811222696799308
L3_S30_F3777,3,1183744,2.534325324583716e-06,0.0,0.005811222696799308,0.005811222696799308
L3_S30_F3607,3,1183744,2.534325324583716e-06,0.0,0.005811222696799308,0.005811222696799308
L3_S30_F3507,3,1183744,2.534325324583716e-06,0.0,0.005811222696799308,0.005811222696799308
L3_S30_F3597,3,1183744,2.534325324583716e-06,0.0,0.005811222696799308,0.005811222696799308
L3_S30_F3512,3,1183744,2.534325324583716e-06,0.0,0.005811222696799308,0.005811222696799308
L1_S24_F1445,3,1183744,2.534325324583716e-06,0.0,0.005811222696799308,0.005811222696799308
L1_S24_F1447,3,1183744,2.534325324583716e-06,0.0,0.005811222696799308,0.005811222696799308
L1_S24_F1442,3,1183744,2.534325324583716e-06,0.0,0.005811222696799308,0.005811222696799308
L3_S30_F3592,3,1183744,2.534325324583716e-06,0.0,0.005811222696799308,0.005811222696799308
L3_S30_F3657,3,1183744,2.534325324583716e-06,0.0,0.005811222696799308,0.005811222696799308
L3_S30_F3662,3,1183744,2.534325324583716e-06,0.0,0.005811222696799308,0.005811222696799308
L3_S30_F3497,3,1183744,2.534325324583716e-06,0.0,0.005811222696799308,0.005811222696799308
L3_S30_F3832,3,1183744,2.534325324583716e-06,0.0,0.005811222696799308,0.005811222696799308
L3_S30_F3642,3,1183744,2.534325324583716e-06,0.0,0.005811222696799308,0.005811222696799308
L3_S30_F3637,3,1183744,2.534325324583716e-06,0.0,0.005811222696799308,0.005811222696799308
L3_S30_F3737,3,1183744,2.534325324583716e-06,0.0,0.005811222696799308,0.005811222696799308
L3_S30_F3732,3,1183744,2.534325324583716e-06,0.0,0.005811222696799308,0.005811222696799308
L3_S30_F3727,3,1183744,2.534325324583716e-06,0.0,0.005811222696799308,0.005811222696799308
L3_S30_F3692,3,1183744,2.534325324583716e-06,0.0,0.005811222696799308,0.005811222696799308
L3_S39_F3979,3,1183744,2.534325324583716e-06,0.0,0.005811222696799308,0.005811222696799308
L3_S30_F3687,3,1183744,2.534325324583716e-06,0.0,0.005811222696799308,0.005811222696799308
L3_S39_F3977,3,1183744,2.534325324583716e-06,0.0,0.005811222696799308,0.005811222696799308
L3_S39_F3975,3,1183744,2.534325324583716e-06,0.0,0.005811222696799308,0.005811222696799308
L1_S24_F1412,3,1183744,2.534325324583716e-06,0.0,0.005811222696799308,0.005811222696799308
L3_S39_F3973,3,1183744,2.534325324583716e-06,0.0,0.005811222696799308,0.005811222696799308
L3_S39_F3971,3,1183744,2.534325324583716e-06,0.0,0.005811222696799308,0.005811222696799308
L3_S30_F3667,3,1183744,2.534325324583716e-06,0.0,0.005811222696799308,0.005811222696799308
L3_S30_F3742,3,1183744,2.534325324583716e-06,0.0,0.005811222696799308,0.005811222696799308
L3_S30_F3747,3,1183744,2.534325324583716e-06,0.0,0.005811222696799308,0.005811222696799308
L3_S30_F3672,3,1183744,2.534325324583716e-06,0.0,0.005811222696799308,0.005811222696799308
L3_S30_F3677,3,1183744,2.534325324583716e-06,0.0,0.005811222696799308,0.005811222696799308
L3_S30_F3572,3,1183744,2.534325324583716e-06,0.0,0.005811222696799308,0.005811222696799308
L3_S30_F3652,3,1183744,2.534325324583716e-06,0.0,0.005811222696799308,0.005811222696799308
L3_S30_F3757,3,1183744,2.534325324583716e-06,0.0,0.005811222696799308,0.005811222696799308
L3_S39_F3969,3,1183744,2.534325324583716e-06,0.0,0.005811222696799308,0.005811222696799308
L3_S39_F3967,3,1183744,2.534325324583716e-06,0.0,0.005811222696799308,0.005811222696799308
L3_S30_F3587,3,1183744,2.534325324583716e-06,0.0,0.005811222696799308,0.005811222696799308
L3_S30_F3582,3,1183744,2.534325324583716e-06,0.0,0.005811222696799308,0.005811222696799308
L3_S30_F3577,3,1183744,2.534325324583716e-06,0.0,0.005811222696799308,0.005811222696799308
L1_S24_F1435,3,1183744,2.534325324583716e-06,0.0,0.005811222696799308,0.005811222696799308
L1_S24_F1437,3,1183744,2.534325324583716e-06,0.0,0.005811222696799308,0.005811222696799308
L3_S30_F3647,3,1183744,2.534325324583716e-06,0.0,0.005811222696799308,0.005811222696799308
L1_S24_F1440,3,1183744,2.534325324583716e-06,0.0,0.005811222696799308,0.005811222696799308
L1_S24_F1432,3,1183744,2.534325324583716e-06,0.0,0.005811222696799308,0.005811222696799308
L1_S24_F1425,3,1183744,2.534325324583716e-06,0.0,0.005811222696799308,0.005811222696799308
L1_S24_F1427,3,1183744,2.534325324583716e-06,0.0,0.005811222696799308,0.005811222696799308
L1_S24_F1430,3,1183744,2.534325324583716e-06,0.0,0.005811222696799308,0.005811222696799308
L3_S30_F3632,3,1183744,2.534325324583716e-06,0.0,0.005811222696799308,0.005811222696799308
L3_S39_F3965,3,1183744,2.534325324583716e-06,0.0,0.005811222696799308,0.005811222696799308
L3_S30_F3502,3,1183744,2.534325324583716e-06,0.0,0.005811222696799308,0.005811222696799308
L1_S24_F1422,3,1183744,2.534325324583716e-06,0.0,0.005811222696799308,0.005811222696799308
L1_S24_F1420,3,1183744,2.534325324583716e-06,0.0,0.005811222696799308,0.005811222696799308
L1_S24_F1417,3,1183744,2.534325324583716e-06,0.0,0.005811222696799308,0.005811222696799308
L1_S24_F1415,3,1183744,2.534325324583716e-06,0.0,0.005811222696799308,0.005811222696799308
L3_S30_F3772,3,1183744,2.534325324583716e-06,0.0,0.005811222696799308,0.005811222696799308
L3_S30_F3767,3,1183744,2.534325324583716e-06,0.0,0.005811222696799308,0.005811222696799308
L3_S30_F3762,3,1183744,2.534325324583716e-06,0.0,0.005811222696799308,0.005811222696799308
L3_S30_F3552,3,1183744,2.534325324583716e-06,0.0,0.005811222696799308,0.005811222696799308
L3_S30_F3557,3,1183744,2.534325324583716e-06,0.0,0.005811222696799308,0.005811222696799308
L3_S30_F3562,3,1183744,2.534325324583716e-06,0.0,0.005811222696799308,0.005811222696799308
L1_S25_F2079,3,1183744,2.534325324583716e-06,0.0,0.005811222696799308,0.005811222696799308
L3_S30_F3697,3,1183744,2.534325324583716e-06,0.0,0.005811222696799308,0.005811222696799308
L3_S30_F3702,3,1183744,2.534325324583716e-06,0.0,0.005811222696799308,0.005811222696799308
L3_S30_F3712,3,1183744,2.534325324583716e-06,0.0,0.005811222696799308,0.005811222696799308
L3_S30_F3717,3,1183744,2.534325324583716e-06,0.0,0.005811222696799308,0.005811222696799308
L3_S30_F3707,3,1183744,2.534325324583716e-06,0.0,0.005811222696799308,0.005811222696799308
L3_S30_F3547,3,1183744,2.534325324583716e-06,0.0,0.005811222696799308,0.005811222696799308
L3_S30_F3542,3,1183744,2.534325324583716e-06,0.0,0.005811222696799308,0.005811222696799308
L3_S30_F3537,3,1183744,2.534325324583716e-06,0.0,0.005811222696799308,0.005811222696799308
L3_S30_F3682,3,1183744,2.534325324583716e-06,0.0,0.005811222696799308,0.005811222696799308
L3_S30_F3722,3,1183744,2.534325324583716e-06,0.0,0.005811222696799308,0.005811222696799308
L3_S30_F3567,3,1183744,2.534325324583716e-06,0.0,0.005811222696799308,0.005811222696799308
L3_S30_F3752,3,1183744,2.534325324583716e-06,0.0,0.005811222696799308,0.005811222696799308
L1_S25_F2069,3,1183744,2.534325324583716e-06,0.0,0.005811222696799308,0.005811222696799308
L1_S25_F2064,3,1183744,2.534325324583716e-06,0.0,0.005811222696799308,0.005811222696799308
L1_S25_F2074,3,1183744,2.534325324583716e-06,0.0,0.005811222696799308,0.005811222696799308
L1_S25_F2089,3,1183744,2.534325324583716e-06,0.0,0.005811222696799308,0.005811222696799308
L1_S25_F2094,3,1183744,2.534325324583716e-06,0.0,0.005811222696799308,0.005811222696799308
L1_S25_F2084,3,1183744,2.534325324583716e-06,0.0,0.005811222696799308,0.005811222696799308
L1_S24_F1439,2,1183745,1.689550216389144e-06,0.0,0.005811217787614731,0.005811217787614731
L1_S24_F1020,2,1183745,1.689550216389144e-06,0.0,0.005811217787614731,0.005811217787614731
L1_S24_F1019,2,1183745,1.689550216389144e-06,0.0,0.005811217787614731,0.005811217787614731
L1_S24_F1017,2,1183745,1.689550216389144e-06,0.0,0.005811217787614731,0.005811217787614731
L1_S24_F1419,2,1183745,1.689550216389144e-06,0.0,0.005811217787614731,0.005811217787614731
L1_S24_F1424,2,1183745,1.689550216389144e-06,0.0,0.005811217787614731,0.005811217787614731
L1_S25_F1886,2,1183745,1.689550216389144e-06,0.0,0.005811217787614731,0.005811217787614731
L1_S25_F1884,2,1183745,1.689550216389144e-06,0.0,0.005811217787614731,0.005811217787614731
L1_S24_F1454,2,1183745,1.689550216389144e-06,0.0,0.005811217787614731,0.005811217787614731
L1_S24_F1449,2,1183745,1.689550216389144e-06,0.0,0.005811217787614731,0.005811217787614731
L1_S24_F1444,2,1183745,1.689550216389144e-06,0.0,0.005811217787614731,0.005811217787614731
L1_S24_F1037,2,1183745,1.689550216389144e-06,0.0,0.005811217787614731,0.005811217787614731
L1_S24_F1034,2,1183745,1.689550216389144e-06,0.0,0.005811217787614731,0.005811217787614731
L1_S24_F1049,2,1183745,1.689550216389144e-06,0.0,0.005811217787614731,0.005811217787614731
L1_S24_F1022,2,1183745,1.689550216389144e-06,0.0,0.005811217787614731,0.005811217787614731
L1_S24_F1047,2,1183745,1.689550216389144e-06,0.0,0.005811217787614731,0.005811217787614731
L1_S24_F1045,2,1183745,1.689550216389144e-06,0.0,0.005811217787614731,0.005811217787614731
L1_S24_F1044,2,1183745,1.689550216389144e-06,0.0,0.005811217787614731,0.005811217787614731
L1_S24_F1042,2,1183745,1.689550216389144e-06,0.0,0.005811217787614731,0.005811217787614731
L1_S24_F1040,2,1183745,1.689550216389144e-06,0.0,0.005811217787614731,0.005811217787614731
L1_S24_F1039,2,1183745,1.689550216389144e-06,0.0,0.005811217787614731,0.005811217787614731
L1_S24_F1414,2,1183745,1.689550216389144e-06,0.0,0.005811217787614731,0.005811217787614731
L1_S24_F1032,2,1183745,1.689550216389144e-06,0.0,0.005811217787614731,0.005811217787614731
L1_S24_F1030,2,1183745,1.689550216389144e-06,0.0,0.005811217787614731,0.005811217787614731
L1_S24_F1029,2,1183745,1.689550216389144e-06,0.0,0.005811217787614731,0.005811217787614731
L1_S24_F1027,2,1183745,1.689550216389144e-06,0.0,0.005811217787614731,0.005811217787614731
L1_S24_F1025,2,1183745,1.689550216389144e-06,0.0,0.005811217787614731,0.005811217787614731
L1_S24_F1024,2,1183745,1.689550216389144e-06,0.0,0.005811217787614731,0.005811217787614731
L1_S24_F805,2,1183745,1.689550216389144e-06,0.0,0.005811217787614731,0.005811217787614731
L1_S24_F803,2,1183745,1.689550216389144e-06,0.0,0.005811217787614731,0.005811217787614731
L1_S24_F1434,2,1183745,1.689550216389144e-06,0.0,0.005811217787614731,0.005811217787614731
L1_S24_F1429,2,1183745,1.689550216389144e-06,0.0,0.005811217787614731,0.005811217787614731
L1_S24_F1054,2,1183745,1.689550216389144e-06,0.0,0.005811217787614731,0.005811217787614731
L1_S24_F1052,2,1183745,1.689550216389144e-06,0.0,0.005811217787614731,0.005811217787614731
L1_S24_F1055,2,1183745,1.689550216389144e-06,0.0,0.005811217787614731,0.005811217787614731
L1_S24_F1057,2,1183745,1.689550216389144e-06,0.0,0.005811217787614731,0.005811217787614731
L1_S24_F1059,2,1183745,1.689550216389144e-06,0.0,0.005811217787614731,0.005811217787614731
L1_S24_F1060,2,1183745,1.689550216389144e-06,0.0,0.005811217787614731,0.005811217787614731
L1_S25_F1889,2,1183745,1.689550216389144e-06,0.0,0.005811217787614731,0.005811217787614731
L1_S24_F1050,2,1183745,1.689550216389144e-06,0.0,0.005811217787614731,0.005811217787614731
L1_S24_F1035,2,1183745,1.689550216389144e-06,0.0,0.005811217787614731,0.005811217787614731
L1_S24_F1367,1,1183746,8.44775108194572e-07,0.0,0.005811212878438449,0.005811212878438449
L3_S42_F4042,1,1183746,8.44775108194572e-07,0.0,0.005811212878438449,0.005811212878438449
L1_S24_F1577,1,1183746,8.44775108194572e-07,0.0,0.005811212878438449,0.005811212878438449
L1_S24_F1372,1,1183746,8.44775108194572e-07,0.0,0.005811212878438449,0.005811212878438449
L0_S15_F399,1,1183746,8.44775108194572e-07,0.0,0.005811212878438449,0.005811212878438449
L1_S24_F1580,1,1183746,8.44775108194572e-07,0.0,0.005811212878438449,0.005811212878438449
L1_S24_F1369,1,1183746,8.44775108194572e-07,0.0,0.005811212878438449,0.005811212878438449
L1_S24_F1375,1,1183746,8.44775108194572e-07,0.0,0.005811212878438449,0.005811212878438449
L1_S24_F1374,1,1183746,8.44775108194572e-07,0.0,0.005811212878438449,0.005811212878438449
L1_S24_F1377,1,1183746,8.44775108194572e-07,0.0,0.005811212878438449,0.005811212878438449
L1_S24_F1379,1,1183746,8.44775108194572e-07,0.0,0.005811212878438449,0.005811212878438449
L1_S24_F1380,1,1183746,8.44775108194572e-07,0.0,0.005811212878438449,0.005811212878438449
L1_S24_F1382,1,1183746,8.44775108194572e-07,0.0,0.005811212878438449,0.005811212878438449
L1_S25_F2939,1,1183746,8.44775108194572e-07,0.0,0.005811212878438449,0.005811212878438449
L1_S25_F2946,1,1183746,8.44775108194572e-07,0.0,0.005811212878438449,0.005811212878438449
L1_S25_F2944,1,1183746,8.44775108194572e-07,0.0,0.005811212878438449,0.005811212878438449
L1_S25_F2941,1,1183746,8.44775108194572e-07,0.0,0.005811212878438449,0.005811212878438449
L1_S25_F2897,1,1183746,8.44775108194572e-07,0.0,0.005811212878438449,0.005811212878438449
L1_S25_F2905,1,1183746,8.44775108194572e-07,0.0,0.005811212878438449,0.005811212878438449
L1_S25_F2902,1,1183746,8.44775108194572e-07,0.0,0.005811212878438449,0.005811212878438449
L3_S43_F4068,1,1183746,8.44775108194572e-07,0.0,0.005811212878438449,0.005811212878438449
L1_S24_F1117,1,1183746,8.44775108194572e-07,0.0,0.005811212878438449,0.005811212878438449
L3_S43_F4073,1,1183746,8.44775108194572e-07,0.0,0.005811212878438449,0.005811212878438449
L3_S43_F4078,1,1183746,8.44775108194572e-07,0.0,0.005811212878438449,0.005811212878438449
L3_S43_F4083,1,1183746,8.44775108194572e-07,0.0,0.005811212878438449,0.005811212878438449
L3_S43_F4088,1,1183746,8.44775108194572e-07,0.0,0.005811212878438449,0.005811212878438449
L3_S43_F4093,1,1183746,8.44775108194572e-07,0.0,0.005811212878438449,0.005811212878438449
L3_S43_F4098,1,1183746,8.44775108194572e-07,0.0,0.005811212878438449,0.005811212878438449
L1_S24_F1115,1,1183746,8.44775108194572e-07,0.0,0.005811212878438449,0.005811212878438449
L3_S42_F4034,1,1183746,8.44775108194572e-07,0.0,0.005811212878438449,0.005811212878438449
L3_S42_F4038,1,1183746,8.44775108194572e-07,0.0,0.005811212878438449,0.005811212878438449
L1_S25_F2428,1,1183746,8.44775108194572e-07,0.0,0.005811212878438449,0.005811212878438449
L1_S25_F2407,1,1183746,8.44775108194572e-07,0.0,0.005811212878438449,0.005811212878438449
L1_S25_F2410,1,1183746,8.44775108194572e-07,0.0,0.005811212878438449,0.005811212878438449
L1_S25_F2413,1,1183746,8.44775108194572e-07,0.0,0.005811212878438449,0.005811212878438449
L3_S36_F3927,1,1183746,8.44775108194572e-07,0.0,0.005811212878438449,0.005811212878438449
L3_S36_F3929,1,1183746,8.44775108194572e-07,0.0,0.005811212878438449,0.005811212878438449
L3_S36_F3931,1,1183746,8.44775108194572e-07,0.0,0.005811212878438449,0.005811212878438449
L1_S24_F1119,1,1183746,8.44775108194572e-07,0.0,0.005811212878438449,0.005811212878438449
L3_S42_F4046,1,1183746,8.44775108194572e-07,0.0,0.005811212878438449,0.005811212878438449
L3_S42_F4050,1,1183746,8.44775108194572e-07,0.0,0.005811212878438449,0.005811212878438449
L3_S42_F4054,1,1183746,8.44775108194572e-07,0.0,0.005811212878438449,0.005811212878438449
L3_S36_F3937,1,1183746,8.44775108194572e-07,0.0,0.005811212878438449,0.005811212878438449
L3_S36_F3939,1,1183746,8.44775108194572e-07,0.0,0.005811212878438449,0.005811212878438449
L3_S36_F3941,1,1183746,8.44775108194572e-07,0.0,0.005811212878438449,0.005811212878438449
L1_S25_F2425,1,1183746,8.44775108194572e-07,0.0,0.005811212878438449,0.005811212878438449
L1_S25_F2422,1,1183746,8.44775108194572e-07,0.0,0.005811212878438449,0.005811212878438449
L1_S25_F2419,1,1183746,8.44775108194572e-07,0.0,0.005811212878438449,0.005811212878438449
L1_S25_F2416,1,1183746,8.44775108194572e-07,0.0,0.005811212878438449,0.005811212878438449
L3_S42_F4058,1,1183746,8.44775108194572e-07,0.0,0.005811212878438449,0.005811212878438449
L3_S36_F3935,1,1183746,8.44775108194572e-07,0.0,0.005811212878438449,0.005811212878438449
L3_S36_F3933,1,1183746,8.44775108194572e-07,0.0,0.005811212878438449,0.005811212878438449
L3_S42_F4030,1,1183746,8.44775108194572e-07,0.0,0.005811212878438449,0.005811212878438449
L1_S24_F1370,1,1183746,8.44775108194572e-07,0.0,0.005811212878438449,0.005811212878438449
L1_S25_F2881,1,1183746,8.44775108194572e-07,0.0,0.005811212878438449,0.005811212878438449
L1_S25_F2885,1,1183746,8.44775108194572e-07,0.0,0.005811212878438449,0.005811212878438449
L1_S25_F2887,1,1183746,8.44775108194572e-07,0.0,0.005811212878438449,0.005811212878438449
L1_S25_F2890,1,1183746,8.44775108194572e-07,0.0,0.005811212878438449,0.005811212878438449
L1_S25_F1888,1,1183746,8.44775108194572e-07,0.0,0.005811212878438449,0.005811212878438449
L1_S25_F2895,1,1183746,8.44775108194572e-07,0.0,0.005811212878438449,0.005811212878438449
L1_S25_F2882,1,1183746,8.44775108194572e-07,0.0,0.005811212878438449,0.005811212878438449
L1_S25_F2914,1,1183746,8.44775108194572e-07,0.0,0.005811212878438449,0.005811212878438449
L1_S25_F2921,1,1183746,8.44775108194572e-07,0.0,0.005811212878438449,0.005811212878438449
L1_S25_F2919,1,1183746,8.44775108194572e-07,0.0,0.005811212878438449,0.005811212878438449
L1_S25_F2916,1,1183746,8.44775108194572e-07,0.0,0.005811212878438449,0.005811212878438449
L1_S25_F2878,1,1183746,8.44775108194572e-07,0.0,0.005811212878438449,0.005811212878438449
L1_S25_F2907,1,1183746,8.44775108194572e-07,0.0,0.005811212878438449,0.005811212878438449
L1_S25_F2911,1,1183746,8.44775108194572e-07,0.0,0.005811212878438449,0.005811212878438449
L1_S25_F2892,1,1183746,8.44775108194572e-07,0.0,0.005811212878438449,0.005811212878438449
L3_S43_F4063,1,1183746,8.44775108194572e-07,0.0,0.005811212878438449,0.005811212878438449
L1_S24_F1123,1,1183746,8.44775108194572e-07,0.0,0.005811212878438449,0.005811212878438449
L1_S24_F1133,1,1183746,8.44775108194572e-07,0.0,0.005811212878438449,0.005811212878438449
L1_S24_F1121,1,1183746,8.44775108194572e-07,0.0,0.005811212878438449,0.005811212878438449
L1_S24_F1131,1,1183746,8.44775108194572e-07,0.0,0.005811212878438449,0.005811212878438449
L1_S24_F1129,1,1183746,8.44775108194572e-07,0.0,0.005811212878438449,0.005811212878438449
L1_S24_F1127,1,1183746,8.44775108194572e-07,0.0,0.005811212878438449,0.005811212878438449
L1_S24_F1125,1,1183746,8.44775108194572e-07,0.0,0.005811212878438449,0.005811212878438449
L1_S25_F2203,1,1183746,8.44775108194572e-07,0.0,0.005811212878438449,0.005811212878438449
L1_S25_F2200,1,1183746,8.44775108194572e-07,0.0,0.005811212878438449,0.005811212878438449
L1_S25_F2194,1,1183746,8.44775108194572e-07,0.0,0.005811212878438449,0.005811212878438449
L1_S25_F2197,1,1183746,8.44775108194572e-07,0.0,0.005811212878438449,0.005811212878438449
L1_S25_F2188,1,1183746,8.44775108194572e-07,0.0,0.005811212878438449,0.005811212878438449
L1_S25_F2185,1,1183746,8.44775108194572e-07,0.0,0.005811212878438449,0.005811212878438449
L1_S25_F2182,1,1183746,8.44775108194572e-07,0.0,0.005811212878438449,0.005811212878438449
L1_S25_F2900,1,1183746,8.44775108194572e-07,0.0,0.005811212878438449,0.005811212878438449
L1_S25_F2910,1,1183746,8.44775108194572e-07,0.0,0.005811212878438449,0.005811212878438449
L1_S25_F2936,1,1183746,8.44775108194572e-07,0.0,0.005811212878438449,0.005811212878438449
L1_S25_F2929,1,1183746,8.44775108194572e-07,0.0,0.005811212878438449,0.005811212878438449
L1_S25_F2934,1,1183746,8.44775108194572e-07,0.0,0.005811212878438449,0.005811212878438449
L1_S25_F2926,1,1183746,8.44775108194572e-07,0.0,0.005811212878438449,0.005811212878438449
L1_S25_F2924,1,1183746,8.44775108194572e-07,0.0,0.005811212878438449,0.005811212878438449
L1_S25_F2951,1,1183746,8.44775108194572e-07,0.0,0.005811212878438449,0.005811212878438449
L1_S25_F2931,1,1183746,8.44775108194572e-07,0.0,0.005811212878438449,0.005811212878438449
L1_S24_F1409,1,1183746,8.44775108194572e-07,0.0,0.005811212878438449,0.005811212878438449
L1_S24_F1407,1,1183746,8.44775108194572e-07,0.0,0.005811212878438449,0.005811212878438449
L1_S24_F1405,1,1183746,8.44775108194572e-07,0.0,0.005811212878438449,0.005811212878438449
L1_S24_F1404,1,1183746,8.44775108194572e-07,0.0,0.005811212878438449,0.005811212878438449
L1_S24_F1402,1,1183746,8.44775108194572e-07,0.0,0.005811212878438449,0.005811212878438449
L1_S24_F1400,1,1183746,8.44775108194572e-07,0.0,0.005811212878438449,0.005811212878438449
L1_S24_F1399,1,1183746,8.44775108194572e-07,0.0,0.005811212878438449,0.005811212878438449
L1_S24_F1397,1,1183746,8.44775108194572e-07,0.0,0.005811212878438449,0.005811212878438449
L1_S24_F1395,1,1183746,8.44775108194572e-07,0.0,0.005811212878438449,0.005811212878438449
L1_S24_F1394,1,1183746,8.44775108194572e-07,0.0,0.005811212878438449,0.005811212878438449
L1_S24_F1392,1,1183746,8.44775108194572e-07,0.0,0.005811212878438449,0.005811212878438449
L1_S24_F1390,1,1183746,8.44775108194572e-07,0.0,0.005811212878438449,0.005811212878438449
L1_S24_F1389,1,1183746,8.44775108194572e-07,0.0,0.005811212878438449,0.005811212878438449
L1_S25_F2949,1,1183746,8.44775108194572e-07,0.0,0.005811212878438449,0.005811212878438449
L1_S25_F2954,1,1183746,8.44775108194572e-07,0.0,0.005811212878438449,0.005811212878438449
L1_S24_F1410,1,1183746,8.44775108194572e-07,0.0,0.005811212878438449,0.005811212878438449
L1_S24_F1387,1,1183746,8.44775108194572e-07,0.0,0.005811212878438449,0.005811212878438449
L3_S46_F4134,1,1183746,8.44775108194572e-07,0.0,0.005811212878438449,0.005811212878438449
L1_S24_F1384,1,1183746,8.44775108194572e-07,0.0,0.005811212878438449,0.005811212878438449
L1_S24_F1385,1,1183746,8.44775108194572e-07,0.0,0.005811212878438449,0.005811212878438449
L0_S15_F396,1,1183746,8.44775108194572e-07,0.0,0.005811212878438449,0.005811212878438449
L0_S15_F408,1,1183746,8.44775108194572e-07,0.0,0.005811212878438449,0.005811212878438449
L0_S15_F405,1,1183746,8.44775108194572e-07,0.0,0.005811212878438449,0.005811212878438449
L1_S25_F2191,1,1183746,8.44775108194572e-07,0.0,0.005811212878438449,0.005811212878438449
L1_S25_F2179,1,1183746,8.44775108194572e-07,0.0,0.005811212878438449,0.005811212878438449
L0_S15_F420,1,1183746,8.44775108194572e-07,0.0,0.005811212878438449,0.005811212878438449
L0_S15_F417,1,1183746,8.44775108194572e-07,0.0,0.005811212878438449,0.005811212878438449
L0_S15_F414,1,1183746,8.44775108194572e-07,0.0,0.005811212878438449,0.005811212878438449
L0_S15_F411,1,1183746,8.44775108194572e-07,0.0,0.005811212878438449,0.005811212878438449
L0_S15_F402,1,1183746,8.44775108194572e-07,0.0,0.005811212878438449,0.005811212878438449
L0_S2_F61,263,1183484,0.00022217585345517244,0.011406844106463879,0.005809964477762268,0.005596879628701611
L0_S2_F49,263,1183484,0.00022217585345517244,0.011406844106463879,0.005809964477762268,0.005596879628701611
L0_S2_F51,263,1183484,0.00022217585345517244,0.011406844106463879,0.005809964477762268,0.005596879628701611
L0_S2_F57,263,1183484,0.00022217585345517244,0.011406844106463879,0.005809964477762268,0.005596879628701611
L0_S2_F59,263,1183484,0.00022217585345517244,0.011406844106463879,0.005809964477762268,0.005596879628701611
L0_S2_F53,263,1183484,0.00022217585345517244,0.011406844106463879,0.005809964477762268,0.005596879628701611
L0_S2_F55,263,1183484,0.00022217585345517244,0.011406844106463879,0.005809964477762268,0.005596879628701611
L0_S2_F35,263,1183484,0.00022217585345517244,0.011406844106463879,0.005809964477762268,0.005596879628701611
L0_S2_F63,263,1183484,0.00022217585345517244,0.011406844106463879,0.005809964477762268,0.005596879628701611
L0_S2_F47,263,1183484,0.00022217585345517244,0.011406844106463879,0.005809964477762268,0.005596879628701611
L0_S2_F45,263,1183484,0.00022217585345517244,0.011406844106463879,0.005809964477762268,0.005596879628701611
L0_S2_F43,263,1183484,0.00022217585345517244,0.011406844106463879,0.005809964477762268,0.005596879628701611
L0_S2_F41,263,1183484,0.00022217585345517244,0.011406844106463879,0.005809964477762268,0.005596879628701611
L0_S2_F39,263,1183484,0.00022217585345517244,0.011406844106463879,0.005809964477762268,0.005596879628701611
L0_S2_F33,263,1183484,0.00022217585345517244,0.011406844106463879,0.005809964477762268,0.005596879628701611
L0_S2_F37,263,1183484,0.00022217585345517244,0.011406844106463879,0.005809964477762268,0.005596879628701611
L0_S2_F67,263,1183484,0.00022217585345517244,0.011406844106463879,0.005809964477762268,0.005596879628701611
L0_S2_F65,263,1183484,0.00022217585345517244,0.011406844106463879,0.005809964477762268,0.005596879628701611
L1_S25_F2543,2147,1181600,0.0018137321572937461,0.0009315323707498836,0.0058200744752877455,0.004888542104537862
L1_S25_F2548,2147,1181600,0.0018137321572937461,0.0009315323707498836,0.0058200744752877455,0.004888542104537862
L1_S25_F2533,2147,1181600,0.0018137321572937461,0.0009315323707498836,0.0058200744752877455,0.004888542104537862
L1_S25_F2528,2147,1181600,0.0018137321572937461,0.0009315323707498836,0.0058200744752877455,0.004888542104537862
L1_S25_F2577,2147,1181600,0.0018137321572937461,0.0009315323707498836,0.0058200744752877455,0.004888542104537862
L1_S25_F2572,2147,1181600,0.0018137321572937461,0.0009315323707498836,0.0058200744752877455,0.004888542104537862
L1_S25_F2567,2147,1181600,0.0018137321572937461,0.0009315323707498836,0.0058200744752877455,0.004888542104537862
L1_S25_F2562,2147,1181600,0.0018137321572937461,0.0009315323707498836,0.0058200744752877455,0.004888542104537862
L1_S25_F2557,2147,1181600,0.0018137321572937461,0.0009315323707498836,0.0058200744752877455,0.004888542104537862
L1_S25_F2552,2147,1181600,0.0018137321572937461,0.0009315323707498836,0.0058200744752877455,0.004888542104537862
L1_S25_F2592,2147,1181600,0.0018137321572937461,0.0009315323707498836,0.0058200744752877455,0.004888542104537862
L1_S25_F2587,2147,1181600,0.0018137321572937461,0.0009315323707498836,0.0058200744752877455,0.004888542104537862
L1_S25_F2582,2147,1181600,0.0018137321572937461,0.0009315323707498836,0.0058200744752877455,0.004888542104537862
L1_S25_F2519,2147,1181600,0.0018137321572937461,0.0009315323707498836,0.0058200744752877455,0.004888542104537862
L1_S25_F2538,2147,1181600,0.0018137321572937461,0.0009315323707498836,0.0058200744752877455,0.004888542104537862
L1_S25_F2523,2147,1181600,0.0018137321572937461,0.0009315323707498836,0.0058200744752877455,0.004888542104537862
L1_S25_F2496,4297,1179450,0.0036299986399120758,0.0018617640214102862,0.005825596676416974,0.003963832655006688
L1_S25_F2730,4268,1179479,0.003605500161774433,0.0018744142455482662,0.0058254534417314765,0.00395103919618321
L1_S24_F1559,130187,1053560,0.10997873701052674,0.009002434958943673,0.005416872318614981,0.0035855626403286916
L1_S24_F1537,132570,1051177,0.1119918360933544,0.00897638983178698,0.005412028611737129,0.003564361220049852
L1_S24_F1525,132572,1051175,0.11199352564357079,0.008976254412696496,0.005412038908840107,0.003564215503856389
L1_S24_F1523,132572,1051175,0.11199352564357079,0.008976254412696496,0.005412038908840107,0.003564215503856389
L1_S24_F1547,132572,1051175,0.11199352564357079,0.008976254412696496,0.005412038908840107,0.003564215503856389
L1_S24_F1530,132572,1051175,0.11199352564357079,0.008976254412696496,0.005412038908840107,0.003564215503856389
L1_S24_F1533,132572,1051175,0.11199352564357079,0.008976254412696496,0.005412038908840107,0.003564215503856389
L1_S24_F1542,132572,1051175,0.11199352564357079,0.008976254412696496,0.005412038908840107,0.003564215503856389
L1_S24_F1528,132572,1051175,0.11199352564357079,0.008976254412696496,0.005412038908840107,0.003564215503856389
L1_S24_F1555,132572,1051175,0.11199352564357079,0.008976254412696496,0.005412038908840107,0.003564215503856389
L1_S24_F1551,132572,1051175,0.11199352564357079,0.008976254412696496,0.005412038908840107,0.003564215503856389
L1_S24_F1510,132907,1050840,0.11227652530481598,0.008968677345813237,0.0054118609874005555,0.0035568163584126814
L1_S24_F1827,132922,1050825,0.11228919693143889,0.008967665247287883,0.005411938239002688,0.0035557270082851944
L1_S24_F1711,66500,1117247,0.05617754469493904,0.009157894736842104,0.00561200880378287,0.0035458859330592344
L1_S24_F1707,66500,1117247,0.05617754469493904,0.009157894736842104,0.00561200880378287,0.0035458859330592344
L1_S24_F1703,66500,1117247,0.05617754469493904,0.009157894736842104,0.00561200880378287,0.0035458859330592344
L1_S24_F1761,66500,1117247,0.05617754469493904,0.009157894736842104,0.00561200880378287,0.0035458859330592344
L1_S24_F1675,66500,1117247,0.05617754469493904,0.009157894736842104,0.00561200880378287,0.0035458859330592344
L1_S24_F1679,66500,1117247,0.05617754469493904,0.009157894736842104,0.00561200880378287,0.0035458859330592344
L1_S24_F1683,66500,1117247,0.05617754469493904,0.009157894736842104,0.00561200880378287,0.0035458859330592344
L1_S24_F1688,66500,1117247,0.05617754469493904,0.009157894736842104,0.00561200880378287,0.0035458859330592344
L1_S24_F1693,66500,1117247,0.05617754469493904,0.009157894736842104,0.00561200880378287,0.0035458859330592344
L1_S24_F1698,66500,1117247,0.05617754469493904,0.009157894736842104,0.00561200880378287,0.0035458859330592344
L1_S24_F1716,66500,1117247,0.05617754469493904,0.009157894736842104,0.00561200880378287,0.0035458859330592344
L1_S24_F1756,66500,1117247,0.05617754469493904,0.009157894736842104,0.00561200880378287,0.0035458859330592344
L1_S24_F1751,66500,1117247,0.05617754469493904,0.009157894736842104,0.00561200880378287,0.0035458859330592344
L1_S24_F1746,66500,1117247,0.05617754469493904,0.009157894736842104,0.00561200880378287,0.0035458859330592344
L1_S24_F1741,66500,1117247,0.05617754469493904,0.009157894736842104,0.00561200880378287,0.0035458859330592344
L1_S24_F1736,66500,1117247,0.05617754469493904,0.009157894736842104,0.00561200880378287,0.0035458859330592344
L1_S24_F1731,66500,1117247,0.05617754469493904,0.009157894736842104,0.00561200880378287,0.0035458859330592344
L1_S24_F1726,66500,1117247,0.05617754469493904,0.009157894736842104,0.00561200880378287,0.0035458859330592344
L1_S24_F1721,66500,1117247,0.05617754469493904,0.009157894736842104,0.00561200880378287,0.0035458859330592344
L1_S24_F1584,66583,1117164,0.056247661028919184,0.009116441133622696,0.005614215996935097,0.003502225136687599
L1_S24_F1597,66583,1117164,0.056247661028919184,0.009116441133622696,0.005614215996935097,0.003502225136687599
L1_S24_F1592,66583,1117164,0.056247661028919184,0.009116441133622696,0.005614215996935097,0.003502225136687599
L1_S24_F1620,66583,1117164,0.056247661028919184,0.009116441133622696,0.005614215996935097,0.003502225136687599
L1_S24_F1625,66583,1117164,0.056247661028919184,0.009116441133622696,0.005614215996935097,0.003502225136687599
L1_S24_F1602,66583,1117164,0.056247661028919184,0.009116441133622696,0.005614215996935097,0.003502225136687599
L1_S24_F1588,66583,1117164,0.056247661028919184,0.009116441133622696,0.005614215996935097,0.003502225136687599
L1_S24_F1645,66583,1117164,0.056247661028919184,0.009116441133622696,0.005614215996935097,0.003502225136687599
L1_S24_F1650,66583,1117164,0.056247661028919184,0.009116441133622696,0.005614215996935097,0.003502225136687599
L1_S24_F1607,66583,1117164,0.056247661028919184,0.009116441133622696,0.005614215996935097,0.003502225136687599
L1_S24_F1612,66583,1117164,0.056247661028919184,0.009116441133622696,0.005614215996935097,0.003502225136687599
L1_S24_F1616,66583,1117164,0.056247661028919184,0.009116441133622696,0.005614215996935097,0.003502225136687599
L1_S24_F1630,66583,1117164,0.056247661028919184,0.009116441133622696,0.005614215996935097,0.003502225136687599
L1_S24_F1635,66583,1117164,0.056247661028919184,0.009116441133622696,0.005614215996935097,0.003502225136687599
L1_S24_F1640,66583,1117164,0.056247661028919184,0.009116441133622696,0.005614215996935097,0.003502225136687599
L1_S24_F1670,66583,1117164,0.056247661028919184,0.009116441133622696,0.005614215996935097,0.003502225136687599
L1_S24_F1655,66583,1117164,0.056247661028919184,0.009116441133622696,0.005614215996935097,0.003502225136687599
L1_S24_F1660,66583,1117164,0.056247661028919184,0.009116441133622696,0.005614215996935097,0.003502225136687599
L1_S24_F1665,66583,1117164,0.056247661028919184,0.009116441133622696,0.005614215996935097,0.003502225136687599
L1_S24_F695,7392,1176355,0.006244577599774276,0.0027056277056277055,0.005830722868521833,0.003125095162894127
L1_S25_F2601,2154,1181593,0.001819645583051108,0.002785515320334262,0.005816723694199272,0.00303120837386501
L1_S25_F2597,2154,1181593,0.001819645583051108,0.002785515320334262,0.005816723694199272,0.00303120837386501
L1_S25_F2606,2154,1181593,0.001819645583051108,0.002785515320334262,0.005816723694199272,0.00303120837386501
L1_S25_F2655,2154,1181593,0.001819645583051108,0.002785515320334262,0.005816723694199272,0.00303120837386501
L1_S25_F2630,2154,1181593,0.001819645583051108,0.002785515320334262,0.005816723694199272,0.00303120837386501
L1_S25_F2635,2154,1181593,0.001819645583051108,0.002785515320334262,0.005816723694199272,0.00303120837386501
L1_S25_F2640,2154,1181593,0.001819645583051108,0.002785515320334262,0.005816723694199272,0.00303120837386501
L1_S25_F2645,2154,1181593,0.001819645583051108,0.002785515320334262,0.005816723694199272,0.00303120837386501
L1_S25_F2650,2154,1181593,0.001819645583051108,0.002785515320334262,0.005816723694199272,0.00303120837386501
L1_S25_F2660,2154,1181593,0.001819645583051108,0.002785515320334262,0.005816723694199272,0.00303120837386501
L1_S25_F2665,2154,1181593,0.001819645583051108,0.002785515320334262,0.005816723694199272,0.00303120837386501
L1_S25_F2670,2154,1181593,0.001819645583051108,0.002785515320334262,0.005816723694199272,0.00303120837386501
L1_S25_F2611,2154,1181593,0.001819645583051108,0.002785515320334262,0.005816723694199272,0.00303120837386501
L1_S25_F2616,2154,1181593,0.001819645583051108,0.002785515320334262,0.005816723694199272,0.00303120837386501
L1_S25_F2621,2154,1181593,0.001819645583051108,0.002785515320334262,0.005816723694199272,0.00303120837386501
L1_S25_F2626,2154,1181593,0.001819645583051108,0.002785515320334262,0.005816723694199272,0.00303120837386501
L1_S24_F1314,13563,1170184,0.01145768479244298,0.0083314900833149,0.005781996677445598,0.0025494934058693025
L1_S24_F1339,13563,1170184,0.01145768479244298,0.0083314900833149,0.005781996677445598,0.0025494934058693025
L1_S24_F1301,13563,1170184,0.01145768479244298,0.0083314900833149,0.005781996677445598,0.0025494934058693025
L1_S24_F1306,13563,1170184,0.01145768479244298,0.0083314900833149,0.005781996677445598,0.0025494934058693025
L1_S24_F1349,13563,1170184,0.01145768479244298,0.0083314900833149,0.005781996677445598,0.0025494934058693025
L1_S24_F1344,13563,1170184,0.01145768479244298,0.0083314900833149,0.005781996677445598,0.0025494934058693025
L1_S24_F1359,13563,1170184,0.01145768479244298,0.0083314900833149,0.005781996677445598,0.0025494934058693025
L1_S24_F1354,13563,1170184,0.01145768479244298,0.0083314900833149,0.005781996677445598,0.0025494934058693025
L1_S24_F1278,13563,1170184,0.01145768479244298,0.0083314900833149,0.005781996677445598,0.0025494934058693025
L1_S24_F1291,13563,1170184,0.01145768479244298,0.0083314900833149,0.005781996677445598,0.0025494934058693025
L1_S24_F1282,13563,1170184,0.01145768479244298,0.0083314900833149,0.005781996677445598,0.0025494934058693025
L1_S24_F1364,13563,1170184,0.01145768479244298,0.0083314900833149,0.005781996677445598,0.0025494934058693025
L1_S24_F1296,13563,1170184,0.01145768479244298,0.0083314900833149,0.005781996677445598,0.0025494934058693025
L1_S24_F1324,13563,1170184,0.01145768479244298,0.0083314900833149,0.005781996677445598,0.0025494934058693025
L1_S24_F1329,13563,1170184,0.01145768479244298,0.0083314900833149,0.005781996677445598,0.0025494934058693025
L1_S24_F1334,13563,1170184,0.01145768479244298,0.0083314900833149,0.005781996677445598,0.0025494934058693025
L1_S24_F1319,13563,1170184,0.01145768479244298,0.0083314900833149,0.005781996677445598,0.0025494934058693025
L1_S24_F1286,13563,1170184,0.01145768479244298,0.0083314900833149,0.005781996677445598,0.0025494934058693025
L1_S24_F1310,13563,1170184,0.01145768479244298,0.0083314900833149,0.005781996677445598,0.0025494934058693025
L1_S25_F2963,6955,1176792,0.005875410877493248,0.0034507548526240116,0.005825158566679583,0.0023744037140555714
L1_S25_F2958,6955,1176792,0.005875410877493248,0.0034507548526240116,0.005825158566679583,0.0023744037140555714
L1_S25_F2983,6955,1176792,0.005875410877493248,0.0034507548526240116,0.005825158566679583,0.0023744037140555714
L1_S25_F2973,6955,1176792,0.005875410877493248,0.0034507548526240116,0.005825158566679583,0.0023744037140555714
L1_S25_F2968,6955,1176792,0.005875410877493248,0.0034507548526240116,0.005825158566679583,0.0023744037140555714
L1_S25_F2978,6955,1176792,0.005875410877493248,0.0034507548526240116,0.005825158566679583,0.0023744037140555714
L1_S25_F2993,6955,1176792,0.005875410877493248,0.0034507548526240116,0.005825158566679583,0.0023744037140555714
L1_S25_F2988,6955,1176792,0.005875410877493248,0.0034507548526240116,0.005825158566679583,0.0023744037140555714
L0_S4_F105,123,1183624,0.00010390733830793235,0.008130081300813009,0.005810966996275845,0.0023191143045371643
L0_S4_F108,123,1183624,0.00010390733830793235,0.008130081300813009,0.005810966996275845,0.0023191143045371643
L2_S26_F3091,227010,956737,0.1917723973112498,0.007466631425928373,0.00541841697352564,0.002048214452402733
L2_S26_F3097,227010,956737,0.1917723973112498,0.007466631425928373,0.00541841697352564,0.002048214452402733
L2_S26_F3094,227010,956737,0.1917723973112498,0.007466631425928373,0.00541841697352564,0.002048214452402733
L2_S26_F3088,227010,956737,0.1917723973112498,0.007466631425928373,0.00541841697352564,0.002048214452402733
L2_S26_F3082,227010,956737,0.1917723973112498,0.007466631425928373,0.00541841697352564,0.002048214452402733
L2_S26_F3085,227010,956737,0.1917723973112498,0.007466631425928373,0.00541841697352564,0.002048214452402733
L2_S26_F3099,227011,956736,0.191773242086358,0.0074665985348727594,0.005418422636965683,0.002048175897907076
L2_S26_F3079,227011,956736,0.191773242086358,0.0074665985348727594,0.005418422636965683,0.002048175897907076
L2_S26_F3101,227011,956736,0.191773242086358,0.0074665985348727594,0.005418422636965683,0.002048175897907076
L2_S26_F3075,227011,956736,0.191773242086358,0.0074665985348727594,0.005418422636965683,0.002048175897907076
L2_S26_F3127,227011,956736,0.191773242086358,0.0074665985348727594,0.005418422636965683,0.002048175897907076
L2_S26_F3042,227011,956736,0.191773242086358,0.0074665985348727594,0.005418422636965683,0.002048175897907076
L2_S26_F3038,227011,956736,0.191773242086358,0.0074665985348727594,0.005418422636965683,0.002048175897907076
L2_S26_F3104,227011,956736,0.191773242086358,0.0074665985348727594,0.005418422636965683,0.002048175897907076
L2_S26_F3108,227011,956736,0.191773242086358,0.0074665985348727594,0.005418422636965683,0.002048175897907076
L2_S26_F3111,227011,956736,0.191773242086358,0.0074665985348727594,0.005418422636965683,0.002048175897907076
L2_S26_F3115,227011,956736,0.191773242086358,0.0074665985348727594,0.005418422636965683,0.002048175897907076
L2_S26_F3119,227011,956736,0.191773242086358,0.0074665985348727594,0.005418422636965683,0.002048175897907076
L2_S26_F3123,227011,956736,0.191773242086358,0.0074665985348727594,0.005418422636965683,0.002048175897907076
L2_S26_F3045,227011,956736,0.191773242086358,0.0074665985348727594,0.005418422636965683,0.002048175897907076
L2_S26_F3060,227011,956736,0.191773242086358,0.0074665985348727594,0.005418422636965683,0.002048175897907076
L2_S26_F3071,227011,956736,0.191773242086358,0.0074665985348727594,0.005418422636965683,0.002048175897907076
L2_S26_F3053,227011,956736,0.191773242086358,0.0074665985348727594,0.005418422636965683,0.002048175897907076
L2_S26_F3057,227011,956736,0.191773242086358,0.0074665985348727594,0.005418422636965683,0.002048175897907076
L2_S26_F3067,227011,956736,0.191773242086358,0.0074665985348727594,0.005418422636965683,0.002048175897907076
L2_S26_F3064,227011,956736,0.191773242086358,0.0074665985348727594,0.005418422636965683,0.002048175897907076
L2_S26_F3049,227011,956736,0.191773242086358,0.0074665985348727594,0.005418422636965683,0.002048175897907076
L1_S25_F2388,3598,1180149,0.00303950083928407,0.007782101167315175,0.0058051991740026045,0.0019769019933125707
L1_S25_F2393,3598,1180149,0.00303950083928407,0.007782101167315175,0.0058051991740026045,0.0019769019933125707
L1_S25_F2398,3598,1180149,0.00303950083928407,0.007782101167315175,0.0058051991740026045,0.0019769019933125707
L1_S25_F2403,3598,1180149,0.00303950083928407,0.007782101167315175,0.0058051991740026045,0.0019769019933125707
L1_S25_F2354,3598,1180149,0.00303950083928407,0.007782101167315175,0.0058051991740026045,0.0019769019933125707
L1_S25_F2359,3598,1180149,0.00303950083928407,0.007782101167315175,0.0058051991740026045,0.0019769019933125707
L1_S25_F2363,3598,1180149,0.00303950083928407,0.007782101167315175,0.0058051991740026045,0.0019769019933125707
L1_S25_F2368,3598,1180149,0.00303950083928407,0.007782101167315175,0.0058051991740026045,0.0019769019933125707
L1_S25_F2373,3598,1180149,0.00303950083928407,0.007782101167315175,0.0058051991740026045,0.0019769019933125707
L1_S25_F2378,3598,1180149,0.00303950083928407,0.007782101167315175,0.0058051991740026045,0.0019769019933125707
L1_S25_F2330,3598,1180149,0.00303950083928407,0.007782101167315175,0.0058051991740026045,0.0019769019933125707
L1_S25_F2334,3598,1180149,0.00303950083928407,0.007782101167315175,0.0058051991740026045,0.0019769019933125707
L1_S25_F2339,3598,1180149,0.00303950083928407,0.007782101167315175,0.0058051991740026045,0.0019769019933125707
L1_S25_F2344,3598,1180149,0.00303950083928407,0.007782101167315175,0.0058051991740026045,0.0019769019933125707
L1_S25_F2349,3598,1180149,0.00303950083928407,0.007782101167315175,0.0058051991740026045,0.0019769019933125707
L1_S25_F2383,3598,1180149,0.00303950083928407,0.007782101167315175,0.0058051991740026045,0.0019769019933125707
L0_S9_F154,496,1183251,0.0004190084536645077,0.004032258064516129,0.005811953676776948,0.0017796956122608188
L0_S9_F164,495,1183252,0.0004181636785563131,0.00404040404040404,0.0058119487649291954,0.001771544724525155
L0_S9_F161,495,1183252,0.0004181636785563131,0.00404040404040404,0.0058119487649291954,0.001771544724525155
L0_S9_F171,495,1183252,0.0004181636785563131,0.00404040404040404,0.0058119487649291954,0.001771544724525155
L0_S9_F151,495,1183252,0.0004181636785563131,0.00404040404040404,0.0058119487649291954,0.001771544724525155
L0_S9_F174,495,1183252,0.0004181636785563131,0.00404040404040404,0.0058119487649291954,0.001771544724525155
L0_S9_F166,488,1183259,0.0004122502527989511,0.004098360655737705,0.005811914382227391,0.0017135537264896857
L0_S9_F169,488,1183259,0.0004122502527989511,0.004098360655737705,0.005811914382227391,0.0017135537264896857
L1_S24_F1459,27152,1156595,0.022937333737699017,0.007476428992339423,0.005772115563356231,0.0017043134289831917
L1_S24_F1147,27177,1156570,0.02295845311540388,0.007469551458954263,0.0057722403313245196,0.0016973111276297435
L1_S24_F1139,27177,1156570,0.02295845311540388,0.007469551458954263,0.0057722403313245196,0.0016973111276297435
L1_S24_F1140,27177,1156570,0.02295845311540388,0.007469551458954263,0.0057722403313245196,0.0016973111276297435
L1_S24_F1137,27177,1156570,0.02295845311540388,0.007469551458954263,0.0057722403313245196,0.0016973111276297435
L1_S24_F1150,27177,1156570,0.02295845311540388,0.007469551458954263,0.0057722403313245196,0.0016973111276297435
L1_S24_F1152,27177,1156570,0.02295845311540388,0.007469551458954263,0.0057722403313245196,0.0016973111276297435
L1_S24_F1154,27177,1156570,0.02295845311540388,0.007469551458954263,0.0057722403313245196,0.0016973111276297435
L1_S24_F1142,27177,1156570,0.02295845311540388,0.007469551458954263,0.0057722403313245196,0.0016973111276297435
L1_S24_F1144,27177,1156570,0.02295845311540388,0.007469551458954263,0.0057722403313245196,0.0016973111276297435
L1_S24_F1136,27177,1156570,0.02295845311540388,0.007469551458954263,0.0057722403313245196,0.0016973111276297435
L1_S24_F1114,27202,1156545,0.02297957249310875,0.007462686567164179,0.005772365104686804,0.0016903214624773748
L1_S24_F1156,26812,1156935,0.022650110200912864,0.007459346561241235,0.005773012312705554,0.001686334248535681
L0_S9_F194,476,1183271,0.00040211295150061624,0.004201680672268907,0.005811855441399307,0.0016101747691303998
L0_S9_F196,476,1183271,0.00040211295150061624,0.004201680672268907,0.005811855441399307,0.0016101747691303998
L0_S9_F199,476,1183271,0.00040211295150061624,0.004201680672268907,0.005811855441399307,0.0016101747691303998
L0_S9_F156,476,1183271,0.00040211295150061624,0.004201680672268907,0.005811855441399307,0.0016101747691303998
L0_S9_F189,476,1183271,0.00040211295150061624,0.004201680672268907,0.005811855441399307,0.0016101747691303998
L0_S9_F209,476,1183271,0.00040211295150061624,0.004201680672268907,0.005811855441399307,0.0016101747691303998
L0_S9_F206,476,1183271,0.00040211295150061624,0.004201680672268907,0.005811855441399307,0.0016101747691303998
L0_S9_F211,476,1183271,0.00040211295150061624,0.004201680672268907,0.005811855441399307,0.0016101747691303998
L0_S9_F191,476,1183271,0.00040211295150061624,0.004201680672268907,0.005811855441399307,0.0016101747691303998
L0_S9_F179,476,1183271,0.00040211295150061624,0.004201680672268907,0.005811855441399307,0.0016101747691303998
L0_S9_F214,476,1183271,0.00040211295150061624,0.004201680672268907,0.005811855441399307,0.0016101747691303998
L0_S9_F186,476,1183271,0.00040211295150061624,0.004201680672268907,0.005811855441399307,0.0016101747691303998
L0_S9_F159,476,1183271,0.00040211295150061624,0.004201680672268907,0.005811855441399307,0.0016101747691303998
L0_S9_F181,476,1183271,0.00040211295150061624,0.004201680672268907,0.005811855441399307,0.0016101747691303998
L0_S9_F176,476,1183271,0.00040211295150061624,0.004201680672268907,0.005811855441399307,0.0016101747691303998
L0_S9_F204,476,1183271,0.00040211295150061624,0.004201680672268907,0.005811855441399307,0.0016101747691303998
L0_S9_F201,476,1183271,0.00040211295150061624,0.004201680672268907,0.005811855441399307,0.0016101747691303998
L0_S9_F184,476,1183271,0.00040211295150061624,0.004201680672268907,0.005811855441399307,0.0016101747691303998
L1_S25_F2447,7062,1176685,0.005965801814070067,0.007080147267063155,0.005803592295304181,0.0012765549717589737
L2_S28_F3294,9583,1174164,0.008095479861828583,0.006991547532088072,0.005801574567096249,0.0011899729649918235
L2_S28_F3261,9583,1174164,0.008095479861828583,0.006991547532088072,0.005801574567096249,0.0011899729649918235
L2_S28_F3277,9583,1174164,0.008095479861828583,0.006991547532088072,0.005801574567096249,0.0011899729649918235
L2_S28_F3274,9583,1174164,0.008095479861828583,0.006991547532088072,0.005801574567096249,0.0011899729649918235
L2_S28_F3271,9583,1174164,0.008095479861828583,0.006991547532088072,0.005801574567096249,0.0011899729649918235
L2_S28_F3290,9583,1174164,0.008095479861828583,0.006991547532088072,0.005801574567096249,0.0011899729649918235
L2_S28_F3287,9583,1174164,0.008095479861828583,0.006991547532088072,0.005801574567096249,0.0011899729649918235
L2_S28_F3285,9583,1174164,0.008095479861828583,0.006991547532088072,0.005801574567096249,0.0011899729649918235
L2_S28_F3283,9583,1174164,0.008095479861828583,0.006991547532088072,0.005801574567096249,0.0011899729649918235
L2_S28_F3280,9583,1174164,0.008095479861828583,0.006991547532088072,0.005801574567096249,0.0011899729649918235
L2_S28_F3235,9583,1174164,0.008095479861828583,0.006991547532088072,0.005801574567096249,0.0011899729649918235
L2_S28_F3239,9583,1174164,0.008095479861828583,0.006991547532088072,0.005801574567096249,0.0011899729649918235
L2_S28_F3231,9583,1174164,0.008095479861828583,0.006991547532088072,0.005801574567096249,0.0011899729649918235
L2_S28_F3228,9583,1174164,0.008095479861828583,0.006991547532088072,0.005801574567096249,0.0011899729649918235
L2_S28_F3224,9583,1174164,0.008095479861828583,0.006991547532088072,0.005801574567096249,0.0011899729649918235
L2_S28_F3257,9583,1174164,0.008095479861828583,0.006991547532088072,0.005801574567096249,0.0011899729649918235
L2_S28_F3253,9583,1174164,0.008095479861828583,0.006991547532088072,0.005801574567096249,0.0011899729649918235
L2_S28_F3250,9583,1174164,0.008095479861828583,0.006991547532088072,0.005801574567096249,0.0011899729649918235
L2_S28_F3309,9583,1174164,0.008095479861828583,0.006991547532088072,0.005801574567096249,0.0011899729649918235
L2_S28_F3301,9583,1174164,0.008095479861828583,0.006991547532088072,0.005801574567096249,0.0011899729649918235
L2_S28_F3297,9583,1174164,0.008095479861828583,0.006991547532088072,0.005801574567096249,0.0011899729649918235
L2_S28_F3313,9583,1174164,0.008095479861828583,0.006991547532088072,0.005801574567096249,0.0011899729649918235
L2_S28_F3305,9583,1174164,0.008095479861828583,0.006991547532088072,0.005801574567096249,0.0011899729649918235
L2_S28_F3243,9583,1174164,0.008095479861828583,0.006991547532088072,0.005801574567096249,0.0011899729649918235
L2_S28_F3268,9583,1174164,0.008095479861828583,0.006991547532088072,0.005801574567096249,0.0011899729649918235
L2_S28_F3265,9583,1174164,0.008095479861828583,0.006991547532088072,0.005801574567096249,0.0011899729649918235
L2_S28_F3246,9583,1174164,0.008095479861828583,0.006991547532088072,0.005801574567096249,0.0011899729649918235
L1_S25_F2229,7158,1176589,0.006046900224456747,0.006985191394244202,0.005804065820775139,0.0011811255734690638
L2_S27_F3160,120729,1063018,0.10198885403722248,0.006808637527023333,0.005697927974879071,0.0011107095521442623
L2_S27_F3164,120729,1063018,0.10198885403722248,0.006808637527023333,0.005697927974879071,0.0011107095521442623
L2_S27_F3220,120729,1063018,0.10198885403722248,0.006808637527023333,0.005697927974879071,0.0011107095521442623
L2_S27_F3216,120729,1063018,0.10198885403722248,0.006808637527023333,0.005697927974879071,0.0011107095521442623
L2_S27_F3168,120729,1063018,0.10198885403722248,0.006808637527023333,0.005697927974879071,0.0011107095521442623
L2_S27_F3212,120729,1063018,0.10198885403722248,0.006808637527023333,0.005697927974879071,0.0011107095521442623
L2_S27_F3197,120729,1063018,0.10198885403722248,0.006808637527023333,0.005697927974879071,0.0011107095521442623
L2_S27_F3157,120729,1063018,0.10198885403722248,0.006808637527023333,0.005697927974879071,0.0011107095521442623
L2_S27_F3150,120729,1063018,0.10198885403722248,0.006808637527023333,0.005697927974879071,0.0011107095521442623
L2_S27_F3153,120729,1063018,0.10198885403722248,0.006808637527023333,0.005697927974879071,0.0011107095521442623
L2_S27_F3142,120729,1063018,0.10198885403722248,0.006808637527023333,0.005697927974879071,0.0011107095521442623
L2_S27_F3138,120729,1063018,0.10198885403722248,0.006808637527023333,0.005697927974879071,0.0011107095521442623
L2_S27_F3135,120729,1063018,0.10198885403722248,0.006808637527023333,0.005697927974879071,0.0011107095521442623
L2_S27_F3146,120729,1063018,0.10198885403722248,0.006808637527023333,0.005697927974879071,0.0011107095521442623
L2_S27_F3131,120729,1063018,0.10198885403722248,0.006808637527023333,0.005697927974879071,0.0011107095521442623
L2_S27_F3181,120729,1063018,0.10198885403722248,0.006808637527023333,0.005697927974879071,0.0011107095521442623
L2_S27_F3178,120729,1063018,0.10198885403722248,0.006808637527023333,0.005697927974879071,0.0011107095521442623
L2_S27_F3184,120729,1063018,0.10198885403722248,0.006808637527023333,0.005697927974879071,0.0011107095521442623
L2_S27_F3172,120729,1063018,0.10198885403722248,0.006808637527023333,0.005697927974879071,0.0011107095521442623
L2_S27_F3175,120729,1063018,0.10198885403722248,0.006808637527023333,0.005697927974879071,0.0011107095521442623
L2_S27_F3208,120729,1063018,0.10198885403722248,0.006808637527023333,0.005697927974879071,0.0011107095521442623
L2_S27_F3192,120729,1063018,0.10198885403722248,0.006808637527023333,0.005697927974879071,0.0011107095521442623
L2_S27_F3190,120729,1063018,0.10198885403722248,0.006808637527023333,0.005697927974879071,0.0011107095521442623
L2_S27_F3194,120729,1063018,0.10198885403722248,0.006808637527023333,0.005697927974879071,0.0011107095521442623
L2_S27_F3204,120729,1063018,0.10198885403722248,0.006808637527023333,0.005697927974879071,0.0011107095521442623
L2_S27_F3187,120729,1063018,0.10198885403722248,0.006808637527023333,0.005697927974879071,0.0011107095521442623
L2_S27_F3201,120729,1063018,0.10198885403722248,0.006808637527023333,0.005697927974879071,0.0011107095521442623
L1_S24_F991,11834,1171913,0.009997068630374565,0.004816630049011323,0.00582125123622658,0.001004621187215257
L1_S24_F996,11834,1171913,0.009997068630374565,0.004816630049011323,0.00582125123622658,0.001004621187215257
L1_S24_F933,11834,1171913,0.009997068630374565,0.004816630049011323,0.00582125123622658,0.001004621187215257
L1_S24_F928,11834,1171913,0.009997068630374565,0.004816630049011323,0.00582125123622658,0.001004621187215257
L1_S24_F976,11834,1171913,0.009997068630374565,0.004816630049011323,0.00582125123622658,0.001004621187215257
L1_S24_F956,11834,1171913,0.009997068630374565,0.004816630049011323,0.00582125123622658,0.001004621187215257
L1_S24_F986,11834,1171913,0.009997068630374565,0.004816630049011323,0.00582125123622658,0.001004621187215257
L1_S24_F981,11834,1171913,0.009997068630374565,0.004816630049011323,0.00582125123622658,0.001004621187215257
L1_S24_F971,11834,1171913,0.009997068630374565,0.004816630049011323,0.00582125123622658,0.001004621187215257
L1_S24_F966,11834,1171913,0.009997068630374565,0.004816630049011323,0.00582125123622658,0.001004621187215257
L1_S24_F961,11834,1171913,0.009997068630374565,0.004816630049011323,0.00582125123622658,0.001004621187215257
L1_S24_F918,11834,1171913,0.009997068630374565,0.004816630049011323,0.00582125123622658,0.001004621187215257
L1_S24_F914,11834,1171913,0.009997068630374565,0.004816630049011323,0.00582125123622658,0.001004621187215257
L1_S24_F923,11834,1171913,0.009997068630374565,0.004816630049011323,0.00582125123622658,0.001004621187215257
L1_S24_F951,11834,1171913,0.009997068630374565,0.004816630049011323,0.00582125123622658,0.001004621187215257
L1_S24_F946,11834,1171913,0.009997068630374565,0.004816630049011323,0.00582125123622658,0.001004621187215257
L1_S24_F942,11834,1171913,0.009997068630374565,0.004816630049011323,0.00582125123622658,0.001004621187215257
L1_S24_F938,11834,1171913,0.009997068630374565,0.004816630049011323,0.00582125123622658,0.001004621187215257
L1_S24_F910,11834,1171913,0.009997068630374565,0.004816630049011323,0.00582125123622658,0.001004621187215257
L1_S25_F2129,5362,1178385,0.004529684130139295,0.006713912719134651,0.005807100395880803,0.0009068123232538481
L1_S25_F2099,5362,1178385,0.004529684130139295,0.006713912719134651,0.005807100395880803,0.0009068123232538481
L1_S25_F2104,5362,1178385,0.004529684130139295,0.006713912719134651,0.005807100395880803,0.0009068123232538481
L1_S25_F2134,5362,1178385,0.004529684130139295,0.006713912719134651,0.005807100395880803,0.0009068123232538481
L1_S25_F2109,5362,1178385,0.004529684130139295,0.006713912719134651,0.005807100395880803,0.0009068123232538481
L1_S25_F2114,5362,1178385,0.004529684130139295,0.006713912719134651,0.005807100395880803,0.0009068123232538481
L1_S25_F2119,5362,1178385,0.004529684130139295,0.006713912719134651,0.005807100395880803,0.0009068123232538481
L1_S25_F2124,5362,1178385,0.004529684130139295,0.006713912719134651,0.005807100395880803,0.0009068123232538481
L3_S44_F4123,2093,1181654,0.001768114301451239,0.006688963210702341,0.0058096532487513265,0.0008793099619510145
L3_S44_F4114,2093,1181654,0.001768114301451239,0.006688963210702341,0.0058096532487513265,0.0008793099619510145
L3_S44_F4120,2093,1181654,0.001768114301451239,0.006688963210702341,0.0058096532487513265,0.0008793099619510145
L3_S44_F4108,2093,1181654,0.001768114301451239,0.006688963210702341,0.0058096532487513265,0.0008793099619510145
L3_S44_F4102,2093,1181654,0.001768114301451239,0.006688963210702341,0.0058096532487513265,0.0008793099619510145
L3_S44_F4105,2093,1181654,0.001768114301451239,0.006688963210702341,0.0058096532487513265,0.0008793099619510145
L3_S44_F4111,2093,1181654,0.001768114301451239,0.006688963210702341,0.0058096532487513265,0.0008793099619510145
L3_S44_F4117,2093,1181654,0.001768114301451239,0.006688963210702341,0.0058096532487513265,0.0008793099619510145
L1_S24_F1268,13641,1170106,0.011523577250882157,0.006671065171175133,0.0058011838243714675,0.000869881346803666
L1_S24_F1238,13641,1170106,0.011523577250882157,0.006671065171175133,0.0058011838243714675,0.000869881346803666
L1_S24_F1219,13641,1170106,0.011523577250882157,0.006671065171175133,0.0058011838243714675,0.000869881346803666
L1_S24_F1223,13641,1170106,0.011523577250882157,0.006671065171175133,0.0058011838243714675,0.000869881346803666
L1_S24_F1215,13641,1170106,0.011523577250882157,0.006671065171175133,0.0058011838243714675,0.000869881346803666
L1_S24_F1210,13641,1170106,0.011523577250882157,0.006671065171175133,0.0058011838243714675,0.000869881346803666
L1_S24_F1253,13641,1170106,0.011523577250882157,0.006671065171175133,0.0058011838243714675,0.000869881346803666
L1_S24_F1248,13641,1170106,0.011523577250882157,0.006671065171175133,0.0058011838243714675,0.000869881346803666
L1_S24_F1263,13641,1170106,0.011523577250882157,0.006671065171175133,0.0058011838243714675,0.000869881346803666
L1_S24_F1258,13641,1170106,0.011523577250882157,0.006671065171175133,0.0058011838243714675,0.000869881346803666
L1_S24_F1195,13641,1170106,0.011523577250882157,0.006671065171175133,0.0058011838243714675,0.000869881346803666
L1_S24_F1273,13641,1170106,0.011523577250882157,0.006671065171175133,0.0058011838243714675,0.000869881346803666
L1_S24_F1228,13641,1170106,0.011523577250882157,0.006671065171175133,0.0058011838243714675,0.000869881346803666
L1_S24_F1200,13641,1170106,0.011523577250882157,0.006671065171175133,0.0058011838243714675,0.000869881346803666
L1_S24_F1243,13641,1170106,0.011523577250882157,0.006671065171175133,0.0058011838243714675,0.000869881346803666
L1_S24_F1191,13641,1170106,0.011523577250882157,0.006671065171175133,0.0058011838243714675,0.000869881346803666
L1_S24_F1233,13641,1170106,0.011523577250882157,0.006671065171175133,0.0058011838243714675,0.000869881346803666
L1_S24_F1187,13641,1170106,0.011523577250882157,0.006671065171175133,0.0058011838243714675,0.000869881346803666
L1_S24_F1205,13641,1170106,0.011523577250882157,0.006671065171175133,0.0058011838243714675,0.000869881346803666
L3_S47_F4156,59955,1123792,0.05064849161180556,0.005070469518805771,0.005850726824892863,0.0007802573060870918
L3_S47_F4141,59955,1123792,0.05064849161180556,0.005070469518805771,0.005850726824892863,0.0007802573060870918
L3_S47_F4161,59955,1123792,0.05064849161180556,0.005070469518805771,0.005850726824892863,0.0007802573060870918
L3_S47_F4171,59955,1123792,0.05064849161180556,0.005070469518805771,0.005850726824892863,0.0007802573060870918
L3_S47_F4166,59955,1123792,0.05064849161180556,0.005070469518805771,0.005850726824892863,0.0007802573060870918
L3_S47_F4176,59955,1123792,0.05064849161180556,0.005070469518805771,0.005850726824892863,0.0007802573060870918
L3_S47_F4181,59955,1123792,0.05064849161180556,0.005070469518805771,0.005850726824892863,0.0007802573060870918
L3_S47_F4191,59955,1123792,0.05064849161180556,0.005070469518805771,0.005850726824892863,0.0007802573060870918
L3_S47_F4186,59955,1123792,0.05064849161180556,0.005070469518805771,0.005850726824892863,0.0007802573060870918
L3_S47_F4151,59955,1123792,0.05064849161180556,0.005070469518805771,0.005850726824892863,0.0007802573060870918
L3_S47_F4146,59955,1123792,0.05064849161180556,0.005070469518805771,0.005850726824892863,0.0007802573060870918
L1_S25_F2010,27528,1156219,0.02325496917838018,0.00504940424295263,0.005829345478667969,0.0007799412357153389
L1_S25_F1995,27528,1156219,0.02325496917838018,0.00504940424295263,0.005829345478667969,0.0007799412357153389
L1_S25_F2049,27528,1156219,0.02325496917838018,0.00504940424295263,0.005829345478667969,0.0007799412357153389
L1_S25_F2014,27528,1156219,0.02325496917838018,0.00504940424295263,0.005829345478667969,0.0007799412357153389
L1_S25_F2024,27528,1156219,0.02325496917838018,0.00504940424295263,0.005829345478667969,0.0007799412357153389
L1_S25_F2019,27528,1156219,0.02325496917838018,0.00504940424295263,0.005829345478667969,0.0007799412357153389
L1_S25_F2005,27528,1156219,0.02325496917838018,0.00504940424295263,0.005829345478667969,0.0007799412357153389
L1_S25_F2039,27528,1156219,0.02325496917838018,0.00504940424295263,0.005829345478667969,0.0007799412357153389
L1_S25_F1990,27528,1156219,0.02325496917838018,0.00504940424295263,0.005829345478667969,0.0007799412357153389
L1_S25_F2000,27528,1156219,0.02325496917838018,0.00504940424295263,0.005829345478667969,0.0007799412357153389
L1_S25_F2054,27528,1156219,0.02325496917838018,0.00504940424295263,0.005829345478667969,0.0007799412357153389
L1_S25_F1985,27528,1156219,0.02325496917838018,0.00504940424295263,0.005829345478667969,0.0007799412357153389
L1_S25_F1981,27528,1156219,0.02325496917838018,0.00504940424295263,0.005829345478667969,0.0007799412357153389
L1_S25_F2044,27528,1156219,0.02325496917838018,0.00504940424295263,0.005829345478667969,0.0007799412357153389
L1_S25_F2034,27528,1156219,0.02325496917838018,0.00504940424295263,0.005829345478667969,0.0007799412357153389
L1_S25_F2029,27528,1156219,0.02325496917838018,0.00504940424295263,0.005829345478667969,0.0007799412357153389
L1_S25_F1852,55466,1128281,0.04685629615112013,0.0051022247863556055,0.005846061397825542,0.0007438366114699366
L1_S25_F2141,54992,1128755,0.046455872749835904,0.005128018620890311,0.00584449238320096,0.0007164737623106491
L1_S25_F1976,27979,1155768,0.02363596275217593,0.0051467171807427,0.005827294059015304,0.0006805768782726044
L1_S25_F1922,27979,1155768,0.02363596275217593,0.0051467171807427,0.005827294059015304,0.0006805768782726044
L1_S25_F1946,27979,1155768,0.02363596275217593,0.0051467171807427,0.005827294059015304,0.0006805768782726044
L1_S25_F1941,27979,1155768,0.02363596275217593,0.0051467171807427,0.005827294059015304,0.0006805768782726044
L1_S25_F1936,27979,1155768,0.02363596275217593,0.0051467171807427,0.005827294059015304,0.0006805768782726044
L1_S25_F1932,27979,1155768,0.02363596275217593,0.0051467171807427,0.005827294059015304,0.0006805768782726044
L1_S25_F1917,27979,1155768,0.02363596275217593,0.0051467171807427,0.005827294059015304,0.0006805768782726044
L1_S25_F1912,27979,1155768,0.02363596275217593,0.0051467171807427,0.005827294059015304,0.0006805768782726044
L1_S25_F1956,27979,1155768,0.02363596275217593,0.0051467171807427,0.005827294059015304,0.0006805768782726044
L1_S25_F1951,27979,1155768,0.02363596275217593,0.0051467171807427,0.005827294059015304,0.0006805768782726044
L1_S25_F1966,27979,1155768,0.02363596275217593,0.0051467171807427,0.005827294059015304,0.0006805768782726044
L1_S25_F1927,27979,1155768,0.02363596275217593,0.0051467171807427,0.005827294059015304,0.0006805768782726044
L1_S25_F1907,27979,1155768,0.02363596275217593,0.0051467171807427,0.005827294059015304,0.0006805768782726044
L1_S25_F1903,27979,1155768,0.02363596275217593,0.0051467171807427,0.005827294059015304,0.0006805768782726044
L1_S25_F1971,27979,1155768,0.02363596275217593,0.0051467171807427,0.005827294059015304,0.0006805768782726044
L1_S25_F1961,27979,1155768,0.02363596275217593,0.0051467171807427,0.005827294059015304,0.0006805768782726044
L1_S25_F2875,8872,1174875,0.007494844759902242,0.005184851217312894,0.005815937865730397,0.0006310866484175032
L1_S25_F2870,8872,1174875,0.007494844759902242,0.005184851217312894,0.005815937865730397,0.0006310866484175032
L1_S25_F2806,8872,1174875,0.007494844759902242,0.005184851217312894,0.005815937865730397,0.0006310866484175032
L1_S25_F2831,8872,1174875,0.007494844759902242,0.005184851217312894,0.005815937865730397,0.0006310866484175032
L1_S25_F2821,8872,1174875,0.007494844759902242,0.005184851217312894,0.005815937865730397,0.0006310866484175032
L1_S25_F2845,8872,1174875,0.007494844759902242,0.005184851217312894,0.005815937865730397,0.0006310866484175032
L1_S25_F2802,8872,1174875,0.007494844759902242,0.005184851217312894,0.005815937865730397,0.0006310866484175032
L1_S25_F2816,8872,1174875,0.007494844759902242,0.005184851217312894,0.005815937865730397,0.0006310866484175032
L1_S25_F2811,8872,1174875,0.007494844759902242,0.005184851217312894,0.005815937865730397,0.0006310866484175032
L1_S25_F2850,8872,1174875,0.007494844759902242,0.005184851217312894,0.005815937865730397,0.0006310866484175032
L1_S25_F2826,8872,1174875,0.007494844759902242,0.005184851217312894,0.005815937865730397,0.0006310866484175032
L1_S25_F2835,8872,1174875,0.007494844759902242,0.005184851217312894,0.005815937865730397,0.0006310866484175032
L1_S25_F2860,8872,1174875,0.007494844759902242,0.005184851217312894,0.005815937865730397,0.0006310866484175032
L1_S25_F2855,8872,1174875,0.007494844759902242,0.005184851217312894,0.005815937865730397,0.0006310866484175032
L1_S25_F2865,8872,1174875,0.007494844759902242,0.005184851217312894,0.005815937865730397,0.0006310866484175032
L1_S25_F2840,8872,1174875,0.007494844759902242,0.005184851217312894,0.005815937865730397,0.0006310866484175032
L1_S25_F2779,17778,1165969,0.0150184118734831,0.005287433907076162,0.0058191941638242525,0.0005317602567480907
L1_S25_F3013,17772,1165975,0.015013343222833934,0.005289218996173756,0.005819164218786852,0.0005299452226130959
L1_S24_F769,23637,1160110,0.0199679492323951,0.005330625713923087,0.0058209997327839606,0.0004903740188608738
L1_S24_F749,23637,1160110,0.0199679492323951,0.005330625713923087,0.0058209997327839606,0.0004903740188608738
L1_S24_F759,23637,1160110,0.0199679492323951,0.005330625713923087,0.0058209997327839606,0.0004903740188608738
L1_S24_F717,23637,1160110,0.0199679492323951,0.005330625713923087,0.0058209997327839606,0.0004903740188608738
L1_S24_F722,23637,1160110,0.0199679492323951,0.005330625713923087,0.0058209997327839606,0.0004903740188608738
L1_S24_F778,23637,1160110,0.0199679492323951,0.005330625713923087,0.0058209997327839606,0.0004903740188608738
L1_S24_F793,23637,1160110,0.0199679492323951,0.005330625713923087,0.0058209997327839606,0.0004903740188608738
L1_S24_F788,23637,1160110,0.0199679492323951,0.005330625713923087,0.0058209997327839606,0.0004903740188608738
L1_S24_F698,23637,1160110,0.0199679492323951,0.005330625713923087,0.0058209997327839606,0.0004903740188608738
L1_S24_F798,23637,1160110,0.0199679492323951,0.005330625713923087,0.0058209997327839606,0.0004903740188608738
L1_S24_F764,23637,1160110,0.0199679492323951,0.005330625713923087,0.0058209997327839606,0.0004903740188608738
L1_S24_F783,23637,1160110,0.0199679492323951,0.005330625713923087,0.0058209997327839606,0.0004903740188608738
L1_S24_F754,23637,1160110,0.0199679492323951,0.005330625713923087,0.0058209997327839606,0.0004903740188608738
L1_S25_F2889,8936,1174811,0.007548910366826696,0.005371530886302597,0.005814552298199455,0.0004430214118968587
L1_S25_F2880,8936,1174811,0.007548910366826696,0.005371530886302597,0.005814552298199455,0.0004430214118968587
L1_S25_F2899,8936,1174811,0.007548910366826696,0.005371530886302597,0.005814552298199455,0.0004430214118968587
L1_S25_F2948,8936,1174811,0.007548910366826696,0.005371530886302597,0.005814552298199455,0.0004430214118968587
L1_S25_F2923,8936,1174811,0.007548910366826696,0.005371530886302597,0.005814552298199455,0.0004430214118968587
L1_S25_F2933,8936,1174811,0.007548910366826696,0.005371530886302597,0.005814552298199455,0.0004430214118968587
L1_S25_F2928,8936,1174811,0.007548910366826696,0.005371530886302597,0.005814552298199455,0.0004430214118968587
L1_S25_F2894,8936,1174811,0.007548910366826696,0.005371530886302597,0.005814552298199455,0.0004430214118968587
L1_S25_F2943,8936,1174811,0.007548910366826696,0.005371530886302597,0.005814552298199455,0.0004430214118968587
L1_S25_F2938,8936,1174811,0.007548910366826696,0.005371530886302597,0.005814552298199455,0.0004430214118968587
L1_S25_F2884,8936,1174811,0.007548910366826696,0.005371530886302597,0.005814552298199455,0.0004430214118968587
L1_S25_F2918,8936,1174811,0.007548910366826696,0.005371530886302597,0.005814552298199455,0.0004430214118968587
L1_S25_F2909,8936,1174811,0.007548910366826696,0.005371530886302597,0.005814552298199455,0.0004430214118968587
L1_S25_F2904,8936,1174811,0.007548910366826696,0.005371530886302597,0.005814552298199455,0.0004430214118968587
L1_S25_F2913,8936,1174811,0.007548910366826696,0.005371530886302597,0.005814552298199455,0.0004430214118968587
L1_S25_F2953,8936,1174811,0.007548910366826696,0.005371530886302597,0.005814552298199455,0.0004430214118968587
L1_S24_F823,12026,1171721,0.010159265451147923,0.006236487610177948,0.0058068430966074685,0.0004296445135704794
L1_S24_F870,12026,1171721,0.010159265451147923,0.006236487610177948,0.0058068430966074685,0.0004296445135704794
L1_S24_F837,12026,1171721,0.010159265451147923,0.006236487610177948,0.0058068430966074685,0.0004296445135704794
L1_S24_F860,12026,1171721,0.010159265451147923,0.006236487610177948,0.0058068430966074685,0.0004296445135704794
L1_S24_F865,12026,1171721,0.010159265451147923,0.006236487610177948,0.0058068430966074685,0.0004296445135704794
L1_S24_F855,12026,1171721,0.010159265451147923,0.006236487610177948,0.0058068430966074685,0.0004296445135704794
L1_S24_F851,12026,1171721,0.010159265451147923,0.006236487610177948,0.0058068430966074685,0.0004296445135704794
L1_S24_F842,12026,1171721,0.010159265451147923,0.006236487610177948,0.0058068430966074685,0.0004296445135704794
L1_S24_F895,12026,1171721,0.010159265451147923,0.006236487610177948,0.0058068430966074685,0.0004296445135704794
L1_S24_F885,12026,1171721,0.010159265451147923,0.006236487610177948,0.0058068430966074685,0.0004296445135704794
L1_S24_F847,12026,1171721,0.010159265451147923,0.006236487610177948,0.0058068430966074685,0.0004296445135704794
L1_S24_F905,12026,1171721,0.010159265451147923,0.006236487610177948,0.0058068430966074685,0.0004296445135704794
L1_S24_F900,12026,1171721,0.010159265451147923,0.006236487610177948,0.0058068430966074685,0.0004296445135704794
L1_S24_F880,12026,1171721,0.010159265451147923,0.006236487610177948,0.0058068430966074685,0.0004296445135704794
L1_S24_F819,12026,1171721,0.010159265451147923,0.006236487610177948,0.0058068430966074685,0.0004296445135704794
L1_S24_F832,12026,1171721,0.010159265451147923,0.006236487610177948,0.0058068430966074685,0.0004296445135704794
L1_S24_F827,12026,1171721,0.010159265451147923,0.006236487610177948,0.0058068430966074685,0.0004296445135704794
L1_S24_F875,12026,1171721,0.010159265451147923,0.006236487610177948,0.0058068430966074685,0.0004296445135704794
L1_S24_F890,12026,1171721,0.010159265451147923,0.006236487610177948,0.0058068430966074685,0.0004296445135704794
L1_S24_F773,23546,1160201,0.01989107469754939,0.005436167501911153,0.005818819325272086,0.0003826518233609336
L1_S24_F675,23862,1159885,0.020158023631738877,0.005447992624256139,0.005818680300202175,0.0003706876759460359
L1_S24_F1064,23827,1159920,0.02012845650295207,0.005455995299450203,0.005818504724463756,0.00036250942501355257
L1_S24_F740,23826,1159921,0.020127611727843872,0.00545622429278939,0.00581849970816978,0.00036227541538039025
L1_S24_F744,23826,1159921,0.020127611727843872,0.00545622429278939,0.00581849970816978,0.00036227541538039025
L1_S24_F713,23826,1159921,0.020127611727843872,0.00545622429278939,0.00581849970816978,0.00036227541538039025
L1_S24_F705,23826,1159921,0.020127611727843872,0.00545622429278939,0.00581849970816978,0.00036227541538039025
L1_S24_F703,23826,1159921,0.020127611727843872,0.00545622429278939,0.00581849970816978,0.00036227541538039025
L1_S24_F726,23826,1159921,0.020127611727843872,0.00545622429278939,0.00581849970816978,0.00036227541538039025
L1_S24_F708,23826,1159921,0.020127611727843872,0.00545622429278939,0.00581849970816978,0.00036227541538039025
L1_S24_F710,23826,1159921,0.020127611727843872,0.00545622429278939,0.00581849970816978,0.00036227541538039025
L1_S24_F736,23826,1159921,0.020127611727843872,0.00545622429278939,0.00581849970816978,0.00036227541538039025
L1_S24_F731,23826,1159921,0.020127611727843872,0.00545622429278939,0.00581849970816978,0.00036227541538039025
L1_S25_F2266,3579,1180168,0.0030234501122283733,0.006146968426934898,0.005810189735698646,0.00033677869123625165
L1_S25_F2285,3579,1180168,0.0030234501122283733,0.006146968426934898,0.005810189735698646,0.00033677869123625165
L1_S25_F2281,3579,1180168,0.0030234501122283733,0.006146968426934898,0.005810189735698646,0.00033677869123625165
L1_S25_F2320,3579,1180168,0.0030234501122283733,0.006146968426934898,0.005810189735698646,0.00033677869123625165
L1_S25_F2325,3579,1180168,0.0030234501122283733,0.006146968426934898,0.005810189735698646,0.00033677869123625165
L1_S25_F2290,3579,1180168,0.0030234501122283733,0.006146968426934898,0.005810189735698646,0.00033677869123625165
L1_S25_F2261,3579,1180168,0.0030234501122283733,0.006146968426934898,0.005810189735698646,0.00033677869123625165
L1_S25_F2300,3579,1180168,0.0030234501122283733,0.006146968426934898,0.005810189735698646,0.00033677869123625165
L1_S25_F2305,3579,1180168,0.0030234501122283733,0.006146968426934898,0.005810189735698646,0.00033677869123625165
L1_S25_F2295,3579,1180168,0.0030234501122283733,0.006146968426934898,0.005810189735698646,0.00033677869123625165
L1_S25_F2256,3579,1180168,0.0030234501122283733,0.006146968426934898,0.005810189735698646,0.00033677869123625165
L1_S25_F2310,3579,1180168,0.0030234501122283733,0.006146968426934898,0.005810189735698646,0.00033677869123625165
L1_S25_F2315,3579,1180168,0.0030234501122283733,0.006146968426934898,0.005810189735698646,0.00033677869123625165
L1_S25_F2276,3579,1180168,0.0030234501122283733,0.006146968426934898,0.005810189735698646,0.00033677869123625165
L1_S25_F2252,3579,1180168,0.0030234501122283733,0.006146968426934898,0.005810189735698646,0.00033677869123625165
L1_S25_F2271,3579,1180168,0.0030234501122283733,0.006146968426934898,0.005810189735698646,0.00033677869123625165
L3_S29_F3475,751362,432385,0.63473191484329,0.005852039363183126,0.005740254634180187,0.00011178472900293893
L3_S29_F3478,751362,432385,0.63473191484329,0.005852039363183126,0.005740254634180187,0.00011178472900293893
L3_S29_F3481,751362,432385,0.63473191484329,0.005852039363183126,0.005740254634180187,0.00011178472900293893
L3_S29_F3378,785437,398310,0.66351762665502,0.005819690185208998,0.00579448168511963,2.5208500089368008e-05
L3_S29_F3381,785437,398310,0.66351762665502,0.005819690185208998,0.00579448168511963,2.5208500089368008e-05
L3_S29_F3372,785437,398310,0.66351762665502,0.005819690185208998,0.00579448168511963,2.5208500089368008e-05
L3_S29_F3375,785437,398310,0.66351762665502,0.005819690185208998,0.00579448168511963,2.5208500089368008e-05
L3_S29_F3390,785437,398310,0.66351762665502,0.005819690185208998,0.00579448168511963,2.5208500089368008e-05
L3_S29_F3392,785437,398310,0.66351762665502,0.005819690185208998,0.00579448168511963,2.5208500089368008e-05
L3_S29_F3387,785437,398310,0.66351762665502,0.005819690185208998,0.00579448168511963,2.5208500089368008e-05
L3_S29_F3332,785437,398310,0.66351762665502,0.005819690185208998,0.00579448168511963,2.5208500089368008e-05
L3_S29_F3329,785437,398310,0.66351762665502,0.005819690185208998,0.00579448168511963,2.5208500089368008e-05
L3_S29_F3326,785437,398310,0.66351762665502,0.005819690185208998,0.00579448168511963,2.5208500089368008e-05
L3_S29_F3344,785437,398310,0.66351762665502,0.005819690185208998,0.00579448168511963,2.5208500089368008e-05
L3_S29_F3347,785437,398310,0.66351762665502,0.005819690185208998,0.00579448168511963,2.5208500089368008e-05
L3_S29_F3341,785437,398310,0.66351762665502,0.005819690185208998,0.00579448168511963,2.5208500089368008e-05
L3_S29_F3338,785437,398310,0.66351762665502,0.005819690185208998,0.00579448168511963,2.5208500089368008e-05
L3_S29_F3335,785437,398310,0.66351762665502,0.005819690185208998,0.00579448168511963,2.5208500089368008e-05
L3_S29_F3323,785437,398310,0.66351762665502,0.005819690185208998,0.00579448168511963,2.5208500089368008e-05
L3_S29_F3320,785437,398310,0.66351762665502,0.005819690185208998,0.00579448168511963,2.5208500089368008e-05
L3_S29_F3317,785437,398310,0.66351762665502,0.005819690185208998,0.00579448168511963,2.5208500089368008e-05
L3_S29_F3384,785437,398310,0.66351762665502,0.005819690185208998,0.00579448168511963,2.5208500089368008e-05
L3_S29_F3364,785437,398310,0.66351762665502,0.005819690185208998,0.00579448168511963,2.5208500089368008e-05
L3_S29_F3366,785437,398310,0.66351762665502,0.005819690185208998,0.00579448168511963,2.5208500089368008e-05
L3_S29_F3369,785437,398310,0.66351762665502,0.005819690185208998,0.00579448168511963,2.5208500089368008e-05
L3_S29_F3350,785437,398310,0.66351762665502,0.005819690185208998,0.00579448168511963,2.5208500089368008e-05
L3_S29_F3353,785437,398310,0.66351762665502,0.005819690185208998,0.00579448168511963,2.5208500089368008e-05
L3_S29_F3490,785437,398310,0.66351762665502,0.005819690185208998,0.00579448168511963,2.5208500089368008e-05
L3_S29_F3493,785437,398310,0.66351762665502,0.005819690185208998,0.00579448168511963,2.5208500089368008e-05
L3_S29_F3362,785437,398310,0.66351762665502,0.005819690185208998,0.00579448168511963,2.5208500089368008e-05
L3_S29_F3487,785437,398310,0.66351762665502,0.005819690185208998,0.00579448168511963,2.5208500089368008e-05
L3_S29_F3472,785437,398310,0.66351762665502,0.005819690185208998,0.00579448168511963,2.5208500089368008e-05
L3_S29_F3463,785437,398310,0.66351762665502,0.005819690185208998,0.00579448168511963,2.5208500089368008e-05
L3_S29_F3466,785437,398310,0.66351762665502,0.005819690185208998,0.00579448168511963,2.5208500089368008e-05
L3_S29_F3469,785437,398310,0.66351762665502,0.005819690185208998,0.00579448168511963,2.5208500089368008e-05
L3_S29_F3359,785437,398310,0.66351762665502,0.005819690185208998,0.00579448168511963,2.5208500089368008e-05
L3_S29_F3356,785437,398310,0.66351762665502,0.005819690185208998,0.00579448168511963,2.5208500089368008e-05
L3_S29_F3438,785437,398310,0.66351762665502,0.005819690185208998,0.00579448168511963,2.5208500089368008e-05
L3_S29_F3441,785437,398310,0.66351762665502,0.005819690185208998,0.00579448168511963,2.5208500089368008e-05
L3_S29_F3432,785437,398310,0.66351762665502,0.005819690185208998,0.00579448168511963,2.5208500089368008e-05
L3_S29_F3429,785437,398310,0.66351762665502,0.005819690185208998,0.00579448168511963,2.5208500089368008e-05
L3_S29_F3426,785437,398310,0.66351762665502,0.005819690185208998,0.00579448168511963,2.5208500089368008e-05
L3_S29_F3423,785437,398310,0.66351762665502,0.005819690185208998,0.00579448168511963,2.5208500089368008e-05
L3_S29_F3420,785437,398310,0.66351762665502,0.005819690185208998,0.00579448168511963,2.5208500089368008e-05
L3_S29_F3418,785437,398310,0.66351762665502,0.005819690185208998,0.00579448168511963,2.5208500089368008e-05
L3_S29_F3484,785437,398310,0.66351762665502,0.005819690185208998,0.00579448168511963,2.5208500089368008e-05
L3_S29_F3435,785437,398310,0.66351762665502,0.005819690185208998,0.00579448168511963,2.5208500089368008e-05
L3_S29_F3454,785437,398310,0.66351762665502,0.005819690185208998,0.00579448168511963,2.5208500089368008e-05
L3_S29_F3451,785437,398310,0.66351762665502,0.005819690185208998,0.00579448168511963,2.5208500089368008e-05
L3_S29_F3448,785437,398310,0.66351762665502,0.005819690185208998,0.00579448168511963,2.5208500089368008e-05
L3_S29_F3446,785437,398310,0.66351762665502,0.005819690185208998,0.00579448168511963,2.5208500089368008e-05
L3_S29_F3444,785437,398310,0.66351762665502,0.005819690185208998,0.00579448168511963,2.5208500089368008e-05
L3_S29_F3394,785437,398310,0.66351762665502,0.005819690185208998,0.00579448168511963,2.5208500089368008e-05
L3_S29_F3457,785437,398310,0.66351762665502,0.005819690185208998,0.00579448168511963,2.5208500089368008e-05
L3_S29_F3460,785437,398310,0.66351762665502,0.005819690185208998,0.00579448168511963,2.5208500089368008e-05
L3_S29_F3416,785437,398310,0.66351762665502,0.005819690185208998,0.00579448168511963,2.5208500089368008e-05
L3_S29_F3414,785437,398310,0.66351762665502,0.005819690185208998,0.00579448168511963,2.5208500089368008e-05
L3_S29_F3411,785437,398310,0.66351762665502,0.005819690185208998,0.00579448168511963,2.5208500089368008e-05
L3_S29_F3409,785437,398310,0.66351762665502,0.005819690185208998,0.00579448168511963,2.5208500089368008e-05
L3_S29_F3406,785437,398310,0.66351762665502,0.005819690185208998,0.00579448168511963,2.5208500089368008e-05
L3_S29_F3403,785437,398310,0.66351762665502,0.005819690185208998,0.00579448168511963,2.5208500089368008e-05
L3_S29_F3400,785437,398310,0.66351762665502,0.005819690185208998,0.00579448168511963,2.5208500089368008e-05
L3_S29_F3397,785437,398310,0.66351762665502,0.005819690185208998,0.00579448168511963,2.5208500089368008e-05
L0_S3_F69,0,1183747,0.0,,0.00581120796927046,
L0_S3_F71,0,1183747,0.0,,0.00581120796927046,
L0_S3_F73,0,1183747,0.0,,0.00581120796927046,
L0_S3_F75,0,1183747,0.0,,0.00581120796927046,
L0_S3_F77,0,1183747,0.0,,0.00581120796927046,
L0_S3_F79,0,1183747,0.0,,0.00581120796927046,
L0_S3_F81,0,1183747,0.0,,0.00581120796927046,
L0_S3_F83,0,1183747,0.0,,0.00581120796927046,
L0_S3_F85,0,1183747,0.0,,0.00581120796927046,
L0_S3_F87,0,1183747,0.0,,0.00581120796927046,
L0_S3_F89,0,1183747,0.0,,0.00581120796927046,
L0_S3_F91,0,1183747,0.0,,0.00581120796927046,
L0_S3_F93,0,1183747,0.0,,0.00581120796927046,
L0_S3_F95,0,1183747,0.0,,0.00581120796927046,
L0_S3_F97,0,1183747,0.0,,0.00581120796927046,
L0_S3_F99,0,1183747,0.0,,0.00581120796927046,
L0_S3_F101,0,1183747,0.0,,0.00581120796927046,
L0_S3_F103,0,1183747,0.0,,0.00581120796927046,
L0_S18_F436,0,1183747,0.0,,0.00581120796927046,
L0_S18_F438,0,1183747,0.0,,0.00581120796927046,
L0_S18_F440,0,1183747,0.0,,0.00581120796927046,
L0_S18_F442,0,1183747,0.0,,0.00581120796927046,
L0_S18_F443,0,1183747,0.0,,0.00581120796927046,
L0_S18_F445,0,1183747,0.0,,0.00581120796927046,
L0_S18_F446,0,1183747,0.0,,0.00581120796927046,
L0_S18_F448,0,1183747,0.0,,0.00581120796927046,
L0_S18_F450,0,1183747,0.0,,0.00581120796927046,
L0_S18_F452,0,1183747,0.0,,0.00581120796927046,
L0_S23_F616,0,1183747,0.0,,0.00581120796927046,
L0_S23_F618,0,1183747,0.0,,0.00581120796927046,
L0_S23_F620,0,1183747,0.0,,0.00581120796927046,
L0_S23_F622,0,1183747,0.0,,0.00581120796927046,
L0_S23_F624,0,1183747,0.0,,0.00581120796927046,
L0_S23_F626,0,1183747,0.0,,0.00581120796927046,
L0_S23_F628,0,1183747,0.0,,0.00581120796927046,
L0_S23_F630,0,1183747,0.0,,0.00581120796927046,
L0_S23_F632,0,1183747,0.0,,0.00581120796927046,
L0_S23_F634,0,1183747,0.0,,0.00581120796927046,
L0_S23_F636,0,1183747,0.0,,0.00581120796927046,
L0_S23_F638,0,1183747,0.0,,0.00581120796927046,
L0_S23_F640,0,1183747,0.0,,0.00581120796927046,
L0_S23_F642,0,1183747,0.0,,0.00581120796927046,
L0_S23_F644,0,1183747,0.0,,0.00581120796927046,
L0_S23_F646,0,1183747,0.0,,0.00581120796927046,
L0_S23_F648,0,1183747,0.0,,0.00581120796927046,
L0_S23_F650,0,1183747,0.0,,0.00581120796927046,
L0_S23_F652,0,1183747,0.0,,0.00581120796927046,
L0_S23_F654,0,1183747,0.0,,0.00581120796927046,
L0_S23_F656,0,1183747,0.0,,0.00581120796927046,
L0_S23_F658,0,1183747,0.0,,0.00581120796927046,
L0_S23_F660,0,1183747,0.0,,0.00581120796927046,
L0_S23_F662,0,1183747,0.0,,0.00581120796927046,
L0_S23_F664,0,1183747,0.0,,0.00581120796927046,
L0_S23_F666,0,1183747,0.0,,0.00581120796927046,
L0_S23_F668,0,1183747,0.0,,0.00581120796927046,
L0_S23_F670,0,1183747,0.0,,0.00581120796927046,
L0_S23_F672,0,1183747,0.0,,0.00581120796927046,
L0_S23_F674,0,1183747,0.0,,0.00581120796927046,
L1_S24_F676,0,1183747,0.0,,0.00581120796927046,
L1_S24_F678,0,1183747,0.0,,0.00581120796927046,
L1_S24_F680,0,1183747,0.0,,0.00581120796927046,
L1_S24_F682,0,1183747,0.0,,0.00581120796927046,
L1_S24_F684,0,1183747,0.0,,0.00581120796927046,
L1_S24_F686,0,1183747,0.0,,0.00581120796927046,
L1_S24_F688,0,1183747,0.0,,0.00581120796927046,
L1_S24_F690,0,1183747,0.0,,0.00581120796927046,
L1_S24_F692,0,1183747,0.0,,0.00581120796927046,
L1_S24_F694,0,1183747,0.0,,0.00581120796927046,
L1_S24_F1157,0,1183747,0.0,,0.00581120796927046,
L1_S24_F1159,0,1183747,0.0,,0.00581120796927046,
L1_S24_F1160,0,1183747,0.0,,0.00581120796927046,
L1_S24_F1167,0,1183747,0.0,,0.00581120796927046,
L1_S24_F1169,0,1183747,0.0,,0.00581120796927046,
L1_S24_F1177,0,1183747,0.0,,0.00581120796927046,
L1_S24_F1179,0,1183747,0.0,,0.00581120796927046,
L1_S24_F1181,0,1183747,0.0,,0.00581120796927046,
L1_S24_F1183,0,1183747,0.0,,0.00581120796927046,
L1_S24_F1561,0,1183747,0.0,,0.00581120796927046,
L1_S24_F1563,0,1183747,0.0,,0.00581120796927046,
L1_S24_F1564,0,1183747,0.0,,0.00581120796927046,
L1_S24_F1673,0,1183747,0.0,,0.00581120796927046,
L1_S24_F1676,0,1183747,0.0,,0.00581120796927046,
L1_S24_F1677,0,1183747,0.0,,0.00581120796927046,
L1_S24_F1680,0,1183747,0.0,,0.00581120796927046,
L1_S24_F1681,0,1183747,0.0,,0.00581120796927046,
L1_S24_F1684,0,1183747,0.0,,0.00581120796927046,
L1_S24_F1686,0,1183747,0.0,,0.00581120796927046,
L1_S24_F1689,0,1183747,0.0,,0.00581120796927046,
L1_S24_F1691,0,1183747,0.0,,0.00581120796927046,
L1_S24_F1694,0,1183747,0.0,,0.00581120796927046,
L1_S24_F1696,0,1183747,0.0,,0.00581120796927046,
L1_S24_F1699,0,1183747,0.0,,0.00581120796927046,
L1_S24_F1701,0,1183747,0.0,,0.00581120796927046,
L1_S24_F1704,0,1183747,0.0,,0.00581120796927046,
L1_S24_F1705,0,1183747,0.0,,0.00581120796927046,
L1_S24_F1708,0,1183747,0.0,,0.00581120796927046,
L1_S24_F1709,0,1183747,0.0,,0.00581120796927046,
L1_S24_F1712,0,1183747,0.0,,0.00581120796927046,
L1_S24_F1714,0,1183747,0.0,,0.00581120796927046,
L1_S24_F1717,0,1183747,0.0,,0.00581120796927046,
L1_S24_F1719,0,1183747,0.0,,0.00581120796927046,
L1_S24_F1722,0,1183747,0.0,,0.00581120796927046,
L1_S24_F1724,0,1183747,0.0,,0.00581120796927046,
L1_S24_F1727,0,1183747,0.0,,0.00581120796927046,
L1_S24_F1729,0,1183747,0.0,,0.00581120796927046,
L1_S24_F1732,0,1183747,0.0,,0.00581120796927046,
L1_S24_F1734,0,1183747,0.0,,0.00581120796927046,
L1_S24_F1737,0,1183747,0.0,,0.00581120796927046,
L1_S24_F1739,0,1183747,0.0,,0.00581120796927046,
L1_S24_F1742,0,1183747,0.0,,0.00581120796927046,
L1_S24_F1744,0,1183747,0.0,,0.00581120796927046,
L1_S24_F1747,0,1183747,0.0,,0.00581120796927046,
L1_S24_F1749,0,1183747,0.0,,0.00581120796927046,
L1_S24_F1752,0,1183747,0.0,,0.00581120796927046,
L1_S24_F1754,0,1183747,0.0,,0.00581120796927046,
L1_S24_F1757,0,1183747,0.0,,0.00581120796927046,
L1_S24_F1759,0,1183747,0.0,,0.00581120796927046,
L1_S24_F1762,0,1183747,0.0,,0.00581120796927046,
L1_S25_F1853,0,1183747,0.0,,0.00581120796927046,
L1_S25_F1856,0,1183747,0.0,,0.00581120796927046,
L1_S25_F1859,0,1183747,0.0,,0.00581120796927046,
L1_S25_F1861,0,1183747,0.0,,0.00581120796927046,
L1_S25_F1863,0,1183747,0.0,,0.00581120796927046,
L1_S25_F2956,0,1183747,0.0,,0.00581120796927046,
L1_S25_F2959,0,1183747,0.0,,0.00581120796927046,
L1_S25_F2961,0,1183747,0.0,,0.00581120796927046,
L1_S25_F2964,0,1183747,0.0,,0.00581120796927046,
L1_S25_F2966,0,1183747,0.0,,0.00581120796927046,
L1_S25_F2969,0,1183747,0.0,,0.00581120796927046,
L1_S25_F2971,0,1183747,0.0,,0.00581120796927046,
L1_S25_F2974,0,1183747,0.0,,0.00581120796927046,
L1_S25_F2976,0,1183747,0.0,,0.00581120796927046,
L1_S25_F2979,0,1183747,0.0,,0.00581120796927046,
L1_S25_F2981,0,1183747,0.0,,0.00581120796927046,
L1_S25_F2984,0,1183747,0.0,,0.00581120796927046,
L1_S25_F2986,0,1183747,0.0,,0.00581120796927046,
L1_S25_F2989,0,1183747,0.0,,0.00581120796927046,
L1_S25_F2991,0,1183747,0.0,,0.00581120796927046,
L1_S25_F2994,0,1183747,0.0,,0.00581120796927046,
L3_S46_F4136,0,1183747,0.0,,0.00581120796927046,
L3_S46_F4137,0,1183747,0.0,,0.00581120796927046,
L3_S47_F4139,0,1183747,0.0,,0.00581120796927046,
L3_S47_F4142,0,1183747,0.0,,0.00581120796927046,
L3_S47_F4144,0,1183747,0.0,,0.00581120796927046,
L3_S47_F4147,0,1183747,0.0,,0.00581120796927046,
L3_S47_F4149,0,1183747,0.0,,0.00581120796927046,
L3_S47_F4152,0,1183747,0.0,,0.00581120796927046,
L3_S47_F4154,0,1183747,0.0,,0.00581120796927046,
L3_S47_F4157,0,1183747,0.0,,0.00581120796927046,
L3_S47_F4159,0,1183747,0.0,,0.00581120796927046,
L3_S47_F4162,0,1183747,0.0,,0.00581120796927046,
L3_S47_F4164,0,1183747,0.0,,0.00581120796927046,
L3_S47_F4167,0,1183747,0.0,,0.00581120796927046,
L3_S47_F4169,0,1183747,0.0,,0.00581120796927046,
L3_S47_F4172,0,1183747,0.0,,0.00581120796927046,
L3_S47_F4174,0,1183747,0.0,,0.00581120796927046,
L3_S47_F4177,0,1183747,0.0,,0.00581120796927046,
L3_S47_F4179,0,1183747,0.0,,0.00581120796927046,
L3_S47_F4182,0,1183747,0.0,,0.00581120796927046,
L3_S47_F4184,0,1183747,0.0,,0.00581120796927046,
L3_S47_F4187,0,1183747,0.0,,0.00581120796927046,
L3_S47_F4189,0,1183747,0.0,,0.00581120796927046,
L3_S47_F4192,0,1183747,0.0,,0.00581120796927046,
